-- MySQL dump 10.13  Distrib 8.0.36, for Linux (x86_64)
--
-- Host: persimmon.hcmc.uvic.ca    Database: narratives_pod
-- ------------------------------------------------------
-- Server version	8.0.36

/*!40101 SET @OLD_CHARACTER_SET_CLIENT=@@CHARACTER_SET_CLIENT */;
/*!40101 SET @OLD_CHARACTER_SET_RESULTS=@@CHARACTER_SET_RESULTS */;
/*!40101 SET @OLD_COLLATION_CONNECTION=@@COLLATION_CONNECTION */;
/*!50503 SET NAMES utf8mb4 */;
/*!40103 SET @OLD_TIME_ZONE=@@TIME_ZONE */;
/*!40103 SET TIME_ZONE='+00:00' */;
/*!40014 SET @OLD_UNIQUE_CHECKS=@@UNIQUE_CHECKS, UNIQUE_CHECKS=0 */;
/*!40014 SET @OLD_FOREIGN_KEY_CHECKS=@@FOREIGN_KEY_CHECKS, FOREIGN_KEY_CHECKS=0 */;
/*!40101 SET @OLD_SQL_MODE=@@SQL_MODE, SQL_MODE='NO_AUTO_VALUE_ON_ZERO' */;
/*!40111 SET @OLD_SQL_NOTES=@@SQL_NOTES, SQL_NOTES=0 */;

--
-- Table structure for table `characters`
--

DROP TABLE IF EXISTS `characters`;
/*!40101 SET @saved_cs_client     = @@character_set_client */;
/*!50503 SET character_set_client = utf8mb4 */;
CREATE TABLE `characters` (
  `character_id` int NOT NULL AUTO_INCREMENT,
  `character_name` varchar(50) CHARACTER SET utf8mb3 COLLATE utf8mb3_unicode_ci NOT NULL,
  PRIMARY KEY (`character_id`)
) ENGINE=InnoDB AUTO_INCREMENT=363 DEFAULT CHARSET=utf8mb3 COLLATE=utf8mb3_unicode_ci;
/*!40101 SET character_set_client = @saved_cs_client */;

--
-- Dumping data for table `characters`
--

LOCK TABLES `characters` WRITE;
/*!40000 ALTER TABLE `characters` DISABLE KEYS */;
INSERT INTO `characters` VALUES (0,'[NULL]'),(3,'Evelina Harp'),(4,'Judge Antone Bazil Coutts'),(5,'Marn Wolde'),(6,'Doctor Cordelia Lochren'),(7,'Henri Peace'),(8,'Warren Wolde'),(9,'Severine Milk'),(10,'German Settlers'),(11,'French Settlers'),(12,'Norwegian Settlers'),(13,'Severine Milk\'s Parishioners'),(14,'Evelina\'s Ancestors'),(15,'Seraph Milk (Mooshum)'),(16,'Clemence Harp'),(17,'Joseph Harp'),(18,'Edward Harp'),(19,'Geraldine Milk'),(20,'Uncle Whitey'),(21,'\"Haskell Indian Princess\"'),(22,'\"[Y]oung man on a passenger train\"'),(23,'\"[S]mall town stripper\"'),(24,'Agathe (\"Happy\")'),(25,'Priest (who Agathe left the convent for)'),(26,'John Wildstrand'),(27,'Neve Harp'),(28,'Maggie Peace'),(29,'Octave Harp'),(30,'Woman (Octave drowned himself over)'),(31,'Corwin Peace'),(32,'Other Children (in school with Evelina)'),(33,'Edward\'s Students'),(34,'Junesse Malaterre'),(35,'Junesse\'s Aunt'),(36,'French Voyageur'),(37,'Junesse\'s Six Younger Cousins'),(38,'Off-Reservation Dentist'),(39,'Beryl Hoop'),(41,'Jackie Kennedy'),(42,'\"Mustache\" Maude Black'),(43,'Ott Black'),(44,'Erling Nicolai Rolfsrud'),(45,'The Lochren Family'),(46,'Holy Track'),(47,'Cuthbert Peace'),(48,'Asiginak'),(49,'The Lochren Murder'),(50,'The Lynching'),(51,'Billy Peace'),(52,'Marn Wolde\'s Mother'),(53,'Marn Wolde\'s Father'),(54,'Warren Wolde\'s Father'),(55,'Marn Wolde\'s Grandfather'),(56,'Marn Wolde\'s Grandmother'),(57,'Jesus'),(58,'\"[S]inging people\"'),(59,'Ed (\"[M]ain preacher\")'),(60,'God'),(61,'Shamengwa Milk'),(62,'TEST'),(63,'Frederic Vogeli'),(65,'Oric Hoag'),(66,'Eugene Wildstrand'),(67,'Emil Buckendorf'),(68,'William Hotchkiss'),(69,'Woman (murdered a couple farms over)'),(71,'Husband (of the woman murdered a couple farms over'),(72,'Neighbours (of Maude Black)'),(73,'Man (who Ott shot in the leg)'),(74,'Doctor (who Maude sent for)'),(75,'Satan'),(76,'Ed\'s Mother'),(77,'\"[P]eople\" (praying over Ed\'s mother)'),(78,'Judah Peace'),(79,'Lilith Peace'),(80,'Billy Peace\'s Father'),(81,'Billy Peace\'s Mother'),(83,'\"[E]ight retired persons\"'),(84,'Marn Wolde\'s First Brother'),(85,'Marn Wolde\'s Second Brother'),(86,'Seraph and Junesse\'s Other Children'),(87,'Chief Gall'),(91,'The \"black-haired\" Stooge'),(92,'John F. Kennedy'),(93,'Pope John XXII'),(94,'Louis Riel'),(95,'Seraph Milk\'s Mother'),(96,'Joseph Milk (Seraph Milk\'s Father)'),(97,'Louis Riel\'s Wife'),(98,'Louis Riel\'s Child'),(99,'Louis Riel\'s Lieutenants'),(100,'Priests (who threatened Louis Riel\'s followers)'),(101,'Baby (who the Milk family lost)'),(102,'Old Retired Priest'),(103,'Father Cassidy'),(105,'Evelina and Joseph\'s Friends'),(106,'Peace Cousins'),(107,'Evelina and Joseph\'s Other Cousins'),(108,'Evelina\'s Girlfriends'),(109,'Gabriel Dumont'),(110,'\"[M]ixed-bloods\"'),(111,'\"Indians\"'),(113,'Clemence\'s Doctor'),(114,'\"[L]awyer\" (Billy hires)'),(115,'\"[P]eople\" (in Marn\'s house)'),(116,'\"[A] congressional member\"'),(117,'The Kindred'),(118,'Virginie'),(119,'Marn\'s Diamondback'),(120,'Marn\'s Copperhead'),(121,'Train Car Passengers'),(122,'Frenchie'),(123,'\"[W]aitress\" (at the 4-B\'s)'),(124,'Deborah'),(125,'Bliss'),(126,'Deborah\'s children'),(127,'Anguish'),(128,'Neve Harp\'s Second Husband'),(129,'Neve Harp\'s Potential Third Husband'),(131,'Mrs. Bannock'),(132,'Shamengwa\'s Wife'),(134,'Seraph and Shamengwa\'s \"cronies\"'),(135,'Sister Mary Anita Buckendorf'),(136,'Mary (biblical figure)'),(137,'The Apostles (biblical figures)'),(138,'Zorro'),(139,'Evelina\'s Former Teachers'),(140,'Other Teachers (at Evelina\'s school)'),(141,'People (Seraph inspects in the front yard)'),(142,'Tribal Police'),(143,'Holy Track’s Mother'),(144,'Aunt (who worked in Canada)'),(145,'Nuns (who work at the sanatorium)'),(146,'Babies'),(147,'Farm Women'),(148,'Quintus Fells'),(149,'Women of Pluto'),(150,'Farmers (who watched the lynching party)'),(151,'Electa Hoag'),(152,'Tobek Hess'),(153,'Colonel Benton Lungsford'),(154,'Johann Vogeli'),(155,'Johann Vogeli\'s Late Mother'),(156,'Johann\'s Mother\'s Family in Heidelburg'),(157,'Townsmen (involved in the lynching)'),(158,'Jabez Woods'),(159,'Henric Gostlin'),(160,'Enery Mantle'),(161,'The Bwaanag'),(162,'Holy Track\'s \"deydey\"'),(163,'Murdo Harp'),(165,'Earl'),(166,'Albert Camus'),(167,'Police (\"Cops\")'),(168,'People (who stick gum under the table)'),(169,'Customers at The 4-B\'s'),(170,'Charles Berlitz'),(171,'\"The great chiefs\"'),(172,'\"[B]lue blood Scots\"'),(173,'Marie Antoinette'),(174,'The Mormons'),(175,'The Old Women'),(176,'Marcus Aurelius'),(177,'Other Freshmen'),(178,'Freshmen\'s Parents'),(179,'Bob Dylan'),(180,'Janis Joplin'),(181,'\"[W]hite girls\" (Evelina knows)'),(182,'Joni Mitchell'),(183,'\"Indian women\" (on campus)'),(184,'\"AIM-looking boyfriends\"'),(185,'Evelina\'s Roommate'),(186,'Arthur Rimbaud'),(187,'Sylvia Plath'),(188,'Anaïs Nin'),(189,'Evelina\'s friends (in Grand Forks)'),(190,'\"[L]ocal poets and hippies\" (Evelina lives with)'),(191,'Poet (who was going underground)'),(192,'UND Students'),(193,'Psych I Professor'),(194,'Other Aides (at the state mental hospital)'),(195,'Person (next to Evelina in the staff dormitory)'),(196,'Mrs. L'),(197,'Mrs. L\'s \"little boy\"'),(198,'Nurse (who was going off duty)'),(199,'Patients (at the state mental hospital)'),(200,'Nurses (at the state mental hospital)'),(201,'Dwight Eisenhower'),(202,'Lucille'),(203,'Lucille\'s Children'),(204,'Nonette'),(205,'Nonette\'s Roommates'),(206,'Nonette\'s Cousin'),(207,'Nonette\'s Mother'),(208,'Nonette\'s Father'),(209,'Policeman (who brings Warren back)'),(210,'Doctors (at the state mental hospital)'),(211,'Charlie Chaplin'),(212,'Mantle Family'),(213,'Old Buffalo Hunters'),(214,'Sister Mary Anita\'s Father'),(216,'\"[T]wo...Vallient boys\" (in Edward\'s class)'),(217,'Trick-or-treaters'),(218,'Mom (carrying her two-year-old)'),(219,'Seraph Milk\'s Nurses'),(220,'Seraph Milk\'s Doctors'),(221,'Postman'),(222,'Benjamin Franklin'),(223,'Louis Riel\'s Evelina'),(224,'Tribal Judge (who preceded Judge Coutts)'),(225,'Judge Coutts\' Mother'),(226,'Geraldine and Coutts\' Wedding Guests'),(228,'Priest (in Pluto)'),(229,'\"[L]ocal boy\" (whose hand was amputated)'),(230,'Town Council'),(231,'Hobby Club Members'),(232,'Church Society'),(233,'Card-Playing Groups'),(234,'Young Mothers'),(235,'Husbands (of Young Mothers)'),(237,'Frank Harp'),(238,'\"Dakota...Town Site Company\" Members'),(239,'Farmers (who shipped their harvests by train)'),(240,'Zeus'),(241,'Neptune'),(242,'Apollo'),(243,'Athena'),(244,'Venus'),(245,'Pluto'),(246,'Cordelia\'s Older Sister'),(249,'Electa and Tobek\'s Parents'),(250,'Cordelia\'s Patients'),(251,'Cordelia\'s Nurse'),(252,'Cordelia\'s First Husband'),(253,'Swimming Coach'),(254,'Student (who married the swim coach)'),(255,'Bank Robbers'),(256,'Frank Baptist'),(257,'Stamp Dealers'),(258,'Soldiers'),(260,'Jackie Kennedy'),(261,'Wealthy Brazilian Woman'),(262,'New Hampshire Mail Carrier'),(263,'Herodotus'),(264,'Pliny the Younger'),(265,'Pliny the Elder'),(267,'Customs Officials'),(268,'Brazilian Woman\'s Son'),(269,'Neve\'s Step Children'),(270,'Neve\'s Step Grandchildren'),(271,'Dealer in London'),(272,'Undertaker (for the Lochren Family)'),(273,'Warren Wolde\'s Lawyer'),(274,'Nurse (who found Warren dead)'),(275,'Roman'),(276,'Margaret Lesperance'),(277,'Judge Coutts\' Cousin'),(278,'Lafayette Peace'),(279,'Joseph J. Coutts'),(280,'\"citizens of Argus\"'),(281,'Judge Coutts\' Father'),(282,'Seneca the Younger'),(283,'\"youth\" (of St. Anthony)'),(284,'St. Anthony'),(285,'Dorea Ann Swivel'),(286,'Louisa Bird'),(287,'St. Paul Minister'),(288,'St. Paul'),(289,'Reginald Bull'),(290,'Odin Merrimack'),(291,'Colonel LeVinne P. Poolcaugh'),(292,'Emil Buckendorf\'s First Brother'),(293,'Emil Buckendorf\'s Second Brother'),(294,'Emil Buckendorf\'s Third Brother'),(295,'School District Officer'),(296,'First Icelandic Woman'),(297,'Second Icelandic Woman'),(298,'English Bill'),(299,'Robert Burton'),(300,'Judge Coutts\' Mother\'s Family'),(301,'Joseph J. Coutts\' Wife'),(302,'John Wildstrand'),(303,'Francis Bacon'),(304,'John Wildstrand\'s Employees'),(305,'\"robber\" (held John up)'),(306,'Billy Peace\'s Grandfather'),(307,'Bonnie'),(308,'Billy Peace\'s Grandmother'),(309,'\"farmer\" (pulled Neve from a ditch)'),(310,'\"police\" (with Neve)'),(311,'\"doctor\" (Wildstrand took Neve to)'),(312,'Shakespeare'),(313,'Corwin (Billy\'s best buddy)'),(314,'Corwin Peace\'s Girlfriends'),(315,'Edward Curtis'),(318,'\"nun\" (pg. 204)'),(319,'\"cop\" (in Corwin\'s favourite movie)'),(320,'\"manager\" (of a music store)'),(321,'\"people\" (pg. 208)'),(322,'\"woman\" (pg. 208)'),(323,'\"musician\" (pg. 208)'),(324,'\"people\" (in the food court)'),(325,'Corwin\'s Probation Officer'),(326,'Joseph (biblical figure)'),(327,'\"people\" (at Shamengwa\'s funeral)'),(328,'LaFountaine'),(329,'Father Jasperine'),(330,'Henri Peace\'s Father'),(331,'Henri Peace\'s Wife'),(332,'Lafayette Peace\'s Wife'),(333,'Henri and Lafayette Peace\'s Uncles'),(334,'Gottschalk'),(335,'Henry David Thoreau'),(336,'Candy'),(337,'\"patron\" (pg. 276)'),(338,'Cordelia\'s Receptionist'),(339,'Ted Bursap'),(340,'Ted Bursap\'s Dead Wife'),(341,'Lucretius'),(342,'Epictetus'),(343,'Plotinus'),(344,'Real Estate Agent'),(345,'\"roommate\" (of Judge Coutts\' Mother)'),(346,'Old Folks'),(347,'William Jennings Bryan'),(348,'Ted Bursap\'s Crew'),(349,'Ginimoshe'),(350,'\"local doctor\" (Ginimoshe assisted)'),(351,'B.J. Bolt'),(352,'\"four men\" (deserted B.J.)'),(353,'St. Cloud'),(354,'Dorea\'s Husband'),(355,'\"patients\" (of the local doctor)'),(356,'Alexander the Great'),(357,'Pompeium'),(358,'Caius Caesar'),(359,'Heraclitus'),(360,'Democritas'),(361,'Socrates'),(362,'Unknown Buckendorf');
/*!40000 ALTER TABLE `characters` ENABLE KEYS */;
UNLOCK TABLES;

--
-- Table structure for table `containerLevels`
--

DROP TABLE IF EXISTS `containerLevels`;
/*!40101 SET @saved_cs_client     = @@character_set_client */;
/*!50503 SET character_set_client = utf8mb4 */;
CREATE TABLE `containerLevels` (
  `containerLevel_id` int NOT NULL AUTO_INCREMENT,
  `containerLevel_term` varchar(100) CHARACTER SET utf8mb3 COLLATE utf8mb3_unicode_ci NOT NULL,
  PRIMARY KEY (`containerLevel_id`)
) ENGINE=InnoDB AUTO_INCREMENT=5 DEFAULT CHARSET=utf8mb3 COLLATE=utf8mb3_unicode_ci;
/*!40101 SET character_set_client = @saved_cs_client */;

--
-- Dumping data for table `containerLevels`
--

LOCK TABLES `containerLevels` WRITE;
/*!40000 ALTER TABLE `containerLevels` DISABLE KEYS */;
INSERT INTO `containerLevels` VALUES (0,'level 1 (section)'),(1,'level 2 (sub-section)'),(2,'level 3 (sub-sub-section)'),(3,'level 4 (sub-sub-sub-section)'),(4,'level 5 (sub-sub-sub-sub-section)');
/*!40000 ALTER TABLE `containerLevels` ENABLE KEYS */;
UNLOCK TABLES;

--
-- Table structure for table `embeddedContainerTypes`
--

DROP TABLE IF EXISTS `embeddedContainerTypes`;
/*!40101 SET @saved_cs_client     = @@character_set_client */;
/*!50503 SET character_set_client = utf8mb4 */;
CREATE TABLE `embeddedContainerTypes` (
  `embeddedContainerType_id` int NOT NULL AUTO_INCREMENT,
  `embeddedContainerType_term` varchar(50) CHARACTER SET utf8mb3 COLLATE utf8mb3_unicode_ci NOT NULL,
  PRIMARY KEY (`embeddedContainerType_id`)
) ENGINE=InnoDB AUTO_INCREMENT=9 DEFAULT CHARSET=utf8mb3 COLLATE=utf8mb3_unicode_ci;
/*!40101 SET character_set_client = @saved_cs_client */;

--
-- Dumping data for table `embeddedContainerTypes`
--

LOCK TABLES `embeddedContainerTypes` WRITE;
/*!40000 ALTER TABLE `embeddedContainerTypes` DISABLE KEYS */;
INSERT INTO `embeddedContainerTypes` VALUES (0,'[NULL]'),(1,'Diary'),(2,'Letter'),(3,'Novel'),(4,'Oral Story'),(5,'Poem'),(6,'Play'),(7,'Short story'),(8,'Creative non-fiction');
/*!40000 ALTER TABLE `embeddedContainerTypes` ENABLE KEYS */;
UNLOCK TABLES;

--
-- Table structure for table `isReciprocals`
--

DROP TABLE IF EXISTS `isReciprocals`;
/*!40101 SET @saved_cs_client     = @@character_set_client */;
/*!50503 SET character_set_client = utf8mb4 */;
CREATE TABLE `isReciprocals` (
  `isReciprocal_id` int NOT NULL AUTO_INCREMENT,
  `isReciprocal_text` varchar(32) CHARACTER SET utf8mb3 COLLATE utf8mb3_unicode_ci NOT NULL,
  PRIMARY KEY (`isReciprocal_id`)
) ENGINE=InnoDB AUTO_INCREMENT=2 DEFAULT CHARSET=utf8mb3 COLLATE=utf8mb3_unicode_ci;
/*!40101 SET character_set_client = @saved_cs_client */;

--
-- Dumping data for table `isReciprocals`
--

LOCK TABLES `isReciprocals` WRITE;
/*!40000 ALTER TABLE `isReciprocals` DISABLE KEYS */;
INSERT INTO `isReciprocals` VALUES (0,'FALSE isReciprocal'),(1,'TRUE isReciprocal');
/*!40000 ALTER TABLE `isReciprocals` ENABLE KEYS */;
UNLOCK TABLES;

--
-- Table structure for table `menExs`
--

DROP TABLE IF EXISTS `menExs`;
/*!40101 SET @saved_cs_client     = @@character_set_client */;
/*!50503 SET character_set_client = utf8mb4 */;
CREATE TABLE `menExs` (
  `menEx_narrContainer_id_fk` int NOT NULL,
  `menEx_id` int NOT NULL AUTO_INCREMENT,
  `menEx_menOrEx_id_fk` int DEFAULT NULL,
  `menEx_character1_id_fk` int NOT NULL,
  `menEx_character2_id_fk` int NOT NULL,
  `menEx_isReciprocal_id_fk` int NOT NULL,
  `menEx_startPage` int NOT NULL,
  `menEx_endPage` int DEFAULT NULL,
  PRIMARY KEY (`menEx_id`),
  KEY `menEx_menOrEx_id_fk` (`menEx_menOrEx_id_fk`),
  KEY `menEx_character1_id_fk` (`menEx_character1_id_fk`),
  KEY `menEx_character2_id_fk` (`menEx_character2_id_fk`),
  KEY `menEx_isReciprocal_id_fk` (`menEx_isReciprocal_id_fk`),
  KEY `menEx_startPage_fk` (`menEx_startPage`),
  KEY `menEx_endPage_fk` (`menEx_endPage`),
  KEY `menEx_narrContainer_id_fk` (`menEx_narrContainer_id_fk`),
  CONSTRAINT `menExs_ibfk_1` FOREIGN KEY (`menEx_menOrEx_id_fk`) REFERENCES `menOrExs` (`menOrEx_id`) ON DELETE RESTRICT ON UPDATE CASCADE,
  CONSTRAINT `menExs_ibfk_2` FOREIGN KEY (`menEx_character1_id_fk`) REFERENCES `characters` (`character_id`) ON DELETE RESTRICT ON UPDATE CASCADE,
  CONSTRAINT `menExs_ibfk_3` FOREIGN KEY (`menEx_character2_id_fk`) REFERENCES `characters` (`character_id`) ON DELETE RESTRICT ON UPDATE CASCADE,
  CONSTRAINT `menExs_ibfk_4` FOREIGN KEY (`menEx_isReciprocal_id_fk`) REFERENCES `isReciprocals` (`isReciprocal_id`) ON DELETE RESTRICT ON UPDATE CASCADE,
  CONSTRAINT `menExs_ibfk_5` FOREIGN KEY (`menEx_narrContainer_id_fk`) REFERENCES `narrContainers` (`narrContainer_id`) ON DELETE RESTRICT ON UPDATE CASCADE
) ENGINE=InnoDB AUTO_INCREMENT=3235 DEFAULT CHARSET=utf8mb3 COLLATE=utf8mb3_unicode_ci;
/*!40101 SET character_set_client = @saved_cs_client */;

--
-- Dumping data for table `menExs`
--

LOCK TABLES `menExs` WRITE;
/*!40000 ALTER TABLE `menExs` DISABLE KEYS */;
INSERT INTO `menExs` VALUES (1,1,2,8,6,1,1,1),(10,22,1,3,9,0,5,8),(10,26,1,3,10,0,5,5),(10,27,1,3,12,0,5,5),(10,28,1,3,11,0,5,5),(10,29,2,9,13,1,5,5),(10,30,1,13,10,1,5,5),(10,31,1,13,12,1,5,5),(10,32,2,14,11,1,5,5),(10,33,0,9,15,1,6,8),(10,34,2,15,3,1,6,9),(10,35,0,3,16,1,6,8),(10,36,0,15,16,1,6,6),(10,37,0,3,17,1,6,9),(10,38,2,15,17,1,6,9),(10,39,0,18,3,1,6,9),(10,40,0,18,17,1,6,8),(10,41,2,16,15,1,7,7),(10,42,2,9,13,1,7,7),(10,43,1,3,13,0,5,5),(10,44,1,3,13,0,7,8),(10,45,0,15,13,1,7,8),(10,46,0,16,15,1,8,8),(10,47,0,16,17,1,8,8),(10,48,0,18,16,1,8,9),(10,49,0,18,15,1,8,8),(10,50,2,19,22,1,9,9),(10,51,0,3,19,1,8,9),(10,52,1,3,22,0,9,9),(10,53,2,20,21,1,9,9),(10,54,0,16,19,1,9,9),(10,55,0,3,20,1,8,9),(10,56,1,3,21,0,9,9),(10,57,2,20,23,1,9,9),(10,58,1,3,23,0,9,9),(10,59,0,18,26,1,9,9),(10,60,2,26,27,1,9,9),(10,61,0,18,27,1,9,9),(10,62,2,26,28,1,9,9),(10,63,1,3,26,0,9,9),(10,64,0,3,27,0,8,9),(10,65,1,3,28,0,9,9),(10,66,0,29,30,1,9,9),(10,67,1,3,29,0,8,9),(10,68,1,3,30,0,9,9),(10,69,0,18,29,1,9,9),(30,70,0,3,31,1,9,9),(30,72,2,3,32,1,10,10),(30,73,2,31,32,1,10,10),(30,74,2,31,3,1,10,10),(30,75,2,16,3,0,10,10),(30,76,0,3,16,1,10,10),(30,77,0,3,18,1,10,10),(30,78,0,16,18,1,10,10),(30,79,0,17,3,1,11,11),(30,80,0,3,16,1,11,11),(30,81,0,18,3,1,11,11),(30,82,2,3,15,1,11,11),(30,83,0,18,33,1,11,11),(30,84,1,3,33,0,11,11),(31,85,0,3,34,1,11,11),(31,86,0,34,15,1,11,11),(31,87,2,34,35,1,11,11),(31,88,0,3,34,1,12,12),(31,89,1,3,36,0,12,12),(31,90,1,34,36,0,12,12),(31,91,0,34,15,1,12,12),(31,92,2,15,3,1,12,12),(31,93,2,15,17,0,12,12),(31,94,0,3,17,1,12,12),(31,95,0,3,18,1,12,12),(31,96,0,17,18,1,12,12),(31,97,0,34,35,1,12,12),(31,98,0,15,9,1,12,12),(31,99,1,3,35,0,12,12),(31,100,1,3,9,0,12,12),(31,101,0,34,37,1,12,12),(31,102,1,3,37,0,12,12),(31,103,0,35,37,1,12,12),(31,104,0,34,15,1,13,13),(31,105,2,15,3,1,13,13),(31,106,0,3,34,1,13,13),(32,107,2,3,38,1,13,13),(32,108,2,32,3,1,13,13),(32,109,2,31,3,1,13,13),(32,110,2,3,31,1,14,14),(32,111,2,39,3,0,14,14),(32,112,0,3,32,1,14,14),(32,113,1,3,57,0,14,14),(32,114,2,3,16,1,15,15),(32,115,1,3,41,0,15,15),(32,116,1,3,57,0,15,15),(32,117,2,31,3,1,15,15),(33,118,0,15,34,1,15,15),(33,119,0,3,15,1,15,15),(33,120,0,3,34,1,15,15),(33,121,1,3,42,0,15,15),(33,122,2,42,15,1,16,16),(33,123,2,42,34,1,16,16),(33,124,1,3,42,0,16,16),(33,125,2,3,15,1,16,16),(33,126,0,3,34,1,16,16),(33,127,0,42,43,1,16,16),(33,128,1,3,43,0,16,16),(33,129,1,3,44,0,16,16),(33,130,1,44,42,0,16,16),(33,131,2,15,3,1,17,19),(33,132,2,42,15,1,17,18),(33,133,2,42,34,1,17,18),(33,134,2,15,34,1,17,17),(33,135,1,3,42,0,17,18),(33,136,0,3,34,1,17,17),(33,137,0,49,50,0,17,17),(33,138,0,45,49,1,17,17),(33,139,1,3,49,0,17,17),(33,140,1,3,45,0,17,17),(33,141,0,46,50,1,17,17),(33,142,0,15,50,1,17,17),(33,143,0,48,50,1,17,17),(33,144,0,47,50,1,17,17),(33,145,1,3,50,0,17,17),(33,146,1,3,46,0,17,17),(33,147,1,3,48,0,17,17),(33,148,1,3,47,0,17,17),(19,150,0,5,51,1,137,137),(19,151,0,5,52,1,137,139),(19,152,0,5,53,1,138,138),(19,153,2,5,51,1,138,138),(19,154,2,51,52,1,138,138),(19,155,2,5,53,1,139,139),(19,156,2,5,51,1,139,139),(19,157,0,53,52,1,139,139),(19,158,0,5,8,1,139,140),(19,159,0,53,8,1,139,139),(19,160,0,52,8,1,139,139),(19,161,1,5,54,0,139,139),(19,162,1,53,54,0,139,139),(19,163,1,52,54,0,139,139),(19,164,0,8,54,1,139,139),(19,165,2,5,51,1,140,140),(19,166,2,5,52,1,140,140),(19,167,2,51,52,1,140,140),(19,168,0,5,55,1,140,140),(19,169,0,5,56,1,140,140),(19,170,0,55,56,1,140,140),(19,171,1,5,57,0,140,140),(19,172,0,55,57,1,140,140),(19,173,0,56,57,1,140,140),(19,174,0,5,53,1,140,140),(19,175,0,5,52,1,141,141),(19,176,2,5,8,1,141,141),(19,177,2,5,58,1,141,141),(19,178,2,59,5,1,141,141),(19,179,0,59,51,1,141,141),(19,180,2,51,5,1,141,145),(33,187,0,63,50,1,17,17),(33,189,0,65,50,1,17,17),(33,190,0,66,50,1,17,17),(33,191,0,68,50,1,17,17),(33,192,0,67,50,1,17,17),(33,194,0,63,65,1,17,17),(33,195,0,63,66,1,17,17),(33,196,0,63,68,1,17,17),(33,197,0,63,67,1,17,17),(33,202,0,65,66,1,17,17),(33,203,0,65,68,1,17,17),(33,204,0,65,67,1,17,17),(33,205,0,66,68,1,17,17),(33,206,0,66,67,1,17,17),(33,207,0,68,67,1,17,17),(33,208,0,63,46,1,17,17),(33,209,0,63,48,1,17,17),(33,210,0,63,47,1,17,17),(33,211,0,63,15,1,17,17),(33,216,0,65,46,1,17,17),(33,217,0,65,48,1,17,17),(33,218,0,65,47,1,17,17),(33,219,0,65,15,1,17,17),(33,220,0,66,46,1,17,17),(33,221,0,66,48,1,17,17),(33,222,0,66,47,1,17,17),(33,223,0,66,15,1,17,17),(33,224,0,68,46,1,17,17),(33,225,0,68,48,1,17,17),(33,226,0,68,47,1,17,17),(33,227,0,68,15,1,17,17),(33,228,0,67,46,1,17,17),(33,229,0,67,48,1,17,17),(33,230,0,67,47,1,17,17),(33,231,0,67,15,1,17,17),(33,232,1,3,63,0,17,17),(33,234,1,3,65,0,17,17),(33,235,1,3,66,0,17,17),(33,236,1,3,68,0,17,17),(33,237,1,3,67,0,17,17),(33,242,0,67,292,1,17,17),(33,243,0,67,50,1,17,17),(33,244,0,67,46,1,17,17),(33,245,0,67,48,1,17,17),(33,246,0,67,47,1,17,17),(33,247,0,67,15,1,17,17),(33,249,0,71,69,1,17,17),(33,250,0,72,69,1,17,17),(33,251,1,15,69,0,17,17),(33,252,1,15,71,0,17,17),(33,253,1,15,72,1,17,18),(33,254,2,42,72,1,17,18),(33,255,0,34,72,0,17,17),(33,256,1,34,69,0,17,17),(33,257,1,34,71,0,17,17),(33,258,1,42,69,0,17,17),(33,259,2,42,43,1,18,18),(33,260,2,43,72,1,18,18),(33,261,1,3,69,0,17,18),(33,262,1,3,71,0,17,18),(33,263,1,3,72,0,17,18),(33,264,2,43,73,1,18,18),(33,265,2,42,73,1,18,18),(33,266,1,15,73,0,18,18),(33,267,0,15,43,1,18,18),(33,268,1,3,43,0,18,18),(33,269,1,3,73,0,18,18),(33,270,0,42,74,0,18,18),(33,271,1,15,74,0,18,18),(33,272,1,3,74,0,18,18),(33,273,0,15,34,1,18,19),(19,274,0,51,60,1,142,142),(19,275,2,51,58,1,141,144),(19,276,0,51,75,1,142,144),(19,277,0,60,58,1,142,144),(19,278,0,60,5,1,142,144),(19,279,0,75,58,1,142,144),(19,280,0,75,5,1,142,144),(19,281,2,51,60,1,143,143),(19,282,0,51,60,1,144,144),(19,283,0,51,59,1,144,144),(19,284,0,51,76,1,144,145),(19,285,0,59,76,1,144,146),(19,286,0,5,59,1,144,144),(19,287,0,5,76,1,144,146),(19,288,2,77,5,1,145,145),(19,289,0,77,76,1,145,145),(19,290,0,5,8,1,146,146),(19,291,0,5,52,1,146,146),(19,292,0,5,53,1,146,146),(19,293,0,53,52,1,146,146),(20,294,2,51,5,1,147,157),(20,295,0,5,78,1,147,147),(20,296,0,5,79,1,147,147),(20,297,0,51,78,1,147,150),(20,298,0,51,79,1,147,150),(20,299,0,78,79,1,147,150),(20,300,0,5,52,1,147,147),(20,301,0,5,53,1,147,147),(20,302,0,52,53,1,147,153),(20,303,2,5,78,1,148,148),(20,304,2,5,79,1,148,148),(20,305,1,5,80,0,148,148),(20,306,1,5,81,0,148,148),(20,307,0,80,81,1,148,148),(20,308,0,51,80,1,148,148),(20,309,0,51,81,1,148,148),(20,310,0,5,28,1,148,148),(20,311,0,51,28,1,148,148),(20,312,2,5,53,1,148,150),(20,313,2,5,52,1,148,150),(20,314,0,53,51,1,148,148),(20,315,0,52,51,1,148,148),(20,316,1,53,78,0,148,148),(20,317,1,53,79,0,148,148),(20,318,1,52,78,0,148,148),(20,319,1,52,79,0,148,148),(20,320,0,5,83,1,148,149),(20,321,0,51,83,1,148,148),(20,322,0,5,84,1,149,149),(20,323,0,5,85,1,149,149),(20,324,0,84,85,1,149,149),(20,325,1,51,84,1,149,150),(20,326,1,51,85,1,149,150),(20,327,2,51,83,1,149,149),(20,328,0,5,78,1,149,150),(20,329,0,5,79,1,149,151),(20,332,0,51,53,1,149,149),(20,333,0,51,52,1,149,149),(20,334,2,51,53,1,150,150),(20,335,2,51,52,1,150,150),(20,336,0,53,78,1,150,150),(20,337,0,53,79,1,150,150),(20,338,0,52,78,1,150,150),(20,339,0,52,79,1,150,150),(20,340,0,5,8,1,150,151),(20,341,0,51,8,1,150,151),(20,342,0,53,84,1,150,150),(20,343,0,53,85,1,150,150),(20,344,0,53,8,1,150,151),(20,345,0,52,8,1,150,151),(20,346,0,51,53,1,151,153),(20,347,0,51,52,1,151,151),(33,348,0,3,34,0,19,19),(33,349,0,15,16,1,19,19),(33,350,0,34,16,1,19,19),(33,351,0,3,16,1,19,19),(33,352,0,15,19,1,19,19),(33,353,0,34,19,1,19,19),(33,354,0,3,19,1,19,19),(33,355,0,15,20,1,19,19),(33,356,0,34,20,1,19,19),(33,357,0,3,20,1,19,19),(33,358,0,15,86,1,19,19),(33,359,0,34,86,1,19,19),(33,360,1,3,86,0,19,19),(33,361,0,16,18,1,19,19),(33,362,0,3,18,1,19,19),(33,363,0,3,17,1,19,19),(33,364,0,16,17,1,19,19),(33,365,0,18,17,1,19,19),(34,366,1,3,43,0,19,19),(34,367,1,3,42,0,19,19),(34,368,0,42,43,1,19,19),(34,369,0,15,42,1,19,19),(34,370,0,3,15,1,19,19),(34,371,0,42,87,1,19,19),(34,372,1,15,87,0,19,19),(34,373,1,3,87,0,19,19),(34,374,2,43,73,0,19,19),(34,375,1,3,73,0,19,19),(34,376,0,326,136,1,19,19),(34,377,1,326,57,0,19,19),(34,378,0,136,57,1,19,19),(34,379,1,3,326,0,19,19),(34,380,1,3,136,0,19,19),(34,381,1,3,57,0,19,19),(34,382,0,3,18,1,19,19),(34,383,0,3,17,1,19,19),(34,384,0,3,16,1,19,19),(34,385,0,15,16,1,19,19),(34,386,0,15,18,1,19,19),(34,387,0,15,17,1,19,19),(34,388,0,16,18,1,19,19),(34,389,0,16,17,1,19,19),(34,390,0,18,17,1,19,19),(34,391,1,15,91,0,19,19),(34,392,1,3,91,0,19,19),(34,393,0,15,34,1,19,19),(34,394,0,3,34,0,19,19),(34,395,2,3,31,1,20,20),(11,396,1,3,92,0,21,21),(11,397,1,3,93,0,21,21),(11,398,1,3,94,0,21,22),(11,399,0,16,18,1,21,21),(11,400,0,3,16,1,21,21),(11,401,0,3,18,1,21,21),(11,402,1,16,92,0,21,21),(11,403,1,16,93,0,21,21),(11,404,1,16,94,0,21,21),(11,405,1,18,92,0,21,21),(11,406,1,18,93,0,21,21),(11,407,1,18,94,0,21,21),(11,408,0,15,96,1,21,21),(11,409,1,15,94,0,21,21),(11,410,0,15,95,1,21,21),(11,411,0,96,95,1,21,21),(11,412,0,96,94,1,21,21),(11,413,0,95,94,1,21,21),(11,414,0,96,61,1,21,21),(11,415,0,95,61,1,21,21),(11,416,0,15,61,1,21,23),(11,417,0,96,9,1,21,22),(11,418,0,95,9,1,21,21),(11,419,0,15,9,1,21,21),(11,420,0,61,9,1,21,21),(11,421,0,96,97,1,21,21),(11,422,0,96,98,1,21,21),(11,423,0,96,99,1,21,21),(11,424,0,96,100,1,21,22),(11,425,0,95,97,1,21,21),(11,426,0,95,98,1,21,21),(11,427,0,95,99,1,21,21),(11,428,0,95,100,1,21,21),(11,429,0,96,101,0,21,21),(11,430,0,95,101,0,21,21),(11,431,0,3,15,1,21,28),(11,432,0,3,61,1,21,28),(11,433,1,3,9,0,21,22),(11,434,1,3,96,0,21,22),(11,435,1,3,95,0,21,21),(11,436,1,3,97,0,21,21),(11,437,1,3,98,0,21,21),(11,438,1,3,99,0,21,21),(11,439,1,3,100,0,21,22),(11,440,1,3,101,0,21,21),(11,441,2,15,16,1,22,24),(11,442,0,3,16,1,22,24),(11,443,2,61,102,1,22,23),(11,444,2,15,102,1,22,23),(11,445,0,61,16,1,22,22),(11,446,0,15,19,1,22,22),(11,447,0,61,19,1,22,22),(11,448,0,16,34,1,22,22),(11,449,0,19,34,1,22,22),(11,450,0,3,19,1,22,23),(11,451,0,3,102,0,22,23),(11,452,0,3,103,1,23,28),(11,453,2,3,17,1,23,23),(11,454,0,17,19,1,23,23),(11,455,0,103,16,1,23,24),(11,456,0,17,15,1,23,23),(11,457,0,17,61,1,23,23),(11,458,2,15,103,1,23,26),(11,459,2,61,103,1,23,26),(11,460,0,3,17,1,24,24),(11,461,0,17,103,1,24,24),(11,462,0,16,18,1,24,24),(11,463,0,103,18,1,24,24),(11,464,2,15,61,1,24,26),(11,465,2,17,61,1,25,26),(11,466,2,17,15,1,25,26),(11,467,2,17,103,1,25,26),(11,468,2,3,17,1,25,30),(11,469,2,3,16,1,26,26),(11,470,2,16,17,1,26,26),(11,471,2,16,103,1,26,27),(11,472,0,103,61,1,27,27),(11,473,0,103,15,1,27,27),(11,474,0,16,15,1,27,27),(11,475,0,16,61,1,27,27),(11,476,0,16,17,1,27,27),(11,477,0,3,16,1,27,27),(11,478,2,15,103,1,28,28),(11,479,0,17,103,1,28,28),(11,480,0,17,15,1,28,28),(11,481,0,17,18,1,28,29),(11,482,0,3,18,1,28,29),(11,483,0,3,19,1,28,29),(11,484,0,17,19,1,28,29),(11,485,0,3,105,1,28,28),(11,486,0,17,105,1,28,28),(11,487,0,3,106,1,28,28),(11,488,0,17,106,1,28,28),(11,489,0,3,31,1,28,28),(11,490,0,17,31,1,28,28),(11,491,0,3,107,1,28,28),(11,492,0,17,107,1,28,28),(11,493,0,3,108,1,28,28),(11,494,2,3,16,1,28,28),(11,495,2,17,16,1,28,28),(11,496,0,18,19,1,28,29),(11,497,2,3,15,1,29,31),(11,498,2,3,18,1,30,31),(11,499,2,17,18,1,30,30),(11,500,2,3,61,1,30,30),(11,501,2,15,61,1,30,30),(11,502,1,3,94,0,30,30),(11,503,0,15,94,0,30,30),(11,504,0,61,94,0,30,30),(11,505,1,3,109,0,30,30),(11,506,1,15,109,0,30,30),(11,507,1,61,109,0,30,30),(11,508,0,94,109,1,30,30),(11,509,0,15,110,1,30,30),(11,510,0,61,110,1,30,30),(11,511,0,3,110,1,30,30),(11,512,0,3,111,1,30,30),(11,513,0,15,111,1,30,30),(11,514,0,61,111,1,30,30),(11,515,0,94,110,1,30,30),(11,516,0,94,111,1,30,30),(11,517,2,15,18,1,31,31),(11,518,2,3,16,1,31,32),(11,519,2,16,18,1,31,31),(11,520,0,18,103,1,31,31),(11,521,0,3,103,1,31,34),(11,522,0,16,17,1,31,31),(11,523,1,16,60,0,31,32),(11,524,1,3,60,0,31,33),(11,525,0,3,17,1,31,31),(11,526,2,16,15,1,31,31),(11,527,0,16,103,1,31,31),(11,528,0,16,113,1,32,32),(11,529,2,3,17,1,32,32),(11,530,0,17,103,1,32,32),(11,531,0,17,19,1,32,32),(11,532,2,3,19,1,32,32),(11,533,2,15,103,1,32,34),(11,534,2,61,103,1,32,34),(11,535,2,15,61,1,32,34),(11,536,0,3,15,1,32,36),(11,537,0,3,61,1,32,34),(11,538,0,15,94,0,33,33),(11,539,0,61,94,0,33,34),(11,540,1,103,60,0,33,33),(11,541,1,15,60,0,33,33),(11,542,1,3,94,0,33,34),(11,543,1,103,27,0,34,34),(11,544,0,15,27,1,34,36),(11,545,0,3,16,1,33,37),(11,546,0,15,16,1,33,33),(11,547,0,61,16,1,33,33),(11,548,2,61,16,1,34,34),(11,549,0,3,27,1,34,36),(11,550,0,16,27,1,34,34),(20,551,0,5,52,1,152,153),(20,552,2,5,84,1,152,152),(20,553,2,5,85,1,152,152),(20,554,0,5,53,1,152,155),(20,555,0,5,83,1,152,153),(20,556,0,53,83,1,152,153),(20,557,2,51,52,1,153,153),(20,558,0,5,8,1,153,155),(20,559,2,52,8,1,153,153),(20,560,0,51,8,1,153,153),(20,561,1,5,114,0,153,153),(20,562,0,51,114,1,153,153),(20,563,0,51,83,1,153,153),(20,564,0,5,52,1,153,154),(20,565,0,8,83,1,153,153),(20,566,0,5,115,1,154,154),(20,567,0,51,78,1,154,154),(20,568,2,51,52,1,155,155),(20,569,0,5,78,1,155,156),(20,570,0,5,79,1,155,156),(20,571,0,78,79,1,155,156),(20,572,0,5,116,1,155,155),(20,573,0,51,116,1,155,155),(20,574,2,5,52,1,155,155),(20,575,0,53,8,1,155,155),(20,576,0,5,52,1,156,156),(20,577,2,5,52,1,157,157),(20,578,0,52,51,1,157,157),(21,579,2,8,5,1,158,158),(21,580,0,5,53,1,158,158),(21,581,0,5,52,1,158,158),(21,582,0,53,52,1,158,158),(21,583,0,5,51,1,158,158),(21,584,0,5,60,1,158,159),(21,585,0,5,117,1,158,158),(21,586,0,51,117,1,158,159),(21,587,2,51,5,1,159,162),(21,588,0,5,75,1,159,159),(21,589,0,51,75,1,159,159),(21,590,0,51,60,1,159,159),(21,591,0,5,5,1,160,160),(21,592,2,5,118,1,160,160),(21,593,0,118,119,1,160,160),(21,594,0,118,120,1,160,160),(21,595,0,119,120,1,160,160),(21,596,2,5,119,1,160,160),(21,597,2,5,120,1,160,160),(21,598,0,51,80,1,160,160),(21,599,0,51,81,1,160,161),(21,600,0,51,28,1,160,161),(21,601,0,80,81,1,160,160),(21,602,0,80,28,1,160,160),(21,603,0,81,28,1,160,160),(21,604,1,5,80,1,160,160),(21,605,1,5,81,1,160,161),(21,606,1,5,28,1,160,161),(21,607,0,5,78,1,161,164),(21,608,0,5,79,1,161,164),(21,609,0,78,79,1,161,164),(21,610,2,51,78,1,161,162),(21,611,2,51,79,1,161,162),(21,612,0,5,119,1,162,164),(21,613,2,5,120,1,162,162),(21,614,0,5,51,1,163,166),(21,615,0,5,120,1,163,164),(21,616,2,121,121,1,163,163),(21,617,0,5,121,1,163,163),(21,618,2,5,122,1,164,165),(21,620,2,5,123,1,165,165),(21,621,0,122,51,1,165,165),(21,622,2,5,5,1,166,166),(21,623,0,5,117,1,163,163),(21,624,0,5,117,1,165,166),(21,625,0,122,117,1,165,165),(21,626,0,5,78,1,166,168),(21,627,0,5,79,1,166,168),(21,628,0,78,79,1,166,170),(21,629,0,51,78,1,166,169),(21,630,0,51,79,1,166,167),(21,631,2,5,51,1,167,167),(21,632,0,5,124,1,167,167),(21,633,0,51,124,1,167,167),(21,634,0,5,51,1,168,168),(21,635,2,51,5,1,169,170),(21,636,0,51,79,1,169,169),(21,637,2,5,125,1,170,171),(21,638,0,5,78,1,170,170),(21,639,0,5,79,1,170,170),(21,640,0,51,125,1,170,170),(21,641,2,125,122,1,171,171),(21,642,2,5,122,1,171,171),(21,643,2,5,124,1,171,171),(21,644,0,5,126,1,171,171),(21,645,0,124,126,1,171,171),(21,646,0,5,117,1,172,172),(21,647,2,5,51,1,172,173),(21,648,0,5,78,1,172,174),(21,649,0,5,79,1,172,173),(21,650,0,78,79,1,172,174),(21,651,0,51,78,1,172,172),(21,652,0,51,79,1,172,172),(21,653,0,5,119,1,173,173),(21,654,0,5,120,1,173,173),(21,655,0,119,120,1,173,173),(21,656,0,51,119,1,173,173),(21,657,0,51,120,1,173,173),(21,658,0,5,124,1,173,174),(21,659,0,5,126,1,173,174),(21,660,0,124,126,1,173,174),(21,661,0,5,117,1,174,174),(21,662,0,5,53,1,174,174),(21,663,2,79,5,1,174,174),(21,664,0,5,127,1,174,175),(21,665,0,78,127,1,174,175),(21,666,0,79,127,1,174,175),(21,667,2,5,78,1,175,175),(21,668,0,5,51,1,175,175),(21,669,2,78,51,1,175,175),(21,670,0,5,79,1,175,175),(21,671,2,5,51,1,176,178),(21,672,0,5,125,1,176,177),(21,673,0,5,124,1,176,176),(21,674,2,5,119,1,177,177),(21,675,2,5,120,1,177,177),(21,676,0,119,120,1,177,177),(21,677,0,5,127,1,177,177),(21,678,0,5,79,1,177,179),(21,679,0,127,79,1,177,177),(21,680,2,5,8,1,177,177),(21,681,0,5,78,1,179,179),(21,682,0,5,51,1,179,179),(21,683,0,5,125,1,179,179),(11,684,0,27,26,1,35,35),(11,685,0,27,128,1,35,35),(11,686,0,27,129,1,35,35),(11,687,1,27,269,0,35,35),(11,689,1,3,269,0,35,35),(11,690,1,3,129,0,35,35),(11,691,1,3,128,0,35,35),(11,692,1,3,26,0,35,35),(11,693,0,3,17,1,35,36),(11,694,0,17,15,1,35,36),(11,695,2,15,18,1,35,36),(11,696,0,3,18,1,35,36),(11,697,0,17,18,1,35,36),(11,698,0,18,27,1,35,35),(11,699,1,15,26,0,35,35),(11,700,1,15,128,0,35,35),(11,702,0,18,26,1,35,35),(11,703,0,18,128,1,35,35),(11,704,0,15,16,1,35,36),(11,705,0,15,131,1,36,36),(11,706,0,3,61,1,36,36),(11,708,0,16,18,1,36,36),(11,709,0,16,17,1,36,36),(11,710,0,3,19,1,36,36),(11,711,1,3,132,0,36,36),(11,712,0,61,132,1,36,36),(11,713,0,3,103,1,36,38),(11,714,0,16,103,1,36,36),(11,715,0,15,103,1,36,36),(11,716,2,17,103,1,36,37),(11,717,2,17,61,1,37,39),(11,718,2,3,17,1,37,39),(11,719,2,15,103,1,37,41),(11,720,2,61,15,1,37,41),(11,721,0,15,9,1,37,37),(11,722,0,15,95,1,37,37),(11,723,0,15,96,1,37,37),(11,724,2,3,61,1,37,40),(11,725,2,61,103,1,37,41),(11,726,2,3,15,1,37,42),(11,727,2,15,17,1,37,39),(11,728,1,3,94,0,38,38),(11,729,0,15,94,0,38,38),(11,730,2,17,103,1,38,41),(11,731,2,3,103,1,39,42),(11,732,1,15,57,0,40,40),(11,733,0,103,57,0,40,40),(11,734,1,3,57,0,40,40),(11,735,2,17,3,1,41,41),(11,736,0,3,16,1,41,42),(11,737,1,3,75,0,41,41),(11,738,0,15,134,1,41,41),(11,739,0,61,134,1,41,41),(11,740,1,3,134,0,41,41),(11,741,1,3,75,0,36,36),(11,742,1,103,75,0,36,36),(11,743,0,3,18,1,42,42),(11,744,0,15,18,1,42,42),(11,745,0,16,15,1,42,42),(11,746,0,15,103,1,42,42),(11,747,1,3,95,1,42,42),(11,748,0,15,95,1,42,42),(11,749,1,15,31,0,42,42),(11,750,0,3,31,1,42,42),(12,751,2,3,31,1,43,44),(12,752,2,31,32,1,43,43),(12,753,0,3,32,1,43,45),(12,754,0,3,17,1,43,43),(12,755,0,17,32,1,43,44),(12,756,0,16,3,1,43,43),(12,757,0,16,17,1,43,43),(12,758,0,3,135,1,44,44),(12,759,0,31,135,1,44,44),(12,760,1,3,136,0,44,45),(12,761,1,3,137,0,44,44),(12,762,1,3,138,0,44,44),(12,763,0,31,3,1,45,45),(12,765,0,135,32,1,44,45),(12,766,2,3,135,1,45,46),(12,767,0,3,139,1,45,45),(12,768,0,135,139,1,45,45),(12,769,0,135,214,1,46,46),(12,770,1,3,67,0,46,46),(12,771,0,3,135,1,47,47),(12,772,2,3,60,0,47,47),(12,773,2,3,31,1,47,47),(12,774,0,31,135,1,47,47),(12,775,0,31,32,1,47,47),(12,776,0,3,32,1,47,47),(12,777,0,32,135,1,47,47),(12,778,2,32,32,1,48,49),(12,779,2,32,135,0,48,48),(12,780,2,3,135,1,48,53),(12,781,0,32,140,1,48,48),(12,782,0,3,140,1,48,48),(12,783,0,3,31,1,48,48),(12,784,2,31,32,1,48,49),(12,785,2,31,135,0,48,48),(12,786,2,3,32,1,48,49),(12,787,0,3,18,1,49,49),(12,788,1,135,18,1,49,49),(12,789,2,31,135,1,49,49),(12,790,2,135,32,1,49,49),(12,791,2,3,31,1,49,49),(12,792,0,3,20,1,49,49),(12,793,0,3,103,1,49,49),(12,794,1,3,60,0,50,50),(12,795,0,3,16,1,51,51),(12,796,1,135,16,0,51,51),(12,797,2,31,3,1,51,52),(12,798,2,31,32,1,51,52),(12,799,0,3,32,1,51,53),(12,800,2,135,32,1,52,53),(12,801,2,32,32,1,53,53),(13,802,2,3,135,1,54,54),(13,803,2,135,32,1,54,54),(13,804,0,3,32,1,54,54),(13,805,2,3,16,1,54,54),(13,806,2,3,16,1,55,55),(13,807,1,16,135,1,55,55),(13,808,2,16,18,1,55,55),(13,809,0,3,135,1,55,56),(13,810,0,3,18,1,55,56),(13,811,0,3,29,1,55,55),(13,812,0,18,29,1,55,55),(13,813,2,15,17,1,55,55),(13,814,0,3,17,1,55,57),(13,815,2,3,15,1,55,57),(13,816,0,15,135,1,55,56),(13,817,0,15,67,1,55,55),(13,818,1,3,67,0,55,56),(13,819,1,3,141,0,56,56),(13,820,0,15,141,0,56,56),(13,821,0,16,3,1,56,57),(13,822,0,17,16,1,56,57),(13,823,0,15,16,1,56,57),(13,824,2,15,17,1,57,57),(13,825,0,15,18,1,57,57),(13,826,0,3,18,1,55,57),(13,827,0,17,18,1,57,57),(35,828,0,15,34,1,57,58),(35,829,0,15,46,1,57,59),(35,830,1,3,46,1,57,59),(35,831,0,3,34,1,57,58),(35,832,2,15,3,1,57,59),(35,833,0,15,42,1,57,57),(35,834,0,34,42,1,57,57),(35,835,1,3,42,0,57,57),(35,836,0,15,142,1,57,57),(35,837,0,34,142,1,57,57),(35,838,1,3,142,0,57,57),(35,839,2,9,142,1,57,57),(35,840,0,15,9,1,57,58),(35,841,0,34,9,1,57,57),(35,842,1,3,9,0,57,58),(35,843,0,46,143,1,57,57),(35,844,0,15,143,1,57,58),(35,845,0,34,143,1,57,58),(35,846,1,3,143,0,57,58),(35,847,0,46,143,1,57,57),(35,848,0,46,9,1,58,58),(35,849,0,34,46,1,58,58),(35,850,1,3,144,0,58,58),(35,851,0,15,144,1,58,58),(35,852,0,46,144,1,58,58),(35,853,0,143,144,1,58,58),(35,854,0,144,145,1,58,58),(35,855,1,145,143,0,58,58),(35,856,2,46,143,1,58,58),(35,857,1,3,48,0,59,59),(35,858,0,15,48,1,59,59),(35,859,0,46,48,1,59,59),(36,860,0,3,15,1,59,59),(36,861,0,3,16,1,59,59),(36,862,0,3,18,1,59,59),(36,863,2,15,16,1,59,59),(36,864,0,3,17,1,59,59),(36,865,0,15,17,1,59,59),(37,866,0,46,48,1,60,60),(37,867,0,46,146,1,60,60),(37,868,0,48,146,1,60,60),(37,869,0,46,147,1,60,60),(37,870,0,48,147,1,60,60),(37,871,2,3,15,1,60,61),(37,872,1,3,48,0,60,61),(37,873,1,3,46,0,60,61),(37,874,1,3,146,0,60,60),(37,875,1,3,147,0,60,60),(37,876,2,15,48,1,60,61),(37,877,0,15,46,1,60,61),(37,878,0,15,47,1,60,61),(37,879,1,3,47,0,60,61),(37,880,0,48,47,1,60,60),(37,881,0,46,47,1,60,61),(37,882,2,15,17,1,60,60),(37,883,0,3,17,1,60,60),(37,884,2,48,47,1,61,61),(37,885,0,46,9,1,61,61),(37,886,1,3,9,1,61,61),(37,887,0,15,9,1,61,61),(38,888,2,3,15,1,61,62),(38,889,1,3,46,0,61,63),(38,890,0,15,46,1,61,62),(38,891,2,48,15,1,61,63),(38,892,2,48,46,1,61,63),(38,893,2,48,47,1,61,63),(38,894,1,3,48,0,61,63),(38,895,1,3,47,0,61,63),(38,896,0,15,49,0,61,63),(38,897,0,48,49,0,61,63),(38,898,0,46,49,0,61,63),(38,899,0,47,49,0,61,63),(38,900,1,3,49,0,61,63),(38,901,2,6,15,1,61,62),(38,902,2,6,48,1,61,62),(38,903,2,6,46,1,61,62),(38,904,2,6,47,1,61,62),(38,905,0,6,49,1,61,63),(38,906,1,3,6,0,61,63),(38,907,2,47,15,1,62,63),(38,908,2,47,46,1,62,63),(38,909,1,48,75,0,62,62),(38,910,1,15,75,0,62,62),(38,911,1,3,75,0,62,62),(38,912,1,3,45,0,62,62),(38,913,0,15,45,0,62,62),(38,914,0,48,45,1,62,62),(38,915,0,46,45,0,62,62),(38,916,0,47,45,0,62,62),(38,917,0,6,45,1,62,62),(38,918,0,45,49,1,62,62),(38,919,2,15,46,1,63,63),(38,920,0,15,6,1,63,63),(38,921,0,48,6,1,63,63),(38,922,0,46,6,1,63,63),(38,923,0,15,148,0,63,63),(38,924,0,48,148,0,63,63),(38,925,0,46,148,0,63,63),(38,926,0,47,148,0,63,63),(38,927,1,3,148,0,63,63),(38,928,0,46,9,1,63,63),(38,929,0,15,9,1,63,63),(38,930,0,3,15,1,63,63),(38,931,1,3,9,0,63,63),(39,932,2,3,15,1,64,65),(39,933,0,3,17,1,64,64),(39,934,2,17,15,1,64,65),(39,935,2,16,15,1,64,64),(39,936,0,3,16,1,64,64),(39,937,0,16,19,1,64,64),(39,938,0,15,19,1,64,64),(39,939,0,3,19,1,64,64),(39,940,1,17,6,0,64,64),(39,941,1,3,6,0,64,64),(39,942,0,15,6,1,64,64),(39,943,0,15,65,1,64,64),(39,944,0,65,6,1,64,64),(39,945,1,17,65,0,64,64),(39,946,1,3,65,0,64,64),(39,947,1,3,48,0,64,65),(39,948,0,15,48,1,64,65),(39,949,0,15,67,1,64,65),(39,950,0,15,66,1,64,65),(39,951,1,3,67,0,64,65),(39,952,1,17,67,0,64,65),(39,953,1,3,66,0,64,65),(39,954,0,17,66,1,64,65),(39,955,0,48,67,1,64,65),(39,956,0,48,66,1,64,65),(39,957,1,3,50,0,64,65),(39,958,1,17,50,0,64,65),(39,959,0,15,50,1,64,65),(39,960,0,48,50,1,64,65),(39,961,0,67,50,1,64,65),(39,962,0,66,50,1,64,65),(36,963,0,15,49,0,59,59),(36,964,0,15,50,1,59,59),(36,965,1,16,49,0,59,59),(36,966,1,16,50,0,59,59),(39,967,2,3,17,1,65,65),(39,968,1,3,46,1,65,65),(39,969,0,15,46,1,65,65),(39,970,1,17,46,1,65,65),(39,971,0,46,50,1,65,65),(40,972,1,3,46,0,65,67),(40,973,0,3,15,1,65,65),(40,974,2,15,46,1,65,66),(40,975,1,3,9,0,65,67),(40,976,0,15,9,1,65,67),(40,977,0,46,9,1,65,65),(40,979,1,3,67,0,65,66),(40,980,1,3,48,0,65,67),(40,981,1,46,136,0,65,65),(40,982,1,3,50,0,66,66),(40,983,0,15,50,1,66,66),(40,984,0,48,50,1,66,66),(40,985,0,46,50,1,66,66),(40,986,0,15,66,1,65,66),(40,987,0,46,66,1,65,66),(40,988,0,48,66,1,65,66),(40,989,0,15,67,1,65,66),(40,990,0,46,67,1,65,66),(40,991,0,48,67,1,65,66),(40,992,1,3,66,0,65,66),(40,994,1,3,148,0,66,66),(40,995,2,46,48,1,66,66),(40,996,0,48,148,1,66,66),(40,997,0,46,148,1,66,66),(40,998,0,15,148,1,66,66),(40,999,1,3,45,0,66,67),(40,1000,0,48,45,1,66,66),(40,1001,0,46,45,1,66,67),(40,1002,0,15,45,1,66,67),(40,1003,0,148,45,1,66,66),(40,1004,0,66,45,1,66,66),(40,1005,0,67,45,1,66,66),(40,1006,1,3,49,0,66,67),(40,1007,0,45,49,1,66,67),(40,1008,0,15,49,0,66,67),(40,1009,0,46,49,0,66,67),(40,1010,0,48,49,0,66,66),(40,1011,0,148,49,0,66,66),(40,1012,0,66,49,0,66,66),(40,1013,0,67,49,0,66,66),(40,1014,2,46,9,1,66,67),(40,1015,1,9,49,0,67,67),(40,1016,0,46,15,1,67,67),(40,1017,0,9,48,1,67,67),(40,1018,0,9,47,1,67,67),(40,1020,0,46,48,1,67,67),(40,1021,0,46,47,1,67,67),(40,1022,1,3,47,0,67,67),(40,1023,0,9,45,1,67,67),(40,1025,1,3,6,0,67,67),(40,1026,0,15,6,1,67,67),(40,1027,0,9,6,1,67,67),(40,1028,0,6,45,1,67,67),(40,1029,0,6,49,1,67,67),(41,1030,2,3,15,1,68,68),(41,1031,0,3,17,1,68,68),(41,1032,0,3,16,1,68,68),(41,1033,0,3,19,1,68,68),(41,1034,2,16,19,1,68,68),(41,1035,2,15,17,1,68,68),(42,1036,2,9,67,1,68,69),(42,1037,2,9,66,1,68,69),(42,1038,0,15,9,1,68,69),(42,1039,0,15,67,1,68,68),(42,1040,0,15,66,1,68,69),(42,1041,2,15,46,1,68,69),(42,1042,1,3,9,0,68,69),(42,1043,1,3,46,0,68,70),(42,1044,1,3,67,0,68,69),(42,1045,1,3,66,0,68,69),(42,1046,0,3,15,1,68,69),(13,1047,0,135,50,0,55,56),(38,1048,0,15,50,1,63,63),(38,1049,1,3,50,0,63,63),(42,1050,2,66,67,1,69,69),(42,1051,0,66,48,1,69,69),(42,1052,1,3,48,0,69,70),(42,1053,0,67,48,1,69,69),(42,1054,2,9,48,1,69,69),(42,1055,2,48,46,1,69,70),(42,1056,2,48,15,1,69,69),(42,1057,2,15,67,1,69,69),(42,1058,2,67,46,1,69,69),(42,1059,0,48,50,1,69,70),(42,1060,0,15,50,1,69,70),(42,1061,1,3,50,0,69,70),(42,1062,1,3,47,0,70,70),(42,1063,2,47,48,1,70,70),(42,1064,0,47,149,0,70,70),(42,1065,1,3,150,0,70,70),(42,1066,0,150,50,0,70,70),(43,1067,2,3,15,1,70,71),(43,1068,2,15,17,1,70,70),(43,1069,0,3,17,1,70,70),(43,1070,2,16,19,1,70,70),(43,1071,2,15,16,1,70,70),(43,1072,2,15,19,1,70,70),(43,1073,2,3,16,1,70,70),(43,1074,2,3,19,1,70,70),(43,1075,2,17,16,1,70,70),(43,1076,2,17,19,1,70,70),(43,1077,1,3,65,0,71,71),(43,1078,1,3,152,0,71,71),(43,1079,1,15,152,0,71,71),(43,1080,1,15,151,0,71,71),(43,1081,0,151,152,1,71,71),(43,1082,0,151,65,1,71,71),(43,1083,0,15,65,1,71,71),(43,1084,0,65,148,1,71,71),(43,1085,1,3,148,0,71,71),(43,1086,1,3,153,0,71,71),(43,1087,0,65,153,1,71,71),(43,1088,0,15,148,1,71,71),(43,1089,0,15,153,1,71,71),(43,1090,1,3,6,0,71,71),(43,1091,0,15,6,1,71,71),(43,1092,0,65,6,1,71,71),(43,1093,2,151,6,1,71,71),(43,1094,1,3,63,0,71,71),(43,1095,0,15,63,1,71,71),(43,1096,0,63,154,1,71,71),(43,1097,1,3,154,0,71,71),(43,1098,0,15,154,1,71,71),(44,1099,1,3,63,0,71,72),(44,1100,1,3,67,0,71,72),(44,1101,1,3,155,0,71,72),(44,1102,2,63,67,1,71,71),(44,1103,1,3,154,0,71,72),(44,1104,0,154,155,1,71,71),(44,1105,1,3,156,0,71,71),(44,1106,2,155,156,1,71,71),(44,1107,2,155,63,1,72,72),(44,1108,2,155,154,1,72,72),(44,1109,2,154,63,1,72,72),(44,1110,0,154,67,1,72,72),(44,1111,0,63,67,1,72,72),(44,1112,2,3,15,1,72,72),(44,1113,2,15,154,1,72,72),(44,1114,0,15,63,1,72,72),(44,1115,0,15,67,1,72,72),(44,1116,0,15,148,1,72,72),(44,1117,0,15,153,1,72,72),(44,1118,0,148,63,1,72,72),(44,1119,0,148,154,1,72,72),(44,1120,0,148,67,1,72,72),(44,1121,0,153,63,1,72,72),(44,1122,0,153,154,1,72,72),(44,1123,0,153,67,1,72,72),(44,1124,1,3,148,0,72,72),(44,1125,1,3,153,0,72,72),(45,1126,1,3,148,0,72,75),(45,1127,1,3,153,0,72,74),(44,1128,1,3,50,0,72,72),(44,1129,0,63,50,1,72,72),(44,1130,0,154,50,0,72,72),(44,1131,0,67,50,1,72,72),(44,1132,0,148,50,1,72,72),(44,1133,0,153,50,1,72,72),(45,1134,1,3,66,0,72,75),(45,1135,1,3,67,0,72,75),(45,1136,1,3,63,0,72,76),(45,1137,1,3,154,0,72,76),(45,1138,0,3,67,0,72,76),(45,1139,1,3,68,0,72,75),(45,1140,1,3,65,0,72,74),(45,1141,0,66,67,1,72,72),(45,1142,0,66,67,1,72,72),(45,1143,0,66,63,1,72,74),(45,1144,0,66,154,1,72,72),(45,1145,0,66,68,1,72,72),(45,1146,0,67,292,1,73,73),(45,1147,0,67,63,1,72,74),(45,1148,0,67,154,1,72,72),(45,1149,0,67,68,1,72,72),(45,1150,0,67,63,1,72,74),(45,1151,0,67,154,1,72,72),(45,1152,0,67,68,1,72,72),(45,1153,0,63,154,1,72,74),(45,1154,0,63,68,1,72,74),(45,1155,0,154,68,1,72,72),(45,1156,2,148,66,1,73,74),(45,1157,2,148,67,1,73,73),(45,1158,2,148,67,1,73,73),(45,1159,2,148,63,1,73,73),(45,1160,2,148,154,1,73,73),(45,1161,2,148,68,1,73,73),(45,1162,2,148,68,1,73,73),(45,1163,0,157,66,1,72,73),(45,1164,0,67,157,1,72,73),(45,1165,0,67,157,1,72,73),(45,1166,0,63,157,1,72,73),(45,1167,0,157,154,1,72,73),(45,1168,0,157,68,1,72,73),(45,1169,1,3,50,0,72,76),(45,1170,0,66,50,1,72,74),(45,1171,0,67,50,1,72,75),(45,1172,0,67,50,1,72,76),(45,1173,0,63,50,1,72,76),(45,1174,0,154,50,1,72,73),(45,1175,0,68,50,1,72,75),(45,1176,0,157,50,1,72,76),(45,1177,0,65,50,1,72,74),(45,1178,0,148,50,1,72,73),(45,1179,0,153,50,1,72,73),(45,1180,2,148,157,1,73,73),(45,1181,2,153,66,1,73,74),(45,1182,2,153,67,1,73,73),(45,1183,2,153,67,1,73,73),(45,1184,2,153,63,1,73,73),(45,1185,2,153,154,1,73,73),(45,1186,2,153,68,1,73,74),(45,1187,2,153,157,1,73,73),(45,1188,0,153,46,1,73,73),(45,1189,0,63,46,1,73,73),(45,1190,0,48,148,1,74,74),(45,1191,2,48,67,1,74,74),(45,1192,2,47,15,1,74,74),(45,1193,2,47,48,1,74,76),(45,1194,2,47,46,1,74,75),(45,1195,2,68,65,1,74,74),(45,1196,2,65,148,1,74,74),(45,1197,2,148,153,1,73,74),(45,1198,2,160,67,1,74,74),(45,1199,2,160,66,1,74,74),(45,1200,2,47,66,1,74,75),(45,1201,2,47,67,1,74,75),(45,1202,2,47,67,1,74,75),(45,1203,2,47,63,1,74,75),(45,1204,2,47,154,1,74,75),(45,1205,2,47,68,1,74,75),(45,1206,2,47,157,1,74,75),(45,1207,0,47,45,0,74,74),(45,1208,0,47,6,1,74,75),(45,1209,0,47,49,0,74,74),(45,1210,1,3,45,0,74,74),(45,1211,1,3,49,0,73,74),(45,1212,1,3,6,0,74,75),(45,1213,1,3,46,0,74,76),(45,1214,1,3,48,0,74,76),(45,1215,0,3,15,1,74,77),(45,1216,1,3,47,0,74,76),(45,1217,1,3,157,0,73,76),(45,1218,1,3,158,0,74,75),(45,1219,1,3,159,0,74,75),(45,1220,1,3,160,0,74,75),(45,1221,1,63,49,0,73,73),(45,1222,0,46,49,0,73,73),(45,1223,0,48,161,1,75,75),(45,1224,1,47,161,0,75,75),(45,1225,1,3,161,0,75,75),(45,1226,0,47,154,1,75,76),(45,1227,2,15,154,1,76,76),(45,1228,2,154,63,1,76,76),(45,1229,0,48,154,1,76,76),(45,1230,0,48,63,1,76,76),(45,1231,2,17,15,1,76,77),(45,1232,0,3,17,1,76,77),(45,1233,1,17,47,0,76,76),(45,1234,1,17,46,0,76,76),(45,1235,1,17,48,0,76,76),(45,1236,1,17,50,0,76,76),(42,1237,1,9,50,0,69,69),(42,1238,0,47,50,1,70,70),(43,1239,0,15,49,1,71,71),(43,1240,1,151,49,0,71,71),(43,1241,0,65,49,0,71,71),(43,1242,0,6,49,0,71,71),(43,1243,1,3,49,0,71,71),(43,1244,0,148,49,0,71,71),(43,1245,0,153,49,0,71,71),(45,1246,0,46,50,1,73,76),(45,1247,0,48,50,1,74,76),(45,1248,0,47,50,1,74,76),(45,1249,0,15,50,1,74,76),(45,1250,0,154,50,1,76,76),(45,1251,0,49,50,1,75,75),(45,1252,0,49,50,1,73,73),(46,1253,2,15,3,1,77,77),(46,1254,0,3,5,1,77,77),(46,1255,0,15,5,1,77,77),(46,1256,1,3,157,0,77,78),(46,1257,1,3,160,0,77,77),(46,1258,1,3,67,0,77,79),(46,1259,2,160,67,1,77,77),(46,1260,1,3,46,0,77,79),(46,1261,1,3,47,0,77,79),(46,1262,1,3,48,0,77,79),(46,1263,2,47,48,1,77,79),(46,1264,2,47,15,1,77,77),(46,1265,2,47,46,1,77,78),(46,1266,2,46,48,1,77,79),(46,1267,1,3,50,0,77,79),(46,1268,0,15,50,1,77,77),(46,1269,0,46,50,1,77,79),(46,1270,0,47,50,1,77,79),(46,1271,0,48,50,1,77,79),(46,1272,0,157,50,1,77,78),(46,1273,0,67,50,1,77,79),(46,1274,0,160,50,1,77,77),(46,1275,1,3,9,0,78,78),(46,1276,0,47,9,1,78,78),(46,1277,0,46,9,1,78,78),(46,1278,1,3,143,0,78,79),(46,1279,0,47,143,1,78,78),(46,1280,0,46,143,1,78,78),(46,1281,0,46,162,1,78,78),(46,1282,1,3,162,0,78,78),(46,1283,1,47,162,0,78,78),(46,1284,1,3,66,0,78,78),(46,1285,2,66,46,1,78,78),(46,1286,2,66,47,1,78,78),(46,1287,2,66,15,1,78,78),(46,1288,2,66,48,1,78,78),(46,1289,0,66,50,1,78,78),(46,1290,2,67,46,1,78,79),(46,1291,2,67,47,1,78,79),(46,1292,2,67,48,1,78,79),(46,1293,2,67,15,1,78,79),(46,1294,1,3,159,0,78,78),(46,1295,0,159,50,1,78,78),(46,1296,2,159,67,1,78,78),(46,1297,2,66,67,1,78,78),(46,1298,2,67,292,1,78,79),(46,1299,2,66,67,1,78,78),(46,1300,2,66,159,1,78,78),(46,1301,0,66,45,1,78,78),(46,1302,1,3,45,1,78,78),(46,1303,1,3,49,0,78,78),(46,1304,0,66,49,0,78,78),(46,1305,0,66,6,1,78,78),(46,1306,0,45,49,1,78,78),(46,1307,0,6,45,1,78,78),(46,1308,0,6,49,1,78,78),(46,1309,1,3,6,0,78,78),(46,1310,0,47,157,1,78,78),(46,1311,0,48,157,1,78,78),(46,1312,0,46,157,1,78,78),(46,1314,0,49,50,1,78,78),(46,1315,0,159,46,1,78,78),(46,1316,0,67,46,1,78,78),(46,1317,0,67,46,1,78,78),(46,1318,2,46,143,1,79,79),(46,1319,0,67,50,1,79,79),(14,1320,2,3,15,1,80,80),(14,1321,0,3,17,1,80,80),(14,1322,0,3,16,1,80,80),(14,1323,0,3,19,1,80,82),(14,1324,0,16,19,1,80,82),(14,1325,0,3,61,1,80,81),(14,1326,0,16,61,1,80,80),(14,1327,2,16,15,1,80,81),(14,1328,1,3,46,0,81,81),(14,1329,1,3,4,0,81,81),(14,1330,1,3,6,0,81,81),(14,1331,0,4,6,1,81,81),(14,1332,0,19,4,1,81,81),(14,1333,2,16,3,1,81,81),(14,1334,2,3,20,1,81,82),(14,1335,0,3,17,1,81,82),(14,1336,2,17,20,1,82,82),(14,1337,0,20,19,1,81,82),(14,1338,0,17,19,1,82,82),(14,1339,2,3,15,1,82,84),(14,1340,2,3,61,1,82,84),(14,1341,0,3,16,1,82,83),(14,1342,2,15,61,1,82,83),(14,1343,1,3,157,0,82,82),(14,1344,1,3,50,0,82,83),(14,1345,0,61,50,0,82,83),(14,1346,0,15,50,1,82,83),(14,1348,0,15,67,1,82,82),(14,1349,0,67,50,1,82,82),(14,1350,1,3,66,0,82,82),(14,1351,0,15,66,1,82,82),(14,1352,0,66,50,1,82,82),(14,1353,1,3,148,0,82,82),(14,1354,0,15,148,1,82,82),(14,1355,0,148,50,1,82,82),(14,1356,1,3,153,0,82,82),(14,1357,0,15,153,1,82,82),(14,1358,0,153,50,1,82,82),(14,1359,1,3,46,0,83,83),(14,1360,0,15,46,1,83,83),(14,1361,1,61,46,0,83,83),(14,1362,0,3,27,1,83,83),(14,1363,0,46,50,1,83,83),(14,1364,2,27,15,1,83,84),(14,1365,2,27,61,1,83,84),(14,1366,0,16,27,1,83,85),(14,1367,0,3,18,1,83,83),(14,1368,0,18,27,1,83,83),(14,1369,0,3,163,1,83,83),(14,1370,0,27,163,1,83,83),(14,1371,0,18,163,1,83,83),(14,1372,0,3,29,1,83,83),(14,1373,0,18,29,1,83,83),(14,1374,2,16,3,1,84,86),(14,1375,2,3,27,1,84,84),(14,1376,0,3,50,1,85,85),(14,1377,1,3,66,0,85,85),(14,1378,0,3,26,1,85,85),(14,1379,0,3,27,1,85,85),(14,1380,0,66,50,1,85,85),(14,1381,0,27,26,1,85,85),(14,1382,1,16,50,0,85,85),(14,1383,1,3,67,0,85,85),(14,1384,1,16,67,0,85,85),(14,1385,0,67,50,1,85,85),(14,1386,0,16,135,1,85,85),(14,1387,1,16,32,0,85,85),(14,1388,0,3,135,1,85,85),(14,1389,0,3,32,1,85,85),(14,1390,0,3,34,1,85,85),(14,1391,0,16,34,1,85,85),(14,1392,1,3,35,0,85,85),(14,1393,1,16,35,0,85,85),(14,1394,0,34,35,1,85,85),(14,1396,1,16,66,0,85,85),(14,1397,0,34,66,1,85,85),(14,1398,0,3,15,1,85,85),(14,1399,1,3,157,0,85,85),(14,1400,2,15,157,1,85,85),(14,1401,0,15,50,1,85,85),(14,1402,0,157,50,1,85,85),(14,1403,2,3,61,1,85,85),(14,1404,0,61,15,1,85,85),(14,1405,0,3,19,1,85,86),(14,1406,0,16,19,1,85,85),(14,1407,0,3,4,0,85,86),(14,1408,0,16,4,1,85,85),(14,1409,0,19,4,1,85,85),(47,1410,0,3,15,1,86,86),(47,1411,0,3,17,1,86,86),(47,1412,0,3,105,1,86,86),(47,1413,0,3,31,1,86,86),(47,1414,0,3,16,1,86,86),(47,1415,0,16,15,1,86,86),(47,1416,0,3,32,1,86,86),(22,1417,0,3,165,1,183,183),(22,1418,1,3,166,0,183,183),(22,1419,0,3,5,1,183,183),(22,1420,0,3,79,0,183,184),(22,1421,0,3,78,0,183,184),(22,1422,0,5,79,1,183,184),(22,1423,0,5,78,1,183,184),(22,1424,0,79,78,1,183,192),(22,1425,0,3,51,1,184,184),(22,1426,0,51,5,1,184,184),(22,1427,0,3,31,1,184,184),(22,1428,0,51,31,1,184,184),(22,1429,2,5,3,1,184,187),(22,1430,2,3,79,1,185,185),(22,1431,2,3,78,1,185,185),(22,1432,2,5,79,1,185,187),(22,1433,2,5,78,1,185,185),(22,1434,2,79,78,1,185,185),(22,1435,2,3,165,1,186,186),(22,1436,2,20,165,1,186,186),(22,1437,2,3,20,1,186,186),(22,1438,0,20,23,1,186,186),(22,1439,0,165,23,1,186,186),(22,1440,1,20,57,0,186,186),(22,1441,0,3,79,1,186,186),(22,1442,0,3,78,1,186,186),(22,1443,0,5,78,1,186,186),(22,1444,0,165,5,1,186,186),(22,1445,1,165,79,0,186,186),(22,1446,1,165,78,0,186,186),(22,1447,2,5,78,1,187,187),(22,1448,0,3,51,1,187,188),(22,1449,0,5,51,1,187,188),(22,1450,2,3,79,1,187,187),(22,1451,2,3,78,1,187,187),(22,1452,2,165,5,1,187,190),(22,1453,0,3,4,0,187,187),(22,1455,0,3,125,0,187,187),(22,1456,2,5,125,1,187,189),(22,1457,0,3,165,1,187,187),(22,1458,2,3,165,1,188,190),(22,1459,2,165,125,1,188,189),(22,1460,1,3,117,0,188,188),(22,1461,0,5,117,1,188,188),(22,1462,0,125,117,1,188,188),(22,1463,0,125,167,0,188,188),(22,1464,0,3,79,1,188,190),(22,1465,0,3,78,1,188,190),(22,1466,0,5,79,1,188,189),(22,1467,0,5,78,1,188,189),(22,1468,2,20,3,1,188,189),(22,1469,0,20,5,1,188,188),(22,1470,0,20,165,1,188,188),(22,1471,2,125,3,1,188,189),(22,1472,2,125,20,1,189,189),(22,1474,0,3,5,1,188,188),(22,1475,2,3,5,1,189,192),(22,1476,2,20,165,1,189,189),(22,1477,2,20,5,1,189,189),(22,1478,2,5,79,1,190,192),(22,1479,2,5,78,1,190,192),(22,1480,0,5,168,0,190,190),(22,1481,1,79,168,0,190,190),(22,1482,1,78,168,0,190,190),(22,1483,0,3,168,0,190,190),(22,1484,2,3,169,1,190,190),(22,1485,0,3,16,1,190,190),(22,1486,0,3,15,1,190,190),(22,1487,0,16,15,1,190,190),(22,1488,2,15,165,1,190,190),(22,1489,2,3,79,1,191,191),(22,1490,2,3,78,1,191,191),(22,1491,2,3,15,1,191,192),(22,1492,2,15,5,1,191,192),(22,1493,0,3,17,1,191,191),(22,1494,1,5,17,0,191,191),(22,1495,1,3,170,0,191,191),(22,1496,1,5,170,0,191,191),(22,1497,0,15,17,1,191,191),(22,1498,1,15,171,0,191,191),(22,1499,1,15,172,0,191,191),(22,1500,1,15,173,0,191,191),(22,1501,1,3,171,0,191,191),(22,1502,1,3,172,0,191,191),(22,1503,1,3,173,0,191,191),(22,1504,0,15,174,1,191,191),(22,1505,0,3,174,1,191,191),(22,1506,0,3,79,1,192,192),(22,1507,0,3,78,1,192,192),(22,1508,0,3,4,1,192,192),(22,1509,0,3,19,1,192,192),(22,1510,0,5,4,1,192,192),(22,1511,0,5,19,0,192,192),(22,1512,0,4,19,1,192,192),(22,1513,2,15,175,1,192,192),(22,1514,0,175,5,0,192,192),(22,1515,0,3,175,1,192,192),(22,1516,0,15,27,1,192,192),(22,1517,0,3,27,1,192,192),(22,1518,0,3,16,1,192,192),(22,1519,0,16,15,1,192,192),(22,1520,0,16,27,1,192,192),(22,1521,0,3,18,1,192,192),(22,1522,0,15,18,1,192,192),(24,1523,0,3,16,1,221,221),(24,1524,0,3,18,1,221,221),(24,1525,0,16,18,1,221,222),(24,1527,1,3,176,0,221,221),(24,1528,0,3,4,1,221,221),(24,1529,1,4,176,0,221,221),(24,1530,0,3,15,1,221,223),(24,1531,1,3,177,0,221,221),(24,1532,0,177,178,1,221,221),(24,1533,1,3,178,0,221,221),(24,1534,1,3,179,0,221,221),(24,1535,1,3,180,0,221,221),(24,1536,1,177,179,0,221,221),(24,1537,1,177,180,0,221,221),(24,1538,2,3,16,1,222,222),(24,1539,2,3,18,1,222,222),(24,1540,0,3,61,1,222,222),(24,1541,0,3,181,1,222,222),(24,1542,1,3,182,0,222,222),(24,1543,1,181,182,0,222,222),(24,1544,0,3,183,1,222,222),(24,1545,1,3,184,0,222,222),(24,1546,0,183,184,1,222,222),(24,1547,0,3,20,1,222,222),(24,1548,2,3,185,1,223,223),(24,1549,1,3,186,0,223,223),(24,1550,1,3,187,0,223,223),(24,1551,1,3,188,0,223,223),(24,1552,0,3,16,1,223,223),(24,1553,0,3,18,1,223,223),(24,1554,2,3,17,1,223,223),(24,1555,2,3,31,1,223,223),(24,1556,1,31,188,0,223,223),(24,1557,0,3,31,1,224,224),(24,1558,2,31,61,1,224,224),(24,1559,0,3,61,1,224,224),(24,1560,0,31,189,1,224,224),(24,1561,0,3,189,1,224,225),(24,1562,0,3,190,1,224,224),(24,1563,2,3,191,1,225,225),(24,1564,2,3,31,1,225,225),(24,1565,1,3,188,0,225,226),(24,1566,1,3,192,0,226,226),(24,1567,0,3,193,1,226,226),(67,1568,1,3,8,0,226,227),(67,1569,1,3,194,0,227,227),(67,1570,1,3,195,0,227,227),(67,1571,2,3,196,1,227,228),(67,1572,0,196,197,1,227,227),(67,1573,1,3,197,0,227,227),(67,1574,2,196,194,1,227,227),(67,1575,2,198,3,1,227,227),(67,1576,2,198,196,1,227,227),(67,1577,0,198,8,1,227,227),(67,1578,0,196,199,1,227,228),(67,1579,1,3,199,0,227,227),(67,1580,0,196,8,1,227,228),(67,1581,0,3,5,1,228,228),(67,1582,0,5,8,1,228,228),(67,1583,2,8,199,1,228,228),(67,1584,2,8,194,0,228,228),(67,1585,2,3,8,1,228,230),(67,1586,2,3,199,1,228,228),(67,1587,0,3,199,1,229,229),(67,1588,2,3,200,1,229,229),(67,1589,1,3,201,0,229,230),(67,1590,1,8,201,0,229,230),(67,1591,2,3,202,1,229,230),(67,1592,0,202,203,1,229,230),(67,1593,1,3,203,0,229,230),(68,1594,2,196,3,1,230,230),(68,1595,2,196,204,1,230,230),(68,1596,2,3,204,1,230,233),(67,1597,0,8,49,1,228,229),(68,1598,0,3,196,1,231,231),(68,1599,1,3,205,0,231,231),(68,1600,0,204,194,1,231,231),(68,1601,0,3,194,1,231,231),(68,1602,2,204,206,1,232,232),(68,1603,1,3,206,0,232,232),(68,1604,0,204,208,1,232,232),(68,1605,0,204,207,1,232,232),(68,1606,1,3,208,0,232,232),(68,1607,1,3,207,0,232,232),(68,1608,2,3,8,1,233,233),(68,1609,0,194,8,1,233,233),(68,1610,1,3,209,0,233,233),(68,1611,0,3,196,1,233,233),(68,1612,0,209,8,1,233,233),(68,1613,2,209,196,1,233,233),(68,1614,0,3,8,1,234,234),(69,1615,2,3,204,1,234,239),(69,1616,1,3,206,0,234,234),(69,1617,0,204,206,1,234,234),(69,1618,1,206,194,0,234,234),(69,1619,1,206,200,0,234,234),(69,1620,1,206,199,0,234,234),(69,1621,1,206,210,0,234,234),(69,1622,2,204,194,1,234,234),(69,1623,2,204,200,1,234,234),(69,1624,2,204,199,1,234,234),(69,1625,2,204,210,1,234,234),(69,1626,0,3,194,1,234,234),(69,1627,0,3,200,1,234,234),(69,1628,0,3,199,1,234,234),(69,1629,0,3,210,1,234,234),(69,1630,1,3,211,0,234,234),(69,1631,0,3,19,1,235,235),(69,1632,0,3,27,1,235,235),(69,1633,0,3,20,1,235,235),(69,1634,0,3,16,1,235,235),(69,1635,0,3,17,1,235,235),(69,1636,0,3,18,1,235,235),(69,1637,1,3,188,0,235,235),(69,1638,2,3,189,1,235,235),(69,1639,0,3,190,1,235,235),(69,1640,2,3,31,1,235,235),(69,1641,0,3,194,1,237,237),(69,1642,2,3,196,1,237,237),(69,1643,2,204,196,1,237,237),(69,1644,1,3,206,0,237,237),(69,1645,1,196,206,0,237,237),(69,1646,2,204,208,1,239,239),(69,1647,2,204,207,1,239,239),(69,1648,1,3,208,0,239,239),(69,1649,1,3,207,0,239,239),(69,1650,0,3,204,1,240,240),(70,1651,2,3,196,1,240,240),(70,1652,0,3,204,1,240,241),(70,1653,2,196,16,1,240,240),(70,1654,2,3,16,1,240,243),(70,1655,2,3,8,1,241,241),(70,1656,0,8,49,1,241,241),(70,1657,0,3,49,1,241,241),(70,1658,1,3,188,0,241,241),(70,1659,0,3,18,1,241,241),(70,1660,2,3,17,1,241,242),(70,1661,0,3,202,1,242,242),(70,1662,0,3,8,1,242,242),(70,1663,0,3,199,1,242,242),(70,1664,1,17,202,0,242,242),(70,1665,1,17,8,0,242,242),(70,1666,1,17,199,0,242,242),(70,1667,2,3,18,1,242,243),(70,1668,0,18,163,1,243,243),(70,1669,0,3,163,1,243,243),(70,1670,0,18,16,1,242,243),(70,1671,0,16,15,1,243,243),(70,1672,0,3,15,1,243,244),(70,1673,0,3,17,1,243,243),(70,1674,1,3,67,0,243,243),(70,1675,1,3,66,0,243,243),(70,1676,1,3,47,0,243,243),(70,1677,1,3,50,0,243,243),(70,1678,0,67,50,1,243,243),(70,1679,0,66,50,1,243,243),(70,1680,0,47,50,1,243,243),(70,1681,0,3,31,1,243,244),(70,1682,0,31,47,1,243,243),(70,1683,1,3,48,0,243,243),(70,1684,1,3,46,0,243,243),(70,1685,1,3,159,0,243,243),(70,1686,0,159,50,1,243,243),(70,1687,2,67,47,1,243,243),(70,1688,0,48,50,1,243,243),(70,1689,0,46,50,1,243,243),(70,1690,2,67,48,1,243,243),(70,1691,2,67,46,1,243,243),(70,1692,2,66,47,1,243,243),(70,1693,2,66,48,1,243,243),(70,1694,2,66,46,1,243,243),(70,1695,2,159,47,1,243,243),(70,1696,2,159,48,1,243,243),(70,1697,2,159,46,1,243,243),(70,1698,2,63,47,1,243,243),(68,1699,2,63,48,1,243,243),(70,1700,2,63,46,1,243,243),(70,1701,0,63,50,1,243,243),(70,1702,1,3,63,0,243,243),(70,1703,1,3,68,0,243,243),(70,1704,0,68,50,1,243,243),(70,1705,2,68,47,1,243,243),(70,1706,2,68,48,1,243,243),(70,1707,2,68,46,1,243,243),(70,1708,0,157,50,1,243,243),(70,1709,1,3,157,0,243,243),(70,1710,2,157,47,1,243,243),(70,1711,2,157,48,1,243,243),(70,1712,2,157,46,1,243,243),(70,1713,1,3,51,0,243,243),(70,1714,0,51,362,1,243,243),(70,1715,0,51,117,1,243,243),(70,1716,1,3,117,0,243,243),(70,1717,0,51,212,1,243,243),(70,1718,1,3,212,0,243,243),(70,1719,1,3,160,0,243,243),(70,1720,0,160,50,1,243,243),(70,1721,2,160,47,1,243,243),(70,1722,2,160,48,1,243,243),(70,1723,2,160,46,1,243,243),(70,1724,1,15,213,0,243,243),(70,1725,1,3,213,0,243,244),(70,1726,0,3,204,1,244,244),(70,1727,0,15,61,1,244,244),(70,1728,0,3,204,1,244,244),(70,1729,0,3,135,1,244,244),(71,1730,2,3,31,1,244,244),(71,1731,2,31,19,1,244,244),(71,1732,0,3,19,1,244,244),(71,1733,0,31,28,1,245,245),(71,1734,0,31,51,1,245,245),(71,1735,1,3,28,0,245,245),(71,1736,1,3,51,0,245,245),(71,1737,0,51,117,1,245,245),(71,1738,1,3,117,0,245,245),(71,1739,2,31,199,1,245,246),(71,1740,2,31,200,1,245,246),(71,1741,0,3,199,1,245,245),(71,1742,0,3,200,1,245,245),(71,1743,2,31,202,1,245,245),(71,1744,0,3,202,1,245,245),(71,1745,2,31,8,1,245,246),(71,1746,0,3,8,1,245,245),(71,1747,2,3,31,1,244,248),(71,1748,1,3,188,0,246,246),(71,1749,0,31,19,1,247,247),(71,1750,0,3,19,1,247,247),(71,1751,0,31,4,1,247,247),(71,1752,0,3,4,1,247,247),(71,1753,0,19,4,1,247,247),(71,1754,0,3,204,1,247,247),(71,1755,1,31,204,0,247,247),(71,1756,2,3,16,1,248,248),(71,1757,0,3,15,1,248,248),(71,1758,2,16,15,1,248,248),(72,1759,2,3,135,1,248,251),(72,1760,1,3,60,0,250,250),(72,1761,1,135,60,0,250,250),(72,1762,1,3,67,0,250,250),(72,1764,0,67,50,1,250,250),(72,1765,1,3,50,0,250,253),(72,1766,1,135,50,0,250,251),(72,1767,0,3,31,1,250,250),(72,1768,1,3,47,0,250,251),(72,1769,0,31,47,1,250,250),(72,1770,2,67,47,1,250,250),(72,1771,0,135,31,1,250,250),(72,1772,1,135,47,0,250,250),(72,1773,2,135,214,1,250,250),(72,1774,1,135,67,0,250,250),(72,1775,0,214,67,1,250,250),(72,1776,0,67,50,1,250,250),(72,1777,1,214,50,0,250,250),(72,1778,1,3,214,0,250,250),(72,1779,1,3,67,0,250,250),(72,1780,0,214,15,1,250,250),(72,1781,0,3,15,1,250,251),(72,1782,1,135,15,1,250,251),(72,1783,2,15,66,1,250,251),(72,1784,1,135,66,0,250,250),(72,1785,1,3,66,0,250,251),(72,1786,0,15,49,1,250,250),(72,1787,1,66,49,0,250,250),(72,1788,1,135,49,0,250,250),(72,1789,1,3,49,0,250,250),(72,1790,0,15,45,0,250,250),(72,1791,0,66,45,0,250,250),(72,1792,1,3,45,0,250,250),(72,1793,1,135,45,0,250,250),(72,1794,0,45,49,1,250,250),(72,1795,0,15,47,1,251,251),(72,1796,0,15,48,1,251,251),(72,1797,0,15,46,1,251,253),(72,1798,1,3,46,0,251,253),(72,1799,1,3,48,0,251,251),(72,1800,1,3,157,0,251,251),(72,1801,0,15,50,1,251,253),(72,1802,0,48,50,1,251,251),(72,1803,0,46,50,1,251,253),(72,1804,0,47,50,1,250,251),(72,1805,1,135,157,0,251,251),(72,1806,0,157,50,1,251,251),(72,1807,1,135,46,0,251,251),(72,1808,0,3,17,1,252,252),(72,1809,2,15,3,1,252,254),(72,1812,0,3,16,1,252,252),(72,1813,0,3,5,1,253,253),(72,1814,1,3,51,0,253,253),(72,1815,1,3,117,0,253,253),(72,1816,0,51,117,1,253,253),(25,1817,2,3,15,1,255,265),(25,1818,1,3,166,0,255,255),(25,1819,1,3,188,0,255,255),(25,1820,0,3,4,1,255,255),(25,1821,0,3,61,1,256,256),(25,1822,2,15,61,1,256,256),(25,1823,0,15,34,1,256,256),(25,1824,0,3,34,1,256,256),(25,1825,2,16,3,1,256,256),(25,1826,2,16,15,1,256,256),(25,1827,0,16,18,1,256,257),(25,1828,0,3,18,1,256,257),(25,1829,0,3,103,1,257,257),(25,1830,0,103,15,1,257,257),(25,1831,0,103,16,1,257,257),(25,1832,0,103,18,1,257,257),(25,1833,0,3,103,1,257,257),(25,1834,0,3,16,1,257,257),(25,1835,1,3,216,0,257,257),(25,1836,0,18,216,1,257,257),(25,1837,2,3,217,1,257,258),(25,1838,2,15,217,1,257,259),(25,1839,0,15,18,1,257,257),(25,1840,0,15,16,1,257,257),(25,1841,0,3,218,1,258,258),(25,1842,2,218,15,1,258,258),(25,1843,0,3,217,1,259,259),(25,1844,2,3,18,1,259,260),(25,1845,2,3,16,1,259,260),(25,1846,2,18,15,1,259,261),(25,1847,2,16,15,1,259,261),(25,1848,2,16,18,1,259,260),(25,1849,0,3,219,1,260,260),(25,1850,1,219,15,0,260,260),(25,1851,2,18,219,1,260,260),(25,1852,2,220,15,1,260,260),(25,1853,0,3,220,1,260,260),(25,1854,0,15,27,1,260,260),(25,1855,0,3,27,1,260,260),(25,1856,2,3,103,1,260,261),(25,1857,2,103,16,1,260,261),(25,1858,2,103,18,1,260,261),(25,1859,0,103,15,1,260,261),(25,1860,2,103,219,1,260,260),(25,1861,2,3,31,1,261,264),(25,1862,0,3,17,1,262,262),(25,1863,0,31,17,1,262,262),(25,1864,0,15,27,1,263,265),(25,1865,2,3,27,1,263,264),(25,1866,1,31,27,1,263,263),(25,1867,2,3,16,1,263,263),(25,1868,1,3,142,0,263,263),(25,1869,2,18,3,1,263,266),(25,1870,2,16,18,1,263,263),(25,1871,2,15,31,1,263,263),(25,1872,0,18,27,1,263,263),(25,1873,0,16,27,1,263,263),(25,1874,2,3,221,1,264,264),(25,1875,1,3,222,0,264,264),(25,1876,0,15,103,1,265,265),(25,1877,0,3,103,1,265,265),(25,1878,1,3,94,0,265,265),(25,1879,1,3,223,0,265,265),(25,1880,2,15,16,1,265,265),(25,1881,0,16,3,1,265,265),(25,1882,2,18,15,1,265,265),(25,1884,0,18,17,1,265,266),(25,1885,0,18,16,1,265,266),(25,1886,0,3,17,1,265,266),(25,1887,0,3,221,1,265,265),(25,1888,0,18,27,1,266,266),(25,1889,0,3,27,1,266,266),(25,1890,2,16,3,1,266,266),(25,1891,2,16,17,1,266,266),(25,1892,1,3,222,0,266,266),(26,1893,2,19,4,1,267,268),(26,1894,0,3,19,1,267,268),(26,1895,0,3,4,1,267,268),(26,1896,2,3,16,1,267,267),(26,1897,0,3,61,1,267,267),(26,1898,0,4,61,1,267,267),(26,1899,2,4,103,1,267,267),(26,1900,0,3,103,1,267,267),(26,1901,1,3,224,0,267,267),(26,1902,2,4,224,1,267,267),(26,1903,2,19,224,1,267,267),(26,1904,1,3,225,0,268,268),(26,1905,0,4,225,1,268,268),(26,1906,2,31,3,1,268,268),(26,1907,2,31,226,1,268,268),(26,1908,0,3,226,1,267,268),(29,1910,1,6,228,0,295,295),(29,1911,1,6,165,0,295,295),(29,1912,1,6,23,0,295,295),(29,1913,0,165,23,1,295,295),(29,1914,1,6,229,0,295,295),(29,1915,1,6,230,0,295,295),(29,1916,1,6,231,0,295,295),(29,1917,1,6,232,0,295,295),(29,1918,1,6,233,0,295,295),(29,1919,1,6,234,0,296,296),(29,1920,1,6,235,0,296,296),(29,1921,2,234,234,1,296,296),(29,1922,0,234,235,1,296,296),(29,1923,0,6,27,1,296,296),(29,1924,0,27,237,1,296,296),(29,1925,1,6,237,0,296,297),(29,1926,0,237,238,1,296,296),(29,1927,1,6,238,0,296,297),(29,1928,1,6,239,0,296,297),(29,1929,2,237,238,1,297,297),(29,1930,1,6,240,0,297,297),(29,1931,1,6,241,0,297,297),(29,1932,1,6,242,0,297,297),(29,1933,1,6,243,0,297,297),(29,1935,1,6,245,0,297,297),(29,1936,1,238,240,0,297,297),(29,1937,1,238,241,0,297,297),(29,1938,1,238,242,0,297,297),(29,1939,1,238,243,0,297,297),(29,1940,1,238,245,0,297,297),(29,1941,1,6,244,0,297,297),(29,1942,1,238,244,0,297,297),(29,1943,1,237,245,0,297,297),(29,1944,0,6,45,1,297,298),(29,1945,0,6,49,1,297,298),(29,1946,0,45,49,1,297,298),(29,1947,1,6,50,1,297,297),(29,1948,0,49,50,1,297,297),(29,1949,1,6,157,0,297,297),(29,1950,0,6,15,1,297,297),(29,1951,0,6,124,1,297,297),(29,1952,0,6,47,1,297,297),(29,1953,0,6,46,1,297,297),(29,1954,1,6,152,0,297,298),(29,1955,0,152,246,1,297,297),(29,1956,0,6,246,1,297,297),(29,1957,1,6,29,0,297,304),(29,1958,2,29,163,1,297,297),(29,1959,1,6,163,0,297,299),(29,1960,1,152,49,1,297,298),(29,1961,0,152,124,1,298,298),(29,1962,0,151,152,1,298,298),(29,1963,0,151,65,1,298,298),(29,1964,0,249,151,1,298,298),(29,1965,0,249,152,1,298,298),(29,1966,1,6,249,0,298,298),(29,1967,0,6,151,1,298,298),(29,1968,0,6,65,1,298,298),(29,1969,0,6,251,1,298,298),(29,1970,0,6,250,1,298,298),(29,1971,0,6,4,1,298,298),(29,1972,0,252,6,1,299,299),(29,1973,0,6,253,1,299,299),(29,1974,0,253,254,1,299,299),(29,1975,1,6,254,0,299,299),(29,1976,0,163,27,1,299,299),(29,1977,2,6,27,1,299,306),(29,1978,0,27,26,1,299,299),(29,1979,0,27,128,1,299,299),(29,1980,0,27,129,1,299,299),(29,1981,0,27,51,1,299,299),(29,1982,1,6,26,0,299,299),(29,1983,1,6,128,0,299,299),(29,1984,1,6,129,0,299,299),(29,1985,1,6,51,0,299,299),(29,1986,0,27,29,1,299,304),(29,1987,0,163,29,1,298,299),(29,1988,0,27,18,1,300,301),(29,1989,1,6,18,0,300,301),(29,1990,1,27,255,0,300,300),(29,1991,1,6,255,0,300,300),(29,1992,1,6,60,0,301,301),(29,1993,2,27,228,1,301,301),(29,1994,2,6,228,1,301,301),(29,1995,1,29,256,0,301,301),(29,1996,1,27,256,0,301,301),(29,1997,1,6,256,0,301,301),(29,1998,2,6,165,1,302,302),(29,1999,0,29,163,1,302,302),(29,2000,0,27,163,1,302,302),(29,2001,1,6,163,0,302,304),(29,2002,2,29,257,1,302,303),(29,2003,1,27,257,0,302,303),(29,2004,1,6,257,0,302,303),(29,2005,1,27,258,0,302,302),(29,2006,1,6,258,0,302,302),(29,2007,1,6,92,0,302,302),(29,2008,0,92,41,1,302,302),(29,2009,1,6,41,0,302,302),(29,2010,2,27,18,1,303,303),(29,2011,1,6,18,0,303,303),(29,2012,2,163,18,1,303,303),(29,2013,2,163,27,1,303,303),(29,2014,2,29,261,1,303,304),(29,2015,1,27,261,0,303,304),(29,2016,1,6,261,0,303,304),(29,2017,1,29,262,0,303,303),(29,2018,1,27,262,0,303,303),(29,2019,1,6,262,0,303,303),(29,2020,1,27,263,0,303,303),(29,2021,1,6,263,0,303,303),(29,2022,0,264,265,1,303,303),(29,2023,1,27,264,0,304,304),(29,2024,1,27,265,0,304,304),(29,2025,1,6,264,0,303,304),(29,2026,1,6,265,0,303,304),(29,2027,1,29,264,0,304,304),(29,2028,1,29,265,0,304,304),(29,2029,2,29,267,1,304,304),(29,2030,1,27,267,0,304,304),(29,2031,1,6,267,0,304,304),(29,2032,1,27,256,0,304,304),(29,2033,1,6,256,0,304,304),(29,2034,0,27,163,1,304,304),(29,2035,0,261,268,1,304,304),(29,2036,1,29,268,0,304,304),(29,2037,1,27,268,0,304,304),(29,2038,1,6,268,0,304,304),(29,2039,0,27,128,1,305,305),(29,2040,0,27,269,1,305,305),(29,2041,0,128,269,1,305,305),(29,2042,0,27,270,1,305,305),(29,2043,0,128,270,1,305,305),(29,2044,0,269,270,1,305,305),(29,2045,1,6,269,0,305,305),(29,2046,1,6,128,0,305,305),(29,2047,1,6,270,0,305,305),(29,2048,2,27,51,1,305,305),(29,2049,1,6,51,0,305,305),(29,2050,0,51,117,1,305,305),(29,2051,1,6,117,0,305,305),(29,2052,0,27,18,1,306,306),(29,2053,1,6,18,0,306,306),(29,2054,0,27,29,1,306,306),(29,2055,1,6,29,0,306,306),(29,2056,1,27,222,0,306,306),(29,2057,1,6,222,0,306,306),(29,2058,2,29,271,1,306,306),(29,2059,1,6,271,0,306,306),(29,2060,1,27,271,0,306,306),(29,2061,0,6,45,1,307,308),(29,2062,0,6,49,1,307,308),(29,2063,0,6,272,1,307,307),(29,2064,1,272,49,0,307,307),(29,2065,0,272,45,0,307,307),(29,2066,0,6,65,1,307,307),(29,2067,2,6,151,1,307,307),(29,2068,0,65,151,1,307,307),(29,2069,2,6,47,1,307,307),(29,2070,1,6,50,0,307,308),(29,2071,0,47,50,1,307,308),(29,2072,1,6,15,0,307,308),(29,2073,1,6,46,0,307,308),(29,2074,1,6,48,0,307,308),(29,2075,0,15,50,1,307,308),(29,2076,0,46,50,1,307,308),(29,2077,0,48,50,1,307,308),(29,2078,1,27,50,1,307,307),(29,2079,1,6,152,0,307,308),(29,2080,2,8,6,1,307,307),(29,2081,2,8,151,1,307,307),(29,2082,1,15,49,0,307,307),(29,2083,1,46,49,0,307,307),(29,2084,1,47,49,0,307,307),(29,2085,1,48,49,0,307,307),(29,2086,1,27,49,0,307,307),(29,2087,1,151,49,0,307,307),(29,2088,1,6,47,0,308,308),(29,2089,1,152,49,0,308,308),(29,2090,0,152,45,1,308,308),(29,2091,2,6,8,1,309,311),(29,2092,2,6,5,1,309,309),(29,2093,2,6,53,1,309,309),(29,2094,2,6,52,1,309,309),(29,2095,2,6,273,1,310,310),(29,2096,2,6,274,1,310,310),(29,2097,2,8,31,1,310,310),(29,2098,1,274,31,0,310,310),(29,2099,1,6,31,0,310,310),(29,2100,0,6,27,1,310,311),(29,2101,0,6,45,1,311,311),(29,2102,2,8,45,1,311,311),(29,2103,0,8,49,1,311,311),(15,2104,2,4,19,1,89,94),(15,2105,1,4,275,0,89,89),(15,2106,0,19,275,1,89,89),(15,2107,2,4,276,1,90,90),(15,2108,0,276,19,1,90,90),(15,2109,1,276,61,0,90,90),(15,2110,0,19,61,1,90,90),(15,2111,0,4,61,1,90,90),(15,2112,0,4,277,1,91,91),(15,2113,1,4,47,0,91,91),(15,2114,1,4,7,0,91,91),(15,2115,1,4,278,0,91,91),(15,2116,1,4,279,0,91,91),(15,2117,0,47,7,1,91,91),(15,2118,0,47,278,1,91,91),(15,2119,0,7,278,1,91,91),(15,2120,0,7,279,1,91,91),(15,2121,0,278,279,1,91,91),(15,2122,1,19,47,0,91,91),(15,2123,1,19,7,0,91,91),(15,2124,1,19,278,0,91,91),(15,2125,1,19,279,0,91,91),(15,2126,1,4,280,0,92,92),(15,2127,0,4,281,1,92,92),(15,2128,1,4,49,0,92,92),(15,2129,1,4,50,0,92,92),(15,2130,0,4,15,1,92,92),(15,2131,1,4,66,0,92,92),(15,2132,0,19,16,1,92,92),(15,2133,0,4,277,1,93,93),(15,2134,0,19,18,1,93,93),(15,2135,0,19,275,1,93,94),(15,2136,1,4,275,0,93,94),(15,2137,1,4,279,0,94,94),(15,2138,0,4,282,0,95,95),(16,2139,0,279,283,1,96,96),(16,2140,0,279,176,0,96,96),(16,2141,1,283,176,0,96,96),(16,2142,1,279,284,0,96,96),(16,2143,1,283,284,0,96,96),(16,2144,0,279,285,1,96,96),(16,2145,0,279,286,1,96,96),(16,2146,0,279,287,0,96,96),(16,2147,1,279,288,0,96,96),(16,2148,0,286,287,1,96,96),(16,2149,0,287,288,1,96,96),(16,2150,2,279,285,1,97,97),(16,2151,2,279,289,1,97,97),(16,2152,0,289,290,1,97,97),(16,2153,0,289,291,1,97,97),(16,2154,0,290,291,1,97,97),(16,2155,0,289,7,1,97,97),(16,2156,0,289,278,1,97,97),(16,2157,0,7,278,1,97,98),(16,2158,0,289,67,1,97,97),(16,2159,0,289,292,1,97,97),(16,2160,0,289,293,1,97,97),(16,2161,0,289,294,1,97,97),(16,2162,0,67,292,1,97,97),(16,2163,0,67,293,1,97,97),(16,2164,0,67,294,1,97,97),(16,2165,0,292,293,1,97,97),(16,2166,0,292,294,1,97,97),(16,2167,0,293,294,1,97,97),(16,2168,2,279,295,1,98,98),(16,2169,2,279,285,1,98,98),(16,2170,1,279,7,0,98,98),(16,2171,1,279,278,0,98,98),(16,2172,1,285,7,0,98,98),(16,2173,1,285,278,0,98,98),(16,2174,0,279,286,1,98,98),(48,2175,0,279,289,1,99,99),(48,2176,1,279,291,0,99,99),(48,2177,0,289,291,1,99,99),(48,2178,0,279,296,1,99,99),(48,2179,0,279,297,1,99,99),(48,2180,0,296,297,1,99,99),(48,2181,0,279,67,1,99,99),(48,2182,0,67,296,1,99,99),(48,2183,0,67,297,1,99,99),(48,2184,0,279,278,1,99,99),(48,2185,0,279,7,1,99,99),(48,2186,0,278,7,1,99,99),(48,2187,0,279,298,1,99,99),(48,2188,2,298,291,1,99,99),(48,2189,0,279,285,1,99,100),(49,2190,0,279,176,0,100,100),(49,2191,0,279,289,1,100,101),(49,2192,0,279,298,1,100,101),(49,2193,0,279,7,1,100,100),(49,2194,0,279,278,1,100,101),(49,2195,0,279,67,1,100,101),(49,2196,0,279,292,1,100,101),(49,2197,0,279,293,1,100,101),(49,2198,0,279,294,1,100,101),(49,2199,0,289,298,1,100,101),(49,2200,0,289,7,1,100,100),(49,2201,0,289,278,1,100,101),(49,2202,0,289,67,1,100,101),(49,2203,0,289,292,1,100,101),(49,2204,0,289,293,1,100,101),(49,2205,0,289,294,1,100,101),(49,2206,0,298,7,1,100,100),(49,2207,0,298,278,1,100,101),(49,2208,0,298,67,1,100,101),(49,2209,0,298,292,1,100,101),(49,2210,0,298,293,1,100,101),(49,2211,0,298,294,1,100,101),(49,2212,0,7,278,1,100,100),(49,2213,0,7,67,1,100,100),(49,2214,0,7,292,1,100,100),(49,2215,0,7,293,1,100,100),(49,2216,0,7,294,1,100,100),(49,2217,0,278,67,1,100,101),(49,2218,0,278,292,1,100,101),(49,2219,0,278,293,1,100,101),(49,2220,0,278,294,1,100,101),(49,2221,0,67,292,1,100,101),(49,2222,0,67,293,1,100,101),(49,2223,0,67,294,1,100,101),(49,2224,0,292,293,1,100,101),(49,2225,0,292,294,1,100,101),(49,2226,0,293,294,1,100,101),(49,2227,2,7,279,1,101,101),(49,2228,2,7,289,1,101,101),(49,2229,0,7,298,1,101,101),(49,2230,2,7,278,1,101,101),(49,2231,2,7,67,1,101,101),(49,2232,2,7,292,1,101,101),(49,2233,2,7,293,1,101,101),(49,2234,2,7,294,1,101,101),(17,2235,2,299,4,0,114,114),(17,2236,0,4,225,1,114,114),(17,2237,0,4,300,1,114,114),(17,2238,0,225,300,1,114,114),(17,2239,0,4,281,1,114,114),(17,2240,0,4,279,0,114,115),(17,2241,0,281,279,1,114,114),(17,2242,0,279,67,1,114,114),(17,2243,1,4,289,0,114,114),(17,2244,1,4,298,0,114,114),(17,2245,0,67,50,1,114,114),(17,2246,0,67,47,1,114,114),(17,2247,0,47,50,1,114,114),(17,2248,0,47,7,1,114,114),(17,2249,0,47,278,1,114,114),(17,2250,0,7,278,1,114,114),(17,2251,0,7,67,1,114,114),(17,2252,0,278,67,1,114,114),(17,2253,0,279,50,1,115,115),(17,2254,0,4,281,1,115,115),(17,2255,0,281,225,1,115,115),(17,2256,0,279,301,1,115,115),(17,2257,0,4,6,1,115,115),(17,2258,0,26,31,1,115,116),(17,2259,1,26,66,0,115,115),(17,2260,0,66,34,1,115,115),(17,2261,0,92,34,1,115,115),(17,2262,0,15,34,1,115,115),(17,2263,0,4,19,1,116,116),(17,2264,0,4,3,1,116,116),(17,2265,0,19,3,1,116,116),(17,2266,0,3,15,1,116,116),(17,2267,0,31,51,1,116,116),(17,2268,0,31,28,1,116,116),(17,2269,0,51,28,1,116,116),(17,2270,0,26,27,1,116,116),(17,2271,0,4,225,1,116,116),(17,2272,0,4,299,0,117,117),(17,2273,0,4,303,0,117,117),(17,2274,0,303,60,1,117,117),(18,2275,2,26,51,1,118,124),(18,2276,0,26,28,1,118,123),(18,2277,0,51,28,1,118,118),(18,2278,0,26,304,1,118,118),(18,2279,0,92,305,1,118,118),(18,2280,2,26,27,1,118,119),(18,2281,1,26,278,0,119,119),(18,2282,0,51,278,0,119,119),(18,2283,1,26,94,0,119,119),(18,2284,0,278,94,1,119,119),(18,2285,0,26,31,0,120,120),(18,2286,0,28,31,0,120,120),(18,2287,0,51,27,1,121,121),(18,2288,0,51,28,1,121,123),(18,2289,0,26,27,1,122,124),(18,2290,0,51,81,1,122,122),(18,2291,0,28,80,1,122,122),(18,2292,0,51,306,1,122,122),(18,2293,0,28,306,1,122,122),(18,2294,1,51,307,0,123,123),(18,2295,0,28,307,1,123,123),(18,2296,0,51,306,1,124,124),(18,2297,0,81,306,1,124,124),(18,2298,0,51,308,1,124,124),(18,2299,0,28,308,1,124,124),(55,2300,2,51,26,1,124,125),(55,2301,2,51,27,1,124,125),(55,2302,2,26,27,1,124,127),(55,2303,0,26,28,1,125,126),(55,2304,0,26,51,1,126,126),(55,2305,0,26,27,1,126,126),(55,2306,0,51,27,1,126,126),(56,2307,0,27,309,1,126,126),(56,2308,0,51,27,1,126,126),(56,2309,2,27,310,1,126,126),(56,2310,2,26,27,1,126,126),(56,2311,0,26,51,1,126,126),(56,2312,2,26,311,1,127,127),(56,2313,2,27,311,1,127,127),(56,2314,2,26,51,1,127,127),(56,2315,0,26,28,1,127,127),(57,2316,2,26,163,1,127,129),(57,2317,0,26,27,1,127,129),(57,2318,0,163,27,1,128,129),(57,2319,0,26,31,0,128,128),(57,2320,0,26,51,1,128,128),(56,2321,0,26,28,1,128,128),(57,2322,0,51,28,1,128,128),(57,2323,1,28,27,0,128,128),(58,2324,2,26,27,1,129,130),(58,2325,0,27,51,1,129,129),(58,2326,1,27,312,0,129,129),(58,2327,2,26,51,1,129,129),(58,2328,0,26,28,1,129,130),(58,2329,2,51,28,1,129,129),(59,2330,0,26,28,1,130,131),(59,2331,0,26,31,1,130,131),(59,2332,0,28,31,1,130,131),(59,2333,0,26,51,1,130,130),(59,2334,0,26,57,0,130,130),(59,2335,0,26,27,1,130,131),(59,2336,0,27,51,1,130,130),(60,2337,0,26,27,1,131,131),(60,2338,2,26,28,1,131,132),(60,2339,0,28,51,1,131,131),(60,2340,0,28,31,1,131,132),(60,2341,1,28,313,0,131,131),(60,2342,0,51,313,1,131,131),(60,2343,1,28,66,0,131,131),(60,2344,0,26,66,0,131,131),(60,2345,0,26,51,1,131,131),(60,2346,0,302,31,1,131,132),(61,2347,2,26,27,1,132,134),(61,2348,0,26,163,1,133,133),(61,2349,2,27,163,1,133,133),(61,2350,0,26,28,1,133,133),(61,2351,0,26,51,1,133,133),(61,2352,0,27,51,1,133,133),(61,2353,0,27,309,1,133,133),(61,2354,2,27,310,1,134,134),(62,2355,2,4,26,1,134,134),(62,2356,2,26,27,1,134,134),(62,2357,0,4,27,1,134,134),(62,2358,2,26,51,1,134,134),(23,2359,0,61,19,1,195,197),(23,2360,0,61,16,1,196,196),(23,2361,2,61,3,1,196,196),(23,2362,0,16,3,1,196,196),(23,2363,0,4,31,1,197,197),(23,2364,0,4,28,1,198,198),(23,2365,0,28,31,1,198,198),(23,2366,0,31,314,1,198,198),(23,2367,1,4,315,0,198,198),(23,2368,2,4,31,1,198,198),(23,2369,2,4,61,1,199,200),(23,2370,0,61,16,1,199,199),(23,2371,0,61,315,1,199,199),(23,2372,0,16,315,1,199,199),(23,2373,0,4,31,1,199,199),(23,2374,2,19,4,1,199,200),(23,2375,2,19,61,1,199,200),(63,2376,0,95,101,1,200,200),(63,2377,0,96,95,1,200,204),(63,2378,0,95,15,1,201,202),(63,2379,0,95,61,1,201,204),(63,2380,0,95,9,1,201,201),(63,2381,0,61,96,1,201,202),(63,2382,0,61,101,0,201,201),(63,2383,0,9,15,1,201,201),(63,2384,0,96,15,1,202,202),(63,2385,2,61,96,0,204,204),(63,2386,2,61,318,1,204,204),(63,2387,2,61,96,1,205,205),(63,2388,2,61,95,1,205,205),(63,2389,2,96,95,1,205,205),(63,2390,2,61,4,1,205,206),(64,2391,0,31,28,1,207,207),(64,2392,0,31,26,1,207,207),(64,2393,0,28,26,1,207,207),(64,2394,0,31,61,1,207,207),(64,2395,0,31,319,0,207,207),(64,2396,2,31,320,1,208,208),(64,2397,2,31,321,1,208,208),(64,2398,2,31,31,1,208,208),(64,2399,0,31,322,0,208,208),(64,2400,0,31,323,1,208,208),(64,2401,0,322,323,1,208,208),(64,2402,2,31,324,1,208,209),(65,2403,0,4,31,1,209,209),(65,2404,0,4,7,0,209,209),(65,2405,0,4,278,0,209,209),(65,2406,0,7,278,1,209,209),(65,2407,0,31,7,0,209,209),(65,2408,0,31,278,0,209,209),(65,2409,0,4,279,0,209,209),(65,2410,0,7,279,1,209,209),(65,2411,0,278,279,1,209,209),(65,2412,2,4,61,1,209,209),(65,2413,2,61,31,1,209,209),(65,2414,0,61,31,1,210,210),(65,2415,0,61,19,1,210,210),(65,2416,0,31,19,1,210,210),(65,2417,2,4,19,1,210,210),(65,2418,2,4,61,1,210,210),(65,2419,0,31,325,1,210,210),(65,2420,2,19,325,1,210,210),(65,2421,1,4,326,0,210,210),(65,2422,2,4,327,1,210,210),(65,2423,0,16,20,1,211,212),(65,2424,0,18,20,1,211,211),(65,2425,0,61,15,1,211,211),(65,2426,0,15,3,1,211,212),(65,2427,0,15,17,1,211,212),(65,2428,0,3,17,1,211,212),(65,2429,0,103,15,1,211,213),(65,2430,2,19,4,1,211,211),(65,2431,0,19,103,1,211,212),(65,2432,0,103,136,1,211,211),(65,2433,1,103,94,0,211,211),(65,2434,0,15,94,0,211,211),(65,2435,0,15,61,1,211,211),(65,2436,2,103,4,1,211,212),(65,2437,2,103,19,1,211,211),(65,2438,2,103,327,1,212,212),(65,2439,0,103,16,1,212,212),(65,2440,0,15,19,1,212,212),(65,2441,0,15,16,1,212,212),(65,2442,0,15,34,1,212,212),(65,2443,0,103,34,1,212,212),(65,2444,0,103,17,1,212,212),(65,2445,0,103,3,1,212,212),(65,2446,0,3,16,1,212,212),(65,2447,0,17,16,1,212,212),(65,2448,0,103,60,1,212,212),(65,2449,0,103,57,1,212,212),(65,2450,0,60,57,1,212,212),(65,2451,0,20,15,1,212,212),(65,2452,0,16,61,1,212,212),(65,2453,0,16,19,1,212,212),(65,2454,0,19,61,1,212,212),(65,2455,0,19,31,1,212,212),(65,2456,0,31,61,1,212,213),(65,2457,0,4,327,1,213,213),(66,2458,0,7,278,1,214,214),(66,2459,1,7,328,0,214,214),(66,2460,0,7,329,1,214,214),(66,2461,0,329,328,0,214,214),(66,2462,0,329,330,1,214,214),(66,2463,0,7,330,1,214,214),(66,2464,0,278,330,1,214,214),(66,2465,0,7,331,1,215,215),(66,2466,0,7,332,1,215,215),(66,2467,0,278,332,1,215,215),(66,2468,2,7,278,1,215,215),(66,2469,0,7,333,1,215,216),(66,2470,0,278,333,1,215,216),(66,2471,2,7,278,0,216,216),(66,2472,0,4,279,0,216,216),(66,2473,0,4,7,0,216,216),(66,2474,0,4,278,0,216,216),(66,2475,0,279,7,1,216,216),(66,2476,0,279,278,1,216,216),(66,2477,0,4,61,1,216,216),(66,2478,0,4,31,1,216,217),(66,2479,0,61,31,1,216,216),(66,2480,2,4,19,1,216,217),(66,2481,0,19,31,1,217,217),(27,2482,0,4,19,1,271,271),(27,2483,0,4,16,1,271,271),(27,2484,2,4,3,1,271,272),(27,2485,2,4,19,1,272,272),(27,2486,0,4,16,1,273,273),(27,2487,0,4,19,1,273,273),(27,2488,0,4,225,1,273,273),(27,2489,0,4,6,1,273,273),(28,2490,0,4,6,1,274,274),(28,2491,2,4,225,1,274,274),(28,2492,2,4,334,1,275,276),(28,2493,0,4,279,0,275,275),(28,2494,0,4,301,0,275,275),(28,2495,0,279,301,1,275,275),(28,2496,0,4,281,1,275,275),(28,2497,0,4,225,1,275,275),(28,2498,1,4,335,0,275,275),(28,2499,1,281,335,0,275,275),(28,2500,1,281,60,0,275,275),(28,2501,1,334,279,0,275,275),(28,2502,0,4,6,1,276,278),(28,2503,0,4,336,1,276,277),(28,2504,0,4,337,1,276,276),(28,2505,0,336,337,1,276,276),(28,2506,0,4,334,1,277,277),(28,2507,0,4,225,1,277,277),(28,2508,0,4,281,1,277,277),(28,2509,0,225,281,1,277,277),(28,2510,2,4,225,1,278,280),(28,2511,0,225,6,1,278,279),(28,2512,0,6,338,1,279,279),(28,2513,2,4,6,1,279,283),(28,2514,0,4,339,1,279,283),(28,2515,0,6,339,1,279,283),(28,2516,0,339,340,1,280,281),(28,2518,0,281,279,1,280,280),(28,2519,0,4,341,0,280,281),(28,2520,0,4,176,0,280,281),(28,2521,0,4,342,0,280,281),(28,2522,0,4,343,0,280,281),(28,2523,0,6,338,1,281,281),(28,2524,0,6,250,1,281,281),(28,2525,0,4,6,1,284,284),(28,2526,2,4,225,1,284,285),(28,2527,2,4,344,1,284,286),(28,2528,0,4,281,1,284,284),(28,2529,0,281,225,1,284,284),(28,2530,0,225,345,1,285,285),(28,2531,0,225,346,1,285,285),(28,2532,0,344,339,1,285,285),(28,2533,1,4,347,0,285,285),(28,2534,0,4,6,1,286,286),(28,2535,0,4,339,1,286,286),(28,2536,0,281,225,1,286,286),(28,2537,0,339,348,1,286,286),(28,2538,2,4,338,1,287,287),(28,2539,0,6,338,1,287,287),(28,2540,2,4,6,1,287,290),(28,2541,0,6,339,1,287,287),(28,2542,2,6,339,1,288,288),(28,2543,0,339,348,1,288,288),(28,2544,0,6,339,1,289,289),(28,2545,0,4,19,1,289,289),(28,2546,2,4,225,1,289,289),(28,2547,2,19,225,1,289,289),(28,2548,0,4,339,1,290,290),(28,2549,0,4,225,1,290,290),(28,2550,2,4,19,1,291,292),(28,2551,0,19,6,1,291,292),(49,2552,0,279,289,1,102,104),(49,2553,0,279,298,1,102,103),(49,2554,2,279,7,1,102,103),(49,2555,2,279,278,1,102,103),(49,2556,2,279,67,1,102,103),(49,2557,2,279,292,1,102,103),(49,2558,2,279,293,1,102,103),(49,2559,2,279,294,1,102,103),(49,2560,0,289,298,1,102,104),(49,2561,0,289,7,1,102,102),(49,2562,2,289,278,1,102,103),(49,2563,2,289,67,1,102,103),(49,2564,2,289,292,1,102,103),(49,2565,2,289,293,1,102,103),(49,2566,2,289,294,1,102,103),(49,2567,0,298,7,1,102,102),(49,2568,2,298,278,1,102,103),(49,2569,2,298,67,1,102,103),(49,2570,2,298,292,1,102,103),(49,2571,2,298,293,1,102,103),(49,2572,2,298,294,1,102,103),(49,2573,2,7,278,1,102,104),(49,2574,2,7,67,1,102,103),(49,2575,2,7,292,1,102,103),(49,2576,2,7,293,1,102,103),(49,2577,2,7,294,1,102,103),(49,2578,2,278,67,1,102,103),(49,2579,2,278,292,1,102,103),(49,2580,2,278,293,1,102,103),(49,2581,2,278,294,1,102,103),(49,2582,2,67,292,1,102,103),(49,2583,2,67,293,1,102,103),(49,2584,2,67,294,1,102,103),(49,2585,2,292,293,1,102,103),(49,2586,2,292,294,1,102,103),(49,2587,2,293,294,1,102,103),(49,2588,2,279,279,1,103,103),(49,2589,0,279,285,1,103,104),(49,2590,2,289,7,1,103,103),(49,2591,2,298,7,1,103,104),(49,2592,0,7,349,1,103,104),(49,2593,0,278,349,1,104,104),(49,2594,0,298,349,1,104,104),(49,2595,1,279,349,1,104,104),(49,2596,1,298,350,1,104,104),(49,2597,1,279,350,1,105,105),(49,2598,0,349,350,1,105,105),(49,2599,2,279,298,1,104,104),(49,2600,0,279,7,1,104,104),(49,2601,0,279,278,1,104,104),(49,2602,0,279,67,1,105,105),(49,2603,0,279,292,1,104,104),(49,2604,0,279,293,1,104,104),(49,2605,0,279,294,1,104,104),(49,2606,0,289,7,1,104,104),(49,2607,0,289,278,1,104,104),(49,2608,0,289,67,1,104,104),(49,2609,0,289,292,1,104,104),(49,2610,0,289,293,1,104,104),(49,2611,0,289,294,1,104,104),(49,2612,0,298,67,1,104,104),(49,2613,0,298,292,1,104,104),(49,2614,0,298,293,1,104,104),(49,2615,0,298,294,1,104,104),(49,2616,0,7,67,1,104,104),(49,2617,0,7,292,1,104,104),(49,2618,0,7,293,1,104,104),(49,2619,0,7,294,1,104,104),(49,2620,0,278,67,1,104,104),(49,2621,0,278,292,1,104,104),(49,2622,0,278,293,1,104,104),(49,2623,0,278,294,1,104,104),(49,2624,0,67,292,1,104,104),(49,2625,0,67,293,1,104,104),(49,2626,0,67,294,1,104,104),(49,2627,0,292,293,1,104,104),(49,2628,0,292,294,1,104,104),(49,2629,0,293,294,1,104,104),(50,2630,0,298,291,1,104,104),(50,2631,0,279,289,1,104,105),(50,2632,2,279,298,1,104,104),(50,2633,0,279,7,1,104,104),(50,2634,0,279,278,1,104,104),(50,2635,0,279,67,1,104,105),(50,2636,0,279,292,1,104,105),(50,2637,0,279,293,1,104,105),(50,2638,0,279,294,1,104,105),(50,2639,2,289,298,1,104,104),(50,2640,0,289,7,1,104,104),(50,2641,0,289,278,1,104,105),(50,2642,0,289,67,1,104,105),(50,2643,0,289,292,1,104,105),(50,2644,0,289,293,1,104,105),(50,2645,0,289,294,1,104,105),(50,2646,2,298,7,1,104,106),(50,2647,2,298,278,1,104,104),(50,2648,2,298,67,1,104,104),(50,2649,0,298,292,1,104,104),(50,2650,2,298,293,1,104,104),(50,2651,2,298,294,1,104,104),(50,2652,0,7,278,1,104,104),(50,2653,0,7,67,1,104,104),(50,2654,0,7,292,1,104,104),(50,2655,0,7,293,1,104,104),(50,2656,0,7,294,1,104,104),(50,2657,0,278,67,1,104,105),(50,2658,0,278,292,1,104,105),(50,2659,0,278,293,1,104,105),(50,2660,0,278,294,1,104,105),(50,2661,0,67,292,1,104,105),(50,2662,0,67,292,1,104,105),(50,2663,0,67,294,1,104,105),(50,2664,0,292,293,1,104,105),(50,2665,0,292,294,1,104,105),(50,2666,0,293,294,1,104,105),(50,2667,0,279,298,1,105,105),(50,2668,2,279,7,1,105,106),(50,2669,2,279,278,1,105,106),(50,2670,0,289,298,1,105,105),(50,2671,2,289,7,1,105,106),(50,2672,0,298,278,1,105,105),(50,2673,0,298,67,1,105,105),(50,2674,0,298,292,1,105,105),(50,2675,0,298,293,1,105,105),(50,2676,0,298,294,1,105,105),(50,2677,2,7,278,1,105,106),(50,2678,2,7,67,1,105,106),(50,2679,2,7,292,1,105,106),(50,2680,2,7,293,1,105,106),(50,2681,2,7,294,1,105,106),(50,2682,0,279,351,1,106,106),(50,2683,0,289,351,1,106,106),(50,2684,0,298,351,1,106,106),(50,2685,0,7,351,1,106,106),(50,2686,0,278,351,1,106,106),(50,2687,0,67,351,1,106,106),(50,2688,0,292,351,1,106,106),(50,2689,0,293,351,1,106,106),(50,2690,0,294,351,1,106,106),(50,2691,2,279,289,1,106,106),(50,2692,2,279,298,1,106,106),(50,2693,2,279,67,1,106,106),(50,2694,2,279,292,1,106,106),(50,2695,2,279,293,1,106,106),(50,2696,2,279,294,1,106,106),(50,2697,2,289,298,1,106,106),(50,2698,2,289,278,1,106,106),(50,2699,2,289,67,1,106,106),(50,2700,2,289,292,1,106,106),(50,2701,2,289,293,1,106,106),(50,2702,2,289,294,1,106,106),(50,2703,2,298,278,1,106,106),(50,2704,2,298,67,1,106,106),(50,2705,2,298,292,1,106,106),(50,2706,2,298,293,1,106,106),(50,2707,2,298,294,1,106,106),(50,2708,2,278,67,1,106,106),(50,2709,2,278,292,1,106,106),(50,2710,2,278,293,1,106,106),(50,2711,2,278,294,1,106,106),(50,2712,2,67,292,1,106,106),(50,2713,2,67,293,1,106,106),(50,2714,2,67,294,1,106,106),(50,2715,2,292,293,1,106,106),(50,2716,2,292,294,1,106,106),(50,2717,2,293,294,1,106,106),(51,2718,0,279,289,1,106,106),(51,2719,0,279,298,1,106,109),(51,2720,0,279,7,1,106,107),(51,2721,0,279,278,1,106,109),(51,2722,0,279,67,1,106,109),(51,2723,0,279,292,1,106,109),(51,2724,0,279,293,1,106,109),(51,2725,0,279,294,1,106,109),(51,2726,0,289,298,1,106,106),(51,2727,0,289,7,1,106,106),(51,2728,0,289,278,1,106,106),(51,2729,0,289,67,1,106,106),(51,2730,0,289,292,1,106,106),(51,2731,0,289,293,1,106,106),(51,2732,0,289,294,1,106,106),(51,2733,0,298,7,1,106,109),(51,2734,0,298,278,1,106,109),(51,2735,0,298,67,1,106,109),(51,2736,0,298,292,1,106,109),(51,2737,0,298,293,1,106,109),(51,2738,0,298,294,1,106,109),(51,2739,0,7,278,1,106,109),(51,2740,0,7,67,1,106,109),(51,2741,0,7,292,1,106,109),(51,2742,0,7,293,1,106,109),(51,2743,0,7,294,1,106,109),(51,2744,0,278,67,1,106,109),(51,2745,0,278,292,1,106,109),(51,2746,0,278,293,1,106,109),(51,2747,0,278,294,1,106,109),(51,2748,0,67,292,1,106,109),(51,2749,0,67,293,1,106,109),(51,2750,0,67,294,1,106,109),(51,2751,0,292,293,1,106,109),(51,2752,0,292,293,1,106,109),(51,2753,0,293,294,1,106,109),(51,2754,2,279,289,1,107,108),(51,2755,2,289,298,1,107,107),(51,2756,2,289,7,1,107,107),(51,2757,2,289,278,1,106,107),(51,2758,2,289,67,1,107,108),(51,2759,2,289,292,1,107,108),(51,2760,2,289,293,1,107,108),(51,2761,2,289,294,1,107,108),(51,2762,2,279,7,1,107,108),(51,2763,0,289,284,1,107,107),(51,2764,0,289,349,1,107,107),(51,2765,0,7,350,1,107,107),(51,2766,0,7,349,1,107,107),(51,2767,0,350,349,1,107,107),(51,2768,0,278,350,1,107,107),(51,2769,0,278,349,1,107,107),(51,2770,2,279,278,1,108,108),(51,2771,0,279,351,1,108,108),(51,2772,0,289,351,1,108,108),(51,2773,0,298,351,1,108,108),(51,2774,0,7,351,1,108,108),(51,2775,0,278,351,1,108,108),(51,2776,0,67,351,1,108,108),(51,2777,0,292,351,1,108,108),(51,2778,0,293,351,1,108,108),(51,2779,0,294,351,1,108,108),(51,2781,0,279,7,1,109,109),(51,2782,0,279,278,1,109,109),(52,2783,0,279,289,1,109,109),(53,2785,0,351,289,1,110,110),(53,2786,0,351,352,1,110,110),(53,2787,0,351,353,1,110,110),(53,2788,1,279,176,1,110,110),(53,2789,0,279,298,1,110,112),(53,2790,2,279,7,1,110,111),(53,2791,0,279,278,1,110,110),(53,2792,0,279,67,1,110,112),(53,2793,0,279,292,1,110,112),(53,2794,0,279,293,1,110,112),(53,2795,0,279,294,1,110,112),(53,2796,0,279,351,1,110,112),(53,2797,0,298,7,1,110,110),(53,2798,0,298,278,1,110,110),(53,2799,0,298,67,1,110,110),(53,2800,0,298,292,1,110,110),(53,2801,0,298,293,1,110,110),(53,2802,0,298,294,1,110,110),(53,2803,0,298,351,1,110,110),(53,2804,2,7,278,1,110,110),(53,2805,0,7,67,1,110,110),(53,2806,0,7,292,1,110,110),(53,2807,0,7,293,1,110,110),(53,2808,0,7,294,1,110,110),(53,2809,0,7,351,1,110,110),(53,2810,0,278,67,1,110,110),(53,2811,0,278,292,1,110,110),(53,2812,0,278,293,1,110,110),(53,2813,0,278,294,1,110,110),(53,2814,0,278,351,1,110,110),(53,2815,0,67,292,1,110,110),(53,2816,0,67,293,1,110,110),(53,2817,0,67,294,1,110,110),(53,2818,0,67,351,1,110,110),(53,2819,0,292,293,1,110,110),(53,2820,0,292,294,1,110,110),(53,2821,0,292,351,1,110,110),(53,2822,0,293,294,1,110,110),(53,2823,0,293,351,1,110,110),(53,2824,0,294,351,1,110,110),(53,2825,2,279,278,1,111,111),(53,2826,2,7,136,1,111,111),(53,2827,2,278,136,1,111,111),(53,2828,0,279,285,1,111,112),(53,2829,1,7,285,1,111,111),(53,2830,2,7,298,1,111,111),(53,2831,2,7,278,1,111,111),(53,2832,2,7,67,1,111,111),(53,2833,2,7,292,1,111,111),(53,2834,2,7,293,1,111,111),(53,2835,2,7,294,1,111,111),(53,2836,2,7,351,1,111,111),(53,2837,2,278,298,1,111,111),(53,2838,2,278,67,1,111,111),(53,2839,2,278,292,1,111,111),(53,2840,2,278,293,1,111,111),(53,2841,2,278,294,1,111,111),(53,2842,2,278,351,1,111,111),(53,2843,2,279,354,1,112,112),(53,2844,0,354,285,1,112,112),(53,2845,0,279,7,1,112,112),(53,2846,0,279,278,1,112,112),(53,2847,0,298,7,1,112,112),(53,2848,0,298,278,1,112,112),(53,2849,0,298,67,1,112,112),(53,2850,0,298,292,1,112,112),(53,2851,0,298,293,1,112,112),(53,2852,0,298,294,1,112,112),(53,2853,0,298,351,1,112,112),(53,2854,0,7,278,1,112,112),(53,2855,0,7,67,1,112,112),(53,2856,0,7,292,1,112,112),(53,2857,0,7,293,1,112,112),(53,2858,0,7,294,1,112,112),(53,2859,0,7,351,1,112,112),(53,2860,0,278,67,1,112,112),(53,2861,0,278,292,1,112,112),(53,2862,0,278,293,1,112,112),(53,2863,0,278,294,1,112,112),(53,2864,0,278,351,1,112,112),(53,2865,0,67,292,1,112,112),(53,2866,0,67,293,1,112,112),(53,2867,0,67,294,1,112,112),(53,2868,0,292,293,1,112,112),(53,2869,0,292,294,1,112,112),(53,2870,0,292,351,1,112,112),(53,2871,0,293,294,1,112,112),(53,2872,0,293,351,1,112,112),(53,2873,0,294,351,1,112,112),(54,2874,0,279,278,1,112,112),(54,2875,0,279,298,1,112,112),(54,2876,0,279,67,1,112,112),(54,2877,0,279,292,1,112,112),(54,2878,0,279,293,1,112,112),(54,2879,0,279,294,1,112,112),(54,2880,0,67,292,1,112,112),(54,2881,0,67,293,1,112,112),(54,2882,0,67,294,1,112,112),(54,2883,0,292,293,1,112,112),(54,2884,0,292,294,1,112,112),(54,2885,0,293,294,1,112,112),(54,2886,0,279,7,1,112,112),(54,2887,0,279,351,1,112,112),(54,2888,0,279,289,1,112,113),(54,2889,0,279,350,1,112,112),(54,2890,2,279,349,1,112,112),(54,2891,0,350,349,1,112,112),(54,2892,0,349,289,1,112,113),(54,2893,0,279,291,1,112,112),(54,2894,0,351,291,1,112,112),(54,2895,0,279,355,1,112,112),(54,2896,0,349,355,1,112,112),(54,2897,0,350,355,1,112,112),(54,2898,0,279,349,1,113,113),(54,2899,1,279,176,0,113,113),(54,2900,1,279,356,0,113,113),(54,2901,1,279,357,0,113,113),(54,2902,1,279,358,0,113,113),(54,2903,1,279,359,0,113,113),(54,2904,1,279,360,0,113,113),(54,2905,1,279,361,0,113,113),(54,2906,1,176,356,0,113,113),(54,2907,1,176,357,0,113,113),(54,2908,1,176,358,0,113,113),(54,2909,1,176,359,0,113,113),(54,2910,1,176,360,0,113,113),(54,2911,1,176,361,0,113,113),(15,2912,1,4,45,0,92,92),(15,2914,0,45,49,1,92,92),(15,2916,1,19,50,0,92,92),(33,2917,0,292,50,1,17,17),(33,2918,0,293,50,1,17,17),(33,2919,0,294,50,1,17,17),(33,2920,0,292,46,1,17,17),(33,2921,0,293,46,1,17,17),(33,2922,0,294,46,1,17,17),(33,2923,0,292,48,1,17,17),(33,2924,0,293,48,1,17,17),(33,2925,0,294,48,1,17,17),(33,2926,0,292,47,1,17,17),(33,2927,0,293,47,1,17,17),(33,2928,0,294,47,1,17,17),(33,2929,0,292,15,1,17,17),(33,2930,0,293,15,1,17,17),(33,2931,0,294,15,1,17,17),(39,2932,0,292,50,1,64,65),(39,2933,0,293,50,1,64,65),(39,2934,0,294,50,1,64,65),(39,2935,0,135,50,1,64,65),(39,2936,0,157,48,1,64,65),(39,2937,0,66,48,1,64,65),(39,2938,0,67,48,1,64,65),(39,2939,0,292,48,1,64,65),(39,2940,0,293,48,1,64,65),(39,2941,0,294,48,1,64,65),(40,2942,0,292,45,1,66,66),(40,2943,0,293,45,1,66,66),(40,2944,0,294,45,1,66,66),(40,2945,0,135,45,1,66,66),(40,2946,0,292,49,0,66,66),(40,2947,0,293,49,0,66,66),(40,2948,0,294,49,0,66,66),(40,2949,1,135,49,0,66,66),(39,2950,0,67,292,1,65,65),(39,2951,0,67,293,1,65,65),(39,2952,0,67,294,1,65,65),(39,2953,0,67,135,1,65,65),(39,2954,0,292,293,1,65,65),(39,2955,0,292,294,1,65,65),(39,2956,0,292,135,1,65,65),(39,2957,0,293,294,1,65,65),(39,2958,0,293,135,1,65,65),(39,2959,0,294,135,1,65,65),(42,2960,0,292,48,1,69,69),(42,2961,0,293,48,1,69,69),(42,2962,0,294,48,1,69,69),(42,2963,2,292,46,1,69,69),(42,2964,2,293,46,1,69,69),(42,2965,2,294,46,1,69,69),(44,2966,0,292,50,1,72,72),(44,2967,0,293,50,1,72,72),(44,2968,0,294,50,1,72,72),(44,2969,0,135,50,0,72,72),(44,2970,0,67,292,1,72,72),(44,2971,0,67,293,1,72,72),(44,2972,0,67,294,1,72,72),(44,2973,0,292,293,1,72,72),(44,2974,0,293,294,1,72,72),(44,2975,0,292,294,1,72,72),(45,2976,0,67,293,1,73,73),(45,2977,0,67,294,1,73,73),(45,2978,0,292,293,1,73,73),(45,2979,0,292,294,1,73,73),(45,2980,0,293,294,1,73,73),(45,2981,0,292,63,1,72,74),(45,2982,0,293,63,1,72,74),(45,2983,0,294,63,1,72,74),(45,2984,0,292,154,1,72,72),(45,2985,0,293,154,1,72,72),(45,2986,0,294,154,1,72,72),(45,2987,0,292,68,1,72,72),(45,2988,0,293,68,1,72,72),(45,2989,0,294,68,1,72,72),(45,2990,0,292,157,1,72,73),(45,2991,0,293,157,1,72,73),(45,2992,0,294,157,1,72,73),(45,2993,0,292,50,1,72,75),(45,2994,0,293,50,1,72,75),(45,2995,0,294,50,1,72,75),(46,2996,0,292,50,1,77,79),(46,2997,0,293,50,1,77,79),(46,2998,0,294,50,1,77,79),(46,2999,0,292,46,1,78,78),(46,3000,0,293,46,1,78,78),(46,3001,0,294,46,1,78,78),(14,3002,0,292,50,1,82,82),(14,3003,0,293,50,1,82,82),(14,3004,0,294,50,1,82,82),(14,3005,0,135,50,0,82,82),(14,3006,0,67,292,1,82,82),(14,3007,0,67,293,1,82,82),(14,3008,0,67,294,1,82,82),(14,3009,0,67,135,1,82,82),(14,3010,0,292,293,1,82,82),(14,3011,0,292,294,1,82,82),(14,3012,0,292,135,1,82,82),(14,3013,0,293,294,1,82,82),(14,3014,0,293,135,1,82,82),(14,3015,0,294,135,1,82,82),(14,3016,0,292,50,1,85,85),(14,3017,0,293,50,1,85,85),(14,3018,0,294,50,1,85,85),(14,3019,0,135,50,0,85,85),(14,3020,0,67,292,1,85,85),(14,3021,0,67,293,1,85,85),(14,3022,0,67,294,1,85,85),(14,3023,0,67,135,1,85,85),(14,3024,0,292,293,1,85,85),(14,3025,0,292,294,1,85,85),(14,3026,0,292,135,1,85,85),(14,3027,0,293,294,1,85,85),(14,3028,0,293,135,1,85,85),(14,3029,0,294,135,1,85,85),(17,3030,0,292,47,1,114,114),(17,3031,0,293,47,1,114,114),(17,3032,0,293,47,1,114,114),(17,3033,0,294,47,1,114,114),(17,3034,0,292,50,1,114,114),(17,3035,0,293,50,1,114,114),(17,3036,0,294,50,1,114,114),(70,3037,0,292,50,1,243,243),(70,3038,0,293,50,1,243,243),(70,3039,0,294,50,1,243,243),(70,3040,0,294,50,1,243,243),(70,3041,0,135,50,1,243,243),(70,3042,0,67,292,1,243,243),(70,3043,0,67,293,1,243,243),(70,3044,0,67,294,1,243,243),(70,3045,0,67,135,1,243,243),(70,3046,0,292,293,1,243,243),(70,3047,0,292,294,1,243,243),(70,3048,0,292,135,1,243,243),(70,3049,0,293,294,1,243,243),(70,3050,0,293,135,1,243,243),(70,3051,0,294,135,1,243,243),(70,3052,2,292,47,1,243,243),(70,3053,2,293,47,1,243,243),(70,3054,2,294,47,1,243,243),(70,3055,2,292,48,1,243,243),(68,3056,2,293,48,1,243,243),(70,3057,2,294,48,1,243,243),(70,3058,2,294,48,1,243,243),(70,3059,2,292,46,1,243,243),(70,3060,2,294,46,1,243,243),(72,3061,0,292,50,1,250,250),(72,3062,0,293,50,1,250,250),(72,3063,0,294,50,1,250,250),(72,3064,2,292,47,1,250,250),(72,3065,2,293,47,1,250,250),(72,3066,2,294,47,1,250,250),(33,3067,1,3,292,0,17,17),(33,3068,1,3,293,0,17,17),(33,3069,1,3,294,0,17,17),(46,3070,1,3,292,0,77,79),(46,3071,1,3,293,0,77,79),(46,3072,1,3,294,0,77,79),(14,3073,1,3,292,0,85,85),(14,3074,1,3,293,0,85,85),(14,3075,1,3,294,0,85,85),(14,3076,0,3,135,1,85,85),(44,3077,1,3,292,0,71,72),(44,3078,1,3,293,0,71,72),(44,3079,1,3,294,0,71,72),(12,3080,1,3,292,0,46,46),(12,3081,1,3,293,0,46,46),(12,3082,1,3,294,0,46,46),(13,3083,1,3,292,0,55,56),(13,3084,1,3,293,0,55,56),(13,3086,1,3,294,0,55,56),(13,3087,0,67,292,1,55,55),(13,3088,0,67,293,1,55,55),(13,3089,0,67,294,1,55,55),(13,3090,0,67,135,1,55,55),(13,3091,0,292,293,1,55,55),(13,3092,0,292,294,1,55,55),(13,3093,0,292,135,1,55,55),(13,3094,0,293,294,1,55,55),(13,3095,0,293,135,1,55,55),(13,3096,0,294,135,1,55,55),(42,3097,1,3,292,0,68,69),(42,3098,1,3,293,0,68,69),(42,3099,1,3,294,0,68,69),(13,3100,0,15,292,1,55,55),(13,3101,0,15,293,1,55,55),(13,3102,0,15,294,1,55,55),(13,3103,0,15,135,1,55,55),(39,3105,1,3,292,0,64,65),(39,3106,1,3,293,0,64,65),(39,3107,1,3,294,1,64,65),(39,3108,0,15,292,1,64,65),(39,3109,0,15,293,1,64,65),(39,3110,0,15,294,1,64,65),(39,3111,1,17,292,0,64,65),(39,3112,1,17,293,0,64,65),(39,3113,1,17,294,0,64,65),(33,3114,0,63,292,1,17,17),(33,3116,0,63,293,1,17,17),(33,3117,0,63,294,1,17,17),(39,3118,0,48,292,1,64,65),(39,3119,0,48,293,1,64,65),(39,3120,0,48,293,1,64,65),(39,3121,0,48,294,1,64,65),(70,3122,1,3,292,0,243,243),(70,3123,1,3,293,0,243,243),(70,3124,1,3,294,0,243,243),(17,3125,0,279,292,1,114,114),(17,3126,0,279,293,1,114,114),(17,3127,0,279,294,1,114,114),(17,3128,0,67,292,1,114,114),(17,3129,0,67,293,1,114,114),(17,3130,0,67,294,1,114,114),(17,3131,0,292,293,1,114,114),(17,3132,0,292,294,1,114,114),(17,3133,0,293,294,1,114,114),(17,3134,0,7,292,1,114,114),(17,3135,0,7,293,1,114,114),(17,3136,0,7,294,1,114,114),(17,3137,0,278,292,1,114,114),(17,3138,0,278,293,1,114,114),(17,3139,0,278,294,1,114,114),(72,3140,1,135,292,0,250,250),(72,3141,1,135,293,0,250,250),(72,3142,1,135,294,0,250,250),(12,3143,0,135,67,0,46,46),(12,3144,1,135,292,0,46,46),(12,3145,1,135,293,0,46,46),(12,3146,1,135,294,0,46,46),(40,3147,1,3,292,0,65,66),(40,3148,1,3,293,0,65,66),(40,3149,1,3,294,0,65,66),(40,3150,0,15,292,1,65,66),(40,3151,0,15,293,1,65,66),(40,3152,0,15,294,1,65,66),(40,3153,0,46,292,1,65,66),(40,3154,0,46,293,1,65,66),(40,3155,0,46,294,1,65,66),(40,3156,0,48,292,1,65,66),(40,3157,0,48,293,1,65,66),(40,3158,0,48,294,1,65,66),(42,3159,2,9,292,1,68,69),(42,3160,2,9,293,1,68,69),(42,3161,2,9,294,1,68,69),(42,3162,0,15,292,1,68,68),(42,3163,0,15,293,1,68,69),(42,3164,0,15,294,1,68,69),(42,3165,0,66,292,1,69,69),(42,3166,0,66,293,1,69,69),(42,3167,0,66,294,1,69,69),(42,3168,2,15,292,1,69,69),(42,3169,2,15,293,1,69,69),(42,3170,2,15,294,1,69,69),(44,3171,2,63,292,1,71,71),(44,3172,2,63,293,1,71,71),(44,3173,2,63,294,1,71,71),(44,3174,0,154,292,1,72,72),(44,3175,0,154,293,1,72,72),(44,3176,0,154,294,1,72,72),(44,3177,0,63,292,1,72,72),(44,3178,0,63,293,1,72,72),(44,3179,0,63,294,1,72,72),(44,3180,0,15,292,1,72,72),(44,3181,0,15,293,1,72,72),(44,3182,0,15,294,1,72,72),(44,3183,0,148,292,1,72,72),(44,3184,0,148,293,1,72,72),(44,3185,0,148,294,1,72,72),(44,3186,0,153,292,1,72,72),(44,3187,0,153,293,1,72,72),(44,3188,0,153,294,1,72,72),(45,3189,0,66,292,1,72,72),(45,3190,0,66,293,1,72,72),(45,3191,0,66,294,1,72,72),(45,3192,2,148,292,1,73,73),(45,3193,2,148,293,1,73,73),(45,3194,2,148,294,1,73,73),(45,3195,2,153,292,1,73,73),(45,3196,2,153,293,1,73,73),(45,3197,2,153,294,1,73,73),(45,3198,2,48,292,1,74,74),(45,3199,2,48,293,1,74,74),(45,3200,2,48,294,1,74,74),(45,3201,2,160,292,1,74,74),(45,3202,2,160,293,1,74,74),(45,3203,2,160,294,1,74,74),(45,3204,2,47,292,1,74,75),(45,3205,2,47,293,1,74,75),(45,3206,2,47,294,1,74,75),(46,3207,2,160,292,1,77,77),(46,3208,2,160,293,1,77,77),(46,3209,2,160,294,1,77,77),(46,3210,2,67,292,1,78,79),(46,3211,2,67,293,1,78,79),(46,3212,2,67,294,1,78,79),(46,3213,2,66,292,1,78,79),(46,3214,2,66,293,1,78,78),(46,3215,2,66,294,1,78,78),(14,3216,0,15,292,1,82,82),(14,3217,0,15,293,1,82,82),(14,3218,0,15,294,1,82,82),(14,3219,1,16,292,0,85,85),(14,3220,1,16,293,0,85,85),(14,3221,1,16,294,0,85,85),(33,3222,0,66,292,1,17,17),(33,3223,0,66,293,1,17,17),(33,3224,0,66,294,1,17,17),(33,3225,0,68,292,1,17,17),(33,3226,0,68,293,1,17,17),(33,3227,0,68,294,1,17,17),(33,3228,0,67,293,1,17,17),(33,3229,0,67,294,1,17,17),(10,3230,0,16,24,1,9,9),(10,3231,0,24,25,1,9,9),(21,3232,0,125,51,1,178,179),(21,3233,0,125,117,1,179,179),(24,3234,0,3,61,1,221,221);
/*!40000 ALTER TABLE `menExs` ENABLE KEYS */;
UNLOCK TABLES;

--
-- Table structure for table `menOrExs`
--

DROP TABLE IF EXISTS `menOrExs`;
/*!40101 SET @saved_cs_client     = @@character_set_client */;
/*!50503 SET character_set_client = utf8mb4 */;
CREATE TABLE `menOrExs` (
  `menOrEx_id` int NOT NULL AUTO_INCREMENT,
  `menOrEx_text` varchar(32) CHARACTER SET utf8mb3 COLLATE utf8mb3_unicode_ci NOT NULL,
  PRIMARY KEY (`menOrEx_id`)
) ENGINE=InnoDB AUTO_INCREMENT=3 DEFAULT CHARSET=utf8mb3 COLLATE=utf8mb3_unicode_ci;
/*!40101 SET character_set_client = @saved_cs_client */;

--
-- Dumping data for table `menOrExs`
--

LOCK TABLES `menOrExs` WRITE;
/*!40000 ALTER TABLE `menOrExs` DISABLE KEYS */;
INSERT INTO `menOrExs` VALUES (0,'Knows'),(1,'Knows of'),(2,'Exchange');
/*!40000 ALTER TABLE `menOrExs` ENABLE KEYS */;
UNLOCK TABLES;

--
-- Table structure for table `narrContainers`
--

DROP TABLE IF EXISTS `narrContainers`;
/*!40101 SET @saved_cs_client     = @@character_set_client */;
/*!50503 SET character_set_client = utf8mb4 */;
CREATE TABLE `narrContainers` (
  `narrContainer_id` int NOT NULL AUTO_INCREMENT,
  `narrContainer_title` varchar(150) CHARACTER SET utf8mb3 COLLATE utf8mb3_unicode_ci DEFAULT NULL,
  `narrContainer_level_id_fk` int NOT NULL,
  `narrContainer_startPage` int NOT NULL,
  `narrContainer_endPage` int NOT NULL,
  `narrContainer_narrator_character_id_fk` int NOT NULL,
  `narrContainer_protagonist_id_fk` int DEFAULT NULL,
  `narrContainer_embeddedContainerType_id_fk` int DEFAULT NULL,
  PRIMARY KEY (`narrContainer_id`),
  KEY `narrContainer_startPage` (`narrContainer_startPage`),
  KEY `narrContainer_endPage` (`narrContainer_endPage`),
  KEY `narrContainer_level_id_fk` (`narrContainer_level_id_fk`),
  KEY `narrContainer_protagonist_id_fk` (`narrContainer_protagonist_id_fk`),
  KEY `narrContainer_narrator_character_id_fk` (`narrContainer_narrator_character_id_fk`),
  CONSTRAINT `narrContainers_ibfk_1` FOREIGN KEY (`narrContainer_level_id_fk`) REFERENCES `containerLevels` (`containerLevel_id`) ON DELETE RESTRICT ON UPDATE CASCADE,
  CONSTRAINT `narrContainers_ibfk_2` FOREIGN KEY (`narrContainer_narrator_character_id_fk`) REFERENCES `characters` (`character_id`) ON DELETE RESTRICT ON UPDATE CASCADE,
  CONSTRAINT `narrContainers_ibfk_3` FOREIGN KEY (`narrContainer_protagonist_id_fk`) REFERENCES `characters` (`character_id`) ON DELETE RESTRICT ON UPDATE CASCADE
) ENGINE=InnoDB AUTO_INCREMENT=76 DEFAULT CHARSET=utf8mb3 COLLATE=utf8mb3_unicode_ci;
/*!40101 SET character_set_client = @saved_cs_client */;

--
-- Dumping data for table `narrContainers`
--

LOCK TABLES `narrContainers` WRITE;
/*!40000 ALTER TABLE `narrContainers` DISABLE KEYS */;
INSERT INTO `narrContainers` VALUES (1,'SOLO',0,1,1,0,NULL,0),(2,'Evelina',0,3,86,3,NULL,0),(3,'Judge Antone Basil Coutts',0,87,134,4,NULL,0),(4,'Marne Wolde',0,135,179,5,NULL,0),(5,'Evelina',0,181,192,3,NULL,0),(6,'Judge Antone Basil Coutts',0,193,217,4,NULL,0),(7,'Evelina',0,219,268,3,NULL,0),(8,'Judge Antone Basil Coutts',0,269,292,4,NULL,0),(9,'Doctor Cordelia Lochren',0,293,311,6,NULL,0),(10,'The Plague of Doves',1,5,20,3,NULL,0),(11,'A Little Nip',1,21,42,3,NULL,0),(12,'Sister Godzilla',1,43,53,3,NULL,0),(13,'Holy Track',1,54,79,3,NULL,0),(14,'Bitter Tea',1,80,86,3,NULL,0),(15,'The Way Things Are',1,89,95,4,NULL,0),(16,'Town Fever',1,96,113,4,NULL,0),(17,'The Wolf',1,114,117,4,NULL,0),(18,'Come In',1,118,134,4,NULL,0),(19,'Satan: Hijacker of a Planet',1,137,146,5,51,0),(20,'The Daniels',1,147,157,5,NULL,0),(21,'The Kindred',1,158,179,5,NULL,0),(22,'The 4-B\'s',1,183,192,3,NULL,0),(23,'Shamengwa',1,195,217,4,NULL,0),(24,'The Reptile Garden',1,221,254,3,NULL,0),(25,'All Souls\' Day',1,255,266,3,0,0),(26,'Road in the Sky',1,267,268,3,NULL,0),(27,'The Veil',1,271,273,4,NULL,0),(28,'Demolition',1,274,292,4,NULL,0),(29,'Disaster Stamps of Pluto',1,295,311,6,NULL,0),(30,'The Million Names',2,9,11,3,NULL,0),(31,'Apparition',2,11,13,3,NULL,4),(32,'The Burning Glare',2,13,15,3,NULL,0),(33,'Mustache Maude',2,15,19,3,NULL,4),(34,'Story',2,19,20,3,NULL,0),(35,'The Boots',2,57,59,3,NULL,4),(36,'The Clothesline',2,59,59,3,NULL,4),(37,'The Basket Makers',2,60,61,3,NULL,4),(38,'The Lochren Farm',2,61,63,3,NULL,4),(39,'A Little Medicine',2,64,65,3,NULL,4),(40,'Confessional',2,65,67,3,NULL,4),(41,'The Sisters',2,68,68,3,NULL,0),(42,'The Party',2,68,70,3,NULL,4),(43,'The Baby',2,70,71,3,NULL,4),(44,'Vogeli',2,71,72,3,NULL,4),(45,'Death Song',2,72,77,3,NULL,4),(46,'The Clatter of Wings',2,77,79,3,NULL,4),(47,'Lines',2,86,86,3,NULL,0),(48,'The Expedition',2,99,100,4,NULL,0),(49,'The Great Drive',2,100,104,4,0,0),(50,'Batner\'s Powders',2,104,106,4,NULL,0),(51,'The Emissary',2,106,109,4,NULL,0),(52,'The Millions',2,109,110,3,NULL,0),(53,'Lafayette Peace',2,110,112,4,NULL,0),(54,'The Saint',2,112,113,4,NULL,0),(55,'The Gingerbread Boy',2,124,126,4,0,0),(56,'Helpless',2,126,127,4,NULL,0),(57,'Murdo Harp',2,127,129,4,NULL,0),(58,'The Gesture',2,129,130,4,NULL,0),(59,'The Lions',2,130,131,4,NULL,0),(60,'The Garage',2,131,132,4,NULL,0),(61,'The Entryway',2,132,134,4,NULL,0),(62,'A Shiver of Possibility',2,134,134,4,NULL,0),(63,'The First Fiddle',2,200,207,61,0,4),(64,'Silent Passage',2,207,209,4,31,0),(65,'The Fire',2,209,214,4,NULL,0),(66,'Letter',2,214,216,4,0,2),(67,'Warren',2,226,230,3,NULL,0),(68,'Nonette',2,230,234,3,NULL,0),(69,'The Kiss',2,234,240,3,NULL,0),(70,'Nonette\'s Bed',2,240,244,3,NULL,0),(71,'The Concert',2,244,248,3,NULL,0),(72,'Walking on Air',2,248,254,3,NULL,0);
/*!40000 ALTER TABLE `narrContainers` ENABLE KEYS */;
UNLOCK TABLES;

--
-- Table structure for table `narratorTypes`
--

DROP TABLE IF EXISTS `narratorTypes`;
/*!40101 SET @saved_cs_client     = @@character_set_client */;
/*!50503 SET character_set_client = utf8mb4 */;
CREATE TABLE `narratorTypes` (
  `narratorType_id` int NOT NULL AUTO_INCREMENT,
  `narratorType_term` varchar(150) CHARACTER SET utf8mb3 COLLATE utf8mb3_unicode_ci NOT NULL,
  PRIMARY KEY (`narratorType_id`)
) ENGINE=InnoDB AUTO_INCREMENT=2 DEFAULT CHARSET=utf8mb3 COLLATE=utf8mb3_unicode_ci;
/*!40101 SET character_set_client = @saved_cs_client */;

--
-- Dumping data for table `narratorTypes`
--

LOCK TABLES `narratorTypes` WRITE;
/*!40000 ALTER TABLE `narratorTypes` DISABLE KEYS */;
INSERT INTO `narratorTypes` VALUES (0,'Character narrator'),(1,'Non-character narrator');
/*!40000 ALTER TABLE `narratorTypes` ENABLE KEYS */;
UNLOCK TABLES;
/*!40103 SET TIME_ZONE=@OLD_TIME_ZONE */;

/*!40101 SET SQL_MODE=@OLD_SQL_MODE */;
/*!40014 SET FOREIGN_KEY_CHECKS=@OLD_FOREIGN_KEY_CHECKS */;
/*!40014 SET UNIQUE_CHECKS=@OLD_UNIQUE_CHECKS */;
/*!40101 SET CHARACTER_SET_CLIENT=@OLD_CHARACTER_SET_CLIENT */;
/*!40101 SET CHARACTER_SET_RESULTS=@OLD_CHARACTER_SET_RESULTS */;
/*!40101 SET COLLATION_CONNECTION=@OLD_COLLATION_CONNECTION */;
/*!40111 SET SQL_NOTES=@OLD_SQL_NOTES */;

-- Dump completed on 2025-03-12 23:45:04
