id,Character,Event
2,R Alma Mereminski,R Alma Mereminski is born
3,R Alma Mereminski's father,R Alma Mereminski is born
4,R Alma Mereminski's mother,R Alma Mereminski is born
5,R Leo Gursky,R Leo is born
6,R Leo's father,R Leo is born
7,R Leo's mother,R Leo is born
8,R Leo Gursky,R Leo and Alma fall in love
9,R Alma Mereminski,R Leo and Alma fall in love
10,R Zvi Litvinoff,R Zvi sees Leo and Alma kiss
11,R Leo Gursky,R Zvi sees Leo and Alma kiss
12,R Alma Mereminski,R Zvi sees Leo and Alma kiss
13,R Alma Mereminski,R Alma Mereminski leaves for America
14,R Alma Mereminski,R Isaac is born
15,R Isaac Moritz,R Isaac is born
16,R Zvi Litvinoff,R Zvi steals Leo's obituary
17,R Leo Gursky,R Zvi steals Leo's obituary
18,R Leo Gursky,R Leo completes The History of Love
19,R Zvi Litvinoff,R Zvi leaves for Chile with The History of Love
20,R Leo Gursky,R Leo escapes the Nazis
21,R Leo Gursky,R Leo leaves for America
22,R Alma Mereminski,R Alma refuses Leo's proposal
23,R Leo Gursky,R Alma refuses Leo's proposal
24,R Zvi Litvinoff,R Zvi learns about his family's death
25,R Zvi Litvinoff,R Zvi and Rosa meet
26,R Rosa Litvinoff,R Zvi and Rosa meet
27,R Zvi Litvinoff,R Zvi and Rosa finish translating The History of Love
28,R Rosa Litvinoff,R Zvi and Rosa finish translating The History of Love
29,R Zvi Litvinoff,R Zvi adds Leo's obituary to The History of Love
30,R Leo Gursky,R Zvi adds Leo's obituary to The History of Love
31,R Zvi Litvinoff,R Zvi publishes The History of Love
32,R Rosa Litvinoff,R Rosa destroys the manuscript of The History of Love
33,R David Singer,R David Singer buys The History of Love
34,R Bookstore owner (in Buenos Aires),R David Singer buys The History of Love
35,R Charlotte Singer,R Charlotte and David meet
36,R David Singer,R Charlotte and David meet
37,R Zvi Litvinoff,R Zvi dies
38,R Leo Gursky,R Leo and Bruno reunite
39,R Bruno,R Leo and Bruno reunite
40,R Alma Singer,R Alma Singer is born
41,R David Singer,R Alma Singer is born
42,R Charlotte Singer,R Alma Singer is born
43,R David Singer,R David Singer dies
44,R Alma Mereminski,R Alma Mereminski dies
45,R Alma Mereminski,R Alma becomes Misha's pen pal
46,R Misha Shklovsky,R Alma becomes Misha's pen pal
47,R Tatiana,R Alma becomes Misha's pen pal
48,R Leo Gursky,R Leo begins to write again
49,R Charlotte Singer,R Charlotte receives Isaac's first letter
50,R Isaac Moritz,R Charlotte receives Isaac's first letter
51,R Alma Singer,R Alma begins searching for Alma Mereminski
52,R Alma Mereminski,R Alma begins searching for Alma Mereminski
53,R Alma Singer,R Alma and Misha kiss (for the second time ??)
54,R Misha Shklovsky,R Alma and Misha kiss (for the second time ??)
55,R Alma Singer,R Alma realises Alma Mereminski had married
56,R Alma Mereminski,R Alma realises Alma Mereminski had married
57,R Uncle Julian,R Alma realises Alma Mereminski had married
58,R Alma Singer,R Alma reads Bird's journal
59,R Bird,R Alma reads Bird's journal
60,R Alma Singer,R Alma realises Alma Mereminski has died
61,R Alma Mereminski,R Alma realises Alma Mereminski has died
62,R Doorman (Alma Mereminski's building),R Alma realises Alma Mereminski has died
63,R Alma Singer,R Alma realises Jacob Marcus is Isaac Moritz
64,R Jacob Marcus,R Alma realises Jacob Marcus is Isaac Moritz
65,R Isaac Moritz,R Alma realises Jacob Marcus is Isaac Moritz
66,R Leo Gursky,R Leo sends WORDS FOR EVERYTHING to Isaac
67,R Isaac Moritz,R Leo sends WORDS FOR EVERYTHING to Isaac
68,R Bird,R Misha calls for Alma (exposing her search for someone to Bird)
69,R Misha Shklovsky,R Misha calls for Alma (exposing her search for someone to Bird)
70,R Alma Singer,R Misha calls for Alma (exposing her search for someone to Bird)
71,R Alma Singer,R Alma and Herman go to Isaac's house (Alma leaves her phone number there)
72,R Herman Cooper,R Alma and Herman go to Isaac's house (Alma leaves her phone number there)
73,R Isaac Moritz,R Alma and Herman go to Isaac's house (Alma leaves her phone number there)
74,R Isaac Moritz,R Isaac dies
75,R Leo Gursky,R Leo learns of Isaac's death
76,R Isaac Moritz,R Leo learns of Isaac's death
77,R Alma Singer,R Alma learns of Isaac's death
78,R Bird,R Bernard calls for Alma (revealing Leo's identity to Bird)
79,R Bernard Moritz,R Bernard calls for Alma (revealing Leo's identity to Bird)
80,R Alma Singer,R Bernard calls for Alma (revealing Leo's identity to Bird)
81,R Bird,R Bird sends the letters and The History of Love
82,R Leo Gursky,R Bird sends the letters and The History of Love
83,R Bird,R Bird sends Leo and Alma letters [Obsolete]
84,R Leo Gursky,R Bird sends Leo and Alma letters [Obsolete]
85,R Alma Singer,R Bird sends Leo and Alma letters [Obsolete]
86,R Leo Gursky,R Leo attends Isaac's funeral
87,R Isaac Moritz,R Leo attends Isaac's funeral
88,R Leo Gursky,R Leo receives The History of Love
89,R Bird,R Leo receives The History of Love
90,R Leo Gursky,R Leo leaves to retrieve WORDS FOR EVERYTHING
91,R Bruno,R Leo leaves to retrieve WORDS FOR EVERYTHING
94,R Alma Singer,R Alma receives Bird's letter
95,R Bird,R Alma receives Bird's letter
96,R Leo Gursky,R Leo learns that Isaac had published WORDS FOR EVERYTHING
97,R Isaac Moritz,R Leo learns that Isaac had published WORDS FOR EVERYTHING
98,R Bruno,R Leo learns that Isaac had published WORDS FOR EVERYTHING
99,R Leo Gursky,R Leo finds Bird's letter
100,R Bird,R Leo finds Bird's letter
101,R Alma Singer,R Alma and Leo meet
102,R Leo Gursky,R Alma and Leo meet
103,R Alma Singer,R Alma realises Leo wrote The History of Love
104,R Leo Gursky,R Alma realises Leo wrote The History of Love
105,E Alma Mereminski's Mother,E Alma Mereminski is born
106,E Alma Mereminski/Moritz,E Alma Mereminski is born
107,E Alma’s Father,E Alma Mereminski is born
108,E Leo’s mother,E Leo is born
109,E Leo’s father,E Leo is born
110,E Leo,E Leo is born
111,E Alma Mereminski/Moritz,E Leo and Alma fall in love
112,E Leo,E Leo and Alma fall in love
113,E Zvi Litvinoff,E Zvi sees Leo and Alma kiss
114,E Alma Mereminski/Moritz,E Zvi sees Leo and Alma kiss
115,E Leo,E Zvi sees Leo and Alma kiss
116,E Alma Mereminski/Moritz,E Alma leaves for America
117,E Alma Mereminski/Moritz,E Isaac is born
118,E Isaac Moritz,E Isaac is born
119,E Mordecai Moritz,E Isaac is born
120,E Zvi Litvinoff,E Zvi steals Leo's obituary
121,E Leo,E Zvi steals Leo's obituary
122,E Leo,E Leo completes 'The History of Love'
123,E Zvi Litvinoff,E Zvi leaves with 'The History of Love'
124,E Leo,E Zvi leaves with 'The History of Love'
125,E Hitler's armies,E Nazis invade Slonim
126,E Leo,E Leo escapes the Nazis
127,E Hitler's armies,E Leo escapes the Nazis
128,E Leo,E Leo leaves for America
129,E Alma Mereminski/Moritz,E Alma refuses Leo's proposal
130,E Leo,E Alma refuses Leo's proposal
131,E Zvi Litvinoff,E Zvi learns about his family's death
132,E Zvi's Father,E Zvi learns about his family's death
133,E Zvi's Mother,E Zvi learns about his family's death
134,E Miriam Litvinoff,E Zvi learns about his family's death
135,E Zvi's Brother,E Zvi learns about his family's death
136,E Zvi Litvinoff,E Zvi and Rosa meet
137,E Rosa,E Zvi and Rosa meet
138,E Zvi Litvinoff,E Zvi and Rosa finish translating 'The History of Love'
139,E Rosa,E Zvi and Rosa finish translating 'The History of Love'
140,E Zvi Litvinoff,E Zvi adds Leo's obituary to 'The History of Love'
141,E Zvi Litvinoff,E Zvi publishes 'The History of Love'
142,E Rosa,E Rosa destroys the manuscript
143,E David Singer,E David Singer buys 'The History of Love'
144,E Second Bookstore Owner (In Buenos Aires),E David Singer buys 'The History of Love'
145,E Charlotte Singer,E Charlotte and David meet
146,E David Singer,E Charlotte and David meet
147,E Zvi Litvinoff,E Zvi dies
148,E Bruno,E Leo and Bruno reconnect
149,E Leo,E Leo and Bruno reconnect
150,E Bruno,E Bruno dies
151,E Alma Singer,E Alma Singer is born
152,E Charlotte Singer,E Alma Singer is born
153,E David Singer,E Alma Singer is born
154,E David Singer,E David Singer dies
155,E Alma Mereminski/Moritz,E Alma Mereminski dies
156,E Alma Singer,E Misha and Alma become penpals
157,E Misha Shklovsky,E Misha and Alma become penpals
158,E Leo,E Leo begins to write again
159,E Charlotte Singer,E Charlotte receives Isaac's first letter
160,E Isaac Moritz,E Charlotte receives Isaac's first letter
161,E Alma Singer,E Alma begins searching for Alma Mereminski
162,E Alma Singer,E Alma and Misha kiss
163,E Misha Shklovsky,E Alma and Misha kiss
164,E Alma Singer,E Alma realizes Alma Mereminski is married
166,E Alma Singer,E Alma reads Bird's journal
167,E Alma Singer,E Alma discovers that Alma Mereminski has died
168,E Alma Singer,E Alma discovers Jacob Marcus is Isaac Moritz
169,E Leo,E Leo sends Isaac 'WORDS FOR EVERYTHING'
170,E Bird,E Bird learns about Alma's search
171,E Misha Shklovsky,E Bird learns about Alma's search
172,E Alma Singer,E Alma and Herman go to Isaac's house
173,E Herman Cooper,E Alma and Herman go to Isaac's house
174,E Isaac Moritz,E Isaac dies
175,E Leo,E Leo finds out about Isaac's death
176,E Alma Singer,E Alma learns of Isaac's death
177,E Bernard Moritz,E Bernard calls for Alma (revealing Leo's identity to Bird)
178,E Bird,E Bernard calls for Alma (revealing Leo's identity to Bird)
179,E Bird,E Bird sends Leo 'The History of Love' and letters to Leo and Alma
180,E Leo,E Bird sends Leo 'The History of Love' and letters to Leo and Alma
181,E Bird,E Bird sends Alma and Leo letters
182,E Alma Singer,E Bird sends Alma and Leo letters
183,E Leo,E Bird sends Alma and Leo letters
184,E Leo,E Leo attends Isaac's funeral
185,E Bernard Moritz,E Leo attends Isaac's funeral
186,E Man in a Yellow Bow Tie and a White Jacket,E Leo attends Isaac's funeral
187,E Leo,E Leo recieves 'The History of Love'
188,E Leo,E Leo goes to Isaac's house to retrieve 'Words for Everything'
189,E Bruno,E Leo goes to Isaac's house to retrieve 'Words for Everything'
190,E Alma Singer,E Alma receives Bird's letter
191,E Leo,E Leo learns that Isaac published 'Words for Everything'
192,E Man (from Fact-Checking Department),E Leo learns that Isaac published 'Words for Everything'
193,E Man (from Fiction Department),E Leo goes to Isaac's house to retrieve 'Words for Everything'
194,E Leo,E Leo receives Bird's letter
195,E Alma Singer,E Alma and Leo meet
196,E Leo,E Alma and Leo meet
197,E Alma Singer,E Alma realizes that Leo wrote 'The History of Love'
198,E Leo,E Alma and Leo meet
199,Damuddy,Damuddy's death
200,Caroline Bascomb Compson,Damuddy's death
201,Jason Compson III,Damuddy's death
202,Quentin Compson III,Damuddy's death
203,Caddy Compson,Damuddy's death
204,Benjamin Compson,Damuddy's death
205,Jason Compson IV,Damuddy's death
206,Versh Gibson,Damuddy's death
207,Frony Gibson,Damuddy's death
208,T.P.,Damuddy's death
209,Roskus Gibson,Damuddy's death
210,Benjamin Compson,Changing Benjamin's name
211,Caddy Compson,Changing Benjamin's name
212,Caroline Bascomb Compson,Changing Benjamin's name
213,Jason Compson III,Changing Benjamin's name
214,Dilsey Gibson,Changing Benjamin's name
215,Versh Gibson,Changing Benjamin's name
216,Caddy Compson,"Caddy wears perfume, which upsets Benjamin"
217,Benjamin Compson,"Caddy wears perfume, which upsets Benjamin"
218,Dilsey Gibson,"Caddy wears perfume, which upsets Benjamin"
219,Caddy Compson,Patterson Affair
220,Benjamin Compson,Patterson Affair
221,Mr. Patterson,Patterson Affair
222,Mrs. Patterson,Patterson Affair
223,Maury Bascomb,Patterson Affair
224,Caddy Compson,Caddy and Charlie hook up
225,Benjamin Compson,Caddy and Charlie hook up
226,Charlie,Caddy and Charlie hook up
227,Caddy Compson,Caddy and Herbert's Wedding
228,Herbert Head,Caddy and Herbert's Wedding
229,Caroline Bascomb Compson,Caddy and Herbert's Wedding
230,Jason Compson III,Caddy and Herbert's Wedding
231,Jason Compson IV,Caddy and Herbert's Wedding
232,Benjamin Compson,Caddy and Herbert's Wedding
233,Quentin Compson III,Caddy and Herbert's Wedding
234,T.P.,Caddy and Herbert's Wedding
235,Benjamin Compson,Benjamin attacks a girl and is castrated
236,Little girl (Benjy ran after),Benjamin attacks a girl and is castrated
237,Caroline Bascomb Compson,The Compson family visits the cemetery without Jason
238,Doctor,Benjamin attacks a girl and is castrated
239,Benjamin Compson,The Compson family visits the cemetery without Jason
240,T.P.,The Compson family visits the cemetery without Jason
241,Dilsey Gibson,The Compson family visits the cemetery without Jason
242,Roskus Gibson,Roskus dies
243,Dilsey Gibson,Roskus dies
244,Benjamin Compson,Benjamin's pasture sold so Quentin can go to Harvard
245,Quentin Compson III,Benjamin's pasture sold so Quentin can go to Harvard
246,Caroline Bascomb Compson,Benjamin's pasture sold so Quentin can go to Harvard
247,Jason Compson III,Benjamin's pasture sold so Quentin can go to Harvard
248,Jason Compson IV,Herbert Head promises Jason a bank job
249,Herbert Head,Herbert Head promises Jason a bank job
250,Quentin Compson III,Quentin commits suicide
251,Herbert Head,Herbert Head divorces Caddy
252,Caddy Compson,Herbert Head divorces Caddy
254,Herbert Head,Jason loses bank job
255,Jason Compson IV,Jason loses bank job
256,Caddy Compson,Jason loses bank job
257,Miss Quentin Compson,Quentin Jr. gets sent to live with the Compsons
258,Caddy Compson,Quentin Jr. gets sent to live with the Compsons
259,Caroline Bascomb Compson,Quentin Jr. gets sent to live with the Compsons
260,Jason Compson III,Quentin Jr. gets sent to live with the Compsons
261,Jason Compson IV,Quentin Jr. gets sent to live with the Compsons
262,Jason Compson III,Jason Compson III's funeral
263,Maury Bascomb,Jason Compson III's funeral
264,Caroline Bascomb Compson,Jason Compson III's funeral
265,Jason Compson IV,Jason Compson III's funeral
266,Caddy Compson,Jason Compson III's funeral
267,Grave diggers,Jason Compson III's funeral
268,Benjamin Compson,Jason Compson III's funeral
269,Dilsey Gibson,Jason Compson III's funeral
270,T.P.,Jason Compson III's funeral
271,Caddy Compson,Caddy pays Jason to see Quentin Jr.
272,Jason Compson IV,Caddy pays Jason to see Quentin Jr.
273,Caddy Compson,Dilsey lets Caddy see Quentin Jr. and Jason finds out because Benjy bellows
274,Dilsey Gibson,Dilsey lets Caddy see Quentin Jr. and Jason finds out because Benjy bellows
275,Miss Quentin Compson,Dilsey lets Caddy see Quentin Jr. and Jason finds out because Benjy bellows
276,Jason Compson IV,Dilsey lets Caddy see Quentin Jr. and Jason finds out because Benjy bellows
277,Benjamin Compson,Dilsey lets Caddy see Quentin Jr. and Jason finds out because Benjy bellows
278,Caddy Compson,Caddy visits Jason's office
279,Jason Compson IV,Caddy visits Jason's office
280,Caddy Compson,"Jason takes Caddy's money, forges a check, and gives it to his mother to burn"
281,Miss Quentin Compson,"Jason takes Caddy's money, forges a check, and gives it to his mother to burn"
282,Caroline Bascomb Compson,"Jason takes Caddy's money, forges a check, and gives it to his mother to burn"
283,Jason Compson IV,"Jason takes Caddy's money, forges a check, and gives it to his mother to burn"
284,Jason Compson IV,Jason chases Quentin and the band member with the red tie in his car
285,Miss Quentin Compson,Jason chases Quentin and the band member with the red tie in his car
286,Band member (that Quentin runs off with),Jason chases Quentin and the band member with the red tie in his car
287,Miss Quentin Compson,Quentin Jr. runs away
288,Band member (that Quentin runs off with),Quentin Jr. runs away
289,Dilsey Gibson,The Compsons discover Quentin is missing and Jason discovers his money is missing
290,Caroline Bascomb Compson,The Compsons discover Quentin is missing and Jason discovers his money is missing
291,Jason Compson IV,The Compsons discover Quentin is missing and Jason discovers his money is missing
292,Dilsey Gibson,"Dilsey, Frony, and Luster take Benjy to church"
293,Frony Gibson,"Dilsey, Frony, and Luster take Benjy to church"
294,Luster Gibson,"Dilsey, Frony, and Luster take Benjy to church"
295,Benjamin Compson,"Dilsey, Frony, and Luster take Benjy to church"
296,Reverend Shegog,"Dilsey, Frony, and Luster take Benjy to church"
297,Church-goers,"Dilsey, Frony, and Luster take Benjy to church"
298,Choir,"Dilsey, Frony, and Luster take Benjy to church"
299,Sheriff,The sheriff refuses to help Jason
300,Jason Compson IV,The sheriff refuses to help Jason
301,Jason Compson IV,Jason chases Quentin to Mottson and gets in a fight with the man wearing the dirty apron; he learns that Quentin is not there and goes home
302,Man (in a dirty apron),Jason chases Quentin to Mottson and gets in a fight with the man wearing the dirty apron; he learns that Quentin is not there and goes home
303,Man (who runs the show),Jason chases Quentin to Mottson and gets in a fight with the man wearing the dirty apron; he learns that Quentin is not there and goes home
304,Miss Quentin Compson,Jason chases Quentin to Mottson and gets in a fight with the man wearing the dirty apron; he learns that Quentin is not there and goes home
305,Band member (that Quentin runs off with),Jason chases Quentin to Mottson and gets in a fight with the man wearing the dirty apron; he learns that Quentin is not there and goes home
306,Luster Gibson,Luster drives Benjy an alternate route in the carriage and Jason attacks Luster
307,Benjamin Compson,Luster drives Benjy an alternate route in the carriage and Jason attacks Luster
308,Jason Compson IV,Luster drives Benjy an alternate route in the carriage and Jason attacks Luster
309,Quentin Compson III,Quentin sees Caddy and Dalton
310,Caddy Compson,Quentin sees Caddy and Dalton
311,Dalton Ames,Quentin sees Caddy and Dalton
312,Benjamin Compson,Quentin sees Caddy and Dalton
313,Quentin Compson III,Quentin confronts Caddy at the creek
314,Caddy Compson,Quentin confronts Caddy at the creek
315,Quentin Compson III,Quentin confronts Dalton
316,Dalton Ames,Quentin confronts Dalton
317,Caddy Compson,Quentin confronts Dalton
318,Quentin Compson III,Quentin tells his father he has committed incest
319,Jason Compson III,Quentin tells his father he has committed incest
320,Quentin Compson III,Quentin recieves Caddy and Herbert's wedding announcement
321,Shreve,Quentin recieves Caddy and Herbert's wedding announcement
322,Quentin Compson III,Quentin meets Herbert Head
323,Herbert Head,Quentin meets Herbert Head
324,Caddy Compson,Quentin meets Herbert Head
325,Caroline Bascomb Compson,Quentin meets Herbert Head
326,Quentin Compson III,The night before Caddy's wedding and Quentin confronts Herbert Head
327,Herbert Head,The night before Caddy's wedding and Quentin confronts Herbert Head
328,Caddy Compson,The night before Caddy's wedding and Quentin confronts Herbert Head
329,Cholly Breedlove,Cholly's Mother abandons him
330,Cholly's Mother,Cholly's Mother abandons him
331,Aunt Jimmy,Cholly's Mother abandons him
332,Aunt Jimmy,Aunt Jimmy passes away
333,Cholly Breedlove,Aunt Jimmy passes away
334,White man (flashlight),Cholly’s ‘rape’ by White men and the 'almost-rape’ of Darlene
335,White man (spirit lamp),Cholly’s ‘rape’ by White men and the 'almost-rape’ of Darlene
336,Darlene,Cholly’s ‘rape’ by White men and the 'almost-rape’ of Darlene
337,Cholly Breedlove,Cholly’s ‘rape’ by White men and the 'almost-rape’ of Darlene
338,Cholly Breedlove,"Cholly goes to find his Dad in Macon, and his Dad rejects him"
339,Samson Fuller (Cholly's Father),"Cholly goes to find his Dad in Macon, and his Dad rejects him"
340,Man (selling bus tickets),"Cholly goes to find his Dad in Macon, and his Dad rejects him"
341,'Fat Black Lady' (on the bus),"Cholly goes to find his Dad in Macon, and his Dad rejects him"
342,Old White-Haired Man,"Cholly goes to find his Dad in Macon, and his Dad rejects him"
343,Men (in the alley),"Cholly goes to find his Dad in Macon, and his Dad rejects him"
344,Pauline Breedlove,Pauline and Cholly meet
345,Cholly Breedlove,Pauline and Cholly meet
346,Pauline Breedlove,"Pauline and Cholly get married and move to Lorain, Ohio"
347,Cholly Breedlove,"Pauline and Cholly get married and move to Lorain, Ohio"
348,Pauline Breedlove,Sammy is born
349,Sammy Breedlove,Sammy is born
350,Pauline Breedlove,Pecola is born
351,Pecola Breedlove,Pecola is born
352,Pauline Breedlove,Pauline is 'educated' by the movies
353,Clark Gable,Pauline is 'educated' by the movies
354,Jean Harlow,Pauline is 'educated' by the movies
355,Pauline Breedlove,Pauline starts working for the Fishers
356,The little Fisher girl,Pauline starts working for the Fishers
357,Mr. Fisher,Pauline starts working for the Fishers
358,Mrs. Fisher,Pauline starts working for the Fishers
359,Pauline Breedlove,Pauline and Cholly fight (about coal)
360,Cholly Breedlove,Pauline and Cholly fight (about coal)
361,Sammy Breedlove,Pauline and Cholly fight (about coal)
362,Pecola Breedlove,Pauline and Cholly fight (about coal)
363,Pecola Breedlove,Pecola prays for blue eyes (each night)
364,Cholly Breedlove,Cholly burns down the Breedlove’s house
365,Pauline Breedlove,Cholly burns down the Breedlove’s house
366,Pecola Breedlove,Cholly burns down the Breedlove’s house
367,Sammy Breedlove,Cholly burns down the Breedlove’s house
368,Mr. Henry,Mr. Henry moves in with the Macteers
369,Claudia,Mr. Henry moves in with the Macteers
370,Frieda,Mr. Henry moves in with the Macteers
371,Mrs. MacTeer (Claudia's Mother),Mr. Henry moves in with the Macteers
372,Mr. MacTeer (Claudia's Father),Mr. Henry moves in with the Macteers
373,Pecola Breedlove,Pecola moves in with the Macteers
374,Claudia,Pecola moves in with the Macteers
375,Frieda,Pecola moves in with the Macteers
376,Mr. MacTeer (Claudia's Father),Pecola moves in with the Macteers
377,Mrs. MacTeer (Claudia's Mother),Pecola moves in with the Macteers
378,Pecola Breedlove,Pecola starts mensturating
379,Claudia,Pecola starts mensturating
380,Frieda,Pecola starts mensturating
381,Rosemary Villanucci,Pecola starts mensturating
382,Mrs. MacTeer (Claudia's Mother),Pecola starts mensturating
383,Maureen Peal,"Maureen Peal walks home with Claudia, Frieda, and Pecola"
384,Claudia,"Maureen Peal walks home with Claudia, Frieda, and Pecola"
385,Frieda,"Maureen Peal walks home with Claudia, Frieda, and Pecola"
386,Pecola Breedlove,"Maureen Peal walks home with Claudia, Frieda, and Pecola"
387,Bay Boy,"Maureen Peal walks home with Claudia, Frieda, and Pecola"
388,Woodrow Cain,"Maureen Peal walks home with Claudia, Frieda, and Pecola"
389,Buddy Wilson,"Maureen Peal walks home with Claudia, Frieda, and Pecola"
390,Junie Bug,"Maureen Peal walks home with Claudia, Frieda, and Pecola"
391,Louis Junior,Junior tricks Pecola and blames her for killing the cat
392,Geraldine,Junior tricks Pecola and blames her for killing the cat
393,Pecola Breedlove,Junior tricks Pecola and blames her for killing the cat
394,Mr. Henry,Mr. Henry assaults Frieda
395,Mr. MacTeer (Claudia's Father),Mr. Henry assaults Frieda
396,Mrs. MacTeer (Claudia's Mother),Mr. Henry assaults Frieda
397,Mr. Buford,Mr. Henry assaults Frieda
398,Rosemary Villanucci,Mr. Henry assaults Frieda
399,Mrs. Dunion,Mr. Henry assaults Frieda
400,Frieda,Mr. Henry assaults Frieda
401,Pecola Breedlove,Pecola knocks over her Mother’s cobbler at the Fisher’s house
402,Claudia,Pecola knocks over her Mother’s cobbler at the Fisher’s house
403,Frieda,Pecola knocks over her Mother’s cobbler at the Fisher’s house
404,Pauline Breedlove,Pecola knocks over her Mother’s cobbler at the Fisher’s house
405,The little Fisher girl,Pecola knocks over her Mother’s cobbler at the Fisher’s house
406,Cholly Breedlove,Cholly rapes Pecola and impregnates her
407,Pecola Breedlove,Cholly rapes Pecola and impregnates her
408,Pecola Breedlove,Pecola asks Soaphead Church for blue eyes
409,Soaphead Church,Pecola asks Soaphead Church for blue eyes
410,Cholly Breedlove,Cholly passes away
411,Pecola Breedlove,Pecola imagines herself a friend
412,Pecola Breedlove,Pecola loses her baby
413,Pecola's Baby,Pecola loses her baby
414,Mr. Bingley,Mr. Bingley comes to Netherfield
415,Mr. Darcy,Mr. Bingley comes to Netherfield
416,Other characters,Mr. Bingley comes to Netherfield
417,Mr. Darcy,Mr. Darcy snubs Elizabeth at the Meryton assembly
418,Elizabeth Bennet,Mr. Darcy snubs Elizabeth at the Meryton assembly
419,Other characters,Mr. Darcy snubs Elizabeth at the Meryton assembly
420,Elizabeth Bennet,Elizabeth goes to Netherfield to care for Jane
421,Jane Bennet,Elizabeth goes to Netherfield to care for Jane
422,Mr. Bingley,Elizabeth goes to Netherfield to care for Jane
423,Mr. Darcy,Elizabeth goes to Netherfield to care for Jane
424,Other characters,Elizabeth goes to Netherfield to care for Jane
425,Jane Bennet,Jane goes to Netherfield and gets sick
426,Mr. Bingley,Jane goes to Netherfield and gets sick
427,Mr. Darcy,Jane goes to Netherfield and gets sick
428,Other characters,Jane goes to Netherfield and gets sick
429,Elizabeth Bennet,Elizabeth meets Mr. Wickham
430,Mr. Wickham,Elizabeth meets Mr. Wickham
431,Jane Bennet,Elizabeth meets Mr. Wickham
432,Mr. Darcy,Elizabeth meets Mr. Wickham
433,Other characters,Elizabeth meets Mr. Wickham
434,Elizabeth Bennet,The Ball at Netherfield
435,Mr. Darcy,The Ball at Netherfield
436,Mr. Bingley,The Ball at Netherfield
437,Mr. Collins,The Ball at Netherfield
438,Jane Bennet,The Ball at Netherfield
439,Other characters,The Ball at Netherfield
440,Mr. Collins,Mr. Collins proposes to Elizabeth
441,Elizabeth Bennet,Mr. Collins proposes to Elizabeth
442,Mr. Bingley,The Bingleys leave Netherfield
443,Mr. Darcy,The Bingleys leave Netherfield
444,Jane Bennet,The Bingleys leave Netherfield
445,Other characters,The Bingleys leave Netherfield
446,Mr. Collins,Mr. Collins gets engaged to Charlotte Lucas
447,Other characters,Mr. Collins gets engaged to Charlotte Lucas
448,Jane Bennet,Jane goes to London with the Gardiners
449,Other characters,Jane goes to London with the Gardiners
450,Mr. Collins,Mr. Collins and Charlotte Lucas get married
451,Other characters,Mr. Collins and Charlotte Lucas get married
452,Elizabeth Bennet,Elizabeth visits the Collinses at Hunsford
453,Mr. Collins,Elizabeth visits the Collinses at Hunsford
454,Other characters,Elizabeth visits the Collinses at Hunsford
455,Mr. Darcy,Mr. Darcy and Colonel Fitzwilliam visit Rosings
456,Other characters,Mr. Darcy and Colonel Fitzwilliam visit Rosings
457,Elizabeth Bennet,Mr. Darcy proposes to Elizabeth
458,Mr. Darcy,Mr. Darcy proposes to Elizabeth
459,Mr. Darcy,Mr. Darcy explains everything in a letter
460,Elizabeth Bennet,Mr. Darcy explains everything in a letter
461,Mr. Wickham,Lydia runs away with Mr. Wickham
462,Other characters,Lydia runs away with Mr. Wickham
463,Mr. Darcy,Mr. Darcy settles things between Mr. Wickham and Lydia
464,Mr. Wickham,Mr. Darcy settles things between Mr. Wickham and Lydia
465,Other characters,Mr. Darcy settles things between Mr. Wickham and Lydia
466,Elizabeth Bennet,Elizabeth visits Pemberley
467,Mr. Darcy,Elizabeth visits Pemberley
468,Other characters,Elizabeth visits Pemberley
469,Other characters,Mr. Wickham marries Lydia
470,Mr. Wickham,Mr. Wickham marries Lydia
471,Mr. Darcy,Mr. Wickham marries Lydia
472,Other characters,Mr. Wickham marries Lydia
473,Mr. Bingley,Mr. Bingley and Mr. Darcy return to Netherfield
474,Mr. Darcy,Mr. Bingley and Mr. Darcy return to Netherfield
475,Mr. Bingley,Mr. Bingley and Jane get engaged
476,Jane Bennet,Mr. Bingley and Jane get engaged
477,Mr. Darcy,Elizabeth and Mr. Darcy get engaged
478,Elizabeth Bennet,Elizabeth and Mr. Darcy get engaged
479,Elizabeth Bennet,"Double wedding between Elizabeth and Mr. Darcy, Jane and Mr. Bingley"
480,Mr. Darcy,"Double wedding between Elizabeth and Mr. Darcy, Jane and Mr. Bingley"
481,Jane Bennet,"Double wedding between Elizabeth and Mr. Darcy, Jane and Mr. Bingley"
482,Mr. Bingley,"Double wedding between Elizabeth and Mr. Darcy, Jane and Mr. Bingley"
483,Other characters,"Double wedding between Elizabeth and Mr. Darcy, Jane and Mr. Bingley"
484,Mr. Darcy,"Mr. Darcy's father dies and Mr. Wickham asks for an ""immediate pecuniary advantage, in leiu of the preferment."""
485,Mr. Wickham,"Mr. Darcy's father dies and Mr. Wickham asks for an ""immediate pecuniary advantage, in leiu of the preferment."""
486,Other characters,"Mr. Darcy's father dies and Mr. Wickham asks for an ""immediate pecuniary advantage, in leiu of the preferment."""
487,Mr. Wickham,Mr. Wickham returns and asks for the living
488,Mr. Darcy,Mr. Wickham returns and asks for the living
489,Mr. Wickham,Mr. Wickham seduces and attempts to elope with Mr. Darcy's sister
490,Mr. Darcy,Mr. Wickham seduces and attempts to elope with Mr. Darcy's sister
491,Other characters,Mr. Wickham seduces and attempts to elope with Mr. Darcy's sister