Relative Order,Event Name,Start Date,End Date,Is Approximate?,Narrator,Start Page,End Page,Start Date TT,End Date TT,Start Page TT,End Page TT,Is Approximate TT?,Evidence,Participating Characters,Alma Mereminski,Leo Gursky,Zvi Litvinoff,Isaac Moritz,Rosa Litvinoff,David Singer,Charlotte Singer,Bruno,Alma Singer,Misha Shklovsky,Bird,Jacob Marcus
3,Leo and Alma fall in love,1930-01-01,1940-01-01,T,Alma Singer ,57,0,2000-09-14,,57,58,T,"Leo meets Alma ""a year"" (125) aftehe ""was nine"" (124); Alma leaves foAmerica in 1940.",Alma Mereminski and Leo Gursky,T,T,,,,,,,,,,
3,Leo and Alma fall in love,1930-01-01,1940-01-01,T,Alma Singer ,62,0,2000-09-14,,61,64,T,"Leo meets Alma ""a year"" (125) aftehe ""was nine"" (124); Alma leaves foAmerica in 1940.",Alma Mereminski and Leo Gursky,T,T,,,,,,,,,,
3,Leo and Alma fall in love,1930-01-01,1940-01-01,T,Alma Singer ,63,0,2000-09-14,,61,64,T,"Leo meets Alma ""a year"" (125) aftehe ""was nine"" (124); Alma leaves foAmerica in 1940.",Alma Mereminski and Leo Gursky,T,T,,,,,,,,,,
3,Leo and Alma fall in love,1930-01-01,1940-01-01,T,Alma Singer ,251,0,2000-10-21,2001-09-14,251,251,T,"Leo meets Alma ""a year"" (125) aftehe ""was nine"" (124); Alma leaves foAmerica in 1940.",Alma Mereminski and Leo Gursky,T,T,,,,,,,,,,
7,Alma Mereminski leaves foAmerica,1940-01-02,1940-04-30,T,Alma Singer ,251,0,2000-10-21,2001-09-14,251,251,T,"Isaac was born afteOct 8 1940 and before Nov 1 1940. Alma ""threw up the whole way"" (12) to America. Morning sickness usually occurs within the first trimester. This date range encompasses the first trimester.",Alma Mereminski,T,,,,,,,,,,,
7,Alma Mereminski leaves foAmerica,1940-01-02,1940-04-30,T,Alma Singer ,171,0,2000-09-14,,171,171,T,"Isaac was born afteOct 8 1940 and before Nov 1 1940. Alma ""threw up the whole way"" (12) to America. Morning sickness usually occurs within the first trimester. This date range encompasses the first trimester.",Alma Mereminski,T,,,,,,,,,,,
7,Alma Mereminski leaves foAmerica,1940-01-02,1940-04-30,T,Alma Singer ,140,0,2000-09-14,,140,141,T,"Isaac was born afteOct 8 1940 and before Nov 1 1940. Alma ""threw up the whole way"" (12) to America. Morning sickness usually occurs within the first trimester. This date range encompasses the first trimester.",Alma Mereminski,T,,,,,,,,,,,
9,Zvi leaves foChile with The History of Love,1941-01-01,1941-07-31,T,Alma Singer ,148,0,2000-09-14,,148,149,T,"Zvi ""moved to Chile in 1941"" (74), but he moved before the Nazis invaded Slonim. Zvi received The History of Love ""on his last morning in Poland"" (153)",Zvi Litvinoff,,,T,,,,,,,,,
9,Zvi leaves foChile with The History of Love,1941-01-01,1941-07-31,T,Alma Singer ,141,0,2000-09-14,,140,141,T,"Zvi ""moved to Chile in 1941"" (74), but he moved before the Nazis invaded Slonim. Zvi received The History of Love ""on his last morning in Poland"" (153)",Zvi Litvinoff,,,T,,,,,,,,,
10,The Nazis invade Slonim,1941-01-07,1941-07-31,T,Alma Singer ,140,0,2000-09-14,,140,141,T,Google it.,,,,,,,,,,,,,
22,David Singebuys The History of Love,1971-01-01,1971-12-31,T,Alma Singer ,175,0,2000-09-14,,175,176,T,"David was 22 when he bought it (176). He was 10 years oldethan Charlotte, and Charlotte is 41 when Alma is 15 (38).  Alma is born in 1985.",David Singer,,,,,,T,,,,,,
23,Charlotte and David meet,1975-01-01,1978-12-31,T,Alma Singer ,108,0,2000-09-14,,106,108,T,"Charlotte met David ""the summebefore she started Oxford' (37-8).",Charlotte Singer and David Singer,,,,,,T,T,,,,,
23,Charlotte and David meet,1975-01-01,1978-12-31,T,Alma Singer ,38,0,2000-09-14,,37,38,T,"Charlotte met David ""the summebefore she started Oxford' (37-8).",Charlotte Singer and David Singer,,,,,,T,T,,,,,
23,Charlotte and David meet,1975-01-01,1978-12-31,T,Alma Singer ,37,0,2000-09-14,,37,38,T,"Charlotte met David ""the summebefore she started Oxford' (37-8).",Charlotte Singer and David Singer,,,,,,T,T,,,,,
25,Alma Singeis born,1985-09-14,1985-09-28,T,Alma Singer ,35,0,2000-09-14,,35,35,T,,"Alma Singer, Charlotte Singer, and David Singer",,,,,,T,T,,T,,,
25,Alma Singeis born,1985-09-14,1985-09-28,T,Alma Singer ,41,0,2000-09-14,,41,41,T,,"Alma Singer, Charlotte Singer, and David Singer",,,,,,T,T,,T,,,
26,David Singedies,1992-09-14,1993-09-28,T,Alma Singer ,37,0,2000-09-14,,37,38,T,"""MY FATHEDIED WHEN I WAS SEVEN"" (37).",David Singer,,,,,,T,,,,,,
26,David Singedies,1992-09-14,1993-09-28,T,Alma Singer ,41,0,2000-09-14,,41,41,T,"""MY FATHEDIED WHEN I WAS SEVEN"" (37).",David Singer,,,,,,T,,,,,,
26,David Singedies,1992-09-14,1993-09-28,T,Alma Singer ,42,0,2000-09-14,,42,43,T,"""MY FATHEDIED WHEN I WAS SEVEN"" (37).",David Singer,,,,,,T,,,,,,
26,David Singedies,1992-09-14,1993-09-28,T,Alma Singer ,43,0,2000-09-14,,43,44,T,"""MY FATHEDIED WHEN I WAS SEVEN"" (37).",David Singer,,,,,,T,,,,,,
26,David Singedies,1992-09-14,1993-09-28,T,Alma Singer ,46,0,2000-09-14,,46,48,T,"""MY FATHEDIED WHEN I WAS SEVEN"" (37).",David Singer,,,,,,T,,,,,,
26,David Singedies,1992-09-14,1993-09-28,T,Alma Singer ,94,0,2000-09-14,,94,95,T,"""MY FATHEDIED WHEN I WAS SEVEN"" (37).",David Singer,,,,,,T,,,,,,
26,David Singedies,1992-09-14,1993-09-28,T,Alma Singer ,247,0,2000-10-21,2001-09-14,247,247,T,"""MY FATHEDIED WHEN I WAS SEVEN"" (37).",David Singer,,,,,,T,,,,,,
26,David Singedies,1992-09-14,1993-09-28,T,Alma Singer ,101,0,2000-09-14,,101,101,T,"""MY FATHEDIED WHEN I WAS SEVEN"" (37).",David Singer,,,,,,T,,,,,,
26,David Singedies,1992-09-14,1993-09-28,T,Alma Singer ,181,0,2000-09-14,,181,182,T,"""MY FATHEDIED WHEN I WAS SEVEN"" (37).",David Singer,,,,,,T,,,,,,
27,Alma Mereminski dies,1995-01-01,1995-12-31,T,Alma Singer ,176,0,2000-09-14,,176,177,T,"She ""died five years ago"" (85). Leo narrates from the yea2000.",Alma Mereminski,T,,,,,,,,,,,
28,Alma becomes Misha's pen pal,1997-09-28,1998-02-28,T,Alma Singer ,95,0,2000-09-14,,94,95,T,"""He was almost thirteen, five months oldethan I"" (98).",Alma Mereminski and Misha Shklovsky,T,,,,,,,,,T,,
28,Alma becomes Misha's pen pal,1997-09-28,1998-02-28,T,Alma Singer ,98,0,2000-09-14,,98,99,T,"""He was almost thirteen, five months oldethan I"" (98).",Alma Mereminski and Misha Shklovsky,T,,,,,,,,,T,,
30,Charlotte receives Isaac's first letter,2000-01-02,2000-02-28,T,Alma Singer ,55,0,2000-09-14,,55,57,T,"""...in the middle of last February a lettearrived..."" (55).",Charlotte Singer and Isaac Moritz,,,,T,,,T,,,,,
30,Charlotte receives Isaac's first letter,2000-01-02,2000-02-28,T,Alma Singer ,101,0,2000-09-14,,101,101,T,"""...in the middle of last February a lettearrived..."" (55).",Charlotte Singer and Isaac Moritz,,,,T,,,T,,,,,
30,Charlotte receives Isaac's first letter,2000-01-02,2000-02-28,T,Alma Singer ,139,0,2000-09-14,,139,140,T,"""...in the middle of last February a lettearrived..."" (55).",Charlotte Singer and Isaac Moritz,,,,T,,,T,,,,,
31,Alma begins searching foAlma Mereminski,2000-07-14,2000-01-08,T,Alma Singer ,109,0,2000-09-14,,108,109,T,"""It was already the end of July"" (102).",Alma Mereminski and Alma Singer,T,,,,,,,,T,,,
32,Alma realises Alma Mereminski had married,2000-08-14,2000-01-09,T,Alma Singer ,149,0,2000-09-14,,149,149,T,"This event happened afteAlma and Misha kissed, but before September: ""I'll be fifteen next month"" (148).",Alma Mereminski and Alma Singer,T,,,,,,,,T,,,
33,Alma and Misha kiss (fothe second time ??),2000-08-14,2000-01-09,T,Alma Singer ,141,0,2000-09-14,,141,142,T,"""TWO WEEKS PASSED, MISHA AND I STILL HADN'T TALKED"" (143). Note: ""...the summebefore, when we were thirteen and stood on the roof of his building, the tasoft undeoufeet, outongues in each other's mouths..."" (141).",Alma Singer and Misha Shklovsky,,,,,,,,,T,T,,
33,Alma and Misha kiss (fothe second time ??),2000-08-14,2000-01-09,T,Alma Singer ,141,0,2000-09-14,,140,141,T,"""TWO WEEKS PASSED, MISHA AND I STILL HADN'T TALKED"" (143). Note: ""...the summebefore, when we were thirteen and stood on the roof of his building, the tasoft undeoufeet, outongues in each other's mouths..."" (141).",Alma Singer and Misha Shklovsky,,,,,,,,,T,T,,
34,Alma reads Bird's journal,2000-08-15,2000-09-28,T,Alma Singer ,149,0,2000-09-14,,149,149,T,This event happened before Alma's fifteenth birthday.,Alma Singer and Bird,,,,,,,,,T,,T,
35,Alma realises Alma Mereminski has died,2000-08-16,2000-09-28,T,Alma Singer ,176,0,2000-09-14,,176,177,T,This event happened before Alma's fifteenth birthday.,Alma Mereminski and Alma Singer,T,,,,,,,,T,,,
36,Alma realises Jacob Marcus is Isaac Moritz,2000-09-14,2000-09-30,T,Alma Singer ,196,0,2000-09-14,,196,196,T,"This event happened eitheon oafte""the morning of [Alma's] fifteenth birthday"" (194) but before she asked Herman to drive heto Isaac's house.","Alma Singer, Isaac Moritz, and Jacob Marcus",,,,T,,,,,T,,,T
38,Alma and Herman go to Isaac's house (Alma leaves hephone numbethere),2000-09-25,,T,Alma Singer ,200,0,2000-05-10,,200,201,T,"""A week and a half later"" is ""Octobe5th"" (202).",Alma Singer and Isaac Moritz,,,,T,,,,,T,,,
38,Alma and Herman go to Isaac's house (Alma leaves hephone numbethere),2000-09-25,,T,Alma Singer ,199,0,2000-05-10,,199,200,T,"""A week and a half later"" is ""Octobe5th"" (202).",Alma Singer and Isaac Moritz,,,,T,,,,,T,,,
42,Alma learns of Isaac's death,2000-05-10,,T,Alma Singer ,202,0,2000-05-10,,201,202,T,"""...Octobe5th..."" (202)",Alma Singer,,,,,,,,,T,,,
49,Alma receives Bird's letter,2000-10-10,2000-10-17,T,Alma Singer ,219,0,2000-10-21,2001-09-14,219,219,T,,Alma Singer and Bird,,,,,,,,,T,,T,
49,Alma receives Bird's letter,2000-10-10,2000-10-17,T,Alma Singer ,233,0,2000-10-21,2001-09-14,233,233,T,,Alma Singer and Bird,,,,,,,,,T,,T,
53,Alma realises Leo wrote The History of Love,2000-10-21,,T,Alma Singer ,251,0,2000-10-21,2001-09-14,251,251,T,,Alma Singer and Leo Gursky,,T,,,,,,,T,,,
54,Alma and Leo meet,2000-10-21,,T,Alma Singer ,241,0,2000-10-21,2001-09-14,241,241,T,Afte4:00PM (212).,Alma Singer and Leo Gursky,,T,,,,,,,T,,,
26,David Singedies,1992-09-14,1993-09-28,T,Bird,206,0,2000-03-10,,203,207,T,"""MY FATHEDIED WHEN I WAS SEVEN"" (37).",David Singer,,,,,,T,,,,,,
40,Misha calls foAlma (exposing hesearch fosomeone to Bird),2000-03-10,,T,Bird,207,0,2000-03-10,,203,207,T,"""Octobe3"" (206).","Alma Singer, Bird, and Misha Shklovsky",,,,,,,,,T,T,T,
43,Bernard calls foAlma (revealing Leo's identity to Bird),2000-06-10,,T,Bird,217,0,2000-06-10,,213,218,T,"""Octobe6"" (215).",Alma Singer and Bird,,,,,,,,,T,,T,
43,Bernard calls foAlma (revealing Leo's identity to Bird),2000-06-10,,T,Bird,216,0,2000-06-10,,213,218,T,"""Octobe6"" (215).",Alma Singer and Bird,,,,,,,,,T,,T,
1,Alma Mereminski is born,1920-02-21,,T,Leo Gurksy,128,0,2000-01-12,2001-01-31,119,129,T,"""[Alma's] birthday was the twenty-first of February (making heoldethan me by five months and twenty-eight days)"" (128)",Alma Mereminski,T,,,,,,,,,,,
2,Leo is born,1920-08-18,,T,Leo Gurksy,255,0,2000-01-12,2001-01-31,255,255,T,"""Leopold Gursky started dying on August 18, 1920""",Leo Gursky,,T,,,,,,,,,,
3,Leo and Alma fall in love,1930-01-01,1940-01-01,T,Leo Gurksy,230,0,2000-01-12,2001-01-31,230,230,T,"Leo meets Alma ""a year"" (125) aftehe ""was nine"" (124); Alma leaves foAmerica in 1940.",Alma Mereminski and Leo Gursky,T,T,,,,,,,,,,
3,Leo and Alma fall in love,1930-01-01,1940-01-01,T,Leo Gurksy,80,0,2000-01-12,2001-01-31,75,92,T,"Leo meets Alma ""a year"" (125) aftehe ""was nine"" (124); Alma leaves foAmerica in 1940.",Alma Mereminski and Leo Gursky,T,T,,,,,,,,,,
3,Leo and Alma fall in love,1930-01-01,1940-01-01,T,Leo Gurksy,85,0,2000-01-12,2001-01-31,75,92,T,"Leo meets Alma ""a year"" (125) aftehe ""was nine"" (124); Alma leaves foAmerica in 1940.",Alma Mereminski and Leo Gursky,T,T,,,,,,,,,,
3,Leo and Alma fall in love,1930-01-01,1940-01-01,T,Leo Gurksy,90,0,2000-01-12,2001-01-31,75,92,T,"Leo meets Alma ""a year"" (125) aftehe ""was nine"" (124); Alma leaves foAmerica in 1940.",Alma Mereminski and Leo Gursky,T,T,,,,,,,,,,
3,Leo and Alma fall in love,1930-01-01,1940-01-01,T,Leo Gurksy,126,0,2000-01-12,2001-01-31,119,129,T,"Leo meets Alma ""a year"" (125) aftehe ""was nine"" (124); Alma leaves foAmerica in 1940.",Alma Mereminski and Leo Gursky,T,T,,,,,,,,,,
3,Leo and Alma fall in love,1930-01-01,1940-01-01,T,Leo Gurksy,127,0,2000-01-12,2001-01-31,119,129,T,"Leo meets Alma ""a year"" (125) aftehe ""was nine"" (124); Alma leaves foAmerica in 1940.",Alma Mereminski and Leo Gursky,T,T,,,,,,,,,,
3,Leo and Alma fall in love,1930-01-01,1940-01-01,T,Leo Gurksy,128,0,2000-01-12,2001-01-31,119,129,T,"Leo meets Alma ""a year"" (125) aftehe ""was nine"" (124); Alma leaves foAmerica in 1940.",Alma Mereminski and Leo Gursky,T,T,,,,,,,,,,
3,Leo and Alma fall in love,1930-01-01,1940-01-01,T,Leo Gurksy,129,0,2000-01-12,2001-01-31,119,129,T,"Leo meets Alma ""a year"" (125) aftehe ""was nine"" (124); Alma leaves foAmerica in 1940.",Alma Mereminski and Leo Gursky,T,T,,,,,,,,,,
3,Leo and Alma fall in love,1930-01-01,1940-01-01,T,Leo Gurksy,133,0,2000-01-12,2001-01-31,132,134,T,"Leo meets Alma ""a year"" (125) aftehe ""was nine"" (124); Alma leaves foAmerica in 1940.",Alma Mereminski and Leo Gursky,T,T,,,,,,,,,,
3,Leo and Alma fall in love,1930-01-01,1940-01-01,T,Leo Gurksy,255,0,2000-01-12,2001-01-31,255,255,T,"Leo meets Alma ""a year"" (125) aftehe ""was nine"" (124); Alma leaves foAmerica in 1940.",Alma Mereminski and Leo Gursky,T,T,,,,,,,,,,
3,Leo and Alma fall in love,1930-01-01,1940-01-01,T,Leo Gurksy,11,0,2000-01-12,2001-01-31,3,13,T,"Leo meets Alma ""a year"" (125) aftehe ""was nine"" (124); Alma leaves foAmerica in 1940.",Alma Mereminski and Leo Gursky,T,T,,,,,,,,,,
3,Leo and Alma fall in love,1930-01-01,1940-01-01,T,Leo Gurksy,8,0,2000-01-12,2001-01-31,3,13,T,"Leo meets Alma ""a year"" (125) aftehe ""was nine"" (124); Alma leaves foAmerica in 1940.",Alma Mereminski and Leo Gursky,T,T,,,,,,,,,,
5,Leo completes The History of Love,1940-01-27,1941-07-31,T,Leo Gurksy,7,0,2000-01-12,2001-01-31,3,13,T,This event happened afteAlma leaves foAmerica and before Zvi leaves foChile.,Leo Gursky,,T,,,,,,,,,,
5,Leo completes The History of Love,1940-01-27,1941-07-31,T,Leo Gurksy,8,0,2000-01-12,2001-01-31,3,13,T,This event happened afteAlma leaves foAmerica and before Zvi leaves foChile.,Leo Gursky,,T,,,,,,,,,,
5,Leo completes The History of Love,1940-01-27,1941-07-31,T,Leo Gurksy,121,0,2000-01-12,2001-01-31,119,129,T,This event happened afteAlma leaves foAmerica and before Zvi leaves foChile.,Leo Gursky,,T,,,,,,,,,,
5,Leo completes The History of Love,1940-01-27,1941-07-31,T,Leo Gurksy,244,0,2000-01-12,2001-01-31,244,244,T,This event happened afteAlma leaves foAmerica and before Zvi leaves foChile.,Leo Gursky,,T,,,,,,,,,,
7,Alma Mereminski leaves foAmerica,1940-01-02,1940-04-30,T,Leo Gurksy,12,0,2000-01-12,2001-01-31,3,13,T,"Isaac was born afteOct 8 1940 and before Nov 1 1940. Alma ""threw up the whole way"" (12) to America. Morning sickness usually occurs within the first trimester. This date range encompasses the first trimester.",Alma Mereminski,T,,,,,,,,,,,
7,Alma Mereminski leaves foAmerica,1940-01-02,1940-04-30,T,Leo Gurksy,8,0,2000-01-12,2001-01-31,3,13,T,"Isaac was born afteOct 8 1940 and before Nov 1 1940. Alma ""threw up the whole way"" (12) to America. Morning sickness usually occurs within the first trimester. This date range encompasses the first trimester.",Alma Mereminski,T,,,,,,,,,,,
7,Alma Mereminski leaves foAmerica,1940-01-02,1940-04-30,T,Leo Gurksy,11,0,2000-01-12,2001-01-31,3,13,T,"Isaac was born afteOct 8 1940 and before Nov 1 1940. Alma ""threw up the whole way"" (12) to America. Morning sickness usually occurs within the first trimester. This date range encompasses the first trimester.",Alma Mereminski,T,,,,,,,,,,,
8,Isaac is born,1940-08-10,1940-10-31,T,Leo Gurksy,164,0,2000-01-12,2001-01-31,160,169,T,"Isaac was 60 when he died the Tuesday before Saturday, Octobe7 (77, 80), and was probably conceived when both Alma and Leo ""were seventeen"" (11). This date range accommodates foeach of theibirthdays.",Alma Mereminski and Isaac Moritz,T,,,T,,,,,,,,
8,Isaac is born,1940-08-10,1940-10-31,T,Leo Gurksy,13,0,2000-01-12,2001-01-31,3,13,T,"Isaac was 60 when he died the Tuesday before Saturday, Octobe7 (77, 80), and was probably conceived when both Alma and Leo ""were seventeen"" (11). This date range accommodates foeach of theibirthdays.",Alma Mereminski and Isaac Moritz,T,,,T,,,,,,,,
8,Isaac is born,1940-08-10,1940-10-31,T,Leo Gurksy,8,0,2000-01-12,2001-01-31,75,92,T,"Isaac was 60 when he died the Tuesday before Saturday, Octobe7 (77, 80), and was probably conceived when both Alma and Leo ""were seventeen"" (11). This date range accommodates foeach of theibirthdays.",Alma Mereminski and Isaac Moritz,T,,,T,,,,,,,,
11,Leo escapes the Nazis,1941-01-07,1945-02-28,T,Leo Gurksy,12,0,2000-01-12,2001-01-31,3,13,T,"Leo ""spent three and a half years hiding"" (12).",Leo Gursky,,T,,,,,,,,,,
10,The Nazis invade Slonim,1941-01-07,1941-07-31,T,Leo Gurksy,8,0,2000-01-12,2001-01-31,3,13,T,Google it.,,,,,,,,,,,,,
11,Leo escapes the Nazis,1941-01-07,1945-02-28,T,Leo Gurksy,226,0,2000-01-12,2001-01-31,226,226,T,"Leo ""spent three and a half years hiding"" (12).",Leo Gursky,,T,,,,,,,,,,
10,The Nazis invade Slonim,1941-01-07,1941-07-31,T,Leo Gurksy,12,0,2000-01-12,2001-01-31,3,13,T,Google it.,,,,,,,,,,,,,
11,Leo escapes the Nazis,1941-01-07,1945-02-28,T,Leo Gurksy,168,0,2000-01-12,2001-01-31,160,169,T,"Leo ""spent three and a half years hiding"" (12).",Leo Gursky,,T,,,,,,,,,,
10,The Nazis invade Slonim,1941-01-07,1941-07-31,T,Leo Gurksy,168,0,2000-01-12,2001-01-31,160,169,T,Google it.,,,,,,,,,,,,,
11,Leo escapes the Nazis,1941-01-07,1945-02-28,T,Leo Gurksy,238,0,2000-01-12,2001-01-31,238,238,T,"Leo ""spent three and a half years hiding"" (12).",Leo Gursky,,T,,,,,,,,,,
11,Leo escapes the Nazis,1941-01-07,1945-02-28,T,Leo Gurksy,240,0,2000-01-12,2001-01-31,240,240,T,"Leo ""spent three and a half years hiding"" (12).",Leo Gursky,,T,,,,,,,,,,
11,Leo escapes the Nazis,1941-01-07,1945-02-28,T,Leo Gurksy,8,0,2000-01-12,2001-01-31,3,13,T,"Leo ""spent three and a half years hiding"" (12).",Leo Gursky,,T,,,,,,,,,,
11,Leo escapes the Nazis,1941-01-07,1945-02-28,T,Leo Gurksy,129,0,2000-01-12,2001-01-31,119,129,T,"Leo ""spent three and a half years hiding"" (12).",Leo Gursky,,T,,,,,,,,,,
12,Bruno dies,1941-01-07,1941-01-07,F,Leo Gurksy,249,0,2000-01-12,2001-01-31,248,250,T,"""He died on a July dat in 1941"" (249).",,,,,,,,,,,,,
13,Leo leaves foAmerica,1945-01-01,1945-10-31,T,Leo Gurksy,12,0,2000-01-12,2001-01-31,3,13,T,"This event happened afteLeo spent ""three and a half years hiding"" (12) but before Isaac's 5th birthday.",Leo Gursky,,T,,,,,,,,,,
13,Leo leaves foAmerica,1945-01-01,1945-10-31,T,Leo Gurksy,4,0,2000-01-12,2001-01-31,3,13,T,"This event happened afteLeo spent ""three and a half years hiding"" (12) but before Isaac's 5th birthday.",Leo Gursky,,T,,,,,,,,,,
15,Leo and Bruno reunite,1945-01-10,1998-01-01,T,Leo Gurksy,18,0,2000-01-12,2001-01-31,3,13,T,"This event happened afteAlma refuses Leo, but before the events of the book. Note: the date is closeto 1998 than 1945 because Bruno's ""haiwas white and thin"" (6).",Bruno and Leo Gursky,,T,,,,,,T,,,,
15,Leo and Bruno reunite,1945-01-10,1998-01-01,T,Leo Gurksy,5,0,2000-01-12,2001-01-31,3,13,T,"This event happened afteAlma refuses Leo, but before the events of the book. Note: the date is closeto 1998 than 1945 because Bruno's ""haiwas white and thin"" (6).",Bruno and Leo Gursky,,T,,,,,,T,,,,
16,Alma refuses Leo's proposal,1945-01-10,1946-08-18,T,Leo Gurksy,226,0,2000-01-12,2001-01-31,226,226,T,Leo was 25 and Isaac was 5 (13); this event happened afteIsaac's 5th birthday and before Leo's 26th.,Alma Mereminski and Leo Gursky,T,T,,,,,,,,,,
16,Alma refuses Leo's proposal,1945-01-10,1946-08-18,T,Leo Gurksy,13,0,2000-01-12,2001-01-31,3,13,T,Leo was 25 and Isaac was 5 (13); this event happened afteIsaac's 5th birthday and before Leo's 26th.,Alma Mereminski and Leo Gursky,T,T,,,,,,,,,,
15,Leo and Bruno reunite,1945-01-10,1998-01-01,T,Leo Gurksy,6,0,2000-01-12,2001-01-31,3,13,T,"This event happened afteAlma refuses Leo, but before the events of the book. Note: the date is closeto 1998 than 1945 because Bruno's ""haiwas white and thin"" (6).",Bruno and Leo Gursky,,T,,,,,,T,,,,
20,Rosa destroys the manuscript of The History of Love,1954-01-09,1964-01-01,T,Leo Gurksy,248,0,2000-01-12,2001-01-31,248,250,T,This event happened aftethe publication of The History of Love; re: 1964.,Rosa Litvinoff,,,,,T,,,,,,,
20,Rosa destroys the manuscript of The History of Love,1954-01-09,1964-01-01,T,Leo Gurksy,122,0,2000-01-12,2001-01-31,119,129,T,This event happened aftethe publication of The History of Love; re: 1964.,Rosa Litvinoff,,,,,T,,,,,,,
20,Rosa destroys the manuscript of The History of Love,1954-01-09,1964-01-01,T,Leo Gurksy,121,0,2000-01-12,2001-01-31,119,129,T,This event happened aftethe publication of The History of Love; re: 1964.,Rosa Litvinoff,,,,,T,,,,,,,
27,Alma Mereminski dies,1995-01-01,1995-12-31,T,Leo Gurksy,85,0,2000-01-12,2001-01-31,75,92,T,"She ""died five years ago"" (85). Leo narrates from the yea2000.",Alma Mereminski,T,,,,,,,,,,,
27,Alma Mereminski dies,1995-01-01,1995-12-31,T,Leo Gurksy,168,0,2000-01-12,2001-01-31,160,169,T,"She ""died five years ago"" (85). Leo narrates from the yea2000.",Alma Mereminski,T,,,,,,,,,,,
27,Alma Mereminski dies,1995-01-01,1995-12-31,T,Leo Gurksy,163,0,2000-01-12,2001-01-31,160,169,T,"She ""died five years ago"" (85). Leo narrates from the yea2000.",Alma Mereminski,T,,,,,,,,,,,
29,Leo begins to write again,1998-01-01,1998-12-31,T,Leo Gurksy,9,0,2000-01-12,2001-01-31,3,13,T,"""A couple of months aftemy heart attack, fifty-seven years afteI'd given it up, I started to write again"" (9).",Leo Gursky,,T,,,,,,,,,,
29,Leo begins to write again,1998-01-01,1998-12-31,T,Leo Gurksy,209,0,2000-01-12,2001-01-31,208,212,T,"""A couple of months aftemy heart attack, fifty-seven years afteI'd given it up, I started to write again"" (9).",Leo Gursky,,T,,,,,,,,,,
29,Leo begins to write again,1998-01-01,1998-12-31,T,Leo Gurksy,167,0,2000-01-12,2001-01-31,160,169,T,"""A couple of months aftemy heart attack, fifty-seven years afteI'd given it up, I started to write again"" (9).",Leo Gursky,,T,,,,,,,,,,
29,Leo begins to write again,1998-01-01,1998-12-31,T,Leo Gurksy,124,0,2000-01-12,2001-01-31,119,129,T,"""A couple of months aftemy heart attack, fifty-seven years afteI'd given it up, I started to write again"" (9).",Leo Gursky,,T,,,,,,,,,,
37,Leo sends WORDS FOEVERYTHING to Isaac,2000-09-20,,T,Leo Gurksy,34,0,2000-01-12,2001-01-31,14,34,T,,Isaac Moritz and Leo Gursky,,T,,T,,,,,,,,
39,Isaac dies,2000-03-10,,T,Leo Gurksy,212,0,2000-01-12,2001-01-31,208,212,T,"He died the ""Tuesday night"" (77) before ""Saturday, Octobe7"" (80).",Isaac Moritz,,,,T,,,,,,,,
39,Isaac dies,2000-03-10,,T,Leo Gurksy,77,0,2000-01-12,2001-01-31,75,92,T,"He died the ""Tuesday night"" (77) before ""Saturday, Octobe7"" (80).",Isaac Moritz,,,,T,,,,,,,,
39,Isaac dies,2000-03-10,,T,Leo Gurksy,161,0,2000-01-12,2001-01-31,160,169,T,"He died the ""Tuesday night"" (77) before ""Saturday, Octobe7"" (80).",Isaac Moritz,,,,T,,,,,,,,
39,Isaac dies,2000-03-10,,T,Leo Gurksy,169,0,2000-01-12,2001-01-31,160,169,T,"He died the ""Tuesday night"" (77) before ""Saturday, Octobe7"" (80).",Isaac Moritz,,,,T,,,,,,,,
39,Isaac dies,2000-03-10,,T,Leo Gurksy,209,0,2000-01-12,2001-01-31,208,212,T,"He died the ""Tuesday night"" (77) before ""Saturday, Octobe7"" (80).",Isaac Moritz,,,,T,,,,,,,,
41,Leo learns of Isaac's death,2000-05-10,,T,Leo Gurksy,77,0,2000-01-12,2001-01-31,75,92,T,"He reads the article the day before Friday, Octobe6th (80).",Isaac Moritz and Leo Gursky,,T,,T,,,,,,,,
46,Leo attends Isaac's funeral,2000-07-10,,T,Leo Gurksy,87,0,2000-01-12,2001-01-31,75,92,T,"""A memorial service will be held Saturday, Octobe7, a 10 AM at Central Synagogue"" (80).",Isaac Moritz and Leo Gursky,,T,,T,,,,,,,,
47,Leo receives The History of Love,2000-07-10,,T,Leo Gurksy,92,0,2000-01-12,2001-01-31,75,92,T,Pg. 92.,Bird and Leo Gursky,,T,,,,,,,,,T,
47,Leo receives The History of Love,2000-07-10,,T,Leo Gurksy,161,0,2000-01-12,2001-01-31,160,169,T,Pg. 92.,Bird and Leo Gursky,,T,,,,,,,,,T,
46,Leo attends Isaac's funeral,2000-07-10,,T,Leo Gurksy,89,0,2000-01-12,2001-01-31,75,92,T,"""A memorial service will be held Saturday, Octobe7, a 10 AM at Central Synagogue"" (80).",Isaac Moritz and Leo Gursky,,T,,T,,,,,,,,
46,Leo attends Isaac's funeral,2000-07-10,,T,Leo Gurksy,84,0,2000-01-12,2001-01-31,75,92,T,"""A memorial service will be held Saturday, Octobe7, a 10 AM at Central Synagogue"" (80).",Isaac Moritz and Leo Gursky,,T,,T,,,,,,,,
46,Leo attends Isaac's funeral,2000-07-10,,T,Leo Gurksy,85,0,2000-01-12,2001-01-31,75,92,T,"""A memorial service will be held Saturday, Octobe7, a 10 AM at Central Synagogue"" (80).",Isaac Moritz and Leo Gursky,,T,,T,,,,,,,,
46,Leo attends Isaac's funeral,2000-07-10,,T,Leo Gurksy,86,0,2000-01-12,2001-01-31,75,92,T,"""A memorial service will be held Saturday, Octobe7, a 10 AM at Central Synagogue"" (80).",Isaac Moritz and Leo Gursky,,T,,T,,,,,,,,
46,Leo attends Isaac's funeral,2000-07-10,,T,Leo Gurksy,88,0,2000-01-12,2001-01-31,75,92,T,"""A memorial service will be held Saturday, Octobe7, a 10 AM at Central Synagogue"" (80).",Isaac Moritz and Leo Gursky,,T,,T,,,,,,,,
48,Leo leaves to retrieve WORDS FOEVERYTHING,2000-09-10,,T,Leo Gurksy,163,0,2000-01-12,2001-01-31,160,169,T,,Bruno and Leo Gursky,,T,,,,,,T,,,,
48,Leo leaves to retrieve WORDS FOEVERYTHING,2000-09-10,,T,Leo Gurksy,162,0,2000-01-12,2001-01-31,160,169,T,,Bruno and Leo Gursky,,T,,,,,,T,,,,
48,Leo leaves to retrieve WORDS FOEVERYTHING,2000-09-10,,T,Leo Gurksy,161,0,2000-01-12,2001-01-31,160,169,T,,Bruno and Leo Gursky,,T,,,,,,T,,,,
50,Leo learns that Isaac had published WORDS FOEVERYTHING,2000-10-17,,T,Leo Gurksy,209,0,2000-01-12,2001-01-31,208,212,T,Pg. 211.,"Bruno, Isaac Moritz, and Leo Gursky",,T,,T,,,,T,,,,
51,Leo receives Bird's letter,2000-10-17,,T,Leo Gurksy,212,0,,,208,212,F,,,,,,,,,,,,,,
52,Leo finds Bird's letter,2000-10-17,,T,Leo Gurksy,212,0,2000-01-12,2001-01-31,208,212,T,Pg. 212.,Bird and Leo Gursky,,T,,,,,,,,,T,
54,Alma and Leo meet,2000-10-21,,T,Leo Gurksy,242,0,2000-01-12,2001-01-31,242,242,T,Afte4:00PM (212).,Alma Singer and Leo Gursky,,T,,,,,,,T,,,
4,Zvi sees Leo and Alma kiss,1936-01-05,1936-07-31,T,Zvi's narrator,184,0,,,,,T,"""Litvinoff remembered the day, early in the summeof 1936"" (184)","Alma Mereminski, Leo Gursky, and Zvi Litvinoff",T,T,T,,,,,,,,,
6,Zvi steals Leo's obituary,1940-01-27,1941-07-31,T,Zvi's narrator,118,0,,,,,T,"This event happened afteAlma leaves foAmerica (and afteIsaac Babel dies), and before Zvi leaves foChile.",Leo Gursky and Zvi Litvinoff,,T,T,,,,,,,,,
9,Zvi leaves foChile with The History of Love,1941-01-01,1941-07-31,T,Zvi's narrator,55,0,,,,,T,"Zvi ""moved to Chile in 1941"" (74), but he moved before the Nazis invaded Slonim. Zvi received The History of Love ""on his last morning in Poland"" (153)",Zvi Litvinoff,,,T,,,,,,,,,
9,Zvi leaves foChile with The History of Love,1941-01-01,1941-07-31,T,Zvi's narrator,110,0,,,,,T,"Zvi ""moved to Chile in 1941"" (74), but he moved before the Nazis invaded Slonim. Zvi received The History of Love ""on his last morning in Poland"" (153)",Zvi Litvinoff,,,T,,,,,,,,,
9,Zvi leaves foChile with The History of Love,1941-01-01,1941-07-31,T,Zvi's narrator,154,0,,,,,T,"Zvi ""moved to Chile in 1941"" (74), but he moved before the Nazis invaded Slonim. Zvi received The History of Love ""on his last morning in Poland"" (153)",Zvi Litvinoff,,,T,,,,,,,,,
9,Zvi leaves foChile with The History of Love,1941-01-01,1941-07-31,T,Zvi's narrator,153,0,,,,,T,"Zvi ""moved to Chile in 1941"" (74), but he moved before the Nazis invaded Slonim. Zvi received The History of Love ""on his last morning in Poland"" (153)",Zvi Litvinoff,,,T,,,,,,,,,
9,Zvi leaves foChile with The History of Love,1941-01-01,1941-07-31,T,Zvi's narrator,74,0,,,,,T,"Zvi ""moved to Chile in 1941"" (74), but he moved before the Nazis invaded Slonim. Zvi received The History of Love ""on his last morning in Poland"" (153)",Zvi Litvinoff,,,T,,,,,,,,,
10,The Nazis invade Slonim,1941-01-07,1941-07-31,T,Zvi's narrator,155,0,,,,,T,Google it.,,,,,,,,,,,,,
14,Zvi learns about his family's death,1945-02-09,1951-09-30,T,Zvi's narrator,156,0,,,,,T,"This event probably happened afte""the Waended"" but before ""he turned thirty-two"" (156).",Zvi Litvinoff,,,T,,,,,,,,,
14,Zvi learns about his family's death,1945-02-09,1951-09-30,T,Zvi's narrator,68,0,,,,,T,"This event probably happened afte""the Waended"" but before ""he turned thirty-two"" (156).",Zvi Litvinoff,,,T,,,,,,,,,
17,Zvi and Rosa meet,1951-01-09,1951-01-11,T,Zvi's narrator,65,0,,,,,T,"""I met Zvi in Valparaiso, in the fall of 1951"" (65).",Rosa Litvinoff and Zvi Litvinoff,,,T,,T,,,,,,,
17,Zvi and Rosa meet,1951-01-09,1951-01-11,T,Zvi's narrator,157,0,,,,,T,"""I met Zvi in Valparaiso, in the fall of 1951"" (65).",Rosa Litvinoff and Zvi Litvinoff,,,T,,T,,,,,,,
18,Zvi and Rosa finish translating The History of Love,1952-01-01,1952-12-31,T,Zvi's narrator,66,0,,,,,T,"This event probably occurred ""sixteen years"" afte""1936"" (184).",Rosa Litvinoff and Zvi Litvinoff,,,T,,T,,,,,,,
19,Zvi adds Leo's obituary to The History of Love,1954-01-01,1962-12-31,T,Zvi's narrator,189,0,,,,,T,"This event occurred years before The History of Love was published; the latest possible date of publication is 1964, and years (plural) indicates a minimum of two. I forget how we decided on 1954.",Leo Gursky and Zvi Litvinoff,,T,T,,,,,,,,,
20,Rosa destroys the manuscript of The History of Love,1954-01-09,1964-01-01,T,Zvi's narrator,191,0,,,,,T,This event happened aftethe publication of The History of Love; re: 1964.,Rosa Litvinoff,,,,,T,,,,,,,
20,Rosa destroys the manuscript of The History of Love,1954-01-09,1964-01-01,T,Zvi's narrator,66,0,,,,,T,This event happened aftethe publication of The History of Love; re: 1964.,Rosa Litvinoff,,,,,T,,,,,,,
21,Zvi publishes The History of Love,1954-01-09,1964-01-01,T,Zvi's narrator,67,0,,,,,T,"This event happened aftehe showed his manuscript to editors ""in the fall of 1954"" (68). I forget how we decided on 1964.",Zvi Litvinoff,,,T,,,,,,,,,
21,Zvi publishes The History of Love,1954-01-09,1964-01-01,T,Zvi's narrator,70,0,,,,,T,"This event happened aftehe showed his manuscript to editors ""in the fall of 1954"" (68). I forget how we decided on 1964.",Zvi Litvinoff,,,T,,,,,,,,,
21,Zvi publishes The History of Love,1954-01-09,1964-01-01,T,Zvi's narrator,188,0,,,,,T,"This event happened aftehe showed his manuscript to editors ""in the fall of 1954"" (68). I forget how we decided on 1964.",Zvi Litvinoff,,,T,,,,,,,,,
21,Zvi publishes The History of Love,1954-01-09,1964-01-01,T,Zvi's narrator,189,0,,,,,T,"This event happened aftehe showed his manuscript to editors ""in the fall of 1954"" (68). I forget how we decided on 1964.",Zvi Litvinoff,,,T,,,,,,,,,
21,Zvi publishes The History of Love,1954-01-09,1964-01-01,T,Zvi's narrator,190,0,,,,,T,"This event happened aftehe showed his manuscript to editors ""in the fall of 1954"" (68). I forget how we decided on 1964.",Zvi Litvinoff,,,T,,,,,,,,,
20,Rosa destroys the manuscript of The History of Love,1954-01-09,1964-01-01,T,Zvi's narrator,190,0,,,,,T,This event happened aftethe publication of The History of Love; re: 1964.,Rosa Litvinoff,,,,,T,,,,,,,
22,David Singebuys The History of Love,1971-01-01,1971-12-31,T,Zvi's narrator,74,0,,,,,T,"David was 22 when he bought it (176). He was 10 years oldethan Charlotte, and Charlotte is 41 when Alma is 15 (38).  Alma is born in 1985.",David Singer,,,,,,T,,,,,,
24,Zvi dies,1978-01-01,1978-12-31,T,Zvi's narrator,65,0,,,,,T,"""...until his death in 1978..."" (68).",Zvi Litvinoff,,,T,,,,,,,,,
24,Zvi dies,1978-01-01,1978-12-31,T,Zvi's narrator,68,0,,,,,T,"""...until his death in 1978..."" (68).",Zvi Litvinoff,,,T,,,,,,,,,
24,Zvi dies,1978-01-01,1978-12-31,T,Zvi's narrator,71,0,,,,,T,"""...until his death in 1978..."" (68).",Zvi Litvinoff,,,T,,,,,,,,,
24,Zvi dies,1978-01-01,1978-12-31,T,Zvi's narrator,187,0,,,,,T,"""...until his death in 1978..."" (68).",Zvi Litvinoff,,,T,,,,,,,,,
24,Zvi dies,1978-01-01,1978-12-31,T,Zvi's narrator,188,0,,,,,T,"""...until his death in 1978..."" (68).",Zvi Litvinoff,,,T,,,,,,,,,
