source,target,Character 1 <br />(choose),Character 2 <br />(choose),type,weight,startPage,category
259,85,"""a banjo""",Alice,Directed,1,44,Exchange
259,67,"""a banjo""",Bennie Salazar,Directed,1,44,Exchange
259,86,"""a banjo""",Jocelyn,Directed,1,44,Exchange
259,87,"""a banjo""",Rhea,Directed,1,44,Exchange
259,84,"""a banjo""",Scotty Hausmann,Directed,1,44,Exchange
448,84,"""a blond gal""",Scotty Hausmann,Directed,1,97,Exchange
288,139,"""a girl"" (Rob shares a strong joint with)",Robert Freeman Jr.,Directed,1,202,Exchange
251,67,"""a gray cat""",Bennie Salazar,Directed,1,32,Exchange
251,67,"""a gray cat""",Bennie Salazar,Directed,1,33,Exchange
257,85,"""a sax""",Alice,Directed,1,44,Exchange
257,67,"""a sax""",Bennie Salazar,Directed,1,44,Exchange
257,86,"""a sax""",Jocelyn,Directed,1,44,Exchange
257,87,"""a sax""",Rhea,Directed,1,44,Exchange
257,84,"""a sax""",Scotty Hausmann,Directed,1,44,Exchange
258,85,"""a tuba""",Alice,Directed,1,44,Exchange
258,67,"""a tuba""",Bennie Salazar,Directed,1,44,Exchange
258,86,"""a tuba""",Jocelyn,Directed,1,44,Exchange
258,87,"""a tuba""",Rhea,Directed,1,44,Exchange
258,84,"""a tuba""",Scotty Hausmann,Directed,1,44,Exchange
108,88,"""audience of twenty-five hundred""","""jazz pianist""",Directed,1,23,Exchange
108,67,"""audience of twenty-five hundred""",Bennie Salazar,Directed,1,23,Exchange
374,84,"""audience"" (at Scotty's concert)",Scotty Hausmann,Directed,1,335,Exchange
374,84,"""audience"" (at Scotty's concert)",Scotty Hausmann,Directed,1,336,Exchange
282,66,"""baby crying"" (in Naples)",Sasha,Directed,1,194,Exchange
210,141,"""bandy-legged old woman""",Ted Hollander,Directed,1,228,Exchange
210,141,"""bandy-legged old woman""",Ted Hollander,Directed,1,229,Exchange
210,141,"""bandy-legged old woman""",Ted Hollander,Directed,1,230,Exchange
294,66,"""driver"" (in Naples)",Sasha,Directed,1,221,Exchange
299,180,"""hotel clerk"" (in Naples)","Alfred ""Alf"" Hollander",Directed,1,227,Exchange
299,141,"""hotel clerk"" (in Naples)",Ted Hollander,Directed,1,227,Exchange
281,66,"""hungry kids"" (in Naples)",Sasha,Directed,1,194,Exchange
88,108,"""jazz pianist""","""audience of twenty-five hundred""",Directed,1,23,Exchange
88,67,"""jazz pianist""",Bennie Salazar,Directed,1,23,Exchange
316,140,"""kids"" (on Lincoln's team)",Alison Blake,Directed,1,238,Exchange
316,211,"""kids"" (on Lincoln's team)",Lincoln Blake,Directed,1,238,Exchange
297,141,"""officer"" (in Naples)",Ted Hollander,Directed,1,227,Exchange
333,71,"""secretary"" (to Bennie's executives)",Alex,Directed,1,312,Exchange
255,74,"""security"" (on the phone)",Lassimo Hotel Concierge,Directed,1,10,Exchange
239,67,"""the cholos""",Bennie Salazar,Directed,1,42,Exchange
72,66,"""the plumber""",Sasha,Directed,1,7,Exchange
72,66,"""the plumber""",Sasha,Directed,1,8,Exchange
254,74,"""the police""",Lassimo Hotel Concierge,Directed,1,10,Exchange
68,71,"""the woman"" (wallet victim)",Alex,Directed,1,9,Exchange
68,71,"""the woman"" (wallet victim)",Alex,Directed,1,10,Exchange
68,74,"""the woman"" (wallet victim)",Lassimo Hotel Concierge,Directed,1,9,Exchange
68,66,"""the woman"" (wallet victim)",Sasha,Directed,1,9,Exchange
68,66,"""the woman"" (wallet victim)",Sasha,Directed,1,10,Exchange
68,66,"""the woman"" (wallet victim)",Sasha,Directed,1,11,Exchange
68,66,"""the woman"" (wallet victim)",Sasha,Directed,1,12,Exchange
68,66,"""the woman"" (wallet victim)",Sasha,Directed,1,13,Exchange
116,67,"""two colleagues""",Bennie Salazar,Directed,1,30,Exchange
404,385,Albert,Charlie,Directed,1,61,Exchange
404,385,Albert,Charlie,Directed,1,67,Exchange
404,415,Albert,Chronos,Directed,1,69,Exchange
404,408,Albert,Cora (Lou's travel agent),Directed,1,68,Exchange
404,413,Albert,Kikuyu drivers,Directed,1,65,Exchange
404,397,Albert,Mindy,Directed,1,67,Exchange
404,397,Albert,Mindy,Directed,1,68,Exchange
404,397,Albert,Mindy,Directed,1,69,Exchange
404,397,Albert,Mindy,Directed,1,74,Exchange
404,386,Albert,Rolph,Directed,1,67,Exchange
404,386,Albert,Rolph,Directed,1,73,Exchange
404,386,Albert,Rolph,Directed,1,74,Exchange
71,333,Alex,"""secretary"" (to Bennie's executives)",Directed,1,312,Exchange
71,68,Alex,"""the woman"" (wallet victim)",Directed,1,9,Exchange
71,68,Alex,"""the woman"" (wallet victim)",Directed,1,10,Exchange
71,328,Alex,Ava Salazar,Directed,1,311,Exchange
71,67,Alex,Bennie Salazar,Directed,1,310,Exchange
71,67,Alex,Bennie Salazar,Directed,1,311,Exchange
71,67,Alex,Bennie Salazar,Directed,1,312,Exchange
71,67,Alex,Bennie Salazar,Directed,1,313,Exchange
71,67,Alex,Bennie Salazar,Directed,1,314,Exchange
71,67,Alex,Bennie Salazar,Directed,1,315,Exchange
71,67,Alex,Bennie Salazar,Directed,1,326,Exchange
71,67,Alex,Bennie Salazar,Directed,1,331,Exchange
71,67,Alex,Bennie Salazar,Directed,1,332,Exchange
71,67,Alex,Bennie Salazar,Directed,1,334,Exchange
71,67,Alex,Bennie Salazar,Directed,1,335,Exchange
71,67,Alex,Bennie Salazar,Directed,1,336,Exchange
71,67,Alex,Bennie Salazar,Directed,1,337,Exchange
71,67,Alex,Bennie Salazar,Directed,1,338,Exchange
71,67,Alex,Bennie Salazar,Directed,1,339,Exchange
71,67,Alex,Bennie Salazar,Directed,1,340,Exchange
71,329,Alex,Cara-Ann (Alex's daughter),Directed,1,311,Exchange
71,329,Alex,Cara-Ann (Alex's daughter),Directed,1,314,Exchange
71,329,Alex,Cara-Ann (Alex's daughter),Directed,1,321,Exchange
71,329,Alex,Cara-Ann (Alex's daughter),Directed,1,322,Exchange
71,329,Alex,Cara-Ann (Alex's daughter),Directed,1,323,Exchange
71,329,Alex,Cara-Ann (Alex's daughter),Directed,1,324,Exchange
71,329,Alex,Cara-Ann (Alex's daughter),Directed,1,327,Exchange
71,329,Alex,Cara-Ann (Alex's daughter),Directed,1,328,Exchange
71,338,Alex,"First ""conversational strand""",Directed,1,315,Exchange
71,74,Alex,Lassimo Hotel Concierge,Directed,1,10,Exchange
71,346,Alex,Lulu Peale,Directed,1,317,Exchange
71,346,Alex,Lulu Peale,Directed,1,318,Exchange
71,346,Alex,Lulu Peale,Directed,1,319,Exchange
71,346,Alex,Lulu Peale,Directed,1,320,Exchange
71,346,Alex,Lulu Peale,Directed,1,321,Exchange
71,346,Alex,Lulu Peale,Directed,1,322,Exchange
71,346,Alex,Lulu Peale,Directed,1,324,Exchange
71,346,Alex,Lulu Peale,Directed,1,326,Exchange
71,346,Alex,Lulu Peale,Directed,1,327,Exchange
71,346,Alex,Lulu Peale,Directed,1,331,Exchange
71,346,Alex,Lulu Peale,Directed,1,334,Exchange
71,330,Alex,Lupa Salazar,Directed,1,312,Exchange
71,371,Alex,Natasha (Zeus's Russian girlfriend),Directed,1,329,Exchange
71,331,Alex,Rebecca (Alex's wife),Directed,1,312,Exchange
71,331,Alex,Rebecca (Alex's wife),Directed,1,315,Exchange
71,331,Alex,Rebecca (Alex's wife),Directed,1,322,Exchange
71,331,Alex,Rebecca (Alex's wife),Directed,1,323,Exchange
71,331,Alex,Rebecca (Alex's wife),Directed,1,324,Exchange
71,331,Alex,Rebecca (Alex's wife),Directed,1,325,Exchange
71,331,Alex,Rebecca (Alex's wife),Directed,1,328,Exchange
71,331,Alex,Rebecca (Alex's wife),Directed,1,329,Exchange
71,331,Alex,Rebecca (Alex's wife),Directed,1,330,Exchange
71,331,Alex,Rebecca (Alex's wife),Directed,1,331,Exchange
71,331,Alex,Rebecca (Alex's wife),Directed,1,336,Exchange
71,331,Alex,Rebecca (Alex's wife),Directed,1,337,Exchange
71,66,Alex,Sasha,Directed,1,5,Exchange
71,66,Alex,Sasha,Directed,1,6,Exchange
71,66,Alex,Sasha,Directed,1,10,Exchange
71,66,Alex,Sasha,Directed,1,11,Exchange
71,66,Alex,Sasha,Directed,1,12,Exchange
71,66,Alex,Sasha,Directed,1,13,Exchange
71,66,Alex,Sasha,Directed,1,14,Exchange
71,66,Alex,Sasha,Directed,1,15,Exchange
71,66,Alex,Sasha,Directed,1,16,Exchange
71,66,Alex,Sasha,Directed,1,17,Exchange
71,66,Alex,Sasha,Directed,1,18,Exchange
71,84,Alex,Scotty Hausmann,Directed,1,335,Exchange
71,339,Alex,"Second ""conversational strand""",Directed,1,315,Exchange
71,370,Alex,Zeus (Alex's friend),Directed,1,328,Exchange
71,370,Alex,Zeus (Alex's friend),Directed,1,329,Exchange
180,299,"Alfred ""Alf"" Hollander","""hotel clerk"" (in Naples)",Directed,1,227,Exchange
180,141,"Alfred ""Alf"" Hollander",Ted Hollander,Directed,1,211,Exchange
180,141,"Alfred ""Alf"" Hollander",Ted Hollander,Directed,1,212,Exchange
180,141,"Alfred ""Alf"" Hollander",Ted Hollander,Directed,1,227,Exchange
85,259,Alice,"""a banjo""",Directed,1,44,Exchange
85,257,Alice,"""a sax""",Directed,1,44,Exchange
85,258,Alice,"""a tuba""",Directed,1,44,Exchange
85,67,Alice,Bennie Salazar,Directed,1,45,Exchange
85,67,Alice,Bennie Salazar,Directed,1,48,Exchange
85,247,Alice,Crime (band),Directed,1,45,Exchange
85,130,Alice,Lou Kline,Directed,1,51,Exchange
85,87,Alice,Rhea,Directed,1,46,Exchange
85,87,Alice,Rhea,Directed,1,47,Exchange
85,87,Alice,Rhea,Directed,1,48,Exchange
85,87,Alice,Rhea,Directed,1,58,Exchange
85,84,Alice,Scotty Hausmann,Directed,1,39,Exchange
85,248,Alice,The Avengers (band),Directed,1,45,Exchange
85,249,Alice,The Germs (band),Directed,1,45,Exchange
85,384,Alice,four guys with safety pin chains,Directed,1,52,Exchange
140,316,Alison Blake,"""kids"" (on Lincoln's team)",Directed,1,238,Exchange
140,214,Alison Blake,Christine (Jason's Mom),Directed,1,239,Exchange
140,216,Alison Blake,Dan,Directed,1,239,Exchange
140,213,Alison Blake,Drew Blake,Directed,1,248,Exchange
140,213,Alison Blake,Drew Blake,Directed,1,269,Exchange
140,213,Alison Blake,Drew Blake,Directed,1,271,Exchange
140,213,Alison Blake,Drew Blake,Directed,1,272,Exchange
140,213,Alison Blake,Drew Blake,Directed,1,274,Exchange
140,213,Alison Blake,Drew Blake,Directed,1,275,Exchange
140,213,Alison Blake,Drew Blake,Directed,1,277,Exchange
140,213,Alison Blake,Drew Blake,Directed,1,278,Exchange
140,213,Alison Blake,Drew Blake,Directed,1,279,Exchange
140,213,Alison Blake,Drew Blake,Directed,1,283,Exchange
140,213,Alison Blake,Drew Blake,Directed,1,284,Exchange
140,213,Alison Blake,Drew Blake,Directed,1,285,Exchange
140,213,Alison Blake,Drew Blake,Directed,1,288,Exchange
140,213,Alison Blake,Drew Blake,Directed,1,289,Exchange
140,213,Alison Blake,Drew Blake,Directed,1,290,Exchange
140,213,Alison Blake,Drew Blake,Directed,1,292,Exchange
140,213,Alison Blake,Drew Blake,Directed,1,293,Exchange
140,213,Alison Blake,Drew Blake,Directed,1,295,Exchange
140,213,Alison Blake,Drew Blake,Directed,1,296,Exchange
140,213,Alison Blake,Drew Blake,Directed,1,298,Exchange
140,213,Alison Blake,Drew Blake,Directed,1,301,Exchange
140,215,Alison Blake,Gabby (Mark's Mom),Directed,1,239,Exchange
140,211,Alison Blake,Lincoln Blake,Directed,1,243,Exchange
140,211,Alison Blake,Lincoln Blake,Directed,1,244,Exchange
140,211,Alison Blake,Lincoln Blake,Directed,1,249,Exchange
140,211,Alison Blake,Lincoln Blake,Directed,1,250,Exchange
140,211,Alison Blake,Lincoln Blake,Directed,1,260,Exchange
140,211,Alison Blake,Lincoln Blake,Directed,1,263,Exchange
140,211,Alison Blake,Lincoln Blake,Directed,1,274,Exchange
140,211,Alison Blake,Lincoln Blake,Directed,1,276,Exchange
140,211,Alison Blake,Lincoln Blake,Directed,1,278,Exchange
140,211,Alison Blake,Lincoln Blake,Directed,1,280,Exchange
140,211,Alison Blake,Lincoln Blake,Directed,1,301,Exchange
140,211,Alison Blake,Lincoln Blake,Directed,1,303,Exchange
140,66,Alison Blake,Sasha,Directed,1,238,Exchange
140,66,Alison Blake,Sasha,Directed,1,239,Exchange
140,66,Alison Blake,Sasha,Directed,1,240,Exchange
140,66,Alison Blake,Sasha,Directed,1,242,Exchange
140,66,Alison Blake,Sasha,Directed,1,245,Exchange
140,66,Alison Blake,Sasha,Directed,1,247,Exchange
140,66,Alison Blake,Sasha,Directed,1,253,Exchange
140,66,Alison Blake,Sasha,Directed,1,254,Exchange
140,66,Alison Blake,Sasha,Directed,1,255,Exchange
140,66,Alison Blake,Sasha,Directed,1,256,Exchange
140,66,Alison Blake,Sasha,Directed,1,257,Exchange
140,66,Alison Blake,Sasha,Directed,1,259,Exchange
140,66,Alison Blake,Sasha,Directed,1,260,Exchange
140,66,Alison Blake,Sasha,Directed,1,261,Exchange
140,66,Alison Blake,Sasha,Directed,1,264,Exchange
140,66,Alison Blake,Sasha,Directed,1,265,Exchange
140,66,Alison Blake,Sasha,Directed,1,271,Exchange
140,66,Alison Blake,Sasha,Directed,1,273,Exchange
140,66,Alison Blake,Sasha,Directed,1,277,Exchange
140,66,Alison Blake,Sasha,Directed,1,280,Exchange
140,66,Alison Blake,Sasha,Directed,1,281,Exchange
182,141,Ames Hollander,Ted Hollander,Directed,1,211,Exchange
182,141,Ames Hollander,Ted Hollander,Directed,1,212,Exchange
481,347,Arc,Dolly Peale,Directed,1,138,Exchange
481,347,Arc,Dolly Peale,Directed,1,139,Exchange
481,347,Arc,Dolly Peale,Directed,1,140,Exchange
481,347,Arc,Dolly Peale,Directed,1,143,Exchange
481,347,Arc,Dolly Peale,Directed,1,144,Exchange
481,347,Arc,Dolly Peale,Directed,1,150,Exchange
481,347,Arc,Dolly Peale,Directed,1,151,Exchange
481,347,Arc,Dolly Peale,Directed,1,157,Exchange
481,347,Arc,Dolly Peale,Directed,1,160,Exchange
481,347,Arc,Dolly Peale,Directed,1,163,Exchange
481,347,Arc,Dolly Peale,Directed,1,164,Exchange
481,347,Arc,Dolly Peale,Directed,1,165,Exchange
481,83,Arc,Kitty Jackson,Directed,1,150,Exchange
481,83,Arc,Kitty Jackson,Directed,1,151,Exchange
481,83,Arc,Kitty Jackson,Directed,1,157,Exchange
481,83,Arc,Kitty Jackson,Directed,1,159,Exchange
481,346,Arc,Lulu Peale,Directed,1,152,Exchange
481,346,Arc,Lulu Peale,Directed,1,157,Exchange
481,480,Arc,The General,Directed,1,159,Exchange
481,480,Arc,The General,Directed,1,160,Exchange
481,501,Arc,The General's soldiers,Directed,1,161,Exchange
151,138,Atticus Levi,Jules Jones,Directed,1,172,Exchange
151,138,Atticus Levi,Jules Jones,Directed,1,175,Exchange
328,71,Ava Salazar,Alex,Directed,1,311,Exchange
328,329,Ava Salazar,Cara-Ann (Alex's daughter),Directed,1,311,Exchange
153,138,Beatrice Green,Jules Jones,Directed,1,179,Exchange
67,259,Bennie Salazar,"""a banjo""",Directed,1,44,Exchange
67,251,Bennie Salazar,"""a gray cat""",Directed,1,32,Exchange
67,251,Bennie Salazar,"""a gray cat""",Directed,1,33,Exchange
67,257,Bennie Salazar,"""a sax""",Directed,1,44,Exchange
67,258,Bennie Salazar,"""a tuba""",Directed,1,44,Exchange
67,108,Bennie Salazar,"""audience of twenty-five hundred""",Directed,1,23,Exchange
67,88,Bennie Salazar,"""jazz pianist""",Directed,1,23,Exchange
67,239,Bennie Salazar,"""the cholos""",Directed,1,42,Exchange
67,71,Bennie Salazar,Alex,Directed,1,310,Exchange
67,71,Bennie Salazar,Alex,Directed,1,311,Exchange
67,71,Bennie Salazar,Alex,Directed,1,312,Exchange
67,71,Bennie Salazar,Alex,Directed,1,313,Exchange
67,71,Bennie Salazar,Alex,Directed,1,314,Exchange
67,71,Bennie Salazar,Alex,Directed,1,315,Exchange
67,71,Bennie Salazar,Alex,Directed,1,326,Exchange
67,71,Bennie Salazar,Alex,Directed,1,331,Exchange
67,71,Bennie Salazar,Alex,Directed,1,332,Exchange
67,71,Bennie Salazar,Alex,Directed,1,334,Exchange
67,71,Bennie Salazar,Alex,Directed,1,335,Exchange
67,71,Bennie Salazar,Alex,Directed,1,336,Exchange
67,71,Bennie Salazar,Alex,Directed,1,337,Exchange
67,71,Bennie Salazar,Alex,Directed,1,338,Exchange
67,71,Bennie Salazar,Alex,Directed,1,339,Exchange
67,71,Bennie Salazar,Alex,Directed,1,340,Exchange
67,85,Bennie Salazar,Alice,Directed,1,45,Exchange
67,85,Bennie Salazar,Alice,Directed,1,48,Exchange
67,332,Bennie Salazar,Bennie's executives,Directed,1,312,Exchange
67,137,Bennie Salazar,Bennie's senior executive,Directed,1,19,Exchange
67,114,Bennie Salazar,Chandra (oldest Stop/Go sister),Directed,1,30,Exchange
67,81,Bennie Salazar,Christopher Salazar,Directed,1,24,Exchange
67,81,Bennie Salazar,Christopher Salazar,Directed,1,25,Exchange
67,81,Bennie Salazar,Christopher Salazar,Directed,1,26,Exchange
67,464,Bennie Salazar,Clay (Kathy's Husband),Directed,1,114,Exchange
67,78,Bennie Salazar,Collette,Directed,1,19,Exchange
67,78,Bennie Salazar,Collette,Directed,1,20,Exchange
67,78,Bennie Salazar,Collette,Directed,1,21,Exchange
67,247,Bennie Salazar,Crime (band),Directed,1,45,Exchange
67,313,Bennie Salazar,Dirk Dirksen,Directed,1,48,Exchange
67,463,Bennie Salazar,Duck (hedge-fund manager),Directed,1,113,Exchange
67,86,Bennie Salazar,Jocelyn,Directed,1,48,Exchange
67,86,Bennie Salazar,Jocelyn,Directed,1,84,Exchange
67,130,Bennie Salazar,Lou Kline,Directed,1,51,Exchange
67,130,Bennie Salazar,Lou Kline,Directed,1,54,Exchange
67,115,Bennie Salazar,Louisa (younger Stop/Go sister),Directed,1,30,Exchange
67,330,Bennie Salazar,Lupa Salazar,Directed,1,312,Exchange
67,246,Bennie Salazar,Marty,Directed,1,44,Exchange
67,80,Bennie Salazar,Mother Superior,Directed,1,20,Exchange
67,80,Bennie Salazar,Mother Superior,Directed,1,21,Exchange
67,87,Bennie Salazar,Rhea,Directed,1,48,Exchange
67,66,Bennie Salazar,Sasha,Directed,1,27,Exchange
67,66,Bennie Salazar,Sasha,Directed,1,28,Exchange
67,66,Bennie Salazar,Sasha,Directed,1,29,Exchange
67,84,Bennie Salazar,Scotty Hausmann,Directed,1,48,Exchange
67,84,Bennie Salazar,Scotty Hausmann,Directed,1,93,Exchange
67,84,Bennie Salazar,Scotty Hausmann,Directed,1,98,Exchange
67,84,Bennie Salazar,Scotty Hausmann,Directed,1,99,Exchange
67,84,Bennie Salazar,Scotty Hausmann,Directed,1,100,Exchange
67,84,Bennie Salazar,Scotty Hausmann,Directed,1,101,Exchange
67,84,Bennie Salazar,Scotty Hausmann,Directed,1,102,Exchange
67,84,Bennie Salazar,Scotty Hausmann,Directed,1,103,Exchange
67,84,Bennie Salazar,Scotty Hausmann,Directed,1,104,Exchange
67,84,Bennie Salazar,Scotty Hausmann,Directed,1,332,Exchange
67,84,Bennie Salazar,Scotty Hausmann,Directed,1,333,Exchange
67,82,Bennie Salazar,Stephanie,Directed,1,23,Exchange
67,82,Bennie Salazar,Stephanie,Directed,1,113,Exchange
67,82,Bennie Salazar,Stephanie,Directed,1,116,Exchange
67,82,Bennie Salazar,Stephanie,Directed,1,117,Exchange
67,82,Bennie Salazar,Stephanie,Directed,1,118,Exchange
67,82,Bennie Salazar,Stephanie,Directed,1,120,Exchange
67,82,Bennie Salazar,Stephanie,Directed,1,135,Exchange
67,118,Bennie Salazar,Stu (Barber),Directed,1,31,Exchange
67,248,Bennie Salazar,The Avengers (band),Directed,1,45,Exchange
67,249,Bennie Salazar,The Germs (band),Directed,1,45,Exchange
67,461,Bennie Salazar,pianist,Directed,1,112,Exchange
332,67,Bennie's executives,Bennie Salazar,Directed,1,312,Exchange
137,67,Bennie's senior executive,Bennie Salazar,Directed,1,19,Exchange
177,141,Beth (Sasha's mother),Ted Hollander,Directed,1,209,Exchange
177,141,Beth (Sasha's mother),Ted Hollander,Directed,1,227,Exchange
161,287,Bix,Custodian,Directed,1,201,Exchange
161,213,Bix,Drew Blake,Directed,1,201,Exchange
161,213,Bix,Drew Blake,Directed,1,203,Exchange
161,213,Bix,Drew Blake,Directed,1,204,Exchange
161,139,Bix,Robert Freeman Jr.,Directed,1,191,Exchange
161,139,Bix,Robert Freeman Jr.,Directed,1,201,Exchange
161,139,Bix,Robert Freeman Jr.,Directed,1,202,Exchange
161,139,Bix,Robert Freeman Jr.,Directed,1,203,Exchange
161,139,Bix,Robert Freeman Jr.,Directed,1,204,Exchange
166,138,Bosco,Jules Jones,Directed,1,126,Exchange
166,138,Bosco,Jules Jones,Directed,1,127,Exchange
166,138,Bosco,Jules Jones,Directed,1,128,Exchange
166,138,Bosco,Jules Jones,Directed,1,129,Exchange
166,138,Bosco,Jules Jones,Directed,1,130,Exchange
166,82,Bosco,Stephanie,Directed,1,125,Exchange
166,82,Bosco,Stephanie,Directed,1,126,Exchange
166,82,Bosco,Stephanie,Directed,1,127,Exchange
166,82,Bosco,Stephanie,Directed,1,128,Exchange
166,82,Bosco,Stephanie,Directed,1,129,Exchange
166,82,Bosco,Stephanie,Directed,1,130,Exchange
329,71,Cara-Ann (Alex's daughter),Alex,Directed,1,311,Exchange
329,71,Cara-Ann (Alex's daughter),Alex,Directed,1,314,Exchange
329,71,Cara-Ann (Alex's daughter),Alex,Directed,1,321,Exchange
329,71,Cara-Ann (Alex's daughter),Alex,Directed,1,322,Exchange
329,71,Cara-Ann (Alex's daughter),Alex,Directed,1,323,Exchange
329,71,Cara-Ann (Alex's daughter),Alex,Directed,1,324,Exchange
329,71,Cara-Ann (Alex's daughter),Alex,Directed,1,327,Exchange
329,71,Cara-Ann (Alex's daughter),Alex,Directed,1,328,Exchange
329,328,Cara-Ann (Alex's daughter),Ava Salazar,Directed,1,311,Exchange
329,346,Cara-Ann (Alex's daughter),Lulu Peale,Directed,1,321,Exchange
329,346,Cara-Ann (Alex's daughter),Lulu Peale,Directed,1,322,Exchange
329,331,Cara-Ann (Alex's daughter),Rebecca (Alex's wife),Directed,1,314,Exchange
329,331,Cara-Ann (Alex's daughter),Rebecca (Alex's wife),Directed,1,322,Exchange
329,331,Cara-Ann (Alex's daughter),Rebecca (Alex's wife),Directed,1,323,Exchange
329,331,Cara-Ann (Alex's daughter),Rebecca (Alex's wife),Directed,1,324,Exchange
329,84,Cara-Ann (Alex's daughter),Scotty Hausmann,Directed,1,336,Exchange
114,67,Chandra (oldest Stop/Go sister),Bennie Salazar,Directed,1,30,Exchange
114,100,Chandra (oldest Stop/Go sister),Stop/Go Producer 1,Directed,1,20,Exchange
114,101,Chandra (oldest Stop/Go sister),Stop/Go Producer 2,Directed,1,20,Exchange
114,102,Chandra (oldest Stop/Go sister),Stop/Go Producer 3,Directed,1,20,Exchange
385,404,Charlie,Albert,Directed,1,61,Exchange
385,404,Charlie,Albert,Directed,1,67,Exchange
385,419,Charlie,Dean,Directed,1,75,Exchange
385,395,Charlie,Fiona,Directed,1,72,Exchange
385,130,Charlie,Lou Kline,Directed,1,60,Exchange
385,130,Charlie,Lou Kline,Directed,1,67,Exchange
385,130,Charlie,Lou Kline,Directed,1,75,Exchange
385,130,Charlie,Lou Kline,Directed,1,76,Exchange
385,425,Charlie,Louise,Directed,1,72,Exchange
385,396,Charlie,Mildred,Directed,1,72,Exchange
385,397,Charlie,Mindy,Directed,1,70,Exchange
385,386,Charlie,Rolph,Directed,1,59,Exchange
385,386,Charlie,Rolph,Directed,1,60,Exchange
385,386,Charlie,Rolph,Directed,1,63,Exchange
385,386,Charlie,Rolph,Directed,1,70,Exchange
385,386,Charlie,Rolph,Directed,1,72,Exchange
385,386,Charlie,Rolph,Directed,1,76,Exchange
385,386,Charlie,Rolph,Directed,1,80,Exchange
385,386,Charlie,Rolph,Directed,1,81,Exchange
385,386,Charlie,Rolph,Directed,1,82,Exchange
385,386,Charlie,Rolph,Directed,1,83,Exchange
385,400,Charlie,Samburu warriors,Directed,1,61,Exchange
385,403,Charlie,very young woman,Directed,1,61,Exchange
214,140,Christine (Jason's Mom),Alison Blake,Directed,1,239,Exchange
214,66,Christine (Jason's Mom),Sasha,Directed,1,239,Exchange
81,67,Christopher Salazar,Bennie Salazar,Directed,1,24,Exchange
81,67,Christopher Salazar,Bennie Salazar,Directed,1,25,Exchange
81,67,Christopher Salazar,Bennie Salazar,Directed,1,26,Exchange
81,66,Christopher Salazar,Sasha,Directed,1,27,Exchange
81,82,Christopher Salazar,Stephanie,Directed,1,133,Exchange
81,82,Christopher Salazar,Stephanie,Directed,1,135,Exchange
81,461,Christopher Salazar,pianist,Directed,1,112,Exchange
415,404,Chronos,Albert,Directed,1,69,Exchange
415,130,Chronos,Lou Kline,Directed,1,69,Exchange
464,67,Clay (Kathy's Husband),Bennie Salazar,Directed,1,114,Exchange
78,67,Collette,Bennie Salazar,Directed,1,19,Exchange
78,67,Collette,Bennie Salazar,Directed,1,20,Exchange
78,67,Collette,Bennie Salazar,Directed,1,21,Exchange
408,404,Cora (Lou's travel agent),Albert,Directed,1,68,Exchange
408,130,Cora (Lou's travel agent),Lou Kline,Directed,1,63,Exchange
408,130,Cora (Lou's travel agent),Lou Kline,Directed,1,68,Exchange
408,397,Cora (Lou's travel agent),Mindy,Directed,1,64,Exchange
408,397,Cora (Lou's travel agent),Mindy,Directed,1,68,Exchange
69,66,Coz,Sasha,Directed,1,4,Exchange
69,66,Coz,Sasha,Directed,1,5,Exchange
69,66,Coz,Sasha,Directed,1,6,Exchange
69,66,Coz,Sasha,Directed,1,7,Exchange
69,66,Coz,Sasha,Directed,1,8,Exchange
69,66,Coz,Sasha,Directed,1,9,Exchange
69,66,Coz,Sasha,Directed,1,15,Exchange
69,66,Coz,Sasha,Directed,1,16,Exchange
69,66,Coz,Sasha,Directed,1,18,Exchange
247,85,Crime (band),Alice,Directed,1,45,Exchange
247,67,Crime (band),Bennie Salazar,Directed,1,45,Exchange
247,86,Crime (band),Jocelyn,Directed,1,45,Exchange
247,87,Crime (band),Rhea,Directed,1,45,Exchange
247,84,Crime (band),Scotty Hausmann,Directed,1,45,Exchange
287,161,Custodian,Bix,Directed,1,201,Exchange
216,140,Dan,Alison Blake,Directed,1,239,Exchange
216,66,Dan,Sasha,Directed,1,239,Exchange
444,84,Dave,Scotty Hausmann,Directed,1,105,Exchange
444,84,Dave,Scotty Hausmann,Directed,1,106,Exchange
419,385,Dean,Charlie,Directed,1,75,Exchange
419,130,Dean,Lou Kline,Directed,1,76,Exchange
313,67,Dirk Dirksen,Bennie Salazar,Directed,1,48,Exchange
347,481,Dolly Peale,Arc,Directed,1,138,Exchange
347,481,Dolly Peale,Arc,Directed,1,139,Exchange
347,481,Dolly Peale,Arc,Directed,1,140,Exchange
347,481,Dolly Peale,Arc,Directed,1,143,Exchange
347,481,Dolly Peale,Arc,Directed,1,144,Exchange
347,481,Dolly Peale,Arc,Directed,1,150,Exchange
347,481,Dolly Peale,Arc,Directed,1,151,Exchange
347,481,Dolly Peale,Arc,Directed,1,157,Exchange
347,481,Dolly Peale,Arc,Directed,1,160,Exchange
347,481,Dolly Peale,Arc,Directed,1,163,Exchange
347,481,Dolly Peale,Arc,Directed,1,164,Exchange
347,481,Dolly Peale,Arc,Directed,1,165,Exchange
347,506,Dolly Peale,General A,Directed,1,164,Exchange
347,505,Dolly Peale,General G,Directed,1,164,Exchange
347,507,Dolly Peale,General L,Directed,1,164,Exchange
347,508,Dolly Peale,General P,Directed,1,164,Exchange
347,509,Dolly Peale,General Y,Directed,1,164,Exchange
347,83,Dolly Peale,Kitty Jackson,Directed,1,145,Exchange
347,83,Dolly Peale,Kitty Jackson,Directed,1,148,Exchange
347,83,Dolly Peale,Kitty Jackson,Directed,1,149,Exchange
347,83,Dolly Peale,Kitty Jackson,Directed,1,150,Exchange
347,83,Dolly Peale,Kitty Jackson,Directed,1,151,Exchange
347,83,Dolly Peale,Kitty Jackson,Directed,1,152,Exchange
347,83,Dolly Peale,Kitty Jackson,Directed,1,156,Exchange
347,83,Dolly Peale,Kitty Jackson,Directed,1,159,Exchange
347,83,Dolly Peale,Kitty Jackson,Directed,1,160,Exchange
347,346,Dolly Peale,Lulu Peale,Directed,1,146,Exchange
347,346,Dolly Peale,Lulu Peale,Directed,1,147,Exchange
347,346,Dolly Peale,Lulu Peale,Directed,1,148,Exchange
347,346,Dolly Peale,Lulu Peale,Directed,1,149,Exchange
347,346,Dolly Peale,Lulu Peale,Directed,1,153,Exchange
347,346,Dolly Peale,Lulu Peale,Directed,1,154,Exchange
347,346,Dolly Peale,Lulu Peale,Directed,1,159,Exchange
347,346,Dolly Peale,Lulu Peale,Directed,1,160,Exchange
347,346,Dolly Peale,Lulu Peale,Directed,1,161,Exchange
347,82,Dolly Peale,Stephanie,Directed,1,132,Exchange
347,82,Dolly Peale,Stephanie,Directed,1,133,Exchange
347,503,Dolly Peale,photo print shop guy,Directed,1,162,Exchange
347,527,Dolly Peale,travelling New Yorkers,Directed,1,165,Exchange
213,140,Drew Blake,Alison Blake,Directed,1,248,Exchange
213,140,Drew Blake,Alison Blake,Directed,1,269,Exchange
213,140,Drew Blake,Alison Blake,Directed,1,271,Exchange
213,140,Drew Blake,Alison Blake,Directed,1,272,Exchange
213,140,Drew Blake,Alison Blake,Directed,1,274,Exchange
213,140,Drew Blake,Alison Blake,Directed,1,275,Exchange
213,140,Drew Blake,Alison Blake,Directed,1,277,Exchange
213,140,Drew Blake,Alison Blake,Directed,1,278,Exchange
213,140,Drew Blake,Alison Blake,Directed,1,279,Exchange
213,140,Drew Blake,Alison Blake,Directed,1,283,Exchange
213,140,Drew Blake,Alison Blake,Directed,1,284,Exchange
213,140,Drew Blake,Alison Blake,Directed,1,285,Exchange
213,140,Drew Blake,Alison Blake,Directed,1,288,Exchange
213,140,Drew Blake,Alison Blake,Directed,1,289,Exchange
213,140,Drew Blake,Alison Blake,Directed,1,290,Exchange
213,140,Drew Blake,Alison Blake,Directed,1,292,Exchange
213,140,Drew Blake,Alison Blake,Directed,1,293,Exchange
213,140,Drew Blake,Alison Blake,Directed,1,295,Exchange
213,140,Drew Blake,Alison Blake,Directed,1,296,Exchange
213,140,Drew Blake,Alison Blake,Directed,1,298,Exchange
213,140,Drew Blake,Alison Blake,Directed,1,301,Exchange
213,161,Drew Blake,Bix,Directed,1,201,Exchange
213,161,Drew Blake,Bix,Directed,1,203,Exchange
213,161,Drew Blake,Bix,Directed,1,204,Exchange
213,211,Drew Blake,Lincoln Blake,Directed,1,249,Exchange
213,211,Drew Blake,Lincoln Blake,Directed,1,250,Exchange
213,211,Drew Blake,Lincoln Blake,Directed,1,274,Exchange
213,211,Drew Blake,Lincoln Blake,Directed,1,275,Exchange
213,211,Drew Blake,Lincoln Blake,Directed,1,278,Exchange
213,211,Drew Blake,Lincoln Blake,Directed,1,279,Exchange
213,211,Drew Blake,Lincoln Blake,Directed,1,280,Exchange
213,211,Drew Blake,Lincoln Blake,Directed,1,283,Exchange
213,211,Drew Blake,Lincoln Blake,Directed,1,301,Exchange
213,211,Drew Blake,Lincoln Blake,Directed,1,303,Exchange
213,139,Drew Blake,Robert Freeman Jr.,Directed,1,186,Exchange
213,139,Drew Blake,Robert Freeman Jr.,Directed,1,187,Exchange
213,139,Drew Blake,Robert Freeman Jr.,Directed,1,188,Exchange
213,139,Drew Blake,Robert Freeman Jr.,Directed,1,189,Exchange
213,139,Drew Blake,Robert Freeman Jr.,Directed,1,190,Exchange
213,139,Drew Blake,Robert Freeman Jr.,Directed,1,192,Exchange
213,139,Drew Blake,Robert Freeman Jr.,Directed,1,197,Exchange
213,139,Drew Blake,Robert Freeman Jr.,Directed,1,198,Exchange
213,139,Drew Blake,Robert Freeman Jr.,Directed,1,199,Exchange
213,139,Drew Blake,Robert Freeman Jr.,Directed,1,200,Exchange
213,139,Drew Blake,Robert Freeman Jr.,Directed,1,201,Exchange
213,139,Drew Blake,Robert Freeman Jr.,Directed,1,202,Exchange
213,139,Drew Blake,Robert Freeman Jr.,Directed,1,203,Exchange
213,139,Drew Blake,Robert Freeman Jr.,Directed,1,204,Exchange
213,139,Drew Blake,Robert Freeman Jr.,Directed,1,205,Exchange
213,139,Drew Blake,Robert Freeman Jr.,Directed,1,206,Exchange
213,139,Drew Blake,Robert Freeman Jr.,Directed,1,207,Exchange
213,66,Drew Blake,Sasha,Directed,1,189,Exchange
213,66,Drew Blake,Sasha,Directed,1,192,Exchange
213,66,Drew Blake,Sasha,Directed,1,197,Exchange
213,66,Drew Blake,Sasha,Directed,1,198,Exchange
213,66,Drew Blake,Sasha,Directed,1,199,Exchange
213,66,Drew Blake,Sasha,Directed,1,277,Exchange
213,66,Drew Blake,Sasha,Directed,1,280,Exchange
213,66,Drew Blake,Sasha,Directed,1,281,Exchange
213,174,Drew Blake,The Conduits (band),Directed,1,198,Exchange
445,84,Dry-cleaner gal,Scotty Hausmann,Directed,1,94,Exchange
463,67,Duck (hedge-fund manager),Bennie Salazar,Directed,1,113,Exchange
395,385,Fiona,Charlie,Directed,1,72,Exchange
395,130,Fiona,Lou Kline,Directed,1,79,Exchange
395,130,Fiona,Lou Kline,Directed,1,80,Exchange
395,425,Fiona,Louise,Directed,1,72,Exchange
395,386,Fiona,Rolph,Directed,1,72,Exchange
338,71,"First ""conversational strand""",Alex,Directed,1,315,Exchange
126,383,Flaming Dildos (band),crowd at the Mab,Directed,1,51,Exchange
126,383,Flaming Dildos (band),crowd at the Mab,Directed,1,52,Exchange
126,383,Flaming Dildos (band),crowd at the Mab,Directed,1,53,Exchange
126,384,Flaming Dildos (band),four guys with safety pin chains,Directed,1,52,Exchange
215,140,Gabby (Mark's Mom),Alison Blake,Directed,1,239,Exchange
215,66,Gabby (Mark's Mom),Sasha,Directed,1,239,Exchange
506,347,General A,Dolly Peale,Directed,1,164,Exchange
505,347,General G,Dolly Peale,Directed,1,164,Exchange
507,347,General L,Dolly Peale,Directed,1,164,Exchange
508,347,General P,Dolly Peale,Directed,1,164,Exchange
509,347,General Y,Dolly Peale,Directed,1,164,Exchange
171,66,Hammer (Sasha’s stepfather),Sasha,Directed,1,192,Exchange
171,66,Hammer (Sasha’s stepfather),Sasha,Directed,1,193,Exchange
158,83,Jake,Kitty Jackson,Directed,1,183,Exchange
172,139,James,Robert Freeman Jr.,Directed,1,195,Exchange
152,138,Janet Green,Jules Jones,Directed,1,173,Exchange
152,138,Janet Green,Jules Jones,Directed,1,175,Exchange
152,138,Janet Green,Jules Jones,Directed,1,177,Exchange
152,138,Janet Green,Jules Jones,Directed,1,182,Exchange
86,259,Jocelyn,"""a banjo""",Directed,1,44,Exchange
86,257,Jocelyn,"""a sax""",Directed,1,44,Exchange
86,258,Jocelyn,"""a tuba""",Directed,1,44,Exchange
86,67,Jocelyn,Bennie Salazar,Directed,1,48,Exchange
86,67,Jocelyn,Bennie Salazar,Directed,1,84,Exchange
86,247,Jocelyn,Crime (band),Directed,1,45,Exchange
86,393,Jocelyn,Jocelyn's mother,Directed,1,86,Exchange
86,393,Jocelyn,Jocelyn's mother,Directed,1,88,Exchange
86,393,Jocelyn,Jocelyn's mother,Directed,1,91,Exchange
86,130,Jocelyn,Lou Kline,Directed,1,43,Exchange
86,130,Jocelyn,Lou Kline,Directed,1,46,Exchange
86,130,Jocelyn,Lou Kline,Directed,1,48,Exchange
86,130,Jocelyn,Lou Kline,Directed,1,49,Exchange
86,130,Jocelyn,Lou Kline,Directed,1,50,Exchange
86,130,Jocelyn,Lou Kline,Directed,1,51,Exchange
86,130,Jocelyn,Lou Kline,Directed,1,52,Exchange
86,130,Jocelyn,Lou Kline,Directed,1,53,Exchange
86,130,Jocelyn,Lou Kline,Directed,1,85,Exchange
86,130,Jocelyn,Lou Kline,Directed,1,86,Exchange
86,130,Jocelyn,Lou Kline,Directed,1,88,Exchange
86,130,Jocelyn,Lou Kline,Directed,1,89,Exchange
86,130,Jocelyn,Lou Kline,Directed,1,90,Exchange
86,130,Jocelyn,Lou Kline,Directed,1,91,Exchange
86,87,Jocelyn,Rhea,Directed,1,42,Exchange
86,87,Jocelyn,Rhea,Directed,1,44,Exchange
86,87,Jocelyn,Rhea,Directed,1,45,Exchange
86,87,Jocelyn,Rhea,Directed,1,46,Exchange
86,87,Jocelyn,Rhea,Directed,1,48,Exchange
86,87,Jocelyn,Rhea,Directed,1,49,Exchange
86,87,Jocelyn,Rhea,Directed,1,50,Exchange
86,87,Jocelyn,Rhea,Directed,1,51,Exchange
86,87,Jocelyn,Rhea,Directed,1,54,Exchange
86,87,Jocelyn,Rhea,Directed,1,55,Exchange
86,87,Jocelyn,Rhea,Directed,1,87,Exchange
86,87,Jocelyn,Rhea,Directed,1,88,Exchange
86,87,Jocelyn,Rhea,Directed,1,90,Exchange
86,87,Jocelyn,Rhea,Directed,1,91,Exchange
86,386,Jocelyn,Rolph,Directed,1,91,Exchange
86,513,Jocelyn,Strangers at Vanessi's,Directed,1,50,Exchange
86,513,Jocelyn,Strangers at Vanessi's,Directed,1,51,Exchange
86,248,Jocelyn,The Avengers (band),Directed,1,45,Exchange
86,249,Jocelyn,The Germs (band),Directed,1,45,Exchange
393,86,Jocelyn's mother,Jocelyn,Directed,1,86,Exchange
393,86,Jocelyn's mother,Jocelyn,Directed,1,88,Exchange
393,86,Jocelyn's mother,Jocelyn,Directed,1,91,Exchange
393,130,Jocelyn's mother,Lou Kline,Directed,1,57,Exchange
393,87,Jocelyn's mother,Rhea,Directed,1,57,Exchange
393,136,Jocelyn's mother,Rhea's dad,Directed,1,57,Exchange
393,314,Jocelyn's mother,Rhea's first brother,Directed,1,57,Exchange
420,84,Joe (Lulu's Husband),Scotty Hausmann,Directed,1,336,Exchange
244,245,Joel,Joel's dad,Directed,1,44,Exchange
244,130,Joel,Lou Kline,Directed,1,51,Exchange
245,244,Joel's dad,Joel,Directed,1,44,Exchange
138,272,Jules Jones,"""Editor"" (of Jules' article)",Directed,1,184,Exchange
138,272,Jules Jones,"""Editor"" (of Jules' article)",Directed,1,185,Exchange
138,151,Jules Jones,Atticus Levi,Directed,1,172,Exchange
138,151,Jules Jones,Atticus Levi,Directed,1,175,Exchange
138,153,Jules Jones,Beatrice Green,Directed,1,179,Exchange
138,166,Jules Jones,Bosco,Directed,1,126,Exchange
138,166,Jules Jones,Bosco,Directed,1,127,Exchange
138,166,Jules Jones,Bosco,Directed,1,128,Exchange
138,166,Jules Jones,Bosco,Directed,1,129,Exchange
138,166,Jules Jones,Bosco,Directed,1,130,Exchange
138,152,Jules Jones,Janet Green,Directed,1,173,Exchange
138,152,Jules Jones,Janet Green,Directed,1,175,Exchange
138,152,Jules Jones,Janet Green,Directed,1,177,Exchange
138,152,Jules Jones,Janet Green,Directed,1,182,Exchange
138,83,Jules Jones,Kitty Jackson,Directed,1,167,Exchange
138,83,Jules Jones,Kitty Jackson,Directed,1,168,Exchange
138,83,Jules Jones,Kitty Jackson,Directed,1,169,Exchange
138,83,Jules Jones,Kitty Jackson,Directed,1,170,Exchange
138,83,Jules Jones,Kitty Jackson,Directed,1,171,Exchange
138,83,Jules Jones,Kitty Jackson,Directed,1,172,Exchange
138,83,Jules Jones,Kitty Jackson,Directed,1,174,Exchange
138,83,Jules Jones,Kitty Jackson,Directed,1,175,Exchange
138,83,Jules Jones,Kitty Jackson,Directed,1,176,Exchange
138,83,Jules Jones,Kitty Jackson,Directed,1,177,Exchange
138,83,Jules Jones,Kitty Jackson,Directed,1,178,Exchange
138,83,Jules Jones,Kitty Jackson,Directed,1,179,Exchange
138,83,Jules Jones,Kitty Jackson,Directed,1,180,Exchange
138,83,Jules Jones,Kitty Jackson,Directed,1,181,Exchange
138,83,Jules Jones,Kitty Jackson,Directed,1,182,Exchange
138,83,Jules Jones,Kitty Jackson,Directed,1,183,Exchange
138,83,Jules Jones,Kitty Jackson,Directed,1,184,Exchange
138,82,Jules Jones,Stephanie,Directed,1,121,Exchange
138,82,Jules Jones,Stephanie,Directed,1,122,Exchange
138,82,Jules Jones,Stephanie,Directed,1,123,Exchange
138,82,Jules Jones,Stephanie,Directed,1,124,Exchange
138,82,Jules Jones,Stephanie,Directed,1,125,Exchange
138,82,Jules Jones,Stephanie,Directed,1,126,Exchange
138,82,Jules Jones,Stephanie,Directed,1,127,Exchange
138,82,Jules Jones,Stephanie,Directed,1,128,Exchange
138,82,Jules Jones,Stephanie,Directed,1,129,Exchange
138,82,Jules Jones,Stephanie,Directed,1,130,Exchange
138,82,Jules Jones,Stephanie,Directed,1,131,Exchange
138,82,Jules Jones,Stephanie,Directed,1,132,Exchange
138,159,Jules Jones,Vanity Fair reporter,Directed,1,185,Exchange
138,155,Jules Jones,waiter,Directed,1,168,Exchange
472,471,Jury at Kitty Jackson's trial,Kitty Jackson's Defense Attorney,Directed,1,119,Exchange
457,82,Kathy,Stephanie,Directed,1,112,Exchange
457,82,Kathy,Stephanie,Directed,1,114,Exchange
413,404,Kikuyu drivers,Albert,Directed,1,65,Exchange
83,481,Kitty Jackson,Arc,Directed,1,150,Exchange
83,481,Kitty Jackson,Arc,Directed,1,151,Exchange
83,481,Kitty Jackson,Arc,Directed,1,157,Exchange
83,481,Kitty Jackson,Arc,Directed,1,159,Exchange
83,347,Kitty Jackson,Dolly Peale,Directed,1,145,Exchange
83,347,Kitty Jackson,Dolly Peale,Directed,1,148,Exchange
83,347,Kitty Jackson,Dolly Peale,Directed,1,149,Exchange
83,347,Kitty Jackson,Dolly Peale,Directed,1,150,Exchange
83,347,Kitty Jackson,Dolly Peale,Directed,1,151,Exchange
83,347,Kitty Jackson,Dolly Peale,Directed,1,152,Exchange
83,347,Kitty Jackson,Dolly Peale,Directed,1,156,Exchange
83,347,Kitty Jackson,Dolly Peale,Directed,1,159,Exchange
83,347,Kitty Jackson,Dolly Peale,Directed,1,160,Exchange
83,138,Kitty Jackson,Jules Jones,Directed,1,167,Exchange
83,138,Kitty Jackson,Jules Jones,Directed,1,168,Exchange
83,138,Kitty Jackson,Jules Jones,Directed,1,169,Exchange
83,138,Kitty Jackson,Jules Jones,Directed,1,170,Exchange
83,138,Kitty Jackson,Jules Jones,Directed,1,171,Exchange
83,138,Kitty Jackson,Jules Jones,Directed,1,172,Exchange
83,138,Kitty Jackson,Jules Jones,Directed,1,174,Exchange
83,138,Kitty Jackson,Jules Jones,Directed,1,175,Exchange
83,138,Kitty Jackson,Jules Jones,Directed,1,176,Exchange
83,138,Kitty Jackson,Jules Jones,Directed,1,177,Exchange
83,138,Kitty Jackson,Jules Jones,Directed,1,178,Exchange
83,138,Kitty Jackson,Jules Jones,Directed,1,179,Exchange
83,138,Kitty Jackson,Jules Jones,Directed,1,180,Exchange
83,138,Kitty Jackson,Jules Jones,Directed,1,181,Exchange
83,138,Kitty Jackson,Jules Jones,Directed,1,182,Exchange
83,138,Kitty Jackson,Jules Jones,Directed,1,183,Exchange
83,138,Kitty Jackson,Jules Jones,Directed,1,184,Exchange
83,346,Kitty Jackson,Lulu Peale,Directed,1,150,Exchange
83,346,Kitty Jackson,Lulu Peale,Directed,1,151,Exchange
83,346,Kitty Jackson,Lulu Peale,Directed,1,155,Exchange
83,346,Kitty Jackson,Lulu Peale,Directed,1,156,Exchange
83,480,Kitty Jackson,The General,Directed,1,159,Exchange
83,480,Kitty Jackson,The General,Directed,1,160,Exchange
83,155,Kitty Jackson,waiter,Directed,1,168,Exchange
83,488,Kitty Jackson,überpowerful producer's wife,Directed,1,144,Exchange
471,472,Kitty Jackson's Defense Attorney,Jury at Kitty Jackson's trial,Directed,1,119,Exchange
74,255,Lassimo Hotel Concierge,"""security"" (on the phone)",Directed,1,10,Exchange
74,254,Lassimo Hotel Concierge,"""the police""",Directed,1,10,Exchange
74,68,Lassimo Hotel Concierge,"""the woman"" (wallet victim)",Directed,1,9,Exchange
74,71,Lassimo Hotel Concierge,Alex,Directed,1,10,Exchange
211,140,Lincoln Blake,Alison Blake,Directed,1,243,Exchange
211,140,Lincoln Blake,Alison Blake,Directed,1,244,Exchange
211,140,Lincoln Blake,Alison Blake,Directed,1,249,Exchange
211,140,Lincoln Blake,Alison Blake,Directed,1,250,Exchange
211,140,Lincoln Blake,Alison Blake,Directed,1,260,Exchange
211,140,Lincoln Blake,Alison Blake,Directed,1,263,Exchange
211,140,Lincoln Blake,Alison Blake,Directed,1,274,Exchange
211,140,Lincoln Blake,Alison Blake,Directed,1,276,Exchange
211,140,Lincoln Blake,Alison Blake,Directed,1,278,Exchange
211,140,Lincoln Blake,Alison Blake,Directed,1,280,Exchange
211,140,Lincoln Blake,Alison Blake,Directed,1,301,Exchange
211,140,Lincoln Blake,Alison Blake,Directed,1,303,Exchange
211,213,Lincoln Blake,Drew Blake,Directed,1,249,Exchange
211,213,Lincoln Blake,Drew Blake,Directed,1,250,Exchange
211,213,Lincoln Blake,Drew Blake,Directed,1,274,Exchange
211,213,Lincoln Blake,Drew Blake,Directed,1,275,Exchange
211,213,Lincoln Blake,Drew Blake,Directed,1,278,Exchange
211,213,Lincoln Blake,Drew Blake,Directed,1,279,Exchange
211,213,Lincoln Blake,Drew Blake,Directed,1,280,Exchange
211,213,Lincoln Blake,Drew Blake,Directed,1,283,Exchange
211,213,Lincoln Blake,Drew Blake,Directed,1,301,Exchange
211,213,Lincoln Blake,Drew Blake,Directed,1,303,Exchange
211,66,Lincoln Blake,Sasha,Directed,1,245,Exchange
211,66,Lincoln Blake,Sasha,Directed,1,247,Exchange
211,66,Lincoln Blake,Sasha,Directed,1,260,Exchange
211,66,Lincoln Blake,Sasha,Directed,1,264,Exchange
76,278,Lizzie,Lizzie's mother,Directed,1,189,Exchange
76,139,Lizzie,Robert Freeman Jr.,Directed,1,186,Exchange
76,139,Lizzie,Robert Freeman Jr.,Directed,1,189,Exchange
76,139,Lizzie,Robert Freeman Jr.,Directed,1,190,Exchange
76,139,Lizzie,Robert Freeman Jr.,Directed,1,191,Exchange
76,66,Lizzie,Sasha,Directed,1,190,Exchange
278,76,Lizzie's mother,Lizzie,Directed,1,189,Exchange
130,85,Lou Kline,Alice,Directed,1,51,Exchange
130,67,Lou Kline,Bennie Salazar,Directed,1,51,Exchange
130,67,Lou Kline,Bennie Salazar,Directed,1,54,Exchange
130,385,Lou Kline,Charlie,Directed,1,60,Exchange
130,385,Lou Kline,Charlie,Directed,1,67,Exchange
130,385,Lou Kline,Charlie,Directed,1,75,Exchange
130,385,Lou Kline,Charlie,Directed,1,76,Exchange
130,415,Lou Kline,Chronos,Directed,1,69,Exchange
130,408,Lou Kline,Cora (Lou's travel agent),Directed,1,63,Exchange
130,408,Lou Kline,Cora (Lou's travel agent),Directed,1,68,Exchange
130,419,Lou Kline,Dean,Directed,1,76,Exchange
130,395,Lou Kline,Fiona,Directed,1,79,Exchange
130,395,Lou Kline,Fiona,Directed,1,80,Exchange
130,86,Lou Kline,Jocelyn,Directed,1,43,Exchange
130,86,Lou Kline,Jocelyn,Directed,1,46,Exchange
130,86,Lou Kline,Jocelyn,Directed,1,48,Exchange
130,86,Lou Kline,Jocelyn,Directed,1,49,Exchange
130,86,Lou Kline,Jocelyn,Directed,1,50,Exchange
130,86,Lou Kline,Jocelyn,Directed,1,51,Exchange
130,86,Lou Kline,Jocelyn,Directed,1,52,Exchange
130,86,Lou Kline,Jocelyn,Directed,1,53,Exchange
130,86,Lou Kline,Jocelyn,Directed,1,85,Exchange
130,86,Lou Kline,Jocelyn,Directed,1,86,Exchange
130,86,Lou Kline,Jocelyn,Directed,1,88,Exchange
130,86,Lou Kline,Jocelyn,Directed,1,89,Exchange
130,86,Lou Kline,Jocelyn,Directed,1,90,Exchange
130,86,Lou Kline,Jocelyn,Directed,1,91,Exchange
130,393,Lou Kline,Jocelyn's mother,Directed,1,57,Exchange
130,244,Lou Kline,Joel,Directed,1,51,Exchange
130,396,Lou Kline,Mildred,Directed,1,79,Exchange
130,396,Lou Kline,Mildred,Directed,1,80,Exchange
130,397,Lou Kline,Mindy,Directed,1,65,Exchange
130,399,Lou Kline,Ramsey,Directed,1,73,Exchange
130,87,Lou Kline,Rhea,Directed,1,48,Exchange
130,87,Lou Kline,Rhea,Directed,1,49,Exchange
130,87,Lou Kline,Rhea,Directed,1,50,Exchange
130,87,Lou Kline,Rhea,Directed,1,51,Exchange
130,87,Lou Kline,Rhea,Directed,1,52,Exchange
130,87,Lou Kline,Rhea,Directed,1,53,Exchange
130,87,Lou Kline,Rhea,Directed,1,54,Exchange
130,87,Lou Kline,Rhea,Directed,1,55,Exchange
130,87,Lou Kline,Rhea,Directed,1,56,Exchange
130,87,Lou Kline,Rhea,Directed,1,57,Exchange
130,87,Lou Kline,Rhea,Directed,1,85,Exchange
130,87,Lou Kline,Rhea,Directed,1,86,Exchange
130,87,Lou Kline,Rhea,Directed,1,88,Exchange
130,87,Lou Kline,Rhea,Directed,1,89,Exchange
130,87,Lou Kline,Rhea,Directed,1,91,Exchange
130,386,Lou Kline,Rolph,Directed,1,59,Exchange
130,386,Lou Kline,Rolph,Directed,1,62,Exchange
130,386,Lou Kline,Rolph,Directed,1,63,Exchange
130,386,Lou Kline,Rolph,Directed,1,67,Exchange
130,386,Lou Kline,Rolph,Directed,1,73,Exchange
130,386,Lou Kline,Rolph,Directed,1,77,Exchange
130,386,Lou Kline,Rolph,Directed,1,78,Exchange
130,386,Lou Kline,Rolph,Directed,1,79,Exchange
130,84,Lou Kline,Scotty Hausmann,Directed,1,51,Exchange
130,84,Lou Kline,Scotty Hausmann,Directed,1,52,Exchange
130,84,Lou Kline,Scotty Hausmann,Directed,1,53,Exchange
130,513,Lou Kline,Strangers at Vanessi's,Directed,1,50,Exchange
130,513,Lou Kline,Strangers at Vanessi's,Directed,1,51,Exchange
130,380,Lou Kline,door guy at the Mab,Directed,1,51,Exchange
115,67,Louisa (younger Stop/Go sister),Bennie Salazar,Directed,1,30,Exchange
115,100,Louisa (younger Stop/Go sister),Stop/Go Producer 1,Directed,1,20,Exchange
115,101,Louisa (younger Stop/Go sister),Stop/Go Producer 2,Directed,1,20,Exchange
115,102,Louisa (younger Stop/Go sister),Stop/Go Producer 3,Directed,1,20,Exchange
425,385,Louise,Charlie,Directed,1,72,Exchange
425,395,Louise,Fiona,Directed,1,72,Exchange
425,396,Louise,Mildred,Directed,1,72,Exchange
425,386,Louise,Rolph,Directed,1,72,Exchange
346,71,Lulu Peale,Alex,Directed,1,317,Exchange
346,71,Lulu Peale,Alex,Directed,1,318,Exchange
346,71,Lulu Peale,Alex,Directed,1,319,Exchange
346,71,Lulu Peale,Alex,Directed,1,320,Exchange
346,71,Lulu Peale,Alex,Directed,1,321,Exchange
346,71,Lulu Peale,Alex,Directed,1,322,Exchange
346,71,Lulu Peale,Alex,Directed,1,324,Exchange
346,71,Lulu Peale,Alex,Directed,1,326,Exchange
346,71,Lulu Peale,Alex,Directed,1,327,Exchange
346,71,Lulu Peale,Alex,Directed,1,331,Exchange
346,71,Lulu Peale,Alex,Directed,1,334,Exchange
346,481,Lulu Peale,Arc,Directed,1,152,Exchange
346,481,Lulu Peale,Arc,Directed,1,157,Exchange
346,329,Lulu Peale,Cara-Ann (Alex's daughter),Directed,1,321,Exchange
346,329,Lulu Peale,Cara-Ann (Alex's daughter),Directed,1,322,Exchange
346,347,Lulu Peale,Dolly Peale,Directed,1,146,Exchange
346,347,Lulu Peale,Dolly Peale,Directed,1,147,Exchange
346,347,Lulu Peale,Dolly Peale,Directed,1,148,Exchange
346,347,Lulu Peale,Dolly Peale,Directed,1,149,Exchange
346,347,Lulu Peale,Dolly Peale,Directed,1,153,Exchange
346,347,Lulu Peale,Dolly Peale,Directed,1,159,Exchange
346,347,Lulu Peale,Dolly Peale,Directed,1,160,Exchange
346,347,Lulu Peale,Dolly Peale,Directed,1,161,Exchange
346,83,Lulu Peale,Kitty Jackson,Directed,1,150,Exchange
346,83,Lulu Peale,Kitty Jackson,Directed,1,151,Exchange
346,83,Lulu Peale,Kitty Jackson,Directed,1,155,Exchange
346,83,Lulu Peale,Kitty Jackson,Directed,1,156,Exchange
346,84,Lulu Peale,Scotty Hausmann,Directed,1,334,Exchange
346,84,Lulu Peale,Scotty Hausmann,Directed,1,336,Exchange
330,71,Lupa Salazar,Alex,Directed,1,312,Exchange
330,67,Lupa Salazar,Bennie Salazar,Directed,1,312,Exchange
246,67,Marty,Bennie Salazar,Directed,1,44,Exchange
246,84,Marty,Scotty Hausmann,Directed,1,44,Exchange
396,385,Mildred,Charlie,Directed,1,72,Exchange
396,130,Mildred,Lou Kline,Directed,1,79,Exchange
396,130,Mildred,Lou Kline,Directed,1,80,Exchange
396,425,Mildred,Louise,Directed,1,72,Exchange
396,397,Mildred,Mindy,Directed,1,70,Exchange
396,386,Mildred,Rolph,Directed,1,72,Exchange
181,141,Miles Hollander,Ted Hollander,Directed,1,211,Exchange
181,141,Miles Hollander,Ted Hollander,Directed,1,212,Exchange
397,404,Mindy,Albert,Directed,1,67,Exchange
397,404,Mindy,Albert,Directed,1,68,Exchange
397,404,Mindy,Albert,Directed,1,69,Exchange
397,404,Mindy,Albert,Directed,1,74,Exchange
397,385,Mindy,Charlie,Directed,1,70,Exchange
397,408,Mindy,Cora (Lou's travel agent),Directed,1,64,Exchange
397,408,Mindy,Cora (Lou's travel agent),Directed,1,68,Exchange
397,130,Mindy,Lou Kline,Directed,1,65,Exchange
397,396,Mindy,Mildred,Directed,1,70,Exchange
397,386,Mindy,Rolph,Directed,1,70,Exchange
397,386,Mindy,Rolph,Directed,1,73,Exchange
397,386,Mindy,Rolph,Directed,1,74,Exchange
397,386,Mindy,Rolph,Directed,1,75,Exchange
80,67,Mother Superior,Bennie Salazar,Directed,1,20,Exchange
80,67,Mother Superior,Bennie Salazar,Directed,1,21,Exchange
371,71,Natasha (Zeus's Russian girlfriend),Alex,Directed,1,329,Exchange
371,331,Natasha (Zeus's Russian girlfriend),Rebecca (Alex's wife),Directed,1,329,Exchange
469,82,Noreen,Stephanie,Directed,1,135,Exchange
469,82,Noreen,Stephanie,Directed,1,136,Exchange
399,130,Ramsey,Lou Kline,Directed,1,73,Exchange
331,71,Rebecca (Alex's wife),Alex,Directed,1,312,Exchange
331,71,Rebecca (Alex's wife),Alex,Directed,1,322,Exchange
331,71,Rebecca (Alex's wife),Alex,Directed,1,323,Exchange
331,71,Rebecca (Alex's wife),Alex,Directed,1,324,Exchange
331,71,Rebecca (Alex's wife),Alex,Directed,1,325,Exchange
331,71,Rebecca (Alex's wife),Alex,Directed,1,328,Exchange
331,71,Rebecca (Alex's wife),Alex,Directed,1,329,Exchange
331,71,Rebecca (Alex's wife),Alex,Directed,1,330,Exchange
331,71,Rebecca (Alex's wife),Alex,Directed,1,331,Exchange
331,71,Rebecca (Alex's wife),Alex,Directed,1,336,Exchange
331,71,Rebecca (Alex's wife),Alex,Directed,1,337,Exchange
331,329,Rebecca (Alex's wife),Cara-Ann (Alex's daughter),Directed,1,314,Exchange
331,329,Rebecca (Alex's wife),Cara-Ann (Alex's daughter),Directed,1,322,Exchange
331,329,Rebecca (Alex's wife),Cara-Ann (Alex's daughter),Directed,1,323,Exchange
331,329,Rebecca (Alex's wife),Cara-Ann (Alex's daughter),Directed,1,324,Exchange
331,371,Rebecca (Alex's wife),Natasha (Zeus's Russian girlfriend),Directed,1,329,Exchange
331,84,Rebecca (Alex's wife),Scotty Hausmann,Directed,1,336,Exchange
331,370,Rebecca (Alex's wife),Zeus (Alex's friend),Directed,1,328,Exchange
87,259,Rhea,"""a banjo""",Directed,1,44,Exchange
87,257,Rhea,"""a sax""",Directed,1,44,Exchange
87,258,Rhea,"""a tuba""",Directed,1,44,Exchange
87,85,Rhea,Alice,Directed,1,46,Exchange
87,85,Rhea,Alice,Directed,1,47,Exchange
87,85,Rhea,Alice,Directed,1,48,Exchange
87,85,Rhea,Alice,Directed,1,58,Exchange
87,67,Rhea,Bennie Salazar,Directed,1,48,Exchange
87,247,Rhea,Crime (band),Directed,1,45,Exchange
87,86,Rhea,Jocelyn,Directed,1,42,Exchange
87,86,Rhea,Jocelyn,Directed,1,44,Exchange
87,86,Rhea,Jocelyn,Directed,1,45,Exchange
87,86,Rhea,Jocelyn,Directed,1,46,Exchange
87,86,Rhea,Jocelyn,Directed,1,48,Exchange
87,86,Rhea,Jocelyn,Directed,1,49,Exchange
87,86,Rhea,Jocelyn,Directed,1,50,Exchange
87,86,Rhea,Jocelyn,Directed,1,51,Exchange
87,86,Rhea,Jocelyn,Directed,1,54,Exchange
87,86,Rhea,Jocelyn,Directed,1,55,Exchange
87,86,Rhea,Jocelyn,Directed,1,87,Exchange
87,86,Rhea,Jocelyn,Directed,1,88,Exchange
87,86,Rhea,Jocelyn,Directed,1,90,Exchange
87,86,Rhea,Jocelyn,Directed,1,91,Exchange
87,393,Rhea,Jocelyn's mother,Directed,1,57,Exchange
87,130,Rhea,Lou Kline,Directed,1,46,Exchange
87,130,Rhea,Lou Kline,Directed,1,48,Exchange
87,130,Rhea,Lou Kline,Directed,1,49,Exchange
87,130,Rhea,Lou Kline,Directed,1,50,Exchange
87,130,Rhea,Lou Kline,Directed,1,51,Exchange
87,130,Rhea,Lou Kline,Directed,1,52,Exchange
87,130,Rhea,Lou Kline,Directed,1,53,Exchange
87,130,Rhea,Lou Kline,Directed,1,54,Exchange
87,130,Rhea,Lou Kline,Directed,1,55,Exchange
87,130,Rhea,Lou Kline,Directed,1,56,Exchange
87,130,Rhea,Lou Kline,Directed,1,57,Exchange
87,130,Rhea,Lou Kline,Directed,1,85,Exchange
87,130,Rhea,Lou Kline,Directed,1,86,Exchange
87,130,Rhea,Lou Kline,Directed,1,88,Exchange
87,130,Rhea,Lou Kline,Directed,1,89,Exchange
87,130,Rhea,Lou Kline,Directed,1,91,Exchange
87,136,Rhea,Rhea's dad,Directed,1,57,Exchange
87,314,Rhea,Rhea's first brother,Directed,1,57,Exchange
87,256,Rhea,Rhea's mother,Directed,1,43,Exchange
87,256,Rhea,Rhea's mother,Directed,1,57,Exchange
87,84,Rhea,Scotty Hausmann,Directed,1,45,Exchange
87,84,Rhea,Scotty Hausmann,Directed,1,46,Exchange
87,513,Rhea,Strangers at Vanessi's,Directed,1,50,Exchange
87,513,Rhea,Strangers at Vanessi's,Directed,1,51,Exchange
87,248,Rhea,The Avengers (band),Directed,1,45,Exchange
87,249,Rhea,The Germs (band),Directed,1,45,Exchange
87,376,Rhea,Waiter (at Vanessi's),Directed,1,50,Exchange
136,393,Rhea's dad,Jocelyn's mother,Directed,1,57,Exchange
136,87,Rhea's dad,Rhea,Directed,1,57,Exchange
314,393,Rhea's first brother,Jocelyn's mother,Directed,1,57,Exchange
314,87,Rhea's first brother,Rhea,Directed,1,57,Exchange
314,315,Rhea's first brother,Rhea's second brother,Directed,1,49,Exchange
256,87,Rhea's mother,Rhea,Directed,1,43,Exchange
256,87,Rhea's mother,Rhea,Directed,1,57,Exchange
315,314,Rhea's second brother,Rhea's first brother,Directed,1,49,Exchange
139,288,Robert Freeman Jr.,"""a girl"" (Rob shares a strong joint with)",Directed,1,202,Exchange
139,161,Robert Freeman Jr.,Bix,Directed,1,191,Exchange
139,161,Robert Freeman Jr.,Bix,Directed,1,201,Exchange
139,161,Robert Freeman Jr.,Bix,Directed,1,202,Exchange
139,161,Robert Freeman Jr.,Bix,Directed,1,203,Exchange
139,161,Robert Freeman Jr.,Bix,Directed,1,204,Exchange
139,213,Robert Freeman Jr.,Drew Blake,Directed,1,186,Exchange
139,213,Robert Freeman Jr.,Drew Blake,Directed,1,187,Exchange
139,213,Robert Freeman Jr.,Drew Blake,Directed,1,188,Exchange
139,213,Robert Freeman Jr.,Drew Blake,Directed,1,189,Exchange
139,213,Robert Freeman Jr.,Drew Blake,Directed,1,190,Exchange
139,213,Robert Freeman Jr.,Drew Blake,Directed,1,192,Exchange
139,213,Robert Freeman Jr.,Drew Blake,Directed,1,197,Exchange
139,213,Robert Freeman Jr.,Drew Blake,Directed,1,198,Exchange
139,213,Robert Freeman Jr.,Drew Blake,Directed,1,199,Exchange
139,213,Robert Freeman Jr.,Drew Blake,Directed,1,200,Exchange
139,213,Robert Freeman Jr.,Drew Blake,Directed,1,201,Exchange
139,213,Robert Freeman Jr.,Drew Blake,Directed,1,202,Exchange
139,213,Robert Freeman Jr.,Drew Blake,Directed,1,203,Exchange
139,213,Robert Freeman Jr.,Drew Blake,Directed,1,204,Exchange
139,213,Robert Freeman Jr.,Drew Blake,Directed,1,205,Exchange
139,213,Robert Freeman Jr.,Drew Blake,Directed,1,206,Exchange
139,213,Robert Freeman Jr.,Drew Blake,Directed,1,207,Exchange
139,172,Robert Freeman Jr.,James,Directed,1,195,Exchange
139,76,Robert Freeman Jr.,Lizzie,Directed,1,186,Exchange
139,76,Robert Freeman Jr.,Lizzie,Directed,1,189,Exchange
139,76,Robert Freeman Jr.,Lizzie,Directed,1,190,Exchange
139,76,Robert Freeman Jr.,Lizzie,Directed,1,191,Exchange
139,164,Robert Freeman Jr.,Robert Freeman Jr.'s father,Directed,1,189,Exchange
139,173,Robert Freeman Jr.,Robert Freeman Jr.'s mother,Directed,1,198,Exchange
139,66,Robert Freeman Jr.,Sasha,Directed,1,186,Exchange
139,66,Robert Freeman Jr.,Sasha,Directed,1,188,Exchange
139,66,Robert Freeman Jr.,Sasha,Directed,1,189,Exchange
139,66,Robert Freeman Jr.,Sasha,Directed,1,190,Exchange
139,66,Robert Freeman Jr.,Sasha,Directed,1,192,Exchange
139,66,Robert Freeman Jr.,Sasha,Directed,1,193,Exchange
139,66,Robert Freeman Jr.,Sasha,Directed,1,194,Exchange
139,66,Robert Freeman Jr.,Sasha,Directed,1,195,Exchange
139,66,Robert Freeman Jr.,Sasha,Directed,1,197,Exchange
139,66,Robert Freeman Jr.,Sasha,Directed,1,198,Exchange
139,66,Robert Freeman Jr.,Sasha,Directed,1,199,Exchange
139,66,Robert Freeman Jr.,Sasha,Directed,1,200,Exchange
139,66,Robert Freeman Jr.,Sasha,Directed,1,201,Exchange
139,174,Robert Freeman Jr.,The Conduits (band),Directed,1,198,Exchange
139,174,Robert Freeman Jr.,The Conduits (band),Directed,1,199,Exchange
164,139,Robert Freeman Jr.'s father,Robert Freeman Jr.,Directed,1,189,Exchange
173,139,Robert Freeman Jr.'s mother,Robert Freeman Jr.,Directed,1,198,Exchange
386,404,Rolph,Albert,Directed,1,67,Exchange
386,404,Rolph,Albert,Directed,1,73,Exchange
386,404,Rolph,Albert,Directed,1,74,Exchange
386,385,Rolph,Charlie,Directed,1,59,Exchange
386,385,Rolph,Charlie,Directed,1,60,Exchange
386,385,Rolph,Charlie,Directed,1,63,Exchange
386,385,Rolph,Charlie,Directed,1,70,Exchange
386,385,Rolph,Charlie,Directed,1,72,Exchange
386,385,Rolph,Charlie,Directed,1,76,Exchange
386,385,Rolph,Charlie,Directed,1,80,Exchange
386,385,Rolph,Charlie,Directed,1,81,Exchange
386,385,Rolph,Charlie,Directed,1,82,Exchange
386,385,Rolph,Charlie,Directed,1,83,Exchange
386,395,Rolph,Fiona,Directed,1,72,Exchange
386,86,Rolph,Jocelyn,Directed,1,91,Exchange
386,130,Rolph,Lou Kline,Directed,1,59,Exchange
386,130,Rolph,Lou Kline,Directed,1,62,Exchange
386,130,Rolph,Lou Kline,Directed,1,63,Exchange
386,130,Rolph,Lou Kline,Directed,1,67,Exchange
386,130,Rolph,Lou Kline,Directed,1,73,Exchange
386,130,Rolph,Lou Kline,Directed,1,77,Exchange
386,130,Rolph,Lou Kline,Directed,1,78,Exchange
386,130,Rolph,Lou Kline,Directed,1,79,Exchange
386,425,Rolph,Louise,Directed,1,72,Exchange
386,396,Rolph,Mildred,Directed,1,72,Exchange
386,397,Rolph,Mindy,Directed,1,70,Exchange
386,397,Rolph,Mindy,Directed,1,73,Exchange
386,397,Rolph,Mindy,Directed,1,74,Exchange
386,397,Rolph,Mindy,Directed,1,75,Exchange
400,385,Samburu warriors,Charlie,Directed,1,61,Exchange
443,84,Sammy,Scotty Hausmann,Directed,1,105,Exchange
66,282,Sasha,"""baby crying"" (in Naples)",Directed,1,194,Exchange
66,294,Sasha,"""driver"" (in Naples)",Directed,1,221,Exchange
66,281,Sasha,"""hungry kids"" (in Naples)",Directed,1,194,Exchange
66,72,Sasha,"""the plumber""",Directed,1,7,Exchange
66,72,Sasha,"""the plumber""",Directed,1,8,Exchange
66,68,Sasha,"""the woman"" (wallet victim)",Directed,1,9,Exchange
66,68,Sasha,"""the woman"" (wallet victim)",Directed,1,10,Exchange
66,68,Sasha,"""the woman"" (wallet victim)",Directed,1,11,Exchange
66,68,Sasha,"""the woman"" (wallet victim)",Directed,1,12,Exchange
66,68,Sasha,"""the woman"" (wallet victim)",Directed,1,13,Exchange
66,71,Sasha,Alex,Directed,1,5,Exchange
66,71,Sasha,Alex,Directed,1,6,Exchange
66,71,Sasha,Alex,Directed,1,10,Exchange
66,71,Sasha,Alex,Directed,1,11,Exchange
66,71,Sasha,Alex,Directed,1,12,Exchange
66,71,Sasha,Alex,Directed,1,13,Exchange
66,71,Sasha,Alex,Directed,1,14,Exchange
66,71,Sasha,Alex,Directed,1,15,Exchange
66,71,Sasha,Alex,Directed,1,16,Exchange
66,71,Sasha,Alex,Directed,1,17,Exchange
66,71,Sasha,Alex,Directed,1,18,Exchange
66,140,Sasha,Alison Blake,Directed,1,238,Exchange
66,140,Sasha,Alison Blake,Directed,1,239,Exchange
66,140,Sasha,Alison Blake,Directed,1,240,Exchange
66,140,Sasha,Alison Blake,Directed,1,242,Exchange
66,140,Sasha,Alison Blake,Directed,1,245,Exchange
66,140,Sasha,Alison Blake,Directed,1,247,Exchange
66,140,Sasha,Alison Blake,Directed,1,253,Exchange
66,140,Sasha,Alison Blake,Directed,1,254,Exchange
66,140,Sasha,Alison Blake,Directed,1,255,Exchange
66,140,Sasha,Alison Blake,Directed,1,256,Exchange
66,140,Sasha,Alison Blake,Directed,1,257,Exchange
66,140,Sasha,Alison Blake,Directed,1,259,Exchange
66,140,Sasha,Alison Blake,Directed,1,260,Exchange
66,140,Sasha,Alison Blake,Directed,1,261,Exchange
66,140,Sasha,Alison Blake,Directed,1,264,Exchange
66,140,Sasha,Alison Blake,Directed,1,265,Exchange
66,140,Sasha,Alison Blake,Directed,1,271,Exchange
66,140,Sasha,Alison Blake,Directed,1,273,Exchange
66,140,Sasha,Alison Blake,Directed,1,277,Exchange
66,140,Sasha,Alison Blake,Directed,1,280,Exchange
66,140,Sasha,Alison Blake,Directed,1,281,Exchange
66,67,Sasha,Bennie Salazar,Directed,1,27,Exchange
66,67,Sasha,Bennie Salazar,Directed,1,28,Exchange
66,67,Sasha,Bennie Salazar,Directed,1,29,Exchange
66,214,Sasha,Christine (Jason's Mom),Directed,1,239,Exchange
66,81,Sasha,Christopher Salazar,Directed,1,27,Exchange
66,69,Sasha,Coz,Directed,1,4,Exchange
66,69,Sasha,Coz,Directed,1,5,Exchange
66,69,Sasha,Coz,Directed,1,6,Exchange
66,69,Sasha,Coz,Directed,1,7,Exchange
66,69,Sasha,Coz,Directed,1,8,Exchange
66,69,Sasha,Coz,Directed,1,9,Exchange
66,69,Sasha,Coz,Directed,1,15,Exchange
66,69,Sasha,Coz,Directed,1,16,Exchange
66,69,Sasha,Coz,Directed,1,18,Exchange
66,216,Sasha,Dan,Directed,1,239,Exchange
66,213,Sasha,Drew Blake,Directed,1,189,Exchange
66,213,Sasha,Drew Blake,Directed,1,192,Exchange
66,213,Sasha,Drew Blake,Directed,1,197,Exchange
66,213,Sasha,Drew Blake,Directed,1,198,Exchange
66,213,Sasha,Drew Blake,Directed,1,199,Exchange
66,213,Sasha,Drew Blake,Directed,1,277,Exchange
66,213,Sasha,Drew Blake,Directed,1,280,Exchange
66,213,Sasha,Drew Blake,Directed,1,281,Exchange
66,215,Sasha,Gabby (Mark's Mom),Directed,1,239,Exchange
66,171,Sasha,Hammer (Sasha’s stepfather),Directed,1,192,Exchange
66,171,Sasha,Hammer (Sasha’s stepfather),Directed,1,193,Exchange
66,211,Sasha,Lincoln Blake,Directed,1,245,Exchange
66,211,Sasha,Lincoln Blake,Directed,1,247,Exchange
66,211,Sasha,Lincoln Blake,Directed,1,260,Exchange
66,211,Sasha,Lincoln Blake,Directed,1,264,Exchange
66,76,Sasha,Lizzie,Directed,1,190,Exchange
66,139,Sasha,Robert Freeman Jr.,Directed,1,186,Exchange
66,139,Sasha,Robert Freeman Jr.,Directed,1,188,Exchange
66,139,Sasha,Robert Freeman Jr.,Directed,1,189,Exchange
66,139,Sasha,Robert Freeman Jr.,Directed,1,190,Exchange
66,139,Sasha,Robert Freeman Jr.,Directed,1,192,Exchange
66,139,Sasha,Robert Freeman Jr.,Directed,1,193,Exchange
66,139,Sasha,Robert Freeman Jr.,Directed,1,194,Exchange
66,139,Sasha,Robert Freeman Jr.,Directed,1,195,Exchange
66,139,Sasha,Robert Freeman Jr.,Directed,1,197,Exchange
66,139,Sasha,Robert Freeman Jr.,Directed,1,198,Exchange
66,139,Sasha,Robert Freeman Jr.,Directed,1,199,Exchange
66,139,Sasha,Robert Freeman Jr.,Directed,1,200,Exchange
66,139,Sasha,Robert Freeman Jr.,Directed,1,201,Exchange
66,84,Sasha,Scotty Hausmann,Directed,1,95,Exchange
66,84,Sasha,Scotty Hausmann,Directed,1,98,Exchange
66,84,Sasha,Scotty Hausmann,Directed,1,104,Exchange
66,82,Sasha,Stephanie,Directed,1,133,Exchange
66,141,Sasha,Ted Hollander,Directed,1,216,Exchange
66,141,Sasha,Ted Hollander,Directed,1,217,Exchange
66,141,Sasha,Ted Hollander,Directed,1,218,Exchange
66,141,Sasha,Ted Hollander,Directed,1,219,Exchange
66,141,Sasha,Ted Hollander,Directed,1,220,Exchange
66,141,Sasha,Ted Hollander,Directed,1,221,Exchange
66,141,Sasha,Ted Hollander,Directed,1,222,Exchange
66,141,Sasha,Ted Hollander,Directed,1,223,Exchange
66,141,Sasha,Ted Hollander,Directed,1,224,Exchange
66,141,Sasha,Ted Hollander,Directed,1,225,Exchange
66,141,Sasha,Ted Hollander,Directed,1,226,Exchange
66,141,Sasha,Ted Hollander,Directed,1,229,Exchange
66,141,Sasha,Ted Hollander,Directed,1,230,Exchange
66,141,Sasha,Ted Hollander,Directed,1,231,Exchange
66,141,Sasha,Ted Hollander,Directed,1,232,Exchange
66,141,Sasha,Ted Hollander,Directed,1,233,Exchange
66,174,Sasha,The Conduits (band),Directed,1,28,Exchange
66,174,Sasha,The Conduits (band),Directed,1,198,Exchange
66,174,Sasha,The Conduits (band),Directed,1,199,Exchange
84,259,Scotty Hausmann,"""a banjo""",Directed,1,44,Exchange
84,448,Scotty Hausmann,"""a blond gal""",Directed,1,97,Exchange
84,257,Scotty Hausmann,"""a sax""",Directed,1,44,Exchange
84,258,Scotty Hausmann,"""a tuba""",Directed,1,44,Exchange
84,374,Scotty Hausmann,"""audience"" (at Scotty's concert)",Directed,1,335,Exchange
84,374,Scotty Hausmann,"""audience"" (at Scotty's concert)",Directed,1,336,Exchange
84,71,Scotty Hausmann,Alex,Directed,1,335,Exchange
84,85,Scotty Hausmann,Alice,Directed,1,39,Exchange
84,67,Scotty Hausmann,Bennie Salazar,Directed,1,48,Exchange
84,67,Scotty Hausmann,Bennie Salazar,Directed,1,93,Exchange
84,67,Scotty Hausmann,Bennie Salazar,Directed,1,98,Exchange
84,67,Scotty Hausmann,Bennie Salazar,Directed,1,99,Exchange
84,67,Scotty Hausmann,Bennie Salazar,Directed,1,100,Exchange
84,67,Scotty Hausmann,Bennie Salazar,Directed,1,101,Exchange
84,67,Scotty Hausmann,Bennie Salazar,Directed,1,102,Exchange
84,67,Scotty Hausmann,Bennie Salazar,Directed,1,103,Exchange
84,67,Scotty Hausmann,Bennie Salazar,Directed,1,104,Exchange
84,67,Scotty Hausmann,Bennie Salazar,Directed,1,332,Exchange
84,67,Scotty Hausmann,Bennie Salazar,Directed,1,333,Exchange
84,329,Scotty Hausmann,Cara-Ann (Alex's daughter),Directed,1,336,Exchange
84,247,Scotty Hausmann,Crime (band),Directed,1,45,Exchange
84,444,Scotty Hausmann,Dave,Directed,1,105,Exchange
84,444,Scotty Hausmann,Dave,Directed,1,106,Exchange
84,445,Scotty Hausmann,Dry-cleaner gal,Directed,1,94,Exchange
84,420,Scotty Hausmann,Joe (Lulu's Husband),Directed,1,336,Exchange
84,130,Scotty Hausmann,Lou Kline,Directed,1,51,Exchange
84,130,Scotty Hausmann,Lou Kline,Directed,1,52,Exchange
84,130,Scotty Hausmann,Lou Kline,Directed,1,53,Exchange
84,346,Scotty Hausmann,Lulu Peale,Directed,1,334,Exchange
84,346,Scotty Hausmann,Lulu Peale,Directed,1,336,Exchange
84,246,Scotty Hausmann,Marty,Directed,1,44,Exchange
84,331,Scotty Hausmann,Rebecca (Alex's wife),Directed,1,336,Exchange
84,87,Scotty Hausmann,Rhea,Directed,1,45,Exchange
84,87,Scotty Hausmann,Rhea,Directed,1,46,Exchange
84,443,Scotty Hausmann,Sammy,Directed,1,105,Exchange
84,66,Scotty Hausmann,Sasha,Directed,1,95,Exchange
84,66,Scotty Hausmann,Sasha,Directed,1,98,Exchange
84,66,Scotty Hausmann,Sasha,Directed,1,104,Exchange
84,359,Scotty Hausmann,Scotty Hausmann's fans,Directed,1,326,Exchange
84,248,Scotty Hausmann,The Avengers (band),Directed,1,45,Exchange
84,249,Scotty Hausmann,The Germs (band),Directed,1,45,Exchange
84,452,Scotty Hausmann,female junkie,Directed,1,106,Exchange
84,452,Scotty Hausmann,female junkie,Directed,1,107,Exchange
84,451,Scotty Hausmann,male junkie,Directed,1,106,Exchange
84,451,Scotty Hausmann,male junkie,Directed,1,107,Exchange
84,449,Scotty Hausmann,man in waiting room,Directed,1,98,Exchange
84,449,Scotty Hausmann,man in waiting room,Directed,1,99,Exchange
84,238,Scotty Hausmann,the entire J.V. soccer team,Directed,1,41,Exchange
84,450,Scotty Hausmann,woman in waiting room,Directed,1,98,Exchange
84,450,Scotty Hausmann,woman in waiting room,Directed,1,99,Exchange
339,71,"Second ""conversational strand""",Alex,Directed,1,315,Exchange
82,67,Stephanie,Bennie Salazar,Directed,1,23,Exchange
82,67,Stephanie,Bennie Salazar,Directed,1,113,Exchange
82,67,Stephanie,Bennie Salazar,Directed,1,116,Exchange
82,67,Stephanie,Bennie Salazar,Directed,1,117,Exchange
82,67,Stephanie,Bennie Salazar,Directed,1,118,Exchange
82,67,Stephanie,Bennie Salazar,Directed,1,120,Exchange
82,67,Stephanie,Bennie Salazar,Directed,1,135,Exchange
82,166,Stephanie,Bosco,Directed,1,125,Exchange
82,166,Stephanie,Bosco,Directed,1,126,Exchange
82,166,Stephanie,Bosco,Directed,1,127,Exchange
82,166,Stephanie,Bosco,Directed,1,128,Exchange
82,166,Stephanie,Bosco,Directed,1,129,Exchange
82,166,Stephanie,Bosco,Directed,1,130,Exchange
82,81,Stephanie,Christopher Salazar,Directed,1,133,Exchange
82,81,Stephanie,Christopher Salazar,Directed,1,135,Exchange
82,347,Stephanie,Dolly Peale,Directed,1,132,Exchange
82,347,Stephanie,Dolly Peale,Directed,1,133,Exchange
82,138,Stephanie,Jules Jones,Directed,1,121,Exchange
82,138,Stephanie,Jules Jones,Directed,1,122,Exchange
82,138,Stephanie,Jules Jones,Directed,1,123,Exchange
82,138,Stephanie,Jules Jones,Directed,1,124,Exchange
82,138,Stephanie,Jules Jones,Directed,1,125,Exchange
82,138,Stephanie,Jules Jones,Directed,1,126,Exchange
82,138,Stephanie,Jules Jones,Directed,1,127,Exchange
82,138,Stephanie,Jules Jones,Directed,1,128,Exchange
82,138,Stephanie,Jules Jones,Directed,1,129,Exchange
82,138,Stephanie,Jules Jones,Directed,1,130,Exchange
82,138,Stephanie,Jules Jones,Directed,1,131,Exchange
82,138,Stephanie,Jules Jones,Directed,1,132,Exchange
82,457,Stephanie,Kathy,Directed,1,112,Exchange
82,457,Stephanie,Kathy,Directed,1,114,Exchange
82,469,Stephanie,Noreen,Directed,1,135,Exchange
82,469,Stephanie,Noreen,Directed,1,136,Exchange
82,66,Stephanie,Sasha,Directed,1,133,Exchange
82,461,Stephanie,pianist,Directed,1,112,Exchange
82,478,Stephanie,purse designer,Directed,1,132,Exchange
100,114,Stop/Go Producer 1,Chandra (oldest Stop/Go sister),Directed,1,20,Exchange
100,115,Stop/Go Producer 1,Louisa (younger Stop/Go sister),Directed,1,20,Exchange
101,114,Stop/Go Producer 2,Chandra (oldest Stop/Go sister),Directed,1,20,Exchange
101,115,Stop/Go Producer 2,Louisa (younger Stop/Go sister),Directed,1,20,Exchange
102,114,Stop/Go Producer 3,Chandra (oldest Stop/Go sister),Directed,1,20,Exchange
102,115,Stop/Go Producer 3,Louisa (younger Stop/Go sister),Directed,1,20,Exchange
513,130,Strangers at Vanessi's,Lou Kline,Directed,1,50,Exchange
513,130,Strangers at Vanessi's,Lou Kline,Directed,1,51,Exchange
118,67,Stu (Barber),Bennie Salazar,Directed,1,31,Exchange
179,141,Susan Hollander,Ted Hollander,Directed,1,209,Exchange
179,141,Susan Hollander,Ted Hollander,Directed,1,210,Exchange
179,141,Susan Hollander,Ted Hollander,Directed,1,211,Exchange
179,141,Susan Hollander,Ted Hollander,Directed,1,212,Exchange
179,141,Susan Hollander,Ted Hollander,Directed,1,227,Exchange
179,141,Susan Hollander,Ted Hollander,Directed,1,231,Exchange
141,210,Ted Hollander,"""bandy-legged old woman""",Directed,1,228,Exchange
141,210,Ted Hollander,"""bandy-legged old woman""",Directed,1,229,Exchange
141,210,Ted Hollander,"""bandy-legged old woman""",Directed,1,230,Exchange
141,299,Ted Hollander,"""hotel clerk"" (in Naples)",Directed,1,227,Exchange
141,297,Ted Hollander,"""officer"" (in Naples)",Directed,1,227,Exchange
141,180,Ted Hollander,"Alfred ""Alf"" Hollander",Directed,1,211,Exchange
141,180,Ted Hollander,"Alfred ""Alf"" Hollander",Directed,1,212,Exchange
141,180,Ted Hollander,"Alfred ""Alf"" Hollander",Directed,1,227,Exchange
141,182,Ted Hollander,Ames Hollander,Directed,1,211,Exchange
141,182,Ted Hollander,Ames Hollander,Directed,1,212,Exchange
141,177,Ted Hollander,Beth (Sasha's mother),Directed,1,209,Exchange
141,181,Ted Hollander,Miles Hollander,Directed,1,211,Exchange
141,181,Ted Hollander,Miles Hollander,Directed,1,212,Exchange
141,66,Ted Hollander,Sasha,Directed,1,216,Exchange
141,66,Ted Hollander,Sasha,Directed,1,217,Exchange
141,66,Ted Hollander,Sasha,Directed,1,218,Exchange
141,66,Ted Hollander,Sasha,Directed,1,219,Exchange
141,66,Ted Hollander,Sasha,Directed,1,220,Exchange
141,66,Ted Hollander,Sasha,Directed,1,221,Exchange
141,66,Ted Hollander,Sasha,Directed,1,222,Exchange
141,66,Ted Hollander,Sasha,Directed,1,223,Exchange
141,66,Ted Hollander,Sasha,Directed,1,224,Exchange
141,66,Ted Hollander,Sasha,Directed,1,225,Exchange
141,66,Ted Hollander,Sasha,Directed,1,226,Exchange
141,66,Ted Hollander,Sasha,Directed,1,229,Exchange
141,66,Ted Hollander,Sasha,Directed,1,230,Exchange
141,66,Ted Hollander,Sasha,Directed,1,231,Exchange
141,66,Ted Hollander,Sasha,Directed,1,232,Exchange
141,66,Ted Hollander,Sasha,Directed,1,233,Exchange
141,179,Ted Hollander,Susan Hollander,Directed,1,209,Exchange
141,179,Ted Hollander,Susan Hollander,Directed,1,210,Exchange
141,179,Ted Hollander,Susan Hollander,Directed,1,211,Exchange
141,179,Ted Hollander,Susan Hollander,Directed,1,212,Exchange
141,179,Ted Hollander,Susan Hollander,Directed,1,231,Exchange
248,85,The Avengers (band),Alice,Directed,1,45,Exchange
248,67,The Avengers (band),Bennie Salazar,Directed,1,45,Exchange
248,86,The Avengers (band),Jocelyn,Directed,1,45,Exchange
248,87,The Avengers (band),Rhea,Directed,1,45,Exchange
248,84,The Avengers (band),Scotty Hausmann,Directed,1,45,Exchange
174,213,The Conduits (band),Drew Blake,Directed,1,198,Exchange
174,139,The Conduits (band),Robert Freeman Jr.,Directed,1,198,Exchange
174,139,The Conduits (band),Robert Freeman Jr.,Directed,1,199,Exchange
174,66,The Conduits (band),Sasha,Directed,1,198,Exchange
174,66,The Conduits (band),Sasha,Directed,1,199,Exchange
480,481,The General,Arc,Directed,1,159,Exchange
480,481,The General,Arc,Directed,1,160,Exchange
480,83,The General,Kitty Jackson,Directed,1,159,Exchange
480,83,The General,Kitty Jackson,Directed,1,160,Exchange
480,501,The General,The General's soldiers,Directed,1,160,Exchange
525,526,The General's Human Relations Cpt.,news reporters,Directed,1,163,Exchange
501,481,The General's soldiers,Arc,Directed,1,161,Exchange
501,480,The General's soldiers,The General,Directed,1,160,Exchange
249,85,The Germs (band),Alice,Directed,1,45,Exchange
249,67,The Germs (band),Bennie Salazar,Directed,1,45,Exchange
249,86,The Germs (band),Jocelyn,Directed,1,45,Exchange
249,87,The Germs (band),Rhea,Directed,1,45,Exchange
249,84,The Germs (band),Scotty Hausmann,Directed,1,45,Exchange
159,138,Vanity Fair reporter,Jules Jones,Directed,1,185,Exchange
376,87,Waiter (at Vanessi's),Rhea,Directed,1,50,Exchange
370,71,Zeus (Alex's friend),Alex,Directed,1,328,Exchange
370,71,Zeus (Alex's friend),Alex,Directed,1,329,Exchange
370,331,Zeus (Alex's friend),Rebecca (Alex's wife),Directed,1,328,Exchange
383,126,crowd at the Mab,Flaming Dildos (band),Directed,1,51,Exchange
383,126,crowd at the Mab,Flaming Dildos (band),Directed,1,52,Exchange
383,126,crowd at the Mab,Flaming Dildos (band),Directed,1,53,Exchange
380,130,door guy at the Mab,Lou Kline,Directed,1,51,Exchange
452,84,female junkie,Scotty Hausmann,Directed,1,106,Exchange
452,84,female junkie,Scotty Hausmann,Directed,1,107,Exchange
384,85,four guys with safety pin chains,Alice,Directed,1,52,Exchange
384,126,four guys with safety pin chains,Flaming Dildos (band),Directed,1,52,Exchange
451,84,male junkie,Scotty Hausmann,Directed,1,106,Exchange
451,84,male junkie,Scotty Hausmann,Directed,1,107,Exchange
449,84,man in waiting room,Scotty Hausmann,Directed,1,98,Exchange
449,84,man in waiting room,Scotty Hausmann,Directed,1,99,Exchange
526,525,news reporters,The General's Human Relations Cpt.,Directed,1,163,Exchange
503,347,photo print shop guy,Dolly Peale,Directed,1,162,Exchange
461,67,pianist,Bennie Salazar,Directed,1,112,Exchange
461,81,pianist,Christopher Salazar,Directed,1,112,Exchange
461,82,pianist,Stephanie,Directed,1,112,Exchange
478,82,purse designer,Stephanie,Directed,1,132,Exchange
238,84,the entire J.V. soccer team,Scotty Hausmann,Directed,1,41,Exchange
527,347,travelling New Yorkers,Dolly Peale,Directed,1,165,Exchange
403,385,very young woman,Charlie,Directed,1,61,Exchange
155,138,waiter,Jules Jones,Directed,1,168,Exchange
155,83,waiter,Kitty Jackson,Directed,1,168,Exchange
450,84,woman in waiting room,Scotty Hausmann,Directed,1,98,Exchange
450,84,woman in waiting room,Scotty Hausmann,Directed,1,99,Exchange
488,83,überpowerful producer's wife,Kitty Jackson,Directed,1,144,Exchange
