id,Type of Relationship,Character 1,Character 2,Is Reciprocal?,Narrative Container,Start Page,End Page
1,"Knows","Bobby Mahon","Frank Mahon","1","Jason","76","77"
2,"Knows","Denis","Frank Mahon","1","Jason","76","76"
3,"Knows of","Jason","Denis","0","Jason","76","76"
4,"Knows of","Jason","""big fat cop"" (76)","1","Jason","76","76"
5,"Exchange","Bobby Mahon","""big fat cop"" (76)","1","Jason","76","76"
6,"Knows","Jason","Cops (general)","1","Jason","76","77"
7,"Exchange","Jason","Jason's ex-girlfriend","1","Jason","77","77"
8,"Knows","Jason's ex-girlfriend","Jason's son","1","Jason","77","77"
9,"Knows","Jason's mother","Jason's father","1","Jason","77","77"
10,"Exchange","Jason","""fat nonce"" (77)","1","Jason","77","77"
11,"Exchange","Jason","shitbags in the welfare office","1","Jason","78","78"
12,"Exchange","mad auld culchie","Eugene Penrose","1","Jason","78","78"
13,"Exchange","Jason","some farmer lad","1","Jason","78","78"
14,"Exchange","some farmer lad","Eugene Penrose","1","Jason","78","78"
15,"Knows","Jason's ex-girlfriend","Jason's son","1","Jason","79","79"
16,"Knows","Tattoo artist","Tattoo shop girl","1","Jason","79","79"
17,"Exchange","Jason","Jason's ex-girlfriend","1","Jason","79","79"
18,"Knows","Jason's ex-girlfriend","Cops (general)","1","Jason","79","79"
19,"Knows","Jason's ex-girlfriend","""next prick"" (77)","1","Jason","77","77"
20,"Knows","Jason's ex-girlfriend","shitbags in the welfare office","1","Jason","79","79"
21,"Knows","Bobby Mahon","Frank Mahon","1","Jason","80","80"
22,"Exchange","Bobby Mahon","Jason","1","Jason","80","81"
23,"Knows","Jason","Jason's father","1","Jason","80","80"
24,"Knows","Jason","shitbags in the welfare office","1","Jason","80","80"
25,"Knows","Bobby Mahon","Jason's father","1","Jason","80","81"
26,"Knows","Hillary","Réaltín","1","Hillary","82","82"
27,"Exchange","Réaltín","George McSweeney","1","Hillary","82","82"
29,"Knows","Bobby Mahon","Triona Cahill/Mahon","1","Hillary","83","83"
30,"Knows","Réaltín","Triona Cahill/Mahon","1","Hillary","83","83"
31,"Knows","Réaltín","Dylan (Réaltín's son)","1","Hillary","83","85"
32,"Knows","Bobby Mahon","Dylan (Réaltín's son)","1","Hillary","83","84"
33,"Knows","Bobby Mahon","Frank Mahon","1","Hillary","83","84"
34,"Exchange","Réaltín","Hillary","1","Hillary","83","83"
35,"Knows","Bridget","Tom (Réaltín's father)","1","Hillary","83","83"
36,"Knows","Réaltín","Tom (Réaltín's father)","1","Hillary","83","86"
37,"Knows","Réaltín","Bridget","1","Hillary","83","83"
38,"Knows of","Bridget","Bobby Mahon","0","Hillary","83","83"
39,"Exchange","people at the bridge festival","Bridget","1","Hillary","83","84"
40,"Knows of","Réaltín","people at the bridge festival","0","Hillary","83","84"
41,"Knows of","people at the bridge festival","Bobby Mahon","0","Hillary","83","84"
42,"Knows of","people at the bridge festival","Triona Cahill/Mahon","0","Hillary","84","84"
44,"Knows of","Tom (Réaltín's father)","Bobby Mahon","0","Hillary","84","85"
45,"Knows","Tom (Réaltín's father)","Dylan (Réaltín's son)","1","Hillary","84","84"
46,"Knows of","Hillary","Colin Firth","0","Hillary","84","84"
47,"Knows of","Hillary","George Clooney","0","Hillary","84","84"
48,"Exchange","Hillary","Tom (Réaltín's father)","1","Hillary","84","84"
49,"Exchange","Réaltín","Hillary's father","1","Hillary","84","84"
50,"Knows","Réaltín","Hillary's grandmother","1","Hillary","84","84"
51,"Knows","Hillary's father","Hillary's grandmother","1","Hillary","84","84"
52,"Exchange","Bobby Mahon","Frank Mahon","1","Bobby","9","9"
53,"Knows","Bobby Mahon","Bobby's ""Grandad""","0","Bobby","9","9"
54,"Knows","Frank Mahon","Bobby's ""Grandad""","1","Bobby","9","9"
55,"Knows","Bobby Mahon","Frank Mahon","1","Bobby","10","10"
56,"Knows","Bobby Mahon","Pokey Burke","1","Bobby","10","11"
57,"Knows","Bobby Mahon","Josie Burke","1","Bobby","10","10"
58,"Knows","Pokey Burke","Josie Burke","1","Bobby","10","10"
59,"Knows of","Bobby Mahon","""the Pope"" (Seán Pól) (10)","0","Bobby","10","10"
60,"Knows of","Pokey Burke","""the Pope"" (Seán Pól) (10)","0","Bobby","10","10"
61,"Knows of","Josie Burke","""the Pope"" (Seán Pól) (10)","0","Bobby","10","10"
62,"Knows","Josie Burke","Eileen Burke","1","Bobby","10","10"
63,"Knows","Bobby Mahon","Eileen Burke","0","Bobby","10","10"
64,"Knows","Pokey Burke","Eileen Burke","1","Bobby","10","10"
65,"Knows of","Eileen Burke","""the Pope"" (Seán Pól) (10)","0","Bobby","10","10"
66,"Exchange","Eamonn Burke","Pokey Burke","1","Bobby","10","10"
67,"Knows","Josie Burke","Eamonn Burke","1","Bobby","10","10"
68,"Knows","Eamonn Burke","Eileen Burke","1","Bobby","10","10"
69,"Exchange","Bobby Mahon","Mickey Briars","1","Bobby","10","11"
70,"Exchange","Mickey Briars","Pokey Burke","1","Bobby","11","11"
71,"Exchange","Bobby Mahon","Timmy Hanrahan","1","Bobby","11","11"
72,"Exchange","Mickey Briars","Timmy Hanrahan","1","Bobby","11","11"
73,"Knows","Bobby Mahon","Seanie Shaper (Sean Shanahan)","1","Bobby","11","12"
74,"Exchange","Pokey Burke","Bobby Mahon","1","Bobby","11","11"
75,"Knows","Bobby Mahon","Timmy Hanrahan","1","Bobby","12","12"
76,"Exchange","Bobby Mahon","""little blonde girl"" (12)","1","Bobby","12","12"
77,"Knows","Pokey Burke","Bobby Mahon","1","Bobby","12","13"
78,"Knows of","""little blonde girl"" (12)","Pokey Burke","0","Bobby","12","12"
79,"Knows","Bobby Mahon","Rory Slattery","1","Bobby","12","12"
80,"Knows","Bobby Mahon","""the boys"" (who worked for Pokey) (12)","1","Bobby","12","12"
81,"Knows of","""little blonde girl"" (12)","Seanie Shaper (Sean Shanahan)","1","Bobby","12","12"
82,"Knows of","""little blonde girl"" (12)","Timmy Hanrahan","1","Bobby","12","12"
83,"Knows of","""little blonde girl"" (12)","Rory Slattery","1","Bobby","12","12"
84,"Knows of","""little blonde girl"" (12)","""the boys"" (who worked for Pokey) (12)","1","Bobby","12","12"
85,"Exchange","""the boys"" (who worked for Pokey) (12)","Mickey Briars","1","Bobby","10","11"
86,"Exchange","""the boys"" (who worked for Pokey) (12)","Timmy Hanrahan","1","Bobby","11","11"
87,"Exchange","Bobby Mahon","Triona Cahill/Mahon","1","Bobby","12","15"
88,"Knows of","Bobby Mahon","""smart boys"" (12)","0","Bobby","12","14"
89,"Exchange","""smart boys"" (12)","Triona Cahill/Mahon","1","Bobby","13","13"
90,"Knows","Triona Cahill/Mahon","Frank Mahon","1","Bobby","13","13"
91,"Exchange","Bobby Mahon","Frank Mahon","1","Bobby","13","13"
92,"Knows","Bobby Mahon","Bobby's Mother","1","Bobby","13","13"
93,"Knows","Bobby's Mother","Frank Mahon","1","Bobby","13","13"
94,"Knows","""the boys"" (who worked for Pokey) (12)","Pokey Burke","1","Bobby","13","13"
95,"Knows of","Bobby Mahon","the Cunliffes' son","0","Bobby","13","14"
96,"Knows of","Bobby Mahon","Eugene Penrose","0","Bobby","13","13"
97,"Exchange","Eugene Penrose","the Cunliffes' son","0","Bobby","13","13"
98,"Knows of","Bobby Mahon","the Penroses","0","Bobby","13","13"
99,"Knows","the Penroses","Eugene Penrose","1","Bobby","13","13"
100,"Knows","the Cunliffes","the Cunliffes' son","1","Bobby","13","13"
101,"Knows of","Bobby Mahon","the Cunliffes","0","Bobby","13","13"
102,"Knows","the Cunliffes' son's aunt","the Cunliffes' son","1","Bobby","13","13"
103,"Knows of","Bobby Mahon","the Cunliffes' son's aunt","0","Bobby","13","13"
104,"Knows of","Bobby Mahon","""a lad from the village"" (14)","0","Bobby","14","14"
105,"Knows","Bobby Mahon","Pawsy Rogers","1","Bobby","14","14"
106,"Exchange","""a lad from the village"" (14)","Pawsy Rogers","1","Bobby","14","14"
107,"Knows of","Bobby Mahon","King Lear","0","Bobby","14","14"
108,"Knows of","Bobby Mahon","Goneril","0","Bobby","14","14"
109,"Knows of","Bobby Mahon","Regan","0","Bobby","14","14"
110,"Knows","Bobby Mahon","Cordelia","0","Bobby","14","14"
111,"Knows","King Lear","Goneril","1","Bobby","14","14"
112,"Knows","King Lear","Regan","1","Bobby","14","14"
113,"Knows","King Lear","Cordelia","1","Bobby","14","14"
114,"Exchange","Bobby Mahon","Josie Burke","1","Bobby","14","15"
115,"Knows","Bobby Mahon","Pokey Burke","1","Bobby","14","15"
116,"Knows","Josie Burke","Pokey Burke","1","Bobby","14","14"
117,"Knows of","Bobby Mahon","taxman","0","Bobby","15","15"
118,"Knows of","Bobby Mahon","welfare inspectors","0","Bobby","15","15"
119,"Knows","Bobby Mahon","Seanie Shaper (Sean Shanahan)","1","Bobby","15","16"
120,"Knows","Bobby Mahon","Rory Slattery","1","Bobby","15","15"
121,"Knows","Triona Cahill/Mahon","Seanie Shaper (Sean Shanahan)","1","Bobby","15","15"
122,"Knows","Triona Cahill/Mahon","Rory Slattery","1","Bobby","15","15"
123,"Knows","Bobby Mahon","God","0","Bobby","15","15"
124,"Knows","Bobby Mahon","Frank Mahon","1","Bobby","15","19"
125,"Knows","Bobby Mahon","Seanie's brothers","1","Bobby","16","16"
126,"Knows","Bobby Mahon","Seanie's Father","1","Bobby","16","16"
127,"Knows","Bobby Mahon","Seanie's Mother","1","Bobby","16","16"
128,"Knows","Bobby Mahon","Seanie's sister","1","Bobby","16","16"
129,"Exchange","Seanie Shaper (Sean Shanahan)","Seanie's brothers","1","Bobby","16","16"
130,"Exchange","Seanie Shaper (Sean Shanahan)","Seanie's Father","1","Bobby","16","16"
131,"Exchange","Seanie Shaper (Sean Shanahan)","Seanie's Mother","1","Bobby","16","16"
132,"Exchange","Seanie Shaper (Sean Shanahan)","Seanie's sister","1","Bobby","16","16"
133,"Exchange","Seanie's brothers","Seanie's Father","1","Bobby","16","16"
134,"Exchange","Seanie's brothers","Seanie's Mother","1","Bobby","16","16"
135,"Exchange","Seanie's brothers","Seanie's sister","1","Bobby","16","16"
136,"Exchange","Seanie's Father","Seanie's Mother","1","Bobby","16","16"
137,"Exchange","Seanie's Father","Seanie's sister","1","Bobby","16","16"
138,"Exchange","Seanie's Mother","Seanie's sister","1","Bobby","16","16"
139,"Knows","Bobby Mahon","Ciss Brien","0","Bobby","11","11"
140,"Exchange","Bobby Mahon","Bobby's ""Grandad""","1","Bobby","17","18"
141,"Exchange","Frank Mahon","Bobby's ""Grandad""","1","Bobby","17","18"
142,"Exchange","Paulie Jackman","Frank Mahon","1","Bobby","17","17"
143,"Exchange","Frank Mahon","Ciss Brien","1","Bobby","17","17"
144,"Knows","""old guard in front of Ciss's front bar"" (17)","Frank Mahon","1","Bobby","17","17"
145,"Exchange","Frank Mahon","Men (Frank didn't like)","1","Bobby","17","17"
146,"Exchange","Frank Mahon","Women (""common whores"") (17)","1","Bobby","17","17"
147,"Knows","Frank Mahon","Bobby's Mother","1","Bobby","18","18"
148,"Knows","Bobby Mahon","Bobby's Mother","1","Bobby","18","19"
149,"Exchange","Bobby Mahon","Pokey Burke","1","Bobby","19","19"
150,"Exchange","Triona Cahill/Mahon","Bobby Mahon","1","Bobby","19","20"
151,"Exchange","Triona Cahill/Mahon","Triona's friend","1","Bobby","19","19"
152,"Knows","Triona's friend","Bobby Mahon","1","Bobby","19","19"
153,"Knows of","Triona's friend","Frank Mahon","0","Bobby","19","19"
154,"Knows of","Triona's friend","Bobby's Mother","0","Bobby","19","19"
155,"Knows of","Triona Cahill/Mahon","Frank Mahon","0","Bobby","19","19"
156,"Knows of","Triona Cahill/Mahon","Bobby's Mother","0","Bobby","19","19"
157,"Exchange","Pokey Burke","Triona Cahill/Mahon","1","Bobby","19","19"
158,"Knows","Bobby Mahon","God","0","Bobby","20","20"
159,"Knows","Pokey Burke","Bobby Mahon","1","Bobby","20","20"
160,"Exchange","Actor (playing the husband)","Actress (playing the wife)","1","Bobby","20","20"
161,"Exchange","Actor (playing the husband)","Bobby Mahon","1","Bobby","20","20"
162,"Exchange","Actress (playing the wife)","Bobby Mahon","1","Bobby","20","20"
163,"Exchange","Actor (playing the husband)","Triona Cahill/Mahon","0","Bobby","20","20"
164,"Exchange","Actress (playing the wife)","Triona Cahill/Mahon","0","Bobby","20","20"
165,"Knows","Josie Burke","Eamonn Burke","1","Josie","21","21"
166,"Knows","Josie Burke","Pokey Burke","1","Josie","21","22"
167,"Knows","Eamonn Burke","Pokey Burke","1","Josie","21","21"
168,"Exchange","Josie Burke","Bobby Mahon","1","Josie","21","22"
169,"Knows","Bobby Mahon","Pokey Burke","1","Josie","21","22"
170,"Exchange","Josie Burke","Eileen Burke","1","Josie","22","24"
171,"Knows","Eileen Burke","Pokey Burke","1","Josie","22","22"
172,"Knows","Josie Burke","God","0","Josie","22","22"
173,"Exchange","Josie Burke","Mags Burke","1","Josie","23","23"
174,"Knows of","Mags Burke","Tibetan Monks","0","Josie","23","23"
175,"Knows of","Josie Burke","Tibetan Monks","0","Josie","23","23"
176,"Knows","Josie Burke","""great big fat fella"" (Josie worked for) (23)","1","Josie","23","23"
177,"Knows","""four or five boys"" (Josie brought with him) (23)","Josie Burke","1","Josie","23","23"
178,"Exchange","Josie Burke","Lily","1","Josie","24","24"
179,"Exchange","Josie Burke","Josie Burke Sr.","1","Josie","24","24"
180,"Knows","Josie Burke","Pokey Burke","1","Josie","24","25"
181,"Knows","Pokey Burke","""the boys"" (who worked for Pokey) (12)","1","Josie","24","24"
182,"Knows","Eileen Burke","Pokey Burke","1","Josie","25","25"
183,"Knows","Eamonn Burke","Pokey Burke","1","Josie","25","26"
184,"Exchange","Josie Burke","Eamonn Burke","1","Josie","25","26"
185,"Exchange","Josie Burke","God","0","Josie","25","25"
186,"Knows","John Cotter","Josie Burke","1","Josie","25","25"
187,"Knows","Eamonn Burke","""other teachers"" (26)","1","Josie","26","26"
188,"Knows","Eamonn Burke","""young lads"" (26)","1","Josie","26","26"
189,"Knows","Eamonn Burke","Yvonne Burke","1","Josie","26","26"
190,"Knows","Eamonn Burke","Yvonne's family","1","Josie","26","26"
191,"Knows","Yvonne Burke","Yvonne's family","1","Josie","26","26"
192,"Knows","Josie Burke","Jesus","0","Josie","26","26"
193,"Knows","Josie Burke","Bobby Mahon","1","Josie","26","26"
194,"Knows","Eamonn Burke","Eamonn's daughter","1","Josie","26","26"
195,"Knows","Yvonne Burke","Eamonn's daughter","1","Josie","26","26"
196,"Exchange","Josie Burke","Pokey Burke","1","Josie","26","26"
197,"Knows","Josie Burke","the Cunliffes' son","0","Josie","26","26"
198,"Knows","Josie Burke","the Cunliffes","0","Josie","26","26"
199,"Knows","the Cunliffes","the Cunliffes' son","1","Josie","26","26"
200,"Knows","the Cunliffes' son","the Cunliffes' son's aunt","1","Josie","26","26"
201,"Exchange","Armed Response Guards","the Cunliffes' son","1","Josie","26","26"
202,"Knows","Josie Burke","God","0","Josie","26","26"
203,"Knows","Lily","Lily's fifth child","1","Lily","27","27"
204,"Exchange","Lily","midwife","1","Lily","27","27"
205,"Knows of","midwife","Bernie McDermott","0","Lily","27","27"
206,"Knows of","Bernie McDermott","Lily's fifth child","0","Lily","27","27"
207,"Exchange","Lily","Bernie McDermott","1","Lily","27","27"
208,"Exchange","Lily","Jim Gildea","1","Lily","27","28"
209,"Exchange","Lily","Men (who come see Lily)","1","Lily","28","29"
210,"Exchange","Lily","""old farmers"" (28)","1","Lily","28","28"
211,"Exchange","Lily","fella ""with a toughie English accent"" (28)","1","Lily","28","28"
212,"Exchange","Lily","""young fella"" (28)","1","Lily","28","29"
213,"Knows","Lily","John-John","1","Lily","29","29"
214,"Knows","Lily","Lily's children","1","Lily","29","30"
215,"Exchange","Lily","Josie Burke","1","Lily","29","30"
216,"Knows","Lily","""old farmers"" (28)","1","Lily","29","29"
217,"Knows","Josie Burke","Eileen Burke","1","Lily","30","30"
218,"Knows","Eileen Burke","Eamonn Burke","1","Lily","30","30"
219,"Knows","Josie Burke","Eamonn Burke","1","Lily","30","30"
220,"Knows","Josie Burke","Pokey Burke","1","Lily","30","30"
221,"Knows","Josie Burke","Mags Burke","1","Lily","30","30"
222,"Knows","Lily","Men (who come see Lily)","1","Lily","30","30"
223,"Knows","Lily","Hughie","1","Lily","30","30"
224,"Knows","Hughie","Hughie's wife","1","Lily","30","30"
225,"Knows","Hughie","Millicent","1","Lily","30","30"
226,"Knows","Hughie's wife","Millicent","1","Lily","30","30"
227,"Knows of","Lily","Hughie's wife","0","Lily","30","30"
228,"Knows of","Lily","Millicent","0","Lily","30","30"
229,"Exchange","Lily","John-John","1","Lily","30","31"
230,"Knows","Lily","Lily's fifth child","1","Lily","30","30"
231,"Exchange","Lily","Bobby Mahon","1","Lily","31","32"
232,"Knows","Bobby Mahon","Bobby's Mother","1","Lily","31","31"
233,"Knows","Bobby Mahon","Frank Mahon","1","Lily","31","31"
234,"Exchange","Bobby Mahon","Triona Cahill/Mahon","1","Lily","32","32"
235,"Exchange","Lily","Bernie McDermott","1","Lily","32","33"
236,"Knows","Lily","John-John","1","Lily","32","34"
237,"Knows","Lily","Lily's children","1","Lily","32","33"
238,"Exchange","Lily","Lily's fifth child","1","Lily","32","32"
239,"Exchange","John-John","Lily's children","1","Lily","32","32"
240,"Exchange","Bernie McDermott","John-John","1","Lily","32","32"
241,"Knows","Lily's Mother","Lily","1","Lily","32","32"
242,"Knows","Bernie McDermott","The McDermotts","1","Lily","33","33"
243,"Knows","Lily's fifth child","Bernie McDermott","1","Lily","33","33"
244,"Exchange","Lily's fifth child","Lily's fifth child's girlfriend","1","Lily","33","33"
245,"Exchange","Lily's fifth child","Lily's fifth child's girlfriend's mother","1","Lily","33","33"
246,"Knows","Lily's fifth child's girlfriend","Lily's fifth child's girlfriend's mother","1","Lily","33","33"
247,"Knows","Lily","Men (who come see Lily)","1","Lily","33","33"
248,"Knows","John-John","Ciss Brien","1","Lily","33","34"
249,"Exchange","Vasya Afanasiev","Man (Vasya worked with)","1","Vasya","35","35"
250,"Exchange","Vasya Afanasiev","Child (of the man Vasya worked with)","1","Vasya","35","35"
251,"Exchange","Vasya Afanasiev","Wife (of the man Vasya worked with)","1","Vasya","35","35"
252,"Exchange","Man (Vasya worked with)","Wife (of the man Vasya worked with)","1","Vasya","35","35"
253,"Exchange","Man (Vasya worked with)","Child (of the man Vasya worked with)","1","Vasya","35","35"
254,"Exchange","Vasya Afanasiev","Bobby Mahon","1","Vasya","35","36"
255,"Knows","Vasya Afanasiev","Vasya's Mother","1","Vasya","35","36"
256,"Exchange","Vasya Afanasiev","Vasya's grandmother","1","Vasya","35","36"
257,"Knows","Vasya's Mother","Vasya's grandmother","1","Vasya","35","36"
258,"Exchange","Vasya Afanasiev","Vasya's family","1","Vasya","36","36"
259,"Exchange","Vasya Afanasiev","Vasya's Father","1","Vasya","36","36"
260,"Knows","Vasya's Father","Vasya's Mother","1","Vasya","36","36"
261,"Knows","Vasya's Father","Vasya's grandmother","1","Vasya","36","36"
262,"Knows of","Vasya Afanasiev","Vasya's grandfather","0","Vasya","36","36"
263,"Exchange","Vasya's Father","Vasya's family","1","Vasya","36","36"
264,"Exchange","Vasya's grandmother","Vasya's family","1","Vasya","36","36"
265,"Knows","The Latvians","""foreigners"" (in Khakassia) (36)","1","Vasya","36","36"
266,"Exchange","Russian men","""foreigners"" (in Khakassia) (36)","1","Vasya","36","36"
267,"Exchange","""foreigners"" (in Khakassia) (36)","Polish men","1","Vasya","36","36"
268,"Exchange","Vasya Afanasiev","""the boys"" (who worked for Pokey) (12)","1","Vasya","36","37"
269,"Exchange","Seanie Shaper (Sean Shanahan)","Vasya Afanasiev","1","Vasya","36","37"
270,"Knows","Vasya Afanasiev","Vasya's Father","1","Vasya","37","37"
271,"Exchange","Vasya Afanasiev","Viktor Afanasiev","1","Vasya","37","38"
272,"Exchange","Vasya Afanasiev","""little blonde girl"" (12)","1","Vasya","37","37"
273,"Knows","Vasya Afanasiev","Pokey Burke","1","Vasya","37","37"
274,"Knows","""little blonde girl"" (12)","Pokey Burke","0","Vasya","37","37"
275,"Exchange","Vasya Afanasiev","""men and women...who have no work"" (37)","1","Vasya","37","37"
276,"Exchange","Seanie Shaper (Sean Shanahan)","""men and women...who have no work"" (37)","1","Vasya","37","37"
277,"Exchange","Vasya Afanasiev","Vasya's boss","1","Vasya","37","37"
278,"Exchange","Viktor Afanasiev","Vasya's boss","1","Vasya","37","38"
279,"Exchange","Vasya Afanasiev","Men (who worked with Vasya and her brother)","1","Vasya","37","38"
280,"Exchange","Viktor Afanasiev","Men (who worked with Vasya and her brother)","1","Vasya","37","38"
281,"Exchange","Vasya Afanasiev","local militiaman","1","Vasya","38","38"
282,"Exchange","Policeman (who talks to Vasya)","Vasya Afanasiev","1","Vasya","38","38"
283,"Knows","local militiaman","Viktor Afanasiev","1","Vasya","38","38"
284,"Knows","Policeman (who talks to Vasya)","Viktor Afanasiev","1","Vasya","38","38"
285,"Exchange","local militiaman","Policeman (who talks to Vasya)","1","Vasya","38","38"
286,"Exchange","Vasya Afanasiev","Men (who planned to travel to Western Europe)","1","Vasya","38","38"
287,"Knows","Vasya Afanasiev","Pokey Burke","1","Vasya","39","39"
288,"Exchange","Vasya Afanasiev","Bobby Mahon","1","Vasya","39","39"
289,"Knows","Vasya Afanasiev","Vasya's Father","1","Vasya","40","40"
290,"Knows","Vasya's Father","Vasya's Mother","1","Vasya","40","40"
291,"Knows","Vasya's family","Vasya Afanasiev","1","Vasya","40","40"
292,"Exchange","Vasya Afanasiev","Men (Vasya lives with)","1","Vasya","40","40"
293,"Exchange","Vasya Afanasiev","Neighbour","1","Vasya","40","40"
294,"Exchange","Neighbour","Men (Vasya lives with)","1","Vasya","40","40"
295,"Knows","Neighbour","Neighbour's baby","1","Vasya","40","40"
296,"Knows of","Vasya Afanasiev","Neighbour's baby","0","Vasya","40","40"
297,"Knows of","Men (Vasya lives with)","Neighbour's baby","0","Vasya","40","40"
298,"Exchange","Vasya Afanasiev","Man (inside The Miner's Rest)","1","Vasya","41","41"
299,"Exchange","Vasya Afanasiev","Others (inside The Miner's Rest)","1","Vasya","41","41"
300,"Exchange","Man (inside The Miner's Rest)","Others (inside The Miner's Rest)","1","Vasya","41","41"
301,"Exchange","Vasya Afanasiev","Pokey Burke","1","Vasya","41","41"
302,"Knows","Réaltín","Dorothy","1","Réaltín","42","43"
303,"Knows","Réaltín","Tom (Réaltín's father)","1","Réaltín","42","42"
304,"Exchange","Réaltín","Auctioneer","1","Réaltín","42","42"
305,"Exchange","Auctioneer","Tom (Réaltín's father)","1","Réaltín","42","42"
306,"Exchange","Réaltín","Tom (Réaltín's father)","1","Réaltín","43","45"
307,"Exchange","Réaltín","Dylan (Réaltín's son)","1","Réaltín","43","43"
308,"Knows","Réaltín","Pokey Burke","1","Réaltín","43","44"
309,"Knows","Tom (Réaltín's father)","Pokey Burke","1","Réaltín","43","44"
310,"Knows","Pokey Burke","Dorothy","1","Réaltín","43","43"
311,"Exchange","Dylan (Réaltín's son)","Tom (Réaltín's father)","0","Réaltín","43","43"
312,"Knows","Tom (Réaltín's father)","Réaltín's mother","1","Réaltín","43","43"
313,"Knows","Réaltín","God","0","Réaltín","43","43"
314,"Knows","Tom (Réaltín's father)","Bridget","1","Réaltín","43","44"
315,"Exchange","Tom (Réaltín's father)","Josie Burke","0","Réaltín","44","44"
316,"Knows","Josie Burke","Eileen Burke","1","Réaltín","44","44"
317,"Knows","Pokey Burke","Réaltín","1","Réaltín","44","44"
318,"Knows","Pokey Burke","Eileen Burke","1","Réaltín","44","44"
319,"Exchange","camera crew","Tom (Réaltín's father)","1","Réaltín","44","44"
320,"Knows","Dylan (Réaltín's son)","Tom (Réaltín's father)","1","Réaltín","44","44"
321,"Knows of","Bridget","Réaltín's mother","0","Réaltín","44","44"
322,"Exchange","Réaltín","Bridget","1","Réaltín","44","44"
324,"Exchange","Seanie Shaper (Sean Shanahan)","Seanie's friends","1","Réaltín","44","44"
325,"Knows","Réaltín","Jesus","0","Réaltín","44","44"
326,"Exchange","Seanie Shaper (Sean Shanahan)","Tom (Réaltín's father)","1","Réaltín","44","44"
327,"Exchange","Réaltín","Seanie Shaper (Sean Shanahan)","1","Réaltín","44","44"
328,"Exchange","Seanie Shaper (Sean Shanahan)","Dylan (Réaltín's son)","1","Réaltín","44","44"
329,"Knows","Tom (Réaltín's father)","Seanie Shaper (Sean Shanahan)","1","Réaltín","45","45"
330,"Exchange","Seanie Shaper (Sean Shanahan)","""floozies"" (45)","1","Réaltín","45","45"
331,"Knows","Seanie Shaper (Sean Shanahan)","Dylan (Réaltín's son)","1","Réaltín","45","45"
332,"Exchange","Réaltín","George McSweeney","1","Réaltín","45","47"
333,"Knows","Réaltín","George McSweeney's Secretaries","1","Réaltín","45","45"
334,"Knows","George McSweeney's apprentices","Réaltín","1","Réaltín","45","45"
335,"Exchange","Réaltín","""the cute arses"" (45)","1","Réaltín","45","45"
336,"Exchange","George McSweeney","""the cute arses"" (45)","1","Réaltín","45","45"
337,"Exchange","Réaltín","Hillary","1","Réaltín","45","45"
338,"Knows","Hillary","George McSweeney","1","Réaltín","45","45"
339,"Knows","Réaltín","God","0","Réaltín","45","45"
341,"Exchange","Réaltín","Man (who calls George's firm)","1","Réaltín","46","46"
342,"Exchange","Man (who calls George's firm)","Builders","1","Réaltín","46","46"
343,"Knows","Man (who calls George's firm)","Girlfriend (of the man who calls George's firm)","1","Réaltín","46","46"
344,"Exchange","Réaltín","""scumbags"" (46)","1","Réaltín","46","46"
345,"Exchange","George McSweeney","""scumbags"" (46)","1","Réaltín","46","46"
346,"Knows","Seanie Shaper (Sean Shanahan)","Réaltín","1","Réaltín","46","46"
347,"Knows","Réaltín","Réaltín's mother","1","Réaltín","46","47"
348,"Knows","Réaltín","Tom (Réaltín's father)","1","Réaltín","46","47"
349,"Knows","Tom (Réaltín's father)","Bridget","1","Réaltín","47","47"
350,"Knows","Tom (Réaltín's father)","Réaltín's mother","1","Réaltín","47","47"
351,"Knows","Réaltín","Dylan (Réaltín's son)","1","Réaltín","47","47"
353,"Knows","Bobby Mahon","Rory Slattery","1","Réaltín","47","48"
354,"Exchange","Bobby Mahon","Réaltín","1","Réaltín","47","48"
355,"Knows","Bobby Mahon","""C2 boys"" (47)","1","Réaltín","47","48"
356,"Knows of","Réaltín","""C2 boys"" (47)","0","Réaltín","47","48"
357,"Knows","Réaltín","God","0","Réaltín","47","47"
358,"Exchange","Réaltín","Tom (Réaltín's father)","1","Réaltín","48","48"
359,"Knows","Tom (Réaltín's father)","Bobby Mahon","1","Réaltín","48","48"
360,"Knows","Bobby Mahon","Dylan (Réaltín's son)","1","Réaltín","48","48"
361,"Knows","Bobby Mahon","The parish","1","Bobby","10","10"
362,"Exchange","The parish","Josie Burke","1","Bobby","10","10"
363,"Knows","Timmy Hanrahan","Bobby Mahon","1","Timmy","49","49"
364,"Knows","Timmy Hanrahan","Rory Slattery","1","Timmy","49","49"
365,"Exchange","Rory Slattery","Bobby Mahon","1","Timmy","49","50"
366,"Exchange","Timmy Hanrahan","Seanie Shaper (Sean Shanahan)","1","Timmy","49","49"
367,"Knows","Seanie Shaper (Sean Shanahan)","Rory Slattery","1","Timmy","49","49"
368,"Knows","Seanie Shaper (Sean Shanahan)","Bobby Mahon","1","Timmy","49","49"
369,"Knows","Bobby Mahon","Josie Burke","1","Timmy","49","49"
370,"Knows","Bobby Mahon","Eileen Burke","1","Timmy","49","49"
371,"Knows","Bobby Mahon","Pokey Burke","1","Timmy","49","49"
372,"Exchange","Timmy Hanrahan","Robert Mahon","1","Timmy","49","50"
373,"Knows","Bobby Mahon","Robert Mahon","1","Timmy","49","49"
374,"Knows","Timmy Hanrahan","Padjoe Ryan","1","Timmy","50","50"
375,"Exchange","John Cotter","Timmy Hanrahan","1","Timmy","50","50"
376,"Knows","Timmy Hanrahan","Mary (""Our  Lady"" (50))","0","Timmy","50","50"
377,"Exchange","Timmy Hanrahan","Timmy's Nana","1","Timmy","50","51"
378,"Knows","Timmy's Nana","Doctors","0","Timmy","50","50"
379,"Knows of","Timmy's Nana","""auld black doctors"" (50)","0","Timmy","50","50"
380,"Knows of","Timmy's Nana","""starving babbies"" (50)","0","Timmy","50","50"
381,"Knows of","Timmy's Nana","People ""falling away dead of the Aids"" (50)","0","Timmy","50","50"
382,"Knows","""auld black doctors"" (50)","Irish people","1","Timmy","50","50"
383,"Knows","Timmy's Nana","Irish people","1","Timmy","50","50"
384,"Knows of","Timmy's Nana","People ""aren't happy"" living in their birth place","0","Timmy","50","50"
385,"Knows","Timmy Hanrahan","Bobby Mahon","1","Timmy","51","51"
386,"Exchange","Timmy Hanrahan","Pokey Burke","1","Timmy","51","51"
387,"Exchange","Timmy Hanrahan","Mickey Briars","1","Timmy","51","52"
388,"Exchange","Timmy Hanrahan","Man in Chadwicks","1","Timmy","51","51"
389,"Knows of","Mickey Briars","Man in Chadwicks","0","Timmy","51","51"
390,"Exchange","Seanie Shaper (Sean Shanahan)","Timmy Hanrahan","1","Timmy","51","51"
391,"Knows of","Seanie Shaper (Sean Shanahan)","""naked women"" in a magazine","0","Timmy","51","51"
392,"Exchange","Polish men","""the boys"" (who worked for Pokey) (12)","1","Timmy","51","51"
393,"Exchange","Polish men","Timmy Hanrahan","1","Timmy","51","52"
394,"Knows","Polish men","Lily","0","Timmy","51","51"
395,"Knows of","Timmy Hanrahan","Lily","0","Timmy","51","51"
396,"Exchange","Bobby Mahon","Seanie Shaper (Sean Shanahan)","1","Timmy","52","52"
397,"Exchange","Mickey Briars","""the boys"" (who worked for Pokey) (12)","1","Timmy","51","52"
398,"Exchange","Bobby Mahon","Mickey Briars","1","Timmy","52","52"
399,"Exchange","Bobby Mahon","Timmy Hanrahan","1","Timmy","52","52"
400,"Knows","Timmy Hanrahan","Timmy's sibilings","1","Timmy","52","52"
401,"Knows","Timmy Hanrahan","Timmy's mother","1","Timmy","52","52"
402,"Knows","Timmy's mother","Timmy's sibilings","1","Timmy","52","52"
403,"Knows","Timmy's mother","Timmy's father","1","Timmy","52","52"
404,"Knows","Timmy Hanrahan","Timmy's father","1","Timmy","52","52"
405,"Knows","Timmy's father","Timmy's sibilings","1","Timmy","52","52"
406,"Knows","Timmy's father","Ciss Brien","1","Timmy","52","52"
407,"Exchange","Timmy Hanrahan","Uncle Noely","1","Timmy","52","53"
408,"Knows","Uncle Noely","Timmy's Nana","1","Timmy","52","52"
409,"Exchange","Uncle Noely","Timmy's sibilings","1","Timmy","52","52"
410,"Knows","Uncle Noely","Auntie Mary","1","Timmy","52","52"
411,"Knows","Uncle Noely","Uncle JJ","1","Timmy","52","52"
412,"Knows","Uncle Noely","Noreen","1","Timmy","53","53"
413,"Exchange","Timmy Hanrahan","Timmy's Nana","1","Timmy","53","53"
414,"Exchange","Timmy Hanrahan","Peadar","1","Timmy","53","55"
415,"Exchange","Noreen","Noreen's baby","1","Timmy","53","54"
416,"Exchange","PJ","Timmy Hanrahan","1","Timmy","53","54"
417,"Exchange","Timmy Hanrahan","Noreen","1","Timmy","54","55"
418,"Knows","Timmy Hanrahan","Timmy's mother","1","Timmy","54","54"
419,"Knows","Timmy Hanrahan","Bobby Mahon","1","Timmy","54","55"
420,"Exchange","Noreen's husband","Timmy Hanrahan","1","Timmy","54","54"
421,"Knows","Noreen","Noreen's husband","1","Timmy","54","55"
422,"Knows","Peadar","Timmy's Nana","1","Timmy","54","54"
423,"Knows","Peadar","Peadar's children","1","Timmy","54","54"
424,"Knows","Peadar","Auctioneer","1","Timmy","54","54"
425,"Exchange","Auctioneer","Timmy Hanrahan","1","Timmy","55","55"
426,"Knows","Noreen","Noreen's baby","1","Timmy","55","55"
427,"Knows","Noreen's baby","Noreen's husband","1","Timmy","55","55"
428,"Exchange","Timmy Hanrahan","Man (from the new hotel)","1","Timmy","55","55"
429,"Knows","Timmy Hanrahan","Timmy's Nana","1","Timmy","55","55"
430,"Exchange","Timmy Hanrahan","""foreign fella"" (55)","1","Timmy","55","55"
431,"Knows of","Man (from the new hotel)","Bobby Mahon","0","Timmy","55","55"
432,"Exchange","Paddy (Brian's father)","Brian's mother","1","Brian","56","59"
433,"Knows of","Paddy (Brian's father)","Matty Cummins","0","Brian","56","56"
434,"Knows of","Paddy (Brian's father)","the two Walshes","0","Brian","56","56"
435,"Knows of","Paddy (Brian's father)","Anselm Grogan","0","Brian","56","56"
436,"Knows of","Brian's mother","Matty Cummins","0","Brian","56","56"
437,"Knows of","Brian's mother","the two Walshes","0","Brian","56","56"
438,"Knows of","Brian's mother","Anselm Grogan","0","Brian","56","56"
439,"Exchange","Brian","Pawsy Rogers","1","Brian","56","56"
440,"Exchange","Brian","Brian's mother","1","Brian","56","56"
441,"Exchange","Brian","Paddy (Brian's father)","0","Brian","56","56"
442,"Knows of","Paddy (Brian's father)","Marilyn Manson","0","Brian","56","56"
443,"Knows of","Paddy (Brian's father)","Donal Óg","0","Brian","56","56"
444,"Knows of","Brian","""poor tenant farmer"" (57)","0","Brian","57","57"
445,"Knows of","Brian","""Gombeen man"" (57)","0","Brian","57","57"
446,"Knows of","Brian","Matty Cummins","0","Brian","57","57"
447,"Knows of","Brian","the two Walshes","0","Brian","57","57"
448,"Knows of","Brian","Anselm Grogan","0","Brian","57","57"
449,"Exchange","Brian's mother","the ""ICA crowd"" (57)","1","Brian","57","57"
450,"Exchange","Brian","Paddy (Brian's father)","1","Brian","57","57"
451,"Knows of","Brian","The Taliban","0","Brian","57","57"
452,"Knows","Brian's mother","Kenny Farrell","1","Brian","57","57"
453,"Knows of","Brian's mother","""Aussies"" (58)","0","Brian","58","58"
454,"Knows","Brian's mother","Irish people","1","Brian","58","58"
455,"Exchange","""Aussies"" (58)","""crathur"" (58)","1","Brian","58","58"
456,"Exchange","Brian","Lorna","1","Brian","58","58"
457,"Exchange","Brian","Lorna's father","1","Brian","58","58"
458,"Knows of","Brian","Joseph Stalin","0","Brian","58","58"
459,"Knows","Lorna","Jesus","0","Brian","58","58"
460,"Exchange","Brian","Pawsy Rogers","1","Brian","59","59"
461,"Knows","Brian","Lorna","1","Brian","59","59"
462,"Knows of","Brian","""blondie wan"" (59)","0","Brian","59","59"
463,"Exchange","Kenny Farrell","Brian","1","Brian","59","60"
464,"Knows","Kenny Farrell","The Farrells (Kenny's parents)","1","Brian","59","59"
465,"Knows","Kenny Farrell","Brian's mother","1","Brian","59","59"
466,"Knows","Kenny Farrell","Paddy (Brian's father)","1","Brian","59","59"
467,"Exchange","Brian","Paddy (Brian's father)","1","Brian","60","60"
468,"Exchange","Kenny Farrell","""airhostess"" (60)","1","Brian","60","60"
469,"Knows","Brian","Jesus","0","Brian","60","60"
470,"Knows","Brian","Bobby Mahon","1","Brian","60","60"
471,"Exchange","Bobby Mahon","Réaltín","1","Brian","60","60"
472,"Knows","Réaltín","Seanie Shaper (Sean Shanahan)","1","Brian","60","60"
473,"Knows","Réaltín","Pokey Burke","1","Brian","60","60"
474,"Knows","Bobby Mahon","Triona Cahill/Mahon","1","Brian","60","60"
475,"Knows of","Kenny Farrell","Paul Newman","0","Brian","60","60"
476,"Knows","Kenny Farrell","Bobby Mahon","1","Brian","60","60"
478,"Exchange","Bobby Mahon","Jim Gildea","1","Brian","60","60"
479,"Exchange","Bobby Mahon","""twelve other bollockses"" (60)","1","Brian","60","60"
480,"Exchange","Bobby Mahon","McDonaghs' boys","1","Brian","60","61"
481,"Exchange","Trevor","Trevor's mother","1","Trevor","62","66"
482,"Knows","Trevor","Girls (in Eyre Square)","0","Trevor","62","62"
483,"Knows","Trevor","Réaltín","0","Trevor","63","63"
484,"Knows","Trevor","Dylan (Réaltín's son)","0","Trevor","63","63"
485,"Exchange","Réaltín","Dylan (Réaltín's son)","1","Trevor","63","63"
486,"Knows","Trevor's mother","Dorothy","1","Trevor","63","64"
487,"Exchange","Trevor","Dorothy","1","Trevor","63","64"
488,"Exchange","Réaltín","Trevor","1","Trevor","64","64"
490,"Knows","Dorothy","Dorothy's son","1","Trevor","64","64"
491,"Knows of","Trevor's mother","Dorothy's son","0","Trevor","64","64"
493,"Knows","Trevor","Dorothy","1","Trevor","65","65"
494,"Knows","Trevor","Lloyd","1","Trevor","65","65"
495,"Exchange","Trevor","Dylan (Réaltín's son)","1","Trevor","65","65"
496,"Knows","Trevor","Réaltín","0","Trevor","65","66"
497,"Exchange","Lloyd","Dylan (Réaltín's son)","1","Trevor","65","65"
498,"Knows of","Trevor","Judge Judy","0","Trevor","65","65"
499,"Knows","Trevor's mother","Trevor's father","1","Trevor","66","66"
500,"Exchange","Trevor","Dorothy","1","Trevor","66","67"
501,"Knows","Dorothy","Réaltín","1","Trevor","66","66"
502,"Exchange","Réaltín","Seanie Shaper (Sean Shanahan)","1","Trevor","66","66"
503,"Knows of","Dorothy","Seanie Shaper (Sean Shanahan)","0","Trevor","66","66"
504,"Knows","Réaltín","Dylan (Réaltín's son)","1","Trevor","65","66"
505,"Exchange","Seanie Shaper (Sean Shanahan)","Dylan (Réaltín's son)","1","Trevor","66","66"
506,"Exchange","Réaltín","Tom (Réaltín's father)","1","Trevor","66","66"
507,"Knows of","Dorothy","Tom (Réaltín's father)","0","Trevor","66","66"
508,"Exchange","Réaltín","Bobby Mahon","1","Trevor","66","67"
509,"Knows","Dorothy","The City Council","1","Trevor","66","66"
510,"Exchange","Trevor","Bobby Mahon","1","Trevor","67","67"
511,"Exchange","Trevor","Réaltín","1","Trevor","67","67"
512,"Exchange","Jim Gildea","Peter Connors","1","Bridie","68","68"
513,"Exchange","Peter Connors","Bridie's other children","1","Bridie","68","68"
514,"Knows","Bridie's other children","Jim Gildea","1","Bridie","68","68"
515,"Exchange","Bridie Connors","John English","1","Bridie","69","69"
516,"Exchange","Michael Connors","John English","1","Bridie","69","69"
517,"Exchange","Bridie Connors","Search party (for Peter)","1","Bridie","69","69"
518,"Exchange","Bridie Connors","Peter Connors","1","Bridie","69","70"
519,"Knows","Search party (for Peter)","Peter Connors","0","Bridie","69","69"
520,"Knows","Michael Connors","Peter Connors","1","Bridie","69","70"
521,"Exchange","Search party (for Bridie)","Bridie Connors","1","Bridie","69","69"
522,"Exchange","Bridie Connors","God","0","Bridie","69","69"
523,"Knows","God","Jesus","1","Bridie","69","69"
524,"Knows","Bridie Connors","Jesus","0","Bridie","69","69"
525,"Knows","Bridie Connors","Jim Gildea","1","Bridie","69","70"
526,"Exchange","Bridie Connors","Michael Connors","1","Bridie","70","70"
527,"Knows","Michael Connors","Jim Gildea","1","Bridie","70","70"
528,"Exchange","Bridie's other children","Michael Connors","1","Bridie","70","70"
529,"Exchange","Bridie Connors","Mary Wills","1","Bridie","70","70"
530,"Knows","Bridie Connors","Girl (who got Bridie's job)","0","Bridie","70","70"
531,"Exchange","Mary Wills","Girl (who got Bridie's job)","1","Bridie","70","70"
532,"Exchange","Bridie Connors","""little madam in a short skirt"" (70)","1","Bridie","70","71"
533,"Exchange","Bridie Connors","Eugene Connors","1","Bridie","71","72"
534,"Exchange","Eugene Connors","Eugene's girlfriend","1","Bridie","71","71"
535,"Exchange","Eugene's girlfriend","Bridie Connors","1","Bridie","71","71"
536,"Knows","Doctor (Eugene's girlfriend's father)","Eugene's girlfriend","1","Bridie","71","71"
537,"Knows","Bridie Connors","God","0","Bridie","71","73"
538,"Knows","Bridie Connors","Peter Connors","1","Bridie","71","71"
539,"Exchange","Bridie's other children","Bridie's other children","1","Bridie","72","72"
540,"Exchange","Bridie's other children","Eugene Connors","1","Bridie","72","72"
541,"Exchange","Bridie Connors","Bridie's other children","1","Bridie","72","72"
542,"Knows","Bridie Connors","Jim Gildea","1","Bridie","72","72"
543,"Exchange","John Cotter","Bridie Connors","1","Bridie","72","72"
544,"Knows","Réaltín","Bobby Mahon","1","Hillary","83","87"
545,"Knows","Bridie Connors","Satan","0","Bridie","72","72"
546,"Exchange","Michael Connors","John Cotter","1","Bridie","72","72"
547,"Exchange","Bridie Connors","Michael Connors","1","Bridie","72","75"
548,"Knows","Triona Cahill/Mahon","Robert Mahon","1","Bridie","73","73"
549,"Knows","Bobby Mahon","Robert Mahon","1","Bridie","73","73"
550,"Knows","Triona Cahill/Mahon","Bobby Mahon","1","Bridie","73","73"
551,"Knows of","Hillary","Sergeant Dick O'Toole","0","Hillary","84","84"
552,"Exchange","Réaltín","""mad looking cop""","1","Hillary","84","84"
553,"Exchange","Réaltín","""detective from town""","1","Hillary","84","84"
554,"Knows","Teapot Taliban","Triona Cahill/Mahon","0","Bridie","73","73"
555,"Exchange","Teapot Taliban","Teapot Taliban","1","Bridie","73","73"
556,"Knows","""mad looking cop""","""detective from town""","1","Hillary","84","84"
557,"Exchange","Bobby Mahon","Réaltín","1","Bridie","73","73"
558,"Knows of","""mad looking cop""","Bobby Mahon","0","Hillary","84","85"
559,"Knows of","""detective from town""","Bobby Mahon","0","Hillary","84","85"
560,"Knows","Bobby Mahon","Bobby's Mother","1","Bridie","73","73"
561,"Knows","Dylan (Réaltín's son)","""mad looking cop""","1","Hillary","85","85"
562,"Knows","Dylan (Réaltín's son)","""detective from town""","1","Hillary","85","85"
563,"Knows","Réaltín","George McSweeney","1","Hillary","85","85"
564,"Exchange","Frank Mahon","Bobby Mahon","1","Bridie","74","75"
565,"Knows","Bobby Mahon","Other boy (working the lorry with Bobby)","1","Bridie","74","74"
566,"Knows","Réaltín","Braveheart","0","Hillary","85","85"
567,"Knows","Bobby Mahon","Seanie Shaper (Sean Shanahan)","1","Hillary","85","85"
568,"Knows","Michael Connors","Bobby Mahon","1","Bridie","74","75"
569,"Knows","Réaltín","Seanie Shaper (Sean Shanahan)","1","Hillary","85","85"
570,"Knows","Michael Connors","Frank Mahon","1","Bridie","74","74"
571,"Knows","Bobby Mahon","Frank Mahon","1","Hillary","86","86"
572,"Exchange","Seanie Shaper (Sean Shanahan)","Réaltín","1","Hillary","86","86"
573,"Exchange","Frank Mahon","Michael Connors","1","Bridie","75","75"
574,"Exchange","Michael Connors","God","0","Bridie","75","75"
575,"Knows","Seanie Shaper (Sean Shanahan)","Seanie's friend","1","Hillary","86","86"
576,"Knows","Réaltín","Seanie's friend","1","Hillary","86","86"
577,"Exchange","Bridie Connors","Bobby's Mother","1","Bridie","75","75"
578,"Knows","Bobby's Mother","Frank Mahon","1","Bridie","75","75"
579,"Knows","Réaltín","Frank Mahon","1","Hillary","86","86"
580,"Knows","Hillary","God","0","Hillary","86","86"
581,"Knows","Bridie Connors","Peter Connors","1","Bridie","75","75"
582,"Knows","Réaltín","God","0","Hillary","86","86"
583,"Knows","Réaltín","Hillary's father","1","Hillary","86","86"
584,"Knows","Réaltín","Hillary's mother","1","Hillary","86","87"
585,"Knows","Hillary's mother","Hillary's father","1","Hillary","86","86"
586,"Knows","Réaltín","Darren (Hillary's bf)","1","Hillary","86","87"
587,"Knows","Réaltín","Dylan (Réaltín's son)","1","Hillary","87","88"
588,"Knows","Réaltín","Réaltín's mother","1","Hillary","87","87"
589,"Knows","Réaltín","George McSweeney","1","Hillary","87","87"
590,"Exchange","Réaltín","Hillary","1","Hillary","85","88"
591,"Exchange","George McSweeney","Réaltín","1","Hillary","88","88"
592,"Exchange","George McSweeney","Hillary","1","Hillary","88","89"
593,"Exchange","George McSweeney","""the cleaner""","1","Hillary","88","88"
594,"Knows","Hillary","Hillary's mother","1","Hillary","89","89"
595,"Knows","Hillary","George McSweeney's Secretaries","1","Hillary","89","89"
596,"Knows","George McSweeney","George McSweeney's Secretaries","1","Hillary","89","89"
597,"Knows","George McSweeney","""junior solicitors"" (89)","1","Hillary","89","89"
598,"Knows","George McSweeney","George McSweeney's apprentices","1","Hillary","89","89"
599,"Knows","Seanie Shaper (Sean Shanahan)","Seanie's friends","1","Seanie","90","90"
600,"Knows","Seanie Shaper (Sean Shanahan)","Vomity Donnell","1","Seanie","90","90"
601,"Knows","Johnny Incest","Johnny Incest's parents","1","Seanie","90","90"
602,"Knows","Kiddyfiddler","First Year girl (90)","1","Seanie","90","90"
603,"Knows","Seanie Shaper (Sean Shanahan)","Wankyballs","1","Seanie","90","90"
604,"Knows","Fishfingers","""wans from the convent"" (90)","1","Seanie","90","90"
605,"Knows","Seanie Shaper (Sean Shanahan)","Mongo (15 lads)","1","Seanie","90","90"
606,"Knows","Seanie's friends","Townie Boys (91)","1","Seanie","91","91"
607,"Exchange","Seanie Shaper (Sean Shanahan)","""girls around the estate"" (91)","1","Seanie","91","91"
608,"Exchange","Seanie Shaper (Sean Shanahan)","Girl from Dublin (91)","1","Seanie","91","91"
609,"Knows","Girl from Dublin (91)","Girl from Dublin's cousins","1","Seanie","91","91"
610,"Exchange","Girl from Dublin's cousins","Seanie Shaper (Sean Shanahan)","1","Seanie","91","91"
611,"Exchange","Seanie Shaper (Sean Shanahan)","""hunchbacks"" (91)","1","Seanie","91","91"
612,"Exchange","Seanie Shaper (Sean Shanahan)","""lispers"" (91)","1","Seanie","91","91"
613,"Exchange","Seanie Shaper (Sean Shanahan)","""smelly wans"" (91)","1","Seanie","91","91"
614,"Exchange","Seanie Shaper (Sean Shanahan)","""lesbians"" (91)","1","Seanie","91","91"
615,"Exchange","Seanie Shaper (Sean Shanahan)","Girl with hearing aid (92)","1","Seanie","92","92"
616,"Exchange","Seanie's friends","Seanie Shaper (Sean Shanahan)","1","Seanie","92","92"
617,"Knows","Seanie Shaper (Sean Shanahan)","God","1","Seanie","92","92"
618,"Exchange","Seanie Shaper (Sean Shanahan)","Réaltín","1","Seanie","92","92"
619,"Exchange","Réaltín","Hillary","1","Seanie","92","92"
620,"Exchange","Réaltín","""right-looking wanker"" (93)","1","Seanie","93","93"
621,"Exchange","""right-looking wanker"" (93)","Seanie Shaper (Sean Shanahan)","1","Seanie","93","93"
622,"Knows","Seanie Shaper (Sean Shanahan)","Pokey Burke","1","Seanie","93","94"
623,"Knows","Réaltín","Pokey Burke","1","Seanie","93","93"
624,"Knows","Réaltín","Dylan (Réaltín's son)","1","Seanie","93","94"
625,"Knows","Seanie Shaper (Sean Shanahan)","Seanie's brothers","1","Seanie","93","95"
626,"Knows","Seanie Shaper (Sean Shanahan)","Seanie's Father","1","Seanie","93","95"
627,"Knows","Seanie Shaper (Sean Shanahan)","Seanie's Mother","1","Seanie","93","95"
628,"Knows","Seanie Shaper (Sean Shanahan)","Seanie's sister","1","Seanie","93","95"
629,"Knows","Réaltín","Bobby Mahon","1","Seanie","93","94"
630,"Exchange","Bobby Mahon","Seanie Shaper (Sean Shanahan)","1","Seanie","93","93"
631,"Knows","Bobby Mahon","""C2 boys"" (47)","1","Seanie","93","93"
632,"Knows","Bobby Mahon","Pokey Burke","1","Seanie","93","93"
633,"Knows","Bobby Mahon","""NAMA crowd"" (93)","0","Seanie","93","93"
634,"Exchange","""NAMA crowd"" (93)","Josie Burke","1","Seanie","93","93"
635,"Knows","Pokey Burke","Josie Burke","1","Seanie","93","94"
636,"Knows","Seanie Shaper (Sean Shanahan)","God","1","Seanie","94","94"
637,"Knows","Bobby Mahon","Frank Mahon","1","Seanie","94","94"
638,"Exchange","Seanie Shaper (Sean Shanahan)","Tom (Réaltín's father)","1","Seanie","94","94"
639,"Knows","Réaltín","Tom (Réaltín's father)","1","Seanie","94","94"
640,"Knows","Tom (Réaltín's father)","Dylan (Réaltín's son)","1","Seanie","94","94"
641,"Exchange","Pokey Burke","Polish subcontractors","1","Seanie","94","94"
642,"Knows","""the boys"" (who worked for Pokey) (12)","Polish subcontractors","1","Seanie","94","94"
643,"Knows","Pokey Burke","""the boys"" (who worked for Pokey) (12)","1","Seanie","94","94"
644,"Knows","Seanie's Father","Seanie's Mother","1","Seanie","93","95"
645,"Knows","Seanie's Father","Seanie's brothers","1","Seanie","93","94"
646,"Knows","Seanie's Father","Seanie's sister","1","Seanie","93","94"
647,"Knows","Seanie's Mother","Seanie's brothers","1","Seanie","93","94"
648,"Knows","Seanie's Mother","Seanie's sister","1","Seanie","93","94"
649,"Knows","Seanie's Father","Réaltín","1","Seanie","95","95"
650,"Knows","Seanie's Father","Dylan (Réaltín's son)","0","Seanie","95","95"
651,"Knows","Seanie's Mother","Réaltín","1","Seanie","95","95"
652,"Knows","Seanie's Mother","Dylan (Réaltín's son)","0","Seanie","95","95"
653,"Exchange","Seanie Shaper (Sean Shanahan)","Réaltín","1","Seanie","96","96"
654,"Knows","Bobby Mahon","Réaltín","1","Seanie","96","96"
655,"Knows","Bobby Mahon","Frank Mahon","1","Seanie","96","96"
656,"Exchange","Seanie Shaper (Sean Shanahan)","Dylan (Réaltín's son)","1","Seanie","96","96"
657,"Exchange","Tom (Réaltín's father)","Seanie Shaper (Sean Shanahan)","1","Seanie","96","96"
658,"Knows","""group of women"" (96)","Group of women's children","1","Seanie","96","96"
659,"Knows","""group of women"" (96)","Group of women's husbands","1","Seanie","96","96"
660,"Knows","Group of women's children","Group of women's husbands","1","Seanie","96","96"
661,"Exchange","Seanie Shaper (Sean Shanahan)","""group of women"" (96)","1","Seanie","96","96"
662,"Exchange","Kate","Kate's father","1","Kate","97","98"
663,"Knows","Kate","Parents at Kate's crèche","1","Kate","98","98"
664,"Exchange","Kate","Kate's workers","1","Kate","98","98"
665,"Exchange","Kate","Nuala","1","Kate","98","98"
666,"Knows","Nuala","Kate's workers","1","Kate","98","98"
667,"Knows","Kate's mother","Kate's sister","1","Kate","98","98"
668,"Knows of","Nuala","Kate's mother","0","Kate","98","98"
669,"Knows of","Nuala","Kate's sister","0","Kate","98","98"
670,"Knows","Kate","God","0","Kate","98","98"
671,"Exchange","Kate","Trevor","1","Kate","98","99"
672,"Knows","Réaltín","Dylan (Réaltín's son)","1","Kate","99","99"
673,"Exchange","Réaltín","Kate","1","Kate","99","99"
674,"Knows of","Denis","Trevor","0","Kate","99","99"
675,"Exchange","Denis","Kate","1","Kate","99","101"
676,"Knows","Denis","Trevor's father","1","Kate","99","99"
677,"Knows","Kate","God","0","Kate","100","100"
678,"Exchange","Nuala","a child (100)","1","Kate","100","100"
679,"Knows","Kate","Jesus","0","Kate","100","101"
680,"Exchange","Kate","Nuala","1","Kate","100","101"
681,"Knows","Liz (Kate's Friend)","Nuala","1","Kate","100","100"
682,"Knows","Kate","Kate's workers","1","Kate","100","101"
683,"Knows","Kate","Nuala","1","Kate","101","101"
684,"Knows","Nuala","Kate's workers","1","Kate","100","101"
685,"Knows","Denis","Denis's father","1","Kate","101","101"
686,"Knows","Denis","Nuala","1","Kate","101","102"
687,"Knows","Kate","Parents at Kate's crèche","1","Kate","101","101"
688,"Exchange","Kate","Denis","1","Kate","102","102"
689,"Knows of","Denis","Tony Soprano","0","Kate","102","102"
690,"Knows","Kate","Jesus","0","Kate","102","102"
691,"Knows","Trevor","Dylan (Réaltín's son)","1","Lloyd","103","103"
692,"Exchange","Trevor","Lloyd","1","Lloyd","103","103"
693,"Knows","Lloyd","God","0","Lloyd","103","103"
694,"Knows","Trevor","The Dryffids","1","Lloyd","103","103"
695,"Knows","The Dryffids","Dryffid's girls","1","Lloyd","103","103"
696,"Knows","Trevor","Dryffid's girls","1","Lloyd","103","103"
697,"Knows","Ming","Ming's boys","1","Lloyd","103","103"
698,"Knows","Trevor","Ming","1","Lloyd","103","103"
699,"Knows","Trevor","Ming's boys","1","Lloyd","103","103"
700,"Exchange","Lloyd","Lloyd's mother","1","Lloyd","104","104"
701,"Exchange","Lloyd's mother","Lloyd's father","1","Lloyd","104","104"
702,"Exchange","Lloyd's father","Lloyd","1","Lloyd","104","104"
703,"Exchange","Lloyd's mother","""mental-case friend"" (105","1","Lloyd","105","105"
704,"Knows","""mental-case friend"" (105","Lloyd's father","0","Lloyd","105","105"
705,"Knows","Lloyd's father","Lloyd's half-brother","1","Lloyd","105","105"
706,"Knows","Lloyd's father","Lloyd's father's mistress","1","Lloyd","105","105"
707,"Knows","Lloyd's father's mistress","Lloyd's half-brother","1","Lloyd","105","105"
708,"Knows","Lloyd's mother","Lloyd's father's mistress","0","Lloyd","105","105"
709,"Knows of","Lloyd's mother","Lloyd's half-brother","0","Lloyd","105","105"
710,"Knows of","""mental-case friend"" (105","Lloyd's father's mistress","0","Lloyd","105","105"
711,"Knows of","""mental-case friend"" (105","Lloyd's half-brother","0","Lloyd","105","105"
712,"Exchange","Lloyd","Dylan (Réaltín's son)","1","Lloyd","105","105"
713,"Knows","Lloyd","Dylan (Réaltín's son)","1","Lloyd","106","106"
714,"Exchange","Lloyd","Trevor","1","Lloyd","106","106"
715,"Knows","Trevor","Dylan (Réaltín's son)","1","Lloyd","106","106"
716,"Knows","Lloyd","Lloyd's mother","1","Lloyd","106","106"
717,"Exchange","Lloyd","Dylan (Réaltín's son)","1","Lloyd","107","107"
718,"Exchange","Rory Slattery","Bobby Mahon","1","Rory","108","108"
719,"Exchange","Rory Slattery","Rory's Mother","1","Rory","108","110"
720,"Exchange","Rory Slattery","Rory's Father","1","Rory","108","110"
721,"Exchange","Rory's Father","Rory's Mother","1","Rory","108","109"
722,"Knows","Rory's Father","Bobby Mahon","1","Rory","108","109"
723,"Knows","Rory's Mother","Bobby Mahon","1","Rory","108","109"
724,"Knows","Rory's Mother","God","1","Rory","108","109"
725,"Knows","Rory's Father","God","0","Rory","108","109"
726,"Knows","Rory Slattery","God","0","Rory","108","109"
727,"Knows","Bobby Mahon","Triona Cahill/Mahon","1","Rory","109","109"
728,"Knows","Bobby Mahon","Seanie Shaper (Sean Shanahan)","1","Rory","109","109"
729,"Knows","Bobby Mahon","Réaltín","1","Rory","109","109"
730,"Knows of","Triona Cahill/Mahon","Réaltín","1","Rory","109","109"
731,"Knows","Rory Slattery","Dorothy","1","Rory","109","109"
732,"Knows","Dorothy","Réaltín","1","Rory","109","109"
733,"Knows","Dorothy","Seanie Shaper (Sean Shanahan)","1","Rory","109","109"
734,"Knows","Dorothy","Bobby Mahon","1","Rory","109","109"
735,"Knows","Dorothy","Triona Cahill/Mahon","1","Rory","109","109"
736,"Knows of","Rory Slattery","Angelina Jolie","0","Rory","109","109"
737,"Knows","Bobby Mahon","Frank Mahon","1","Rory","109","109"
738,"Exchange","Jim Gildea","Bobby Mahon","1","Rory","109","109"
739,"Knows","Jim Gildea","Frank Mahon","1","Rory","109","109"
740,"Knows","Rory Slattery","Jesus","0","Rory","110","110"
741,"Exchange","Bobby Mahon","""the boys"" (who worked for Pokey) (12)","1","Rory","110","110"
742,"Knows","Pokey Burke","Bobby Mahon","1","Rory","110","111"
743,"Knows","Pokey Burke","Josie Burke","1","Rory","111","111"
744,"Knows","Bobby Mahon","Frank Mahon","1","Rory","111","111"
745,"Knows","Rory Slattery","God","0","Rory","111","111"
746,"Exchange","Rory Slattery","Holly","1","Rory","111","112"
747,"Knows","Holly","The Pixies","0","Rory","111","111"
748,"Knows","Holly","Black Francis","0","Rory","111","111"
749,"Knows","Holly","Jesus","0","Rory","111","111"
750,"Knows","Rory Slattery","Rory's friends","1","Rory","112","112"
751,"Knows of","Rory Slattery","Holly's hypothetical friends","0","Rory","112","112"
752,"Knows","Holly","Holly's hypothetical friends","1","Rory","112","112"
753,"Exchange","Rory Slattery","John Cotter","1","Rory","112","112"
754,"Knows","John Cotter","Jesus","1","Rory","112","112"
755,"Knows","Rory Slattery","Rory's Father","1","Rory","112","113"
756,"Knows","Rory Slattery","Bobby Mahon","1","Rory","112","112"
757,"Knows","Rory Slattery","Pokey Burke","1","Rory","112","112"
758,"Knows","Rory Slattery","Holly","1","Rory","113","113"
759,"Knows","Rory Slattery","Rory's Mother","1","Rory","113","113"
760,"Knows","Rory's Father","Rory's Mother","1","Rory","113","113"
761,"Knows","Holly","The Pixies","0","Rory","113","113"
762,"Knows","Rory Slattery","Pearl Jam","0","Rory","113","113"
763,"Exchange","Hughie's wife","Hughie","1","Millicent","114","119"
764,"Exchange","Hughie","Millicent","1","Millicent","114","115"
765,"Exchange","Hughie's wife","Millicent","1","Millicent","114","117"
766,"Knows","Hughie","""People who give out the dole"" (115)","1","Millicent","115","115"
767,"Exchange","Hughie","Frank Mahon","1","Millicent","115","115"
768,"Knows","Hughie's wife","Frank Mahon","1","Millicent","115","115"
769,"Knows","Hughie","Assumpta Gill","1","Millicent","116","116"
770,"Exchange","Hughie's wife","Assumpta Gill","1","Millicent","116","117"
771,"Exchange","Millicent","""other fellas driving their cars"" (116)","1","Millicent","116","116"
772,"Exchange","Millicent","Hughie","1","Millicent","116","116"
773,"Knows","Assumpta Gill","""Little bitches at work"" (116)","1","Millicent","116","116"
774,"Knows","Hughie's wife","""Little bitches at work"" (116)","1","Millicent","116","116"
775,"Knows of","Millicent","Lloyd","0","Millicent","117","119"
776,"Knows of","Millicent","Dylan (Réaltín's son)","0","Millicent","117","117"
777,"Knows of","Millicent","Réaltín","0","Millicent","117","117"
778,"Knows","Réaltín","Dylan (Réaltín's son)","1","Millicent","117","117"
779,"Knows","Lloyd","Dylan (Réaltín's son)","1","Millicent","117","117"
780,"Exchange","Hughie's wife","Hughie's Wife's Friend","1","Millicent","117","117"
781,"Knows","Hughie's wife","Jesus","1","Millicent","117","117"
782,"Exchange","Hughie","Millicent","1","Millicent","118","118"
783,"Knows of","Assumpta Gill","Lloyd","0","Millicent","117","118"
784,"Knows","Assumpta Gill","God","1","Millicent","118","118"
785,"Knows","Assumpta Gill","Dylan (Réaltín's son)","1","Millicent","117","118"
786,"Knows of","Hughie's wife","Dylan (Réaltín's son)","1","Millicent","117","118"
787,"Exchange","Hughie","""pricks, bollockses, and stupid fuckers"" (118)","1","Millicent","118","119"
788,"Knows","Hughie's wife","Assumpta Gill","1","Millicent","119","119"
789,"Knows of","Hughie","Assumpta Gill","0","Millicent","119","119"
790,"Knows","Hughie","Hughie's Mother","1","Millicent","119","119"
791,"Knows","Hughie's wife","Hughie's Mother","1","Millicent","119","119"
792,"Knows","Millicent","Millicent's other Nana (her mom's mom)","1","Millicent","119","119"
793,"Knows of","Hughie's wife","Lloyd","0","Millicent","117","119"
794,"Knows of","Hughie","Lloyd","0","Millicent","117","119"
795,"Exchange","Millicent","God","1","Millicent","119","119"
796,"Knows of","Denis","""lads in films"" (120)","0","Denis","120","120"
797,"Exchange","Kate","Denis","1","Denis","120","120"
798,"Knows","Kate","Jesus","0","Denis","120","120"
799,"Knows","Kate","God","0","Denis","120","120"
800,"Knows","Kate","the sheriff (120)","0","Denis","120","120"
801,"Knows of","Denis","Dylan (Réaltín's son)","0","Denis","120","120"
802,"Knows","Denis","Pokey Burke","1","Denis","121","122"
803,"Knows","Denis","Conleth Barry","1","Denis","121","121"
804,"Knows","Denis","""four or five more bollockses"" (121)","1","Denis","121","121"
805,"Exchange","Denis","taxman","1","Denis","121","121"
806,"Exchange","the lads (121)","Denis","1","Denis","121","121"
807,"Knows","fella from Limerick (121)","fella from Limerick's wife (121)","1","Denis","121","121"
808,"Exchange","Denis","gimpy lad in Lackagh (121)","1","Denis","121","121"
809,"Knows of","Denis","fat arsehole in Galway (121)","1","Denis","121","122"
810,"Knows","little blondie wan (121)","fat arsehole in Galway (121)","1","Denis","121","121"
811,"Exchange","Denis","little blondie wan (121)","1","Denis","121","121"
812,"Exchange","Whingers on Joe Duffy","Joe Duffy","1","Denis","122","122"
813,"Exchange","Denis","Frank Mahon","1","Denis","121","121"
814,"Exchange","Kate","Denis","1","Denis","122","122"
815,"Knows","Denis","Bobby Mahon","1","Denis","122","123"
816,"Knows","Bobby Mahon","Vasya Afanasiev","1","Denis","122","122"
817,"Knows","Bobby Mahon","Timmy Hanrahan","1","Denis","122","122"
818,"Knows","Bobby Mahon","Réaltín","1","Denis","123","123"
819,"Knows","Réaltín","Dylan (Réaltín's son)","1","Denis","123","123"
820,"Knows","Bobby Mahon","Dylan (Réaltín's son)","1","Denis","123","123"
821,"Knows","Bobby Mahon","Pokey Burke","1","Denis","123","123"
822,"Knows","Bobby Mahon","Frank Mahon","1","Denis","123","124"
823,"Exchange","one of Denis' lads (123)","Denis","1","Denis","123","123"
824,"Exchange","Andy (Denis's Friend)","Denis","1","Denis","123","123"
825,"Knows","Andy (Denis's Friend)","Frank Mahon","0","Denis","123","123"
826,"Knows","Andy (Denis's Friend)","Bobby Mahon","1","Denis","123","123"
827,"Exchange","Denis","Frank Mahon","1","Denis","124","125"
828,"Knows","Denis","Denis's father","1","Denis","124","125"
829,"Knows","Denis's father","Roscrea (football team)","0","Denis","124","124"
830,"Exchange","Mags Burke","Josie Burke","1","Mags","126","126"
831,"Knows","Josie Burke","Henrietta (the chicken)","1","Mags","127","127"
832,"Exchange","Josie Burke","Eamonn Burke","1","Mags","127","127"
833,"Exchange","Josie Burke","Eamonn's daughter","1","Mags","127","127"
834,"Exchange","Josie Burke","Eamonn's son","1","Mags","127","127"
835,"Knows","Eamonn Burke","Eamonn's son","1","Josie","26","26"
836,"Knows","Yvonne Burke","Eamonn's son","1","Josie","26","26"
837,"Knows","Réaltín","Dylan (Réaltín's son)","1","Mags","127","127"
838,"Knows of","Réaltín","Pokey Burke","0","Mags","127","127"
839,"Exchange","Eileen Burke","Mags Burke","1","Mags","127","127"
840,"Knows","Eileen Burke","Josie Burke","1","Mags","127","129"
841,"Knows","Eileen Burke","Pokey Burke","1","Mags","127","129"
842,"Knows","Josie Burke","Pokey Burke","1","Mags","127","129"
843,"Knows","Eileen Burke","Réaltín","0","Mags","127","127"
844,"Knows","Eileen Burke","Dylan (Réaltín's son)","0","Mags","127","127"
845,"Knows","Josie Burke","Réaltín","0","Mags","127","127"
846,"Knows","Josie Burke","Dylan (Réaltín's son)","0","Mags","127","127"
847,"Knows","Eileen Burke","Bobby Mahon","1","Mags","127","127"
848,"Knows","Eileen Burke","Frank Mahon","1","Mags","127","127"
849,"Knows","Bobby Mahon","Frank Mahon","1","Mags","127","127"
850,"Knows","the guards (127)","Mags Burke","1","Mags","127","127"
851,"Knows","Lloyd","Dylan (Réaltín's son)","1","Mags","127","127"
852,"Knows","Trevor","Dylan (Réaltín's son)","1","Mags","127","127"
853,"Knows","Trevor","children from the Montessori school","1","Mags","127","127"
854,"Knows","Dylan (Réaltín's son)","children from the Montessori school","1","Mags","127","127"
855,"Knows","""four or five qualified childminders"" (127)","children from the Montessori school","1","Mags","127","127"
856,"Knows","""four or five qualified childminders"" (127)","Dylan (Réaltín's son)","1","Mags","127","127"
857,"Knows","""four or five qualified childminders"" (127)","Trevor","1","Mags","127","127"
858,"Knows","Mags Burke","Jesus","1","Mags","127","127"
859,"Knows","Mags Burke","Ger","1","Mags","127","127"
860,"Exchange","Eileen Burke","Doctor Roche","1","Mags","128","129"
861,"Exchange","Josie Burke","Doctor Roche","1","Mags","128","129"
862,"Exchange","Eileen Burke","Ger","1","Mags","128","128"
863,"Knows","Josie Burke","Ger","1","Mags","128","128"
864,"Exchange","Ger","Mags Burke","1","Mags","128","130"
865,"Exchange","Eileen Burke","Kathleen Roche","1","Mags","128","129"
866,"Exchange","Eileen Burke","Pat Hourigan","1","Mags","128","129"
867,"Exchange","Eileen Burke","Dorothy","1","Mags","128","129"
868,"Exchange","Eileen Burke","The Crawfords","1","Mags","128","129"
869,"Exchange","Eileen Burke","Mags' Uncle Dicky","1","Mags","128","129"
870,"Exchange","Eileen Burke","Mags' Auntie Pam","1","Mags","128","129"
871,"Exchange","Eileen Burke","Mags' Cousin Richard","1","Mags","128","129"
872,"Exchange","Eileen Burke","Eamonn Burke","1","Mags","128","129"
873,"Exchange","Josie Burke","Eamonn Burke","1","Mags","128","129"
874,"Exchange","Josie Burke","Yvonne Burke","1","Mags","128","129"
875,"Exchange","Eileen Burke","Yvonne Burke","1","Mags","128","129"
876,"Exchange","Josie Burke","Kathleen Roche","1","Mags","128","129"
877,"Exchange","Josie Burke","Pat Hourigan","1","Mags","128","129"
878,"Knows","Josie Burke","Dorothy","1","Mags","128","128"
879,"Exchange","Josie Burke","The Crawfords","1","Mags","128","129"
880,"Exchange","Josie Burke","Mags' Uncle Dicky","1","Mags","128","129"
881,"Exchange","Josie Burke","Mags' Auntie Pam","1","Mags","128","129"
882,"Exchange","Josie Burke","Mags' Cousin Richard","1","Mags","128","129"
883,"Exchange","Doctor Roche","Kathleen Roche","1","Mags","128","129"
884,"Exchange","Doctor Roche","Pat Hourigan","1","Mags","128","129"
885,"Exchange","Doctor Roche","Dorothy","1","Mags","128","129"
886,"Exchange","Doctor Roche","The Crawfords","1","Mags","128","129"
887,"Exchange","Doctor Roche","Mags' Uncle Dicky","1","Mags","128","129"
888,"Exchange","Doctor Roche","Mags' Auntie Pam","1","Mags","128","129"
889,"Exchange","Doctor Roche","Mags' Cousin Richard","1","Mags","128","129"
890,"Exchange","Doctor Roche","Eamonn Burke","1","Mags","128","129"
891,"Exchange","Doctor Roche","Yvonne Burke","1","Mags","128","129"
892,"Exchange","Doctor Roche","Pokey Burke","1","Mags","128","129"
893,"Exchange","Kathleen Roche","Pat Hourigan","1","Mags","128","129"
894,"Exchange","Kathleen Roche","Dorothy","1","Mags","128","129"
895,"Exchange","Kathleen Roche","The Crawfords","1","Mags","128","129"
896,"Exchange","Kathleen Roche","Mags' Uncle Dicky","1","Mags","128","129"
897,"Exchange","Kathleen Roche","Mags' Auntie Pam","1","Mags","128","129"
898,"Exchange","Kathleen Roche","Mags' Cousin Richard","1","Mags","128","129"
899,"Exchange","Kathleen Roche","Eamonn Burke","1","Mags","128","129"
900,"Exchange","Kathleen Roche","Yvonne Burke","1","Mags","128","129"
901,"Exchange","Kathleen Roche","Pokey Burke","1","Mags","128","129"
902,"Exchange","Pat Hourigan","Dorothy","1","Mags","128","129"
903,"Exchange","Pat Hourigan","The Crawfords","1","Mags","128","129"
904,"Exchange","Pat Hourigan","Mags' Auntie Pam","1","Mags","128","129"
905,"Exchange","Pat Hourigan","Mags' Cousin Richard","1","Mags","128","129"
906,"Exchange","Pat Hourigan","Mags' Uncle Dicky","1","Mags","128","129"
907,"Exchange","Pat Hourigan","Eamonn Burke","1","Mags","128","129"
908,"Exchange","Pat Hourigan","Yvonne Burke","1","Mags","128","129"
909,"Exchange","Pat Hourigan","Pokey Burke","1","Mags","128","129"
910,"Exchange","Dorothy","The Crawfords","1","Mags","128","129"
911,"Exchange","Dorothy","Mags' Auntie Pam","1","Mags","128","129"
912,"Exchange","Dorothy","Mags' Cousin Richard","1","Mags","128","129"
913,"Exchange","Dorothy","Mags' Uncle Dicky","1","Mags","128","129"
914,"Exchange","Dorothy","Eamonn Burke","1","Mags","128","129"
915,"Exchange","Dorothy","Yvonne Burke","1","Mags","128","129"
916,"Exchange","Dorothy","Pokey Burke","1","Mags","128","129"
917,"Exchange","The Crawfords","Mags' Auntie Pam","1","Mags","128","129"
918,"Exchange","The Crawfords","Mags' Cousin Richard","1","Mags","128","129"
919,"Exchange","The Crawfords","Mags' Uncle Dicky","1","Mags","128","129"
920,"Exchange","The Crawfords","Eamonn Burke","1","Mags","128","129"
921,"Exchange","The Crawfords","Yvonne Burke","1","Mags","128","129"
922,"Exchange","The Crawfords","Pokey Burke","1","Mags","128","129"
923,"Exchange","Mags' Uncle Dicky","Mags' Auntie Pam","1","Mags","128","129"
924,"Exchange","Mags' Uncle Dicky","Mags' Cousin Richard","1","Mags","128","129"
925,"Exchange","Mags' Uncle Dicky","Eamonn Burke","1","Mags","128","129"
926,"Exchange","Mags' Uncle Dicky","Yvonne Burke","1","Mags","128","129"
927,"Exchange","Mags' Uncle Dicky","Pokey Burke","1","Mags","128","129"
928,"Exchange","Mags' Auntie Pam","Mags' Cousin Richard","1","Mags","128","129"
929,"Exchange","Mags' Auntie Pam","Eamonn Burke","1","Mags","128","129"
930,"Exchange","Mags' Auntie Pam","Yvonne Burke","1","Mags","128","129"
931,"Exchange","Mags' Auntie Pam","Pokey Burke","1","Mags","128","129"
932,"Exchange","Mags' Cousin Richard","Eamonn Burke","1","Mags","128","129"
933,"Exchange","Mags' Cousin Richard","Yvonne Burke","1","Mags","128","129"
934,"Exchange","Mags' Cousin Richard","Pokey Burke","1","Mags","128","129"
935,"Exchange","Eamonn Burke","Yvonne Burke","1","Mags","128","129"
936,"Exchange","Eamonn Burke","Pokey Burke","1","Mags","128","129"
937,"Exchange","Yvonne Burke","Pokey Burke","1","Mags","128","129"
938,"Exchange","Josie Burke","Mags Burke","1","Mags","128","129"
939,"Exchange","Josie Burke","Dorothy","1","Mags","128","129"
940,"Knows","Ger","Eileen Burke","1","Mags","129","130"
941,"Knows","Ger","Josie Burke","1","Mags","129","130"
942,"Exchange","Mags' old lecturer","Mags Burke","1","Mags","130","130"
943,"Knows","Mags Burke","Josie Burke","1","Mags","131","131"
944,"Knows","Mags Burke","Ger","1","Mags","131","131"
945,"Exchange","mad old biddy (132)","Jim Gildea","1","Jim","132","133"
946,"Knows of","mad old biddy (132)","fella of the Murphys (132)","0","Jim","132","133"
947,"Knows of","mad old biddy (132)","Dylan (Réaltín's son)","0","Jim","132","132"
948,"Knows","mad old biddy (132)","Women of Ireland (132)","0","Jim","132","132"
949,"Knows of","mad old biddy (132)","Lloyd","0","Jim","132","132"
950,"Knows","mad old biddy (132)","God","1","Jim","132","133"
951,"Knows","Jim Gildea","Bobby Mahon","1","Jim","132","132"
952,"Knows of","mad old biddy (132)","missing girls (133)","0","Jim","133","133"
953,"Knows","mad old biddy (132)","hitchhiker on Esker Line (133)","0","Jim","133","133"
954,"Knows","mad old biddy (132)","Frank Mahon","0","Jim","133","133"
955,"Knows of","Jim Gildea","bigmouths (on the radio & tv) (133)","0","Jim","133","133"
956,"Knows","Jim Gildea","God","1","Jim","133","134"
957,"Knows","Jim Gildea","Dylan (Réaltín's son)","0","Jim","133","134"
958,"Knows","Jim Gildea","Bridie Connors","1","Jim","133","134"
959,"Knows","Jim Gildea","Peter Connors","1","Jim","133","134"
960,"Knows","Bridie Connors","Peter Connors","1","Jim","133","134"
961,"Knows","Réaltín","Dylan (Réaltín's son)","1","Jim","134","134"
962,"Exchange","Jim Gildea","forensics lads (134)","1","Jim","134","134"
963,"Exchange","forensics lads (134)","Search party (for Dylan)","1","Jim","134","134"
964,"Knows","Seanie Shaper (Sean Shanahan)","Dylan (Réaltín's son)","1","Jim","134","134"
965,"Exchange","Seanie Shaper (Sean Shanahan)","Réaltín","1","Jim","134","134"
966,"Exchange","Philly","Seanie Shaper (Sean Shanahan)","1","Jim","134","134"
967,"Exchange","Philly","Jim Gildea","1","Jim","134","134"
968,"Knows","Réaltín","Tom (Réaltín's father)","1","Jim","134","134"
969,"Exchange","Civil Defence Boys (135)","Jim Gildea","1","Jim","135","135"
970,"Knows","Jim Gildea","Seanie Shaper (Sean Shanahan)","1","Jim","135","135"
971,"Knows","Bobby Mahon","Frank Mahon","1","Jim","135","136"
972,"Exchange","Bobby Mahon","Jim Gildea","1","Jim","135","135"
973,"Knows","Bobby Mahon","Triona Cahill/Mahon","1","Jim","135","135"
974,"Knows","Bobby Mahon","Réaltín","1","Jim","135","135"
975,"Exchange","Jim Gildea","Mary Gildea","1","Jim","135","135"
976,"Knows","Mary Wills","Bobby Mahon","1","Jim","135","135"
977,"Knows","Mary Wills","Frank Mahon","1","Jim","135","135"
978,"Knows","Josie Burke","Bobby Mahon","1","Jim","135","135"
979,"Knows","Jim Gildea","mad old biddy (132)","1","Jim","135","135"
980,"Knows","Jim Gildea","Timmy Hanrahan","1","Jim","135","135"
981,"Exchange","Timmy Hanrahan","Jim Gildea","1","Jim","136","137"
982,"Exchange","Lloyd","Timmy Hanrahan","0","Jim","136","137"
983,"Exchange","Lloyd","Trevor","1","Jim","136","137"
984,"Knows","Lloyd","Dylan (Réaltín's son)","1","Jim","136","137"
985,"Knows","Trevor","Dylan (Réaltín's son)","1","Jim","136","137"
986,"Exchange","Lloyd","forensics lads (134)","1","Jim","136","136"
987,"Knows","Lloyd","Search party (for Dylan)","1","Jim","136","136"
988,"Knows","Timmy Hanrahan","Search party (for Dylan)","1","Jim","136","136"
989,"Exchange","Jim Gildea","children from the Montessori school","1","Jim","136","136"
990,"Knows","Kate","Trevor","1","Jim","136","136"
991,"Knows","Trevor","crowd at Henry St (136)","1","Jim","136","136"
992,"Knows of","Trevor","Seanie Shaper (Sean Shanahan)","1","Jim","137","137"
993,"Exchange","Trevor","Philly","1","Jim","137","137"
994,"Knows","Jim Gildea","God","1","Jim","137","138"
995,"Knows","Philly","the Cunliffes' son","1","Jim","137","137"
996,"Knows","Philly","the Cunliffes","1","Jim","137","137"
997,"Exchange","Philly","Jim Gildea","1","Jim","137","137"
998,"Exchange","Armed Response Guards","the Cunliffes' son","1","Jim","137","137"
999,"Knows","Timmy Hanrahan","Timmy's father","1","Jim","137","137"
1000,"Knows","Timmy Hanrahan","Timmy's mother","1","Jim","137","137"
1001,"Knows","Jim Gildea","Dylan (Réaltín's son)","0","Jim","138","138"
1002,"Knows of","Jim Gildea","the Tans (138)","0","Jim","138","138"
1003,"Exchange","the Tans (138)","children (abstract)","1","Jim","138","138"
1004,"Exchange","the Tans (138)","women (abstract)","1","Jim","138","138"
1005,"Exchange","Denis","Frank Mahon","1","Frank","139","139"
1006,"Knows of","Frank Mahon","""Paki doctors"" (139)","0","Frank","139","139"
1007,"Knows","Bobby Mahon","Frank Mahon","1","Frank","139","139"
1008,"Knows","Frank Mahon","Denis","1","Frank","140","140"
1009,"Knows","Frank Mahon","Satan","1","Frank","140","142"
1010,"Knows","Frank Mahon","God","0","Frank","140","140"
1011,"Knows","Bobby Mahon","Pokey Burke","1","Frank","140","140"
1012,"Exchange","Bobby Mahon","Jim Gildea","1","Frank","140","141"
1013,"Knows","Frank Mahon","Bobby's Mother","1","Frank","140","140"
1014,"Knows","Bobby's Mother","Bobby Mahon","1","Frank","140","140"
1015,"Exchange","blondie lady of the Cassidys (141)","Frank Mahon","1","Frank","141","141"
1016,"Knows","Frank Mahon","Bobby's ""Grandad""","1","Frank","141","141"
1017,"Exchange","Bobby Mahon","Frank Mahon","1","Frank","142","142"
1018,"Knows","Bobby Mahon","Triona Cahill/Mahon","1","Frank","142","142"
1019,"Exchange","Bobby Mahon","Bobby's Mother","1","Frank","142","142"
1020,"Exchange","Frank Mahon","Bobby's Mother","1","Frank","142","143"
1021,"Knows","Frank Mahon","God","0","Frank","143","143"
1022,"Knows","Bobby Mahon","Robert Mahon","1","Frank","143","143"
1023,"Knows","Triona Cahill/Mahon","Robert Mahon","1","Frank","143","143"
1024,"Exchange","Frank Mahon","Bobby's ""Grandad""","1","Frank","143","144"
1025,"Knows","Bobby's ""Grandad""","""Godless fuckin Proddie"" (143)","1","Frank","143","143"
1026,"Knows of","Bobby's ""Grandad""","Frank's teacher (143)","1","Frank","143","143"
1027,"Exchange","Frank's teacher (143)","Cigire (inspector)","1","Frank","143","143"
1028,"Knows of","Bobby's ""Grandad""","Cigire (inspector)","0","Frank","143","143"
1029,"Exchange","Frank's teacher (143)","Frank Mahon","1","Frank","143","143"
1030,"Exchange","Frank's Mother","Bobby's ""Grandad""","1","Frank","144","144"
1031,"Knows","Bobby's ""Grandad""","Jesus","0","Frank","144","144"
1032,"Knows","Frank Mahon","Denis","1","Frank","144","144"
1033,"Knows","Frank Mahon","Bobby Mahon","1","Frank","144","144"
1034,"Knows","Frank Mahon","Bobby's ""Grandad""","1","Frank","145","145"
1035,"Knows","Frank Mahon","God","1","Frank","145","145"
1036,"Exchange","Frank Mahon","""every fat Publican in five parishes"" (145)","1","Frank","145","145"
1037,"Exchange","Auntie Bernadette","Cousin Coley","1","Triona","146","146"
1038,"Knows","Auntie Bernadette","Jesus","1","Triona","146","146"
1039,"Knows","Cousin Coley","Jesus","0","Triona","146","146"
1040,"Exchange","Cousin Coley","Triona Cahill/Mahon","1","Triona","146","146"
1041,"Knows","Triona Cahill/Mahon","Bobby Mahon","1","Triona","147","147"
1042,"Knows","Triona Cahill/Mahon","Cousin Coley","1","Triona","147","147"
1043,"Exchange","""the other lads"" (147)","Triona Cahill/Mahon","1","Triona","147","147"
1044,"Knows","""the other lads"" (147)","Jesus","0","Triona","147","147"
1045,"Knows","Bobby Mahon","""the other lads"" (147)","1","Triona","147","147"
1046,"Exchange","Triona Cahill/Mahon","Pokey Burke","1","Triona","147","147"
1047,"Knows","Triona's Mother","Triona's Father","1","Triona","147","147"
1048,"Knows","Triona's Father","Auntie Bernadette","1","Triona","147","147"
1049,"Knows","Triona's Mother","Auntie Bernadette","1","Triona","147","147"
1050,"Exchange","Triona's Mother","Triona Cahill/Mahon","1","Triona","147","147"
1051,"Knows","Auntie Bernadette","Cousin Coley","1","Triona","147","148"
1052,"Knows","Auntie Bernadette","Bible bashers","1","Triona","147","147"
1053,"Knows","Bobby Mahon","Frank Mahon","1","Triona","147","151"
1054,"Knows","Bobby Mahon","Pokey Burke","1","Triona","148","148"
1055,"Knows","Bobby Mahon","Réaltín","1","Triona","148","148"
1056,"Knows","Réaltín","Pokey Burke","1","Triona","148","148"
1057,"Knows","Bobby Mahon","Bobby's Mother","1","Triona","148","149"
1058,"Knows","Frank Mahon","Bobby's Mother","1","Triona","148","149"
1059,"Exchange","Bobby Mahon","Triona Cahill/Mahon","1","Triona","148","148"
1060,"Knows","Bobby Mahon","Ciss Brien","1","Triona","150","150"
1061,"Exchange","Old boy from ciss brien's bar (150)","Bobby Mahon","1","Triona","150","150"
1062,"Knows","Old boy from ciss brien's bar (150)","Ciss Brien","1","Triona","150","150"
1063,"Exchange","Bobby Mahon","Bobby's football club","1","Triona","150","150"
1064,"Knows","Old boy from ciss brien's bar (150)","Bobby's football club","1","Triona","150","150"
1065,"Knows","Frank Mahon","Robert Mahon","1","Triona","151","151"
1066,"Exchange","Triona Cahill/Mahon","Triona's Father","1","Triona","151","152"
1067,"Knows","Triona's Father","Triona's Mother","1","Triona","151","151"
1068,"Knows","Triona's Father","Joe Brien","1","Triona","151","151"
1069,"Knows","Triona's Mother","Joe Brien","1","Triona","151","151"
1070,"Knows","Triona Cahill/Mahon","God","1","Triona","151","151"
1071,"Knows","Triona's Father","Bobby Mahon","1","Triona","151","152"
1072,"Exchange","Triona's Father","Triona's Father's GP","1","Triona","152","152"
1073,"Exchange","Triona's Father","Regional Hospital Doctors","1","Triona","152","152"
1074,"Exchange","Frank Mahon","Triona Cahill/Mahon","1","Triona","152","152"
1075,"Knows","Triona Cahill/Mahon","God","1","Triona","153","153"
1076,"Knows","Triona Cahill/Mahon","Frank Mahon","1","Triona","153","153"
1077,"Knows","Bobby Mahon","Builders","1","Triona","153","153"
1078,"Knows","Bobby Mahon","""young lads"" (26)","1","Triona","153","153"
1079,"Exchange","""old codgers"" (153)","Bobby Mahon","1","Triona","153","153"
1080,"Knows","Triona Cahill/Mahon","Robert Mahon","1","Triona","153","153"
1081,"Exchange","one of the Teapot Taliban","Triona Cahill/Mahon","1","Triona","153","153"
1082,"Knows of","one of the Teapot Taliban","Robert Mahon","1","Triona","153","153"
1083,"Knows","Bobby Mahon","Réaltín","1","Triona","153","153"
1084,"Knows","one of the Teapot Taliban","Réaltín","1","Triona","153","153"
1085,"Knows","one of the Teapot Taliban","Bobby Mahon","1","Triona","153","153"
1086,"Knows","Réaltín","Dylan (Réaltín's son)","1","Triona","153","153"
1087,"Knows","Bobby Mahon","Frank Mahon","1","Triona","153","153"
1088,"Knows","Bobby Mahon","Dylan (Réaltín's son)","1","Triona","153","153"
1089,"Knows","Réaltín","Seanie Shaper (Sean Shanahan)","1","Triona","153","153"
1090,"Knows","Seanie Shaper (Sean Shanahan)","Dylan (Réaltín's son)","1","Triona","153","154"
1091,"Knows","People (abstract)","Réaltín","1","Triona","153","154"
1092,"Knows","People (abstract)","Dylan (Réaltín's son)","0","Triona","153","154"
1093,"Knows","People (abstract)","Seanie Shaper (Sean Shanahan)","1","Triona","153","153"
1094,"Knows","People (abstract)","Bobby Mahon","1","Triona","153","154"
1095,"Knows","People (abstract)","Frank Mahon","1","Triona","153","154"
1096,"Knows","People (abstract)","God","1","Triona","154","154"
1097,"Knows","Teapot Taliban","one of the Teapot Taliban","1","Triona","153","153"
1098,"Knows","Teapot Taliban","Bobby Mahon","1","Triona","154","154"
1099,"Knows","Teapot Taliban","Réaltín","1","Triona","154","154"
1100,"Knows","Teapot Taliban","Seanie Shaper (Sean Shanahan)","1","Triona","154","154"
1101,"Knows","Teapot Taliban","Dylan (Réaltín's son)","0","Triona","154","154"
1102,"Knows","Teapot Taliban","Frank Mahon","1","Triona","154","154"
1103,"Knows","Teapot Taliban","Jesus","1","Triona","154","154"
1104,"Knows","Bobby Mahon","Dylan (Réaltín's son)","1","Triona","154","154"
1105,"Knows","Bobby Mahon","Josie Burke","1","Triona","154","154"
1106,"Knows","Bobby Mahon","Eileen Burke","1","Triona","154","154"
1107,"Knows","Bobby Mahon","Pokey Burke","1","Triona","154","154"
1108,"Knows","Triona Cahill/Mahon","Dylan (Réaltín's son)","0","Triona","155","155"
1109,"Knows","Triona Cahill/Mahon","God","1","Triona","155","155"
1110,"Knows","Triona Cahill/Mahon","People (abstract)","1","Triona","155","155"
1111,"Exchange","Mary Gildea","People (abstract)","1","Triona","155","155"
1112,"Knows","Jim Gildea","Dylan (Réaltín's son)","1","Triona","155","155"
1113,"Knows","Mary Gildea","Jim Gildea","1","Triona","155","155"
1114,"Knows","Jim Gildea","Lloyd","1","Triona","155","155"
1115,"Knows","Timmy Hanrahan","Lloyd","1","Triona","155","155"
1116,"Knows","Jim Gildea","Timmy Hanrahan","1","Triona","155","155"
1117,"Knows","Trevor","Dylan (Réaltín's son)","1","Triona","155","155"
1118,"Knows","Jim Gildea","Trevor","1","Triona","155","155"
1119,"Knows","Trevor","Lloyd","1","Triona","155","155"
1120,"Exchange","Triona Cahill/Mahon","Bobby Mahon","1","Triona","156","156"
1121,"Knows","Bobby Mahon","Robert Mahon","1","Triona","156","156"
1122,"Knows","Frank Mahon","Pokey Burke","1","Bobby","10","10"
1123,"Knows","Mickey Briars","Seanie Shaper (Sean Shanahan)","1","Bobby","11","11"
1124,"Knows","Triona Cahill/Mahon","Pokey Burke","1","Bobby","12","12"
1125,"Knows","Pokey Burke","""the boys"" (who worked for Pokey) (12)","1","Bobby","15","15"
1126,"Knows","Triona Cahill/Mahon","Josie Burke","1","Bobby","15","15"
1127,"Knows","Triona Cahill/Mahon","Pokey Burke","1","Bobby","15","15"
1128,"Knows","Triona Cahill/Mahon","Eileen Burke","1","Bobby","15","15"
1129,"Knows of","Paulie Jackman","Bobby's ""Grandad""","1","Bobby","17","17"
1130,"Exchange","Actor (playing the husband)","Audience","1","Bobby","20","20"
1131,"Knows","Actress (playing the wife)","Audience","1","Bobby","20","20"
1132,"Exchange","Eamonn Burke","Eileen Burke","1","Josie","21","21"
1133,"Exchange","Josie Burke","Eileen Burke","1","Josie","21","21"
1134,"Knows","Josie Burke Sr.","Satan","0","Josie","24","24"
1135,"Knows","Eileen Burke","Eamonn Burke","1","Josie","25","25"
1136,"Knows of","Josie Burke","Franciscan lads in Moyross","0","Josie","25","25"
1137,"Knows","Franciscan lads in Moyross","God","0","Josie","25","25"
1138,"Knows","Lily","John-John's father","1","Lily","29","29"
1139,"Knows","John-John's father","John-John","1","Lily","29","29"
1140,"Knows","""young fella"" (28)","John-John","1","Lily","29","29"
1141,"Knows of","""young fella"" (28)","Jesus","0","Lily","29","29"
1142,"Knows","Lily","Jesus","0","Lily","29","29"
1143,"Knows","Eileen Burke","Pokey Burke","1","Lily","30","30"
1144,"Knows","Eileen Burke","Mags Burke","1","Lily","30","30"
1145,"Knows","Eamonn Burke","Pokey Burke","1","Lily","30","30"
1146,"Knows","Eamonn Burke","Mags Burke","1","Lily","30","30"
1147,"Knows","Pokey Burke","Mags Burke","1","Lily","30","30"
1148,"Knows","Lily","Hughie","1","Lily","32","33"
1149,"Knows","Wife (of the man Vasya worked with)","Child (of the man Vasya worked with)","1","Vasya","35","35"
1150,"Knows","Vasya's grandfather","Vasya's grandmother","1","Vasya","36","36"
1151,"Knows","Bobby Mahon","""C2 boys"" (47)","1","Vasya","39","39"
1152,"Knows","Bobby Mahon","Jesus","0","Réaltín","47","47"
1153,"Knows","Bobby Mahon","Vasya Afanasiev","1","Réaltín","47","48"
1154,"Knows","Bobby Mahon","Timmy Hanrahan","1","Réaltín","47","48"
1155,"Knows","Mickey Briars","Seanie Shaper (Sean Shanahan)","1","Timmy","52","52"
1156,"Knows","Mickey Briars","Rory Slattery","1","Timmy","52","52"
1157,"Exchange","Noreen","Noreen's doctor","1","Timmy","53","53"
1158,"Exchange","Noreen","Noreen's nurses","1","Timmy","53","53"
1159,"Knows","Noreen's doctor","Noreen's baby","1","Timmy","53","53"
1160,"Knows","Noreen's nurses","Noreen's baby","1","Timmy","53","53"
1161,"Exchange","Noreen","Timmy's Nana","1","Timmy","53","53"
1162,"Knows","Timmy Hanrahan","Jesus","0","Timmy","54","54"
1163,"Knows","Brian","Jesus","0","Brian","56","57"
1164,"Knows","Brian","Jesus","0","Brian","59","59"
1165,"Exchange","Bobby Mahon","""the McDonaghs' full forward"" (60)","1","Brian","60","60"
1166,"Knows","Bobby Mahon","Rory Slattery","1","Denis","122","122"
1167,"Knows","Frank Mahon","""the boys"" (who worked for Pokey) (12)","1","Frank","142","142"
1168,"Knows","Frank Mahon","Pokey Burke","1","Frank","142","142"
1169,"Knows","Pokey Burke","""the boys"" (who worked for Pokey) (12)","1","Frank","142","142"
1170,"Knows","The parish","Pokey Burke","1","Bobby","10","10"
1171,"Knows","Lily","Lily's children","1","Lily","27","27"
1172,"Knows","Lily","John-John","1","Lily","27","27"
1173,"Knows","Lily","Hughie","1","Lily","27","27"
1174,"Exchange","Russian men","""the boys"" (who worked for Pokey) (12)","1","Timmy","51","51"
1175,"Exchange","Russian men","Timmy Hanrahan","1","Timmy","51","51"
1176,"Knows","Russian men","Lily","1","Timmy","51","51"