source,target,Character 1,Character 2,type,weight,startPage,category,Narrator
1,20,Bobby Mahon,Frank Mahon,Directed,1,9,Exchange,Bobby Mahon
20,1,Frank Mahon,Bobby Mahon,Directed,1,9,Exchange,Bobby Mahon
49,22,Eamonn Burke,Pokey Burke,Directed,1,10,Exchange,Bobby Mahon
50,1,Mickey Briars,Bobby Mahon,Directed,1,10,Exchange,Bobby Mahon
1,50,Bobby Mahon,Mickey Briars,Directed,1,10,Exchange,Bobby Mahon
50,52,Mickey Briars,"""the boys"" (who worked for Pokey)",Directed,1,10,Exchange,Bobby Mahon
22,49,Pokey Burke,Eamonn Burke,Directed,1,10,Exchange,Bobby Mahon
2,147,Josie Burke,The parish,Directed,1,10,Exchange,Bobby Mahon
147,2,The parish,Josie Burke,Directed,1,10,Exchange,Bobby Mahon
52,50,"""the boys"" (who worked for Pokey)",Mickey Briars,Directed,1,10,Exchange,Bobby Mahon
6,50,Timmy Hanrahan,Mickey Briars,Directed,1,11,Exchange,Bobby Mahon
50,52,Mickey Briars,"""the boys"" (who worked for Pokey)",Directed,1,11,Exchange,Bobby Mahon
22,1,Pokey Burke,Bobby Mahon,Directed,1,11,Exchange,Bobby Mahon
50,22,Mickey Briars,Pokey Burke,Directed,1,11,Exchange,Bobby Mahon
50,1,Mickey Briars,Bobby Mahon,Directed,1,11,Exchange,Bobby Mahon
22,50,Pokey Burke,Mickey Briars,Directed,1,11,Exchange,Bobby Mahon
52,6,"""the boys"" (who worked for Pokey)",Timmy Hanrahan,Directed,1,11,Exchange,Bobby Mahon
50,6,Mickey Briars,Timmy Hanrahan,Directed,1,11,Exchange,Bobby Mahon
6,52,Timmy Hanrahan,"""the boys"" (who worked for Pokey)",Directed,1,11,Exchange,Bobby Mahon
1,6,Bobby Mahon,Timmy Hanrahan,Directed,1,11,Exchange,Bobby Mahon
1,22,Bobby Mahon,Pokey Burke,Directed,1,11,Exchange,Bobby Mahon
52,50,"""the boys"" (who worked for Pokey)",Mickey Briars,Directed,1,11,Exchange,Bobby Mahon
1,50,Bobby Mahon,Mickey Briars,Directed,1,11,Exchange,Bobby Mahon
6,1,Timmy Hanrahan,Bobby Mahon,Directed,1,11,Exchange,Bobby Mahon
51,1,"""little blonde girl""",Bobby Mahon,Directed,1,12,Exchange,Bobby Mahon
21,1,Triona Cahill/Mahon,Bobby Mahon,Directed,1,12,Exchange,Bobby Mahon
1,51,Bobby Mahon,"""little blonde girl""",Directed,1,12,Exchange,Bobby Mahon
1,21,Bobby Mahon,Triona Cahill/Mahon,Directed,1,12,Exchange,Bobby Mahon
53,21,"""smart boys""",Triona Cahill/Mahon,Directed,1,13,Exchange,Bobby Mahon
20,1,Frank Mahon,Bobby Mahon,Directed,1,13,Exchange,Bobby Mahon
21,53,Triona Cahill/Mahon,"""smart boys""",Directed,1,13,Exchange,Bobby Mahon
1,21,Bobby Mahon,Triona Cahill/Mahon,Directed,1,13,Exchange,Bobby Mahon
1,20,Bobby Mahon,Frank Mahon,Directed,1,13,Exchange,Bobby Mahon
33,55,Eugene Penrose,the Cunliffes' son,Directed,1,13,Exchange,Bobby Mahon
21,1,Triona Cahill/Mahon,Bobby Mahon,Directed,1,13,Exchange,Bobby Mahon
1,2,Bobby Mahon,Josie Burke,Directed,1,14,Exchange,Bobby Mahon
60,59,Pawsy Rogers,"""a lad from the village""",Directed,1,14,Exchange,Bobby Mahon
21,1,Triona Cahill/Mahon,Bobby Mahon,Directed,1,14,Exchange,Bobby Mahon
2,1,Josie Burke,Bobby Mahon,Directed,1,14,Exchange,Bobby Mahon
59,60,"""a lad from the village""",Pawsy Rogers,Directed,1,14,Exchange,Bobby Mahon
1,21,Bobby Mahon,Triona Cahill/Mahon,Directed,1,14,Exchange,Bobby Mahon
1,21,Bobby Mahon,Triona Cahill/Mahon,Directed,1,15,Exchange,Bobby Mahon
1,2,Bobby Mahon,Josie Burke,Directed,1,15,Exchange,Bobby Mahon
2,1,Josie Burke,Bobby Mahon,Directed,1,15,Exchange,Bobby Mahon
21,1,Triona Cahill/Mahon,Bobby Mahon,Directed,1,15,Exchange,Bobby Mahon
71,70,Seanie's sister,Seanie's brothers,Directed,1,16,Exchange,Bobby Mahon
69,12,Seanie's Mother,Seanie Shaper (Sean Shanahan),Directed,1,16,Exchange,Bobby Mahon
12,68,Seanie Shaper (Sean Shanahan),Seanie's Father,Directed,1,16,Exchange,Bobby Mahon
12,69,Seanie Shaper (Sean Shanahan),Seanie's Mother,Directed,1,16,Exchange,Bobby Mahon
68,71,Seanie's Father,Seanie's sister,Directed,1,16,Exchange,Bobby Mahon
71,12,Seanie's sister,Seanie Shaper (Sean Shanahan),Directed,1,16,Exchange,Bobby Mahon
69,70,Seanie's Mother,Seanie's brothers,Directed,1,16,Exchange,Bobby Mahon
71,68,Seanie's sister,Seanie's Father,Directed,1,16,Exchange,Bobby Mahon
71,69,Seanie's sister,Seanie's Mother,Directed,1,16,Exchange,Bobby Mahon
70,69,Seanie's brothers,Seanie's Mother,Directed,1,16,Exchange,Bobby Mahon
68,70,Seanie's Father,Seanie's brothers,Directed,1,16,Exchange,Bobby Mahon
12,70,Seanie Shaper (Sean Shanahan),Seanie's brothers,Directed,1,16,Exchange,Bobby Mahon
70,12,Seanie's brothers,Seanie Shaper (Sean Shanahan),Directed,1,16,Exchange,Bobby Mahon
69,71,Seanie's Mother,Seanie's sister,Directed,1,16,Exchange,Bobby Mahon
68,69,Seanie's Father,Seanie's Mother,Directed,1,16,Exchange,Bobby Mahon
68,12,Seanie's Father,Seanie Shaper (Sean Shanahan),Directed,1,16,Exchange,Bobby Mahon
70,71,Seanie's brothers,Seanie's sister,Directed,1,16,Exchange,Bobby Mahon
12,71,Seanie Shaper (Sean Shanahan),Seanie's sister,Directed,1,16,Exchange,Bobby Mahon
69,68,Seanie's Mother,Seanie's Father,Directed,1,16,Exchange,Bobby Mahon
70,68,Seanie's brothers,Seanie's Father,Directed,1,16,Exchange,Bobby Mahon
72,20,Ciss Brien,Frank Mahon,Directed,1,17,Exchange,Bobby Mahon
76,20,"""common whores""",Frank Mahon,Directed,1,17,Exchange,Bobby Mahon
46,1,Bobby's Grandad,Bobby Mahon,Directed,1,17,Exchange,Bobby Mahon
46,20,Bobby's Grandad,Frank Mahon,Directed,1,17,Exchange,Bobby Mahon
20,75,Frank Mahon,Men (Frank didn't like),Directed,1,17,Exchange,Bobby Mahon
1,46,Bobby Mahon,Bobby's Grandad,Directed,1,17,Exchange,Bobby Mahon
20,72,Frank Mahon,Ciss Brien,Directed,1,17,Exchange,Bobby Mahon
20,76,Frank Mahon,"""common whores""",Directed,1,17,Exchange,Bobby Mahon
75,20,Men (Frank didn't like),Frank Mahon,Directed,1,17,Exchange,Bobby Mahon
73,20,Paulie Jackman,Frank Mahon,Directed,1,17,Exchange,Bobby Mahon
20,46,Frank Mahon,Bobby's Grandad,Directed,1,17,Exchange,Bobby Mahon
20,73,Frank Mahon,Paulie Jackman,Directed,1,17,Exchange,Bobby Mahon
46,1,Bobby's Grandad,Bobby Mahon,Directed,1,18,Exchange,Bobby Mahon
46,20,Bobby's Grandad,Frank Mahon,Directed,1,18,Exchange,Bobby Mahon
1,46,Bobby Mahon,Bobby's Grandad,Directed,1,18,Exchange,Bobby Mahon
20,46,Frank Mahon,Bobby's Grandad,Directed,1,18,Exchange,Bobby Mahon
21,77,Triona Cahill/Mahon,Triona's friend,Directed,1,19,Exchange,Bobby Mahon
21,1,Triona Cahill/Mahon,Bobby Mahon,Directed,1,19,Exchange,Bobby Mahon
22,21,Pokey Burke,Triona Cahill/Mahon,Directed,1,19,Exchange,Bobby Mahon
21,22,Triona Cahill/Mahon,Pokey Burke,Directed,1,19,Exchange,Bobby Mahon
1,21,Bobby Mahon,Triona Cahill/Mahon,Directed,1,19,Exchange,Bobby Mahon
77,21,Triona's friend,Triona Cahill/Mahon,Directed,1,19,Exchange,Bobby Mahon
1,22,Bobby Mahon,Pokey Burke,Directed,1,19,Exchange,Bobby Mahon
22,1,Pokey Burke,Bobby Mahon,Directed,1,19,Exchange,Bobby Mahon
1,79,Bobby Mahon,Actress (playing the wife),Directed,1,20,Exchange,Bobby Mahon
79,1,Actress (playing the wife),Bobby Mahon,Directed,1,20,Exchange,Bobby Mahon
79,78,Actress (playing the wife),Actor (playing the husband),Directed,1,20,Exchange,Bobby Mahon
1,78,Bobby Mahon,Actor (playing the husband),Directed,1,20,Exchange,Bobby Mahon
368,78,Audience,Actor (playing the husband),Directed,1,20,Exchange,Bobby Mahon
79,21,Actress (playing the wife),Triona Cahill/Mahon,Directed,1,20,Exchange,Bobby Mahon
1,21,Bobby Mahon,Triona Cahill/Mahon,Directed,1,20,Exchange,Bobby Mahon
78,368,Actor (playing the husband),Audience,Directed,1,20,Exchange,Bobby Mahon
21,1,Triona Cahill/Mahon,Bobby Mahon,Directed,1,20,Exchange,Bobby Mahon
78,21,Actor (playing the husband),Triona Cahill/Mahon,Directed,1,20,Exchange,Bobby Mahon
78,1,Actor (playing the husband),Bobby Mahon,Directed,1,20,Exchange,Bobby Mahon
78,79,Actor (playing the husband),Actress (playing the wife),Directed,1,20,Exchange,Bobby Mahon
2,1,Josie Burke,Bobby Mahon,Directed,1,21,Exchange,Josie Burke
48,49,Eileen Burke,Eamonn Burke,Directed,1,21,Exchange,Josie Burke
1,2,Bobby Mahon,Josie Burke,Directed,1,21,Exchange,Josie Burke
49,48,Eamonn Burke,Eileen Burke,Directed,1,21,Exchange,Josie Burke
48,2,Eileen Burke,Josie Burke,Directed,1,21,Exchange,Josie Burke
2,48,Josie Burke,Eileen Burke,Directed,1,21,Exchange,Josie Burke
2,48,Josie Burke,Eileen Burke,Directed,1,22,Exchange,Josie Burke
1,2,Bobby Mahon,Josie Burke,Directed,1,22,Exchange,Josie Burke
2,1,Josie Burke,Bobby Mahon,Directed,1,22,Exchange,Josie Burke
48,2,Eileen Burke,Josie Burke,Directed,1,22,Exchange,Josie Burke
2,18,Josie Burke,Mags Burke,Directed,1,23,Exchange,Josie Burke
2,48,Josie Burke,Eileen Burke,Directed,1,23,Exchange,Josie Burke
18,2,Mags Burke,Josie Burke,Directed,1,23,Exchange,Josie Burke
48,2,Eileen Burke,Josie Burke,Directed,1,23,Exchange,Josie Burke
2,84,Josie Burke,Josie Burke Sr.,Directed,1,24,Exchange,Josie Burke
2,3,Josie Burke,Lily,Directed,1,24,Exchange,Josie Burke
84,2,Josie Burke Sr.,Josie Burke,Directed,1,24,Exchange,Josie Burke
48,2,Eileen Burke,Josie Burke,Directed,1,24,Exchange,Josie Burke
3,2,Lily,Josie Burke,Directed,1,24,Exchange,Josie Burke
2,48,Josie Burke,Eileen Burke,Directed,1,24,Exchange,Josie Burke
2,49,Josie Burke,Eamonn Burke,Directed,1,25,Exchange,Josie Burke
2,67,Josie Burke,God,Directed,1,25,Exchange,Josie Burke
49,2,Eamonn Burke,Josie Burke,Directed,1,25,Exchange,Josie Burke
49,2,Eamonn Burke,Josie Burke,Directed,1,26,Exchange,Josie Burke
2,49,Josie Burke,Eamonn Burke,Directed,1,26,Exchange,Josie Burke
22,2,Pokey Burke,Josie Burke,Directed,1,26,Exchange,Josie Burke
2,22,Josie Burke,Pokey Burke,Directed,1,26,Exchange,Josie Burke
92,55,Armed Response Guards,the Cunliffes' son,Directed,1,26,Exchange,Josie Burke
55,92,the Cunliffes' son,Armed Response Guards,Directed,1,26,Exchange,Josie Burke
95,3,Bernie McDermott,Lily,Directed,1,27,Exchange,Lily
3,94,Lily,midwife,Directed,1,27,Exchange,Lily
94,3,midwife,Lily,Directed,1,27,Exchange,Lily
3,95,Lily,Bernie McDermott,Directed,1,27,Exchange,Lily
19,3,Jim Gildea,Lily,Directed,1,27,Exchange,Lily
3,19,Lily,Jim Gildea,Directed,1,27,Exchange,Lily
98,3,"fella ""with a toughie English accent""",Lily,Directed,1,28,Exchange,Lily
99,3,"""young fella""",Lily,Directed,1,28,Exchange,Lily
3,19,Lily,Jim Gildea,Directed,1,28,Exchange,Lily
19,3,Jim Gildea,Lily,Directed,1,28,Exchange,Lily
96,3,Men (who come see Lily),Lily,Directed,1,28,Exchange,Lily
3,97,Lily,"""old farmers""",Directed,1,28,Exchange,Lily
3,98,Lily,"fella ""with a toughie English accent""",Directed,1,28,Exchange,Lily
3,99,Lily,"""young fella""",Directed,1,28,Exchange,Lily
3,96,Lily,Men (who come see Lily),Directed,1,28,Exchange,Lily
97,3,"""old farmers""",Lily,Directed,1,28,Exchange,Lily
96,3,Men (who come see Lily),Lily,Directed,1,29,Exchange,Lily
3,99,Lily,"""young fella""",Directed,1,29,Exchange,Lily
2,3,Josie Burke,Lily,Directed,1,29,Exchange,Lily
3,96,Lily,Men (who come see Lily),Directed,1,29,Exchange,Lily
3,2,Lily,Josie Burke,Directed,1,29,Exchange,Lily
99,3,"""young fella""",Lily,Directed,1,29,Exchange,Lily
100,3,John-John,Lily,Directed,1,30,Exchange,Lily
3,100,Lily,John-John,Directed,1,30,Exchange,Lily
2,3,Josie Burke,Lily,Directed,1,30,Exchange,Lily
3,2,Lily,Josie Burke,Directed,1,30,Exchange,Lily
3,100,Lily,John-John,Directed,1,31,Exchange,Lily
3,1,Lily,Bobby Mahon,Directed,1,31,Exchange,Lily
100,3,John-John,Lily,Directed,1,31,Exchange,Lily
1,3,Bobby Mahon,Lily,Directed,1,31,Exchange,Lily
3,37,Lily,George McSweeney,Directed,1,32,Exchange,Lily
21,1,Triona Cahill/Mahon,Bobby Mahon,Directed,1,32,Exchange,Lily
1,21,Bobby Mahon,Triona Cahill/Mahon,Directed,1,32,Exchange,Lily
37,3,George McSweeney,Lily,Directed,1,32,Exchange,Lily
100,101,John-John,Lily's children,Directed,1,32,Exchange,Lily
95,100,Bernie McDermott,John-John,Directed,1,32,Exchange,Lily
3,1,Lily,Bobby Mahon,Directed,1,32,Exchange,Lily
101,100,Lily's children,John-John,Directed,1,32,Exchange,Lily
1,3,Bobby Mahon,Lily,Directed,1,32,Exchange,Lily
100,95,John-John,Bernie McDermott,Directed,1,32,Exchange,Lily
3,95,Lily,Bernie McDermott,Directed,1,32,Exchange,Lily
95,3,Bernie McDermott,Lily,Directed,1,32,Exchange,Lily
108,37,George McSweeney's girlfriend's mother,George McSweeney,Directed,1,33,Exchange,Lily
107,37,George McSweeney's girlfriend,George McSweeney,Directed,1,33,Exchange,Lily
3,95,Lily,Bernie McDermott,Directed,1,33,Exchange,Lily
37,108,George McSweeney,George McSweeney's girlfriend's mother,Directed,1,33,Exchange,Lily
37,107,George McSweeney,George McSweeney's girlfriend,Directed,1,33,Exchange,Lily
95,3,Bernie McDermott,Lily,Directed,1,33,Exchange,Lily
111,4,Child (of the man Vasya worked with),Vasya Afanasiev,Directed,1,35,Exchange,Vasya Afanasiev
110,4,Wife (of the man Vasya worked with),Vasya Afanasiev,Directed,1,35,Exchange,Vasya Afanasiev
111,109,Child (of the man Vasya worked with),Man (Vasya worked with),Directed,1,35,Exchange,Vasya Afanasiev
109,111,Man (Vasya worked with),Child (of the man Vasya worked with),Directed,1,35,Exchange,Vasya Afanasiev
4,113,Vasya Afanasiev,Vasya's grandmother,Directed,1,35,Exchange,Vasya Afanasiev
110,109,Wife (of the man Vasya worked with),Man (Vasya worked with),Directed,1,35,Exchange,Vasya Afanasiev
109,110,Man (Vasya worked with),Wife (of the man Vasya worked with),Directed,1,35,Exchange,Vasya Afanasiev
109,4,Man (Vasya worked with),Vasya Afanasiev,Directed,1,35,Exchange,Vasya Afanasiev
4,110,Vasya Afanasiev,Wife (of the man Vasya worked with),Directed,1,35,Exchange,Vasya Afanasiev
4,1,Vasya Afanasiev,Bobby Mahon,Directed,1,35,Exchange,Vasya Afanasiev
4,111,Vasya Afanasiev,Child (of the man Vasya worked with),Directed,1,35,Exchange,Vasya Afanasiev
4,109,Vasya Afanasiev,Man (Vasya worked with),Directed,1,35,Exchange,Vasya Afanasiev
1,4,Bobby Mahon,Vasya Afanasiev,Directed,1,35,Exchange,Vasya Afanasiev
113,4,Vasya's grandmother,Vasya Afanasiev,Directed,1,35,Exchange,Vasya Afanasiev
115,4,Vasya's Father,Vasya Afanasiev,Directed,1,36,Exchange,Vasya Afanasiev
1,4,Bobby Mahon,Vasya Afanasiev,Directed,1,36,Exchange,Vasya Afanasiev
4,115,Vasya Afanasiev,Vasya's Father,Directed,1,36,Exchange,Vasya Afanasiev
120,119,"""foreigners"" (in Khakassia)",Polish men,Directed,1,36,Exchange,Vasya Afanasiev
114,4,Vasya's family,Vasya Afanasiev,Directed,1,36,Exchange,Vasya Afanasiev
4,12,Vasya Afanasiev,Seanie Shaper (Sean Shanahan),Directed,1,36,Exchange,Vasya Afanasiev
12,4,Seanie Shaper (Sean Shanahan),Vasya Afanasiev,Directed,1,36,Exchange,Vasya Afanasiev
114,115,Vasya's family,Vasya's Father,Directed,1,36,Exchange,Vasya Afanasiev
119,120,Polish men,"""foreigners"" (in Khakassia)",Directed,1,36,Exchange,Vasya Afanasiev
52,4,"""the boys"" (who worked for Pokey)",Vasya Afanasiev,Directed,1,36,Exchange,Vasya Afanasiev
115,114,Vasya's Father,Vasya's family,Directed,1,36,Exchange,Vasya Afanasiev
4,114,Vasya Afanasiev,Vasya's family,Directed,1,36,Exchange,Vasya Afanasiev
4,1,Vasya Afanasiev,Bobby Mahon,Directed,1,36,Exchange,Vasya Afanasiev
113,4,Vasya's grandmother,Vasya Afanasiev,Directed,1,36,Exchange,Vasya Afanasiev
4,52,Vasya Afanasiev,"""the boys"" (who worked for Pokey)",Directed,1,36,Exchange,Vasya Afanasiev
118,120,Russian men,"""foreigners"" (in Khakassia)",Directed,1,36,Exchange,Vasya Afanasiev
120,118,"""foreigners"" (in Khakassia)",Russian men,Directed,1,36,Exchange,Vasya Afanasiev
113,114,Vasya's grandmother,Vasya's family,Directed,1,36,Exchange,Vasya Afanasiev
4,113,Vasya Afanasiev,Vasya's grandmother,Directed,1,36,Exchange,Vasya Afanasiev
114,113,Vasya's family,Vasya's grandmother,Directed,1,36,Exchange,Vasya Afanasiev
12,4,Seanie Shaper (Sean Shanahan),Vasya Afanasiev,Directed,1,37,Exchange,Vasya Afanasiev
52,4,"""the boys"" (who worked for Pokey)",Vasya Afanasiev,Directed,1,37,Exchange,Vasya Afanasiev
4,121,Vasya Afanasiev,Viktor Afanasiev,Directed,1,37,Exchange,Vasya Afanasiev
4,124,Vasya Afanasiev,Vasya's boss,Directed,1,37,Exchange,Vasya Afanasiev
4,123,Vasya Afanasiev,Men (who worked with Vasya and her brother),Directed,1,37,Exchange,Vasya Afanasiev
4,12,Vasya Afanasiev,Seanie Shaper (Sean Shanahan),Directed,1,37,Exchange,Vasya Afanasiev
4,122,Vasya Afanasiev,"""men and women...who have no work""",Directed,1,37,Exchange,Vasya Afanasiev
4,52,Vasya Afanasiev,"""the boys"" (who worked for Pokey)",Directed,1,37,Exchange,Vasya Afanasiev
122,12,"""men and women...who have no work""",Seanie Shaper (Sean Shanahan),Directed,1,37,Exchange,Vasya Afanasiev
4,51,Vasya Afanasiev,"""little blonde girl""",Directed,1,37,Exchange,Vasya Afanasiev
12,122,Seanie Shaper (Sean Shanahan),"""men and women...who have no work""",Directed,1,37,Exchange,Vasya Afanasiev
124,4,Vasya's boss,Vasya Afanasiev,Directed,1,37,Exchange,Vasya Afanasiev
51,4,"""little blonde girl""",Vasya Afanasiev,Directed,1,37,Exchange,Vasya Afanasiev
123,4,Men (who worked with Vasya and her brother),Vasya Afanasiev,Directed,1,37,Exchange,Vasya Afanasiev
121,123,Viktor Afanasiev,Men (who worked with Vasya and her brother),Directed,1,37,Exchange,Vasya Afanasiev
121,124,Viktor Afanasiev,Vasya's boss,Directed,1,37,Exchange,Vasya Afanasiev
123,121,Men (who worked with Vasya and her brother),Viktor Afanasiev,Directed,1,37,Exchange,Vasya Afanasiev
122,4,"""men and women...who have no work""",Vasya Afanasiev,Directed,1,37,Exchange,Vasya Afanasiev
124,121,Vasya's boss,Viktor Afanasiev,Directed,1,37,Exchange,Vasya Afanasiev
121,4,Viktor Afanasiev,Vasya Afanasiev,Directed,1,37,Exchange,Vasya Afanasiev
126,125,Policeman (who talks to Vasya),local militiaman,Directed,1,38,Exchange,Vasya Afanasiev
4,125,Vasya Afanasiev,local militiaman,Directed,1,38,Exchange,Vasya Afanasiev
4,121,Vasya Afanasiev,Viktor Afanasiev,Directed,1,38,Exchange,Vasya Afanasiev
121,4,Viktor Afanasiev,Vasya Afanasiev,Directed,1,38,Exchange,Vasya Afanasiev
126,4,Policeman (who talks to Vasya),Vasya Afanasiev,Directed,1,38,Exchange,Vasya Afanasiev
125,4,local militiaman,Vasya Afanasiev,Directed,1,38,Exchange,Vasya Afanasiev
123,121,Men (who worked with Vasya and her brother),Viktor Afanasiev,Directed,1,38,Exchange,Vasya Afanasiev
4,126,Vasya Afanasiev,Policeman (who talks to Vasya),Directed,1,38,Exchange,Vasya Afanasiev
121,123,Viktor Afanasiev,Men (who worked with Vasya and her brother),Directed,1,38,Exchange,Vasya Afanasiev
125,126,local militiaman,Policeman (who talks to Vasya),Directed,1,38,Exchange,Vasya Afanasiev
4,127,Vasya Afanasiev,Men (who planned to travel to Western Europe),Directed,1,38,Exchange,Vasya Afanasiev
123,4,Men (who worked with Vasya and her brother),Vasya Afanasiev,Directed,1,38,Exchange,Vasya Afanasiev
124,121,Vasya's boss,Viktor Afanasiev,Directed,1,38,Exchange,Vasya Afanasiev
127,4,Men (who planned to travel to Western Europe),Vasya Afanasiev,Directed,1,38,Exchange,Vasya Afanasiev
121,124,Viktor Afanasiev,Vasya's boss,Directed,1,38,Exchange,Vasya Afanasiev
4,123,Vasya Afanasiev,Men (who worked with Vasya and her brother),Directed,1,38,Exchange,Vasya Afanasiev
4,1,Vasya Afanasiev,Bobby Mahon,Directed,1,39,Exchange,Vasya Afanasiev
1,4,Bobby Mahon,Vasya Afanasiev,Directed,1,39,Exchange,Vasya Afanasiev
129,128,Neighbour,Men (Vasya lives with),Directed,1,40,Exchange,Vasya Afanasiev
129,4,Neighbour,Vasya Afanasiev,Directed,1,40,Exchange,Vasya Afanasiev
128,4,Men (Vasya lives with),Vasya Afanasiev,Directed,1,40,Exchange,Vasya Afanasiev
4,129,Vasya Afanasiev,Neighbour,Directed,1,40,Exchange,Vasya Afanasiev
128,129,Men (Vasya lives with),Neighbour,Directed,1,40,Exchange,Vasya Afanasiev
4,128,Vasya Afanasiev,Men (Vasya lives with),Directed,1,40,Exchange,Vasya Afanasiev
131,4,Man (inside The Miner's Rest),Vasya Afanasiev,Directed,1,41,Exchange,Vasya Afanasiev
132,4,Others (inside The Miner's Rest),Vasya Afanasiev,Directed,1,41,Exchange,Vasya Afanasiev
4,131,Vasya Afanasiev,Man (inside The Miner's Rest),Directed,1,41,Exchange,Vasya Afanasiev
132,131,Others (inside The Miner's Rest),Man (inside The Miner's Rest),Directed,1,41,Exchange,Vasya Afanasiev
4,22,Vasya Afanasiev,Pokey Burke,Directed,1,41,Exchange,Vasya Afanasiev
4,132,Vasya Afanasiev,Others (inside The Miner's Rest),Directed,1,41,Exchange,Vasya Afanasiev
131,132,Man (inside The Miner's Rest),Others (inside The Miner's Rest),Directed,1,41,Exchange,Vasya Afanasiev
22,4,Pokey Burke,Vasya Afanasiev,Directed,1,41,Exchange,Vasya Afanasiev
133,39,Auctioneer,Tom (Réaltín's father),Directed,1,42,Exchange,Réaltín
39,133,Tom (Réaltín's father),Auctioneer,Directed,1,42,Exchange,Réaltín
5,133,Réaltín,Auctioneer,Directed,1,42,Exchange,Réaltín
133,5,Auctioneer,Réaltín,Directed,1,42,Exchange,Réaltín
39,5,Tom (Réaltín's father),Réaltín,Directed,1,43,Exchange,Réaltín
5,39,Réaltín,Tom (Réaltín's father),Directed,1,43,Exchange,Réaltín
38,39,Dylan (Réaltín's son),Tom (Réaltín's father),Directed,1,43,Exchange,Réaltín
38,5,Dylan (Réaltín's son),Réaltín,Directed,1,43,Exchange,Réaltín
5,38,Réaltín,Dylan (Réaltín's son),Directed,1,43,Exchange,Réaltín
39,135,Tom (Réaltín's father),camera crew,Directed,1,44,Exchange,Réaltín
12,5,Seanie Shaper (Sean Shanahan),Réaltín,Directed,1,44,Exchange,Réaltín
39,5,Tom (Réaltín's father),Réaltín,Directed,1,44,Exchange,Réaltín
12,136,Seanie Shaper (Sean Shanahan),Seanie's friends,Directed,1,44,Exchange,Réaltín
12,39,Seanie Shaper (Sean Shanahan),Tom (Réaltín's father),Directed,1,44,Exchange,Réaltín
40,5,Bridget,Réaltín,Directed,1,44,Exchange,Réaltín
12,38,Seanie Shaper (Sean Shanahan),Dylan (Réaltín's son),Directed,1,44,Exchange,Réaltín
136,12,Seanie's friends,Seanie Shaper (Sean Shanahan),Directed,1,44,Exchange,Réaltín
5,39,Réaltín,Tom (Réaltín's father),Directed,1,44,Exchange,Réaltín
5,40,Réaltín,Bridget,Directed,1,44,Exchange,Réaltín
39,2,Tom (Réaltín's father),Josie Burke,Directed,1,44,Exchange,Réaltín
5,12,Réaltín,Seanie Shaper (Sean Shanahan),Directed,1,44,Exchange,Réaltín
135,39,camera crew,Tom (Réaltín's father),Directed,1,44,Exchange,Réaltín
39,12,Tom (Réaltín's father),Seanie Shaper (Sean Shanahan),Directed,1,44,Exchange,Réaltín
38,12,Dylan (Réaltín's son),Seanie Shaper (Sean Shanahan),Directed,1,44,Exchange,Réaltín
140,37,"""the cute arses""",George McSweeney,Directed,1,45,Exchange,Réaltín
137,12,"""floozies""",Seanie Shaper (Sean Shanahan),Directed,1,45,Exchange,Réaltín
37,5,George McSweeney,Réaltín,Directed,1,45,Exchange,Réaltín
11,5,Hillary,Réaltín,Directed,1,45,Exchange,Réaltín
140,5,"""the cute arses""",Réaltín,Directed,1,45,Exchange,Réaltín
12,137,Seanie Shaper (Sean Shanahan),"""floozies""",Directed,1,45,Exchange,Réaltín
5,39,Réaltín,Tom (Réaltín's father),Directed,1,45,Exchange,Réaltín
5,37,Réaltín,George McSweeney,Directed,1,45,Exchange,Réaltín
37,140,George McSweeney,"""the cute arses""",Directed,1,45,Exchange,Réaltín
5,11,Réaltín,Hillary,Directed,1,45,Exchange,Réaltín
39,5,Tom (Réaltín's father),Réaltín,Directed,1,45,Exchange,Réaltín
5,140,Réaltín,"""the cute arses""",Directed,1,45,Exchange,Réaltín
37,144,George McSweeney,"""scumbags""",Directed,1,46,Exchange,Réaltín
144,37,"""scumbags""",George McSweeney,Directed,1,46,Exchange,Réaltín
37,5,George McSweeney,Réaltín,Directed,1,46,Exchange,Réaltín
5,144,Réaltín,"""scumbags""",Directed,1,46,Exchange,Réaltín
141,5,Man (who calls George's firm),Réaltín,Directed,1,46,Exchange,Réaltín
144,5,"""scumbags""",Réaltín,Directed,1,46,Exchange,Réaltín
142,141,Builders,Man (who calls George's firm),Directed,1,46,Exchange,Réaltín
5,141,Réaltín,Man (who calls George's firm),Directed,1,46,Exchange,Réaltín
141,142,Man (who calls George's firm),Builders,Directed,1,46,Exchange,Réaltín
5,37,Réaltín,George McSweeney,Directed,1,46,Exchange,Réaltín
37,5,George McSweeney,Réaltín,Directed,1,47,Exchange,Réaltín
1,5,Bobby Mahon,Réaltín,Directed,1,47,Exchange,Réaltín
5,1,Réaltín,Bobby Mahon,Directed,1,47,Exchange,Réaltín
5,37,Réaltín,George McSweeney,Directed,1,47,Exchange,Réaltín
5,1,Réaltín,Bobby Mahon,Directed,1,48,Exchange,Réaltín
1,5,Bobby Mahon,Réaltín,Directed,1,48,Exchange,Réaltín
39,5,Tom (Réaltín's father),Réaltín,Directed,1,48,Exchange,Réaltín
5,39,Réaltín,Tom (Réaltín's father),Directed,1,48,Exchange,Réaltín
6,148,Timmy Hanrahan,Robert Mahon,Directed,1,49,Exchange,Timmy Hanrahan
1,15,Bobby Mahon,Rory Slattery,Directed,1,49,Exchange,Timmy Hanrahan
6,12,Timmy Hanrahan,Seanie Shaper (Sean Shanahan),Directed,1,49,Exchange,Timmy Hanrahan
148,6,Robert Mahon,Timmy Hanrahan,Directed,1,49,Exchange,Timmy Hanrahan
12,6,Seanie Shaper (Sean Shanahan),Timmy Hanrahan,Directed,1,49,Exchange,Timmy Hanrahan
15,1,Rory Slattery,Bobby Mahon,Directed,1,49,Exchange,Timmy Hanrahan
6,148,Timmy Hanrahan,Robert Mahon,Directed,1,50,Exchange,Timmy Hanrahan
6,151,Timmy Hanrahan,Timmy's Nana,Directed,1,50,Exchange,Timmy Hanrahan
15,1,Rory Slattery,Bobby Mahon,Directed,1,50,Exchange,Timmy Hanrahan
148,6,Robert Mahon,Timmy Hanrahan,Directed,1,50,Exchange,Timmy Hanrahan
85,6,John Cotter,Timmy Hanrahan,Directed,1,50,Exchange,Timmy Hanrahan
6,85,Timmy Hanrahan,John Cotter,Directed,1,50,Exchange,Timmy Hanrahan
151,6,Timmy's Nana,Timmy Hanrahan,Directed,1,50,Exchange,Timmy Hanrahan
1,15,Bobby Mahon,Rory Slattery,Directed,1,50,Exchange,Timmy Hanrahan
50,6,Mickey Briars,Timmy Hanrahan,Directed,1,51,Exchange,Timmy Hanrahan
119,52,Polish men,"""the boys"" (who worked for Pokey)",Directed,1,51,Exchange,Timmy Hanrahan
22,6,Pokey Burke,Timmy Hanrahan,Directed,1,51,Exchange,Timmy Hanrahan
119,6,Polish men,Timmy Hanrahan,Directed,1,51,Exchange,Timmy Hanrahan
12,6,Seanie Shaper (Sean Shanahan),Timmy Hanrahan,Directed,1,51,Exchange,Timmy Hanrahan
118,52,Russian men,"""the boys"" (who worked for Pokey)",Directed,1,51,Exchange,Timmy Hanrahan
50,52,Mickey Briars,"""the boys"" (who worked for Pokey)",Directed,1,51,Exchange,Timmy Hanrahan
118,6,Russian men,Timmy Hanrahan,Directed,1,51,Exchange,Timmy Hanrahan
158,6,Man in Chadwicks,Timmy Hanrahan,Directed,1,51,Exchange,Timmy Hanrahan
52,118,"""the boys"" (who worked for Pokey)",Russian men,Directed,1,51,Exchange,Timmy Hanrahan
6,158,Timmy Hanrahan,Man in Chadwicks,Directed,1,51,Exchange,Timmy Hanrahan
6,50,Timmy Hanrahan,Mickey Briars,Directed,1,51,Exchange,Timmy Hanrahan
6,151,Timmy Hanrahan,Timmy's Nana,Directed,1,51,Exchange,Timmy Hanrahan
52,50,"""the boys"" (who worked for Pokey)",Mickey Briars,Directed,1,51,Exchange,Timmy Hanrahan
6,12,Timmy Hanrahan,Seanie Shaper (Sean Shanahan),Directed,1,51,Exchange,Timmy Hanrahan
151,6,Timmy's Nana,Timmy Hanrahan,Directed,1,51,Exchange,Timmy Hanrahan
52,119,"""the boys"" (who worked for Pokey)",Polish men,Directed,1,51,Exchange,Timmy Hanrahan
6,22,Timmy Hanrahan,Pokey Burke,Directed,1,51,Exchange,Timmy Hanrahan
6,119,Timmy Hanrahan,Polish men,Directed,1,51,Exchange,Timmy Hanrahan
6,118,Timmy Hanrahan,Russian men,Directed,1,51,Exchange,Timmy Hanrahan
52,50,"""the boys"" (who worked for Pokey)",Mickey Briars,Directed,1,52,Exchange,Timmy Hanrahan
163,6,Uncle Noely,Timmy Hanrahan,Directed,1,52,Exchange,Timmy Hanrahan
1,6,Bobby Mahon,Timmy Hanrahan,Directed,1,52,Exchange,Timmy Hanrahan
6,163,Timmy Hanrahan,Uncle Noely,Directed,1,52,Exchange,Timmy Hanrahan
163,160,Uncle Noely,Timmy's sibilings,Directed,1,52,Exchange,Timmy Hanrahan
50,52,Mickey Briars,"""the boys"" (who worked for Pokey)",Directed,1,52,Exchange,Timmy Hanrahan
50,1,Mickey Briars,Bobby Mahon,Directed,1,52,Exchange,Timmy Hanrahan
50,6,Mickey Briars,Timmy Hanrahan,Directed,1,52,Exchange,Timmy Hanrahan
6,1,Timmy Hanrahan,Bobby Mahon,Directed,1,52,Exchange,Timmy Hanrahan
6,50,Timmy Hanrahan,Mickey Briars,Directed,1,52,Exchange,Timmy Hanrahan
1,12,Bobby Mahon,Seanie Shaper (Sean Shanahan),Directed,1,52,Exchange,Timmy Hanrahan
6,119,Timmy Hanrahan,Polish men,Directed,1,52,Exchange,Timmy Hanrahan
160,163,Timmy's sibilings,Uncle Noely,Directed,1,52,Exchange,Timmy Hanrahan
119,6,Polish men,Timmy Hanrahan,Directed,1,52,Exchange,Timmy Hanrahan
12,1,Seanie Shaper (Sean Shanahan),Bobby Mahon,Directed,1,52,Exchange,Timmy Hanrahan
1,50,Bobby Mahon,Mickey Briars,Directed,1,52,Exchange,Timmy Hanrahan
166,168,Noreen,Noreen's baby,Directed,1,53,Exchange,Timmy Hanrahan
6,167,Timmy Hanrahan,Peadar,Directed,1,53,Exchange,Timmy Hanrahan
151,6,Timmy's Nana,Timmy Hanrahan,Directed,1,53,Exchange,Timmy Hanrahan
166,374,Noreen,Noreen's nurses,Directed,1,53,Exchange,Timmy Hanrahan
163,6,Uncle Noely,Timmy Hanrahan,Directed,1,53,Exchange,Timmy Hanrahan
166,373,Noreen,Noreen's doctor,Directed,1,53,Exchange,Timmy Hanrahan
373,166,Noreen's doctor,Noreen,Directed,1,53,Exchange,Timmy Hanrahan
6,169,Timmy Hanrahan,PJ,Directed,1,53,Exchange,Timmy Hanrahan
166,151,Noreen,Timmy's Nana,Directed,1,53,Exchange,Timmy Hanrahan
168,166,Noreen's baby,Noreen,Directed,1,53,Exchange,Timmy Hanrahan
169,6,PJ,Timmy Hanrahan,Directed,1,53,Exchange,Timmy Hanrahan
167,6,Peadar,Timmy Hanrahan,Directed,1,53,Exchange,Timmy Hanrahan
374,166,Noreen's nurses,Noreen,Directed,1,53,Exchange,Timmy Hanrahan
6,151,Timmy Hanrahan,Timmy's Nana,Directed,1,53,Exchange,Timmy Hanrahan
6,163,Timmy Hanrahan,Uncle Noely,Directed,1,53,Exchange,Timmy Hanrahan
151,166,Timmy's Nana,Noreen,Directed,1,53,Exchange,Timmy Hanrahan
170,6,Noreen's husband,Timmy Hanrahan,Directed,1,54,Exchange,Timmy Hanrahan
167,6,Peadar,Timmy Hanrahan,Directed,1,54,Exchange,Timmy Hanrahan
6,170,Timmy Hanrahan,Noreen's husband,Directed,1,54,Exchange,Timmy Hanrahan
168,166,Noreen's baby,Noreen,Directed,1,54,Exchange,Timmy Hanrahan
6,169,Timmy Hanrahan,PJ,Directed,1,54,Exchange,Timmy Hanrahan
6,167,Timmy Hanrahan,Peadar,Directed,1,54,Exchange,Timmy Hanrahan
169,6,PJ,Timmy Hanrahan,Directed,1,54,Exchange,Timmy Hanrahan
166,168,Noreen,Noreen's baby,Directed,1,54,Exchange,Timmy Hanrahan
166,6,Noreen,Timmy Hanrahan,Directed,1,54,Exchange,Timmy Hanrahan
6,166,Timmy Hanrahan,Noreen,Directed,1,54,Exchange,Timmy Hanrahan
172,6,Man (from the new hotel),Timmy Hanrahan,Directed,1,55,Exchange,Timmy Hanrahan
167,6,Peadar,Timmy Hanrahan,Directed,1,55,Exchange,Timmy Hanrahan
166,6,Noreen,Timmy Hanrahan,Directed,1,55,Exchange,Timmy Hanrahan
6,172,Timmy Hanrahan,Man (from the new hotel),Directed,1,55,Exchange,Timmy Hanrahan
6,167,Timmy Hanrahan,Peadar,Directed,1,55,Exchange,Timmy Hanrahan
6,166,Timmy Hanrahan,Noreen,Directed,1,55,Exchange,Timmy Hanrahan
6,173,Timmy Hanrahan,"""foreign fella""",Directed,1,55,Exchange,Timmy Hanrahan
133,6,Auctioneer,Timmy Hanrahan,Directed,1,55,Exchange,Timmy Hanrahan
173,6,"""foreign fella""",Timmy Hanrahan,Directed,1,55,Exchange,Timmy Hanrahan
6,133,Timmy Hanrahan,Auctioneer,Directed,1,55,Exchange,Timmy Hanrahan
7,175,Brian,Paddy (Brian's father),Directed,1,56,Exchange,Brian
175,174,Paddy (Brian's father),Brian's mother,Directed,1,56,Exchange,Brian
60,7,Pawsy Rogers,Brian,Directed,1,56,Exchange,Brian
7,60,Brian,Pawsy Rogers,Directed,1,56,Exchange,Brian
174,175,Brian's mother,Paddy (Brian's father),Directed,1,56,Exchange,Brian
7,174,Brian,Brian's mother,Directed,1,56,Exchange,Brian
174,7,Brian's mother,Brian,Directed,1,56,Exchange,Brian
7,175,Brian,Paddy (Brian's father),Directed,1,57,Exchange,Brian
183,174,"the ""ICA crowd""",Brian's mother,Directed,1,57,Exchange,Brian
175,7,Paddy (Brian's father),Brian,Directed,1,57,Exchange,Brian
174,175,Brian's mother,Paddy (Brian's father),Directed,1,57,Exchange,Brian
174,183,Brian's mother,"the ""ICA crowd""",Directed,1,57,Exchange,Brian
175,174,Paddy (Brian's father),Brian's mother,Directed,1,57,Exchange,Brian
7,188,Brian,Lorna,Directed,1,58,Exchange,Brian
175,174,Paddy (Brian's father),Brian's mother,Directed,1,58,Exchange,Brian
174,175,Brian's mother,Paddy (Brian's father),Directed,1,58,Exchange,Brian
7,189,Brian,Lorna's father,Directed,1,58,Exchange,Brian
188,7,Lorna,Brian,Directed,1,58,Exchange,Brian
186,187,"""Aussies""","""crathur""",Directed,1,58,Exchange,Brian
189,7,Lorna's father,Brian,Directed,1,58,Exchange,Brian
187,186,"""crathur""","""Aussies""",Directed,1,58,Exchange,Brian
7,60,Brian,Pawsy Rogers,Directed,1,59,Exchange,Brian
174,175,Brian's mother,Paddy (Brian's father),Directed,1,59,Exchange,Brian
7,192,Brian,Kenny Farrell,Directed,1,59,Exchange,Brian
60,7,Pawsy Rogers,Brian,Directed,1,59,Exchange,Brian
192,7,Kenny Farrell,Brian,Directed,1,59,Exchange,Brian
175,174,Paddy (Brian's father),Brian's mother,Directed,1,59,Exchange,Brian
19,1,Jim Gildea,Bobby Mahon,Directed,1,60,Exchange,Brian
1,5,Bobby Mahon,Réaltín,Directed,1,60,Exchange,Brian
192,7,Kenny Farrell,Brian,Directed,1,60,Exchange,Brian
1,19,Bobby Mahon,Jim Gildea,Directed,1,60,Exchange,Brian
175,7,Paddy (Brian's father),Brian,Directed,1,60,Exchange,Brian
5,1,Réaltín,Bobby Mahon,Directed,1,60,Exchange,Brian
1,375,Bobby Mahon,"""the McDonaghs' full forward""",Directed,1,60,Exchange,Brian
1,198,Bobby Mahon,"""twelve other bollockses""",Directed,1,60,Exchange,Brian
375,1,"""the McDonaghs' full forward""",Bobby Mahon,Directed,1,60,Exchange,Brian
194,192,"""airhostess""",Kenny Farrell,Directed,1,60,Exchange,Brian
1,197,Bobby Mahon,McDonaghs' boys,Directed,1,60,Exchange,Brian
7,192,Brian,Kenny Farrell,Directed,1,60,Exchange,Brian
192,194,Kenny Farrell,"""airhostess""",Directed,1,60,Exchange,Brian
197,1,McDonaghs' boys,Bobby Mahon,Directed,1,60,Exchange,Brian
7,175,Brian,Paddy (Brian's father),Directed,1,60,Exchange,Brian
198,1,"""twelve other bollockses""",Bobby Mahon,Directed,1,60,Exchange,Brian
1,197,Bobby Mahon,McDonaghs' boys,Directed,1,61,Exchange,Brian
197,1,McDonaghs' boys,Bobby Mahon,Directed,1,61,Exchange,Brian
8,199,Trevor,Trevor's mother,Directed,1,62,Exchange,Trevor
199,8,Trevor's mother,Trevor,Directed,1,62,Exchange,Trevor
5,38,Réaltín,Dylan (Réaltín's son),Directed,1,63,Exchange,Trevor
8,201,Trevor,Dorothy,Directed,1,63,Exchange,Trevor
8,199,Trevor,Trevor's mother,Directed,1,63,Exchange,Trevor
38,5,Dylan (Réaltín's son),Réaltín,Directed,1,63,Exchange,Trevor
199,8,Trevor's mother,Trevor,Directed,1,63,Exchange,Trevor
201,8,Dorothy,Trevor,Directed,1,63,Exchange,Trevor
8,201,Trevor,Dorothy,Directed,1,64,Exchange,Trevor
8,199,Trevor,Trevor's mother,Directed,1,64,Exchange,Trevor
201,8,Dorothy,Trevor,Directed,1,64,Exchange,Trevor
5,8,Réaltín,Trevor,Directed,1,64,Exchange,Trevor
8,5,Trevor,Réaltín,Directed,1,64,Exchange,Trevor
199,8,Trevor's mother,Trevor,Directed,1,64,Exchange,Trevor
38,8,Dylan (Réaltín's son),Trevor,Directed,1,65,Exchange,Trevor
14,38,Lloyd,Dylan (Réaltín's son),Directed,1,65,Exchange,Trevor
8,199,Trevor,Trevor's mother,Directed,1,65,Exchange,Trevor
38,14,Dylan (Réaltín's son),Lloyd,Directed,1,65,Exchange,Trevor
199,8,Trevor's mother,Trevor,Directed,1,65,Exchange,Trevor
8,38,Trevor,Dylan (Réaltín's son),Directed,1,65,Exchange,Trevor
38,12,Dylan (Réaltín's son),Seanie Shaper (Sean Shanahan),Directed,1,66,Exchange,Trevor
8,199,Trevor,Trevor's mother,Directed,1,66,Exchange,Trevor
5,12,Réaltín,Seanie Shaper (Sean Shanahan),Directed,1,66,Exchange,Trevor
201,8,Dorothy,Trevor,Directed,1,66,Exchange,Trevor
12,38,Seanie Shaper (Sean Shanahan),Dylan (Réaltín's son),Directed,1,66,Exchange,Trevor
1,5,Bobby Mahon,Réaltín,Directed,1,66,Exchange,Trevor
12,5,Seanie Shaper (Sean Shanahan),Réaltín,Directed,1,66,Exchange,Trevor
8,201,Trevor,Dorothy,Directed,1,66,Exchange,Trevor
199,8,Trevor's mother,Trevor,Directed,1,66,Exchange,Trevor
5,39,Réaltín,Tom (Réaltín's father),Directed,1,66,Exchange,Trevor
39,5,Tom (Réaltín's father),Réaltín,Directed,1,66,Exchange,Trevor
5,1,Réaltín,Bobby Mahon,Directed,1,66,Exchange,Trevor
1,8,Bobby Mahon,Trevor,Directed,1,67,Exchange,Trevor
8,1,Trevor,Bobby Mahon,Directed,1,67,Exchange,Trevor
5,8,Réaltín,Trevor,Directed,1,67,Exchange,Trevor
8,201,Trevor,Dorothy,Directed,1,67,Exchange,Trevor
8,5,Trevor,Réaltín,Directed,1,67,Exchange,Trevor
5,1,Réaltín,Bobby Mahon,Directed,1,67,Exchange,Trevor
1,5,Bobby Mahon,Réaltín,Directed,1,67,Exchange,Trevor
201,8,Dorothy,Trevor,Directed,1,67,Exchange,Trevor
207,209,Peter Connors,Bridie's other children,Directed,1,68,Exchange,Bridie Connors
207,19,Peter Connors,Jim Gildea,Directed,1,68,Exchange,Bridie Connors
209,207,Bridie's other children,Peter Connors,Directed,1,68,Exchange,Bridie Connors
19,207,Jim Gildea,Peter Connors,Directed,1,68,Exchange,Bridie Connors
9,212,Bridie Connors,Search party (for Peter),Directed,1,69,Exchange,Bridie Connors
9,67,Bridie Connors,God,Directed,1,69,Exchange,Bridie Connors
9,213,Bridie Connors,Search party (for Bridie),Directed,1,69,Exchange,Bridie Connors
212,9,Search party (for Peter),Bridie Connors,Directed,1,69,Exchange,Bridie Connors
207,9,Peter Connors,Bridie Connors,Directed,1,69,Exchange,Bridie Connors
213,9,Search party (for Bridie),Bridie Connors,Directed,1,69,Exchange,Bridie Connors
9,207,Bridie Connors,Peter Connors,Directed,1,69,Exchange,Bridie Connors
9,210,Bridie Connors,John English,Directed,1,69,Exchange,Bridie Connors
210,211,John English,Michael Connors,Directed,1,69,Exchange,Bridie Connors
210,9,John English,Bridie Connors,Directed,1,69,Exchange,Bridie Connors
211,210,Michael Connors,John English,Directed,1,69,Exchange,Bridie Connors
9,216,Bridie Connors,"""little madam in a short skirt""",Directed,1,70,Exchange,Bridie Connors
215,214,Girl (who got Bridie's job),Mary Wills,Directed,1,70,Exchange,Bridie Connors
209,211,Bridie's other children,Michael Connors,Directed,1,70,Exchange,Bridie Connors
214,9,Mary Wills,Bridie Connors,Directed,1,70,Exchange,Bridie Connors
214,215,Mary Wills,Girl (who got Bridie's job),Directed,1,70,Exchange,Bridie Connors
211,209,Michael Connors,Bridie's other children,Directed,1,70,Exchange,Bridie Connors
9,214,Bridie Connors,Mary Wills,Directed,1,70,Exchange,Bridie Connors
211,9,Michael Connors,Bridie Connors,Directed,1,70,Exchange,Bridie Connors
9,207,Bridie Connors,Peter Connors,Directed,1,70,Exchange,Bridie Connors
9,211,Bridie Connors,Michael Connors,Directed,1,70,Exchange,Bridie Connors
216,9,"""little madam in a short skirt""",Bridie Connors,Directed,1,70,Exchange,Bridie Connors
207,9,Peter Connors,Bridie Connors,Directed,1,70,Exchange,Bridie Connors
9,216,Bridie Connors,"""little madam in a short skirt""",Directed,1,71,Exchange,Bridie Connors
9,218,Bridie Connors,Eugene's girlfriend,Directed,1,71,Exchange,Bridie Connors
9,217,Bridie Connors,Eugene Connors,Directed,1,71,Exchange,Bridie Connors
217,9,Eugene Connors,Bridie Connors,Directed,1,71,Exchange,Bridie Connors
218,9,Eugene's girlfriend,Bridie Connors,Directed,1,71,Exchange,Bridie Connors
218,217,Eugene's girlfriend,Eugene Connors,Directed,1,71,Exchange,Bridie Connors
217,218,Eugene Connors,Eugene's girlfriend,Directed,1,71,Exchange,Bridie Connors
216,9,"""little madam in a short skirt""",Bridie Connors,Directed,1,71,Exchange,Bridie Connors
217,9,Eugene Connors,Bridie Connors,Directed,1,72,Exchange,Bridie Connors
211,9,Michael Connors,Bridie Connors,Directed,1,72,Exchange,Bridie Connors
9,211,Bridie Connors,Michael Connors,Directed,1,72,Exchange,Bridie Connors
9,85,Bridie Connors,John Cotter,Directed,1,72,Exchange,Bridie Connors
85,9,John Cotter,Bridie Connors,Directed,1,72,Exchange,Bridie Connors
85,211,John Cotter,Michael Connors,Directed,1,72,Exchange,Bridie Connors
209,9,Bridie's other children,Bridie Connors,Directed,1,72,Exchange,Bridie Connors
211,85,Michael Connors,John Cotter,Directed,1,72,Exchange,Bridie Connors
209,209,Bridie's other children,Bridie's other children,Directed,1,72,Exchange,Bridie Connors
209,217,Bridie's other children,Eugene Connors,Directed,1,72,Exchange,Bridie Connors
9,209,Bridie Connors,Bridie's other children,Directed,1,72,Exchange,Bridie Connors
9,217,Bridie Connors,Eugene Connors,Directed,1,72,Exchange,Bridie Connors
217,209,Eugene Connors,Bridie's other children,Directed,1,72,Exchange,Bridie Connors
366,366,Teapot Taliban,Teapot Taliban,Directed,1,73,Exchange,Bridie Connors
1,5,Bobby Mahon,Réaltín,Directed,1,73,Exchange,Bridie Connors
5,1,Réaltín,Bobby Mahon,Directed,1,73,Exchange,Bridie Connors
211,9,Michael Connors,Bridie Connors,Directed,1,73,Exchange,Bridie Connors
9,211,Bridie Connors,Michael Connors,Directed,1,73,Exchange,Bridie Connors
211,9,Michael Connors,Bridie Connors,Directed,1,74,Exchange,Bridie Connors
9,211,Bridie Connors,Michael Connors,Directed,1,74,Exchange,Bridie Connors
20,1,Frank Mahon,Bobby Mahon,Directed,1,74,Exchange,Bridie Connors
1,20,Bobby Mahon,Frank Mahon,Directed,1,74,Exchange,Bridie Connors
20,1,Frank Mahon,Bobby Mahon,Directed,1,75,Exchange,Bridie Connors
20,211,Frank Mahon,Michael Connors,Directed,1,75,Exchange,Bridie Connors
1,20,Bobby Mahon,Frank Mahon,Directed,1,75,Exchange,Bridie Connors
211,67,Michael Connors,God,Directed,1,75,Exchange,Bridie Connors
211,9,Michael Connors,Bridie Connors,Directed,1,75,Exchange,Bridie Connors
9,54,Bridie Connors,Bobby's Mother,Directed,1,75,Exchange,Bridie Connors
9,211,Bridie Connors,Michael Connors,Directed,1,75,Exchange,Bridie Connors
54,9,Bobby's Mother,Bridie Connors,Directed,1,75,Exchange,Bridie Connors
211,20,Michael Connors,Frank Mahon,Directed,1,75,Exchange,Bridie Connors
1,23,Bobby Mahon,"""big fat cop""",Directed,1,76,Exchange,Jason
23,1,"""big fat cop""",Bobby Mahon,Directed,1,76,Exchange,Jason
10,30,Jason,"""fat nonce""",Directed,1,77,Exchange,Jason
30,10,"""fat nonce""",Jason,Directed,1,77,Exchange,Jason
10,25,Jason,Jason's ex-girlfriend,Directed,1,77,Exchange,Jason
25,10,Jason's ex-girlfriend,Jason,Directed,1,77,Exchange,Jason
34,33,some farmer lad,Eugene Penrose,Directed,1,78,Exchange,Jason
31,10,shitbags in the welfare office,Jason,Directed,1,78,Exchange,Jason
10,31,Jason,shitbags in the welfare office,Directed,1,78,Exchange,Jason
10,34,Jason,some farmer lad,Directed,1,78,Exchange,Jason
32,33,mad auld culchie,Eugene Penrose,Directed,1,78,Exchange,Jason
33,34,Eugene Penrose,some farmer lad,Directed,1,78,Exchange,Jason
33,32,Eugene Penrose,mad auld culchie,Directed,1,78,Exchange,Jason
34,10,some farmer lad,Jason,Directed,1,78,Exchange,Jason
25,10,Jason's ex-girlfriend,Jason,Directed,1,79,Exchange,Jason
10,25,Jason,Jason's ex-girlfriend,Directed,1,79,Exchange,Jason
1,10,Bobby Mahon,Jason,Directed,1,80,Exchange,Jason
10,1,Jason,Bobby Mahon,Directed,1,80,Exchange,Jason
1,10,Bobby Mahon,Jason,Directed,1,81,Exchange,Jason
10,1,Jason,Bobby Mahon,Directed,1,81,Exchange,Jason
37,5,George McSweeney,Réaltín,Directed,1,82,Exchange,Hillary
5,37,Réaltín,George McSweeney,Directed,1,82,Exchange,Hillary
5,11,Réaltín,Hillary,Directed,1,83,Exchange,Hillary
41,40,people at the bridge festival,Bridget,Directed,1,83,Exchange,Hillary
40,41,Bridget,people at the bridge festival,Directed,1,83,Exchange,Hillary
11,5,Hillary,Réaltín,Directed,1,83,Exchange,Hillary
44,5,Hillary's father,Réaltín,Directed,1,84,Exchange,Hillary
5,222,Réaltín,"""detective from town""",Directed,1,84,Exchange,Hillary
221,5,"""mad looking cop""",Réaltín,Directed,1,84,Exchange,Hillary
11,39,Hillary,Tom (Réaltín's father),Directed,1,84,Exchange,Hillary
5,221,Réaltín,"""mad looking cop""",Directed,1,84,Exchange,Hillary
5,44,Réaltín,Hillary's father,Directed,1,84,Exchange,Hillary
40,41,Bridget,people at the bridge festival,Directed,1,84,Exchange,Hillary
41,40,people at the bridge festival,Bridget,Directed,1,84,Exchange,Hillary
39,11,Tom (Réaltín's father),Hillary,Directed,1,84,Exchange,Hillary
222,5,"""detective from town""",Réaltín,Directed,1,84,Exchange,Hillary
11,5,Hillary,Réaltín,Directed,1,85,Exchange,Hillary
5,11,Réaltín,Hillary,Directed,1,85,Exchange,Hillary
5,12,Réaltín,Seanie Shaper (Sean Shanahan),Directed,1,86,Exchange,Hillary
5,11,Réaltín,Hillary,Directed,1,86,Exchange,Hillary
12,5,Seanie Shaper (Sean Shanahan),Réaltín,Directed,1,86,Exchange,Hillary
11,5,Hillary,Réaltín,Directed,1,86,Exchange,Hillary
5,11,Réaltín,Hillary,Directed,1,87,Exchange,Hillary
11,5,Hillary,Réaltín,Directed,1,87,Exchange,Hillary
11,5,Hillary,Réaltín,Directed,1,88,Exchange,Hillary
230,37,"""the cleaner""",George McSweeney,Directed,1,88,Exchange,Hillary
11,37,Hillary,George McSweeney,Directed,1,88,Exchange,Hillary
37,11,George McSweeney,Hillary,Directed,1,88,Exchange,Hillary
5,11,Réaltín,Hillary,Directed,1,88,Exchange,Hillary
37,230,George McSweeney,"""the cleaner""",Directed,1,88,Exchange,Hillary
37,5,George McSweeney,Réaltín,Directed,1,88,Exchange,Hillary
5,37,Réaltín,George McSweeney,Directed,1,88,Exchange,Hillary
11,37,Hillary,George McSweeney,Directed,1,89,Exchange,Hillary
37,11,George McSweeney,Hillary,Directed,1,89,Exchange,Hillary
12,249,Seanie Shaper (Sean Shanahan),"""lispers""",Directed,1,91,Exchange,Seanie Shaper (Sean Shanahan)
12,246,Seanie Shaper (Sean Shanahan),Girl from Dublin,Directed,1,91,Exchange,Seanie Shaper (Sean Shanahan)
12,251,Seanie Shaper (Sean Shanahan),"""lesbians""",Directed,1,91,Exchange,Seanie Shaper (Sean Shanahan)
248,12,"""hunchbacks""",Seanie Shaper (Sean Shanahan),Directed,1,91,Exchange,Seanie Shaper (Sean Shanahan)
247,12,Girl from Dublin's cousins,Seanie Shaper (Sean Shanahan),Directed,1,91,Exchange,Seanie Shaper (Sean Shanahan)
12,247,Seanie Shaper (Sean Shanahan),Girl from Dublin's cousins,Directed,1,91,Exchange,Seanie Shaper (Sean Shanahan)
12,248,Seanie Shaper (Sean Shanahan),"""hunchbacks""",Directed,1,91,Exchange,Seanie Shaper (Sean Shanahan)
245,12,"""girls around the estate",Seanie Shaper (Sean Shanahan),Directed,1,91,Exchange,Seanie Shaper (Sean Shanahan)
249,12,"""lispers""",Seanie Shaper (Sean Shanahan),Directed,1,91,Exchange,Seanie Shaper (Sean Shanahan)
250,12,"""smelly wans""",Seanie Shaper (Sean Shanahan),Directed,1,91,Exchange,Seanie Shaper (Sean Shanahan)
12,245,Seanie Shaper (Sean Shanahan),"""girls around the estate",Directed,1,91,Exchange,Seanie Shaper (Sean Shanahan)
251,12,"""lesbians""",Seanie Shaper (Sean Shanahan),Directed,1,91,Exchange,Seanie Shaper (Sean Shanahan)
246,12,Girl from Dublin,Seanie Shaper (Sean Shanahan),Directed,1,91,Exchange,Seanie Shaper (Sean Shanahan)
12,250,Seanie Shaper (Sean Shanahan),"""smelly wans""",Directed,1,91,Exchange,Seanie Shaper (Sean Shanahan)
11,5,Hillary,Réaltín,Directed,1,92,Exchange,Seanie Shaper (Sean Shanahan)
252,12,Girl with hearing aid,Seanie Shaper (Sean Shanahan),Directed,1,92,Exchange,Seanie Shaper (Sean Shanahan)
12,252,Seanie Shaper (Sean Shanahan),Girl with hearing aid,Directed,1,92,Exchange,Seanie Shaper (Sean Shanahan)
12,5,Seanie Shaper (Sean Shanahan),Réaltín,Directed,1,92,Exchange,Seanie Shaper (Sean Shanahan)
5,11,Réaltín,Hillary,Directed,1,92,Exchange,Seanie Shaper (Sean Shanahan)
5,12,Réaltín,Seanie Shaper (Sean Shanahan),Directed,1,92,Exchange,Seanie Shaper (Sean Shanahan)
136,12,Seanie's friends,Seanie Shaper (Sean Shanahan),Directed,1,92,Exchange,Seanie Shaper (Sean Shanahan)
12,136,Seanie Shaper (Sean Shanahan),Seanie's friends,Directed,1,92,Exchange,Seanie Shaper (Sean Shanahan)
2,254,Josie Burke,"""NAMA crowd""",Directed,1,93,Exchange,Seanie Shaper (Sean Shanahan)
12,1,Seanie Shaper (Sean Shanahan),Bobby Mahon,Directed,1,93,Exchange,Seanie Shaper (Sean Shanahan)
1,12,Bobby Mahon,Seanie Shaper (Sean Shanahan),Directed,1,93,Exchange,Seanie Shaper (Sean Shanahan)
12,253,Seanie Shaper (Sean Shanahan),"""right-looking wanker""",Directed,1,93,Exchange,Seanie Shaper (Sean Shanahan)
254,2,"""NAMA crowd""",Josie Burke,Directed,1,93,Exchange,Seanie Shaper (Sean Shanahan)
253,5,"""right-looking wanker""",Réaltín,Directed,1,93,Exchange,Seanie Shaper (Sean Shanahan)
253,12,"""right-looking wanker""",Seanie Shaper (Sean Shanahan),Directed,1,93,Exchange,Seanie Shaper (Sean Shanahan)
5,253,Réaltín,"""right-looking wanker""",Directed,1,93,Exchange,Seanie Shaper (Sean Shanahan)
255,22,Polish subcontractors,Pokey Burke,Directed,1,94,Exchange,Seanie Shaper (Sean Shanahan)
12,39,Seanie Shaper (Sean Shanahan),Tom (Réaltín's father),Directed,1,94,Exchange,Seanie Shaper (Sean Shanahan)
22,255,Pokey Burke,Polish subcontractors,Directed,1,94,Exchange,Seanie Shaper (Sean Shanahan)
39,12,Tom (Réaltín's father),Seanie Shaper (Sean Shanahan),Directed,1,94,Exchange,Seanie Shaper (Sean Shanahan)
12,5,Seanie Shaper (Sean Shanahan),Réaltín,Directed,1,96,Exchange,Seanie Shaper (Sean Shanahan)
256,12,"""group of women""",Seanie Shaper (Sean Shanahan),Directed,1,96,Exchange,Seanie Shaper (Sean Shanahan)
38,12,Dylan (Réaltín's son),Seanie Shaper (Sean Shanahan),Directed,1,96,Exchange,Seanie Shaper (Sean Shanahan)
39,12,Tom (Réaltín's father),Seanie Shaper (Sean Shanahan),Directed,1,96,Exchange,Seanie Shaper (Sean Shanahan)
12,39,Seanie Shaper (Sean Shanahan),Tom (Réaltín's father),Directed,1,96,Exchange,Seanie Shaper (Sean Shanahan)
5,12,Réaltín,Seanie Shaper (Sean Shanahan),Directed,1,96,Exchange,Seanie Shaper (Sean Shanahan)
12,38,Seanie Shaper (Sean Shanahan),Dylan (Réaltín's son),Directed,1,96,Exchange,Seanie Shaper (Sean Shanahan)
12,256,Seanie Shaper (Sean Shanahan),"""group of women""",Directed,1,96,Exchange,Seanie Shaper (Sean Shanahan)
13,259,Kate,Kate's father,Directed,1,97,Exchange,Kate
259,13,Kate's father,Kate,Directed,1,97,Exchange,Kate
259,13,Kate's father,Kate,Directed,1,98,Exchange,Kate
13,261,Kate,Kate's workers,Directed,1,98,Exchange,Kate
13,262,Kate,Nuala,Directed,1,98,Exchange,Kate
13,8,Kate,Trevor,Directed,1,98,Exchange,Kate
13,259,Kate,Kate's father,Directed,1,98,Exchange,Kate
261,13,Kate's workers,Kate,Directed,1,98,Exchange,Kate
262,13,Nuala,Kate,Directed,1,98,Exchange,Kate
8,13,Trevor,Kate,Directed,1,98,Exchange,Kate
13,5,Kate,Réaltín,Directed,1,99,Exchange,Kate
8,13,Trevor,Kate,Directed,1,99,Exchange,Kate
13,8,Kate,Trevor,Directed,1,99,Exchange,Kate
17,13,Denis,Kate,Directed,1,99,Exchange,Kate
5,13,Réaltín,Kate,Directed,1,99,Exchange,Kate
13,17,Kate,Denis,Directed,1,99,Exchange,Kate
262,265,Nuala,"""a child""",Directed,1,100,Exchange,Kate
13,262,Kate,Nuala,Directed,1,100,Exchange,Kate
17,13,Denis,Kate,Directed,1,100,Exchange,Kate
13,17,Kate,Denis,Directed,1,100,Exchange,Kate
265,262,"""a child""",Nuala,Directed,1,100,Exchange,Kate
262,13,Nuala,Kate,Directed,1,100,Exchange,Kate
13,262,Kate,Nuala,Directed,1,101,Exchange,Kate
262,13,Nuala,Kate,Directed,1,101,Exchange,Kate
17,13,Denis,Kate,Directed,1,101,Exchange,Kate
13,17,Kate,Denis,Directed,1,101,Exchange,Kate
17,13,Denis,Kate,Directed,1,102,Exchange,Kate
13,17,Kate,Denis,Directed,1,102,Exchange,Kate
14,8,Lloyd,Trevor,Directed,1,103,Exchange,Lloyd
8,14,Trevor,Lloyd,Directed,1,103,Exchange,Lloyd
273,274,Lloyd's mother,Lloyd's father,Directed,1,104,Exchange,Lloyd
14,273,Lloyd,Lloyd's mother,Directed,1,104,Exchange,Lloyd
274,14,Lloyd's father,Lloyd,Directed,1,104,Exchange,Lloyd
274,273,Lloyd's father,Lloyd's mother,Directed,1,104,Exchange,Lloyd
273,14,Lloyd's mother,Lloyd,Directed,1,104,Exchange,Lloyd
14,274,Lloyd,Lloyd's father,Directed,1,104,Exchange,Lloyd
38,14,Dylan (Réaltín's son),Lloyd,Directed,1,105,Exchange,Lloyd
14,38,Lloyd,Dylan (Réaltín's son),Directed,1,105,Exchange,Lloyd
273,275,Lloyd's mother,"""mental-case friend""",Directed,1,105,Exchange,Lloyd
275,273,"""mental-case friend""",Lloyd's mother,Directed,1,105,Exchange,Lloyd
14,8,Lloyd,Trevor,Directed,1,106,Exchange,Lloyd
8,14,Trevor,Lloyd,Directed,1,106,Exchange,Lloyd
14,38,Lloyd,Dylan (Réaltín's son),Directed,1,107,Exchange,Lloyd
38,14,Dylan (Réaltín's son),Lloyd,Directed,1,107,Exchange,Lloyd
279,278,Rory's Father,Rory's Mother,Directed,1,108,Exchange,Rory Slattery
1,15,Bobby Mahon,Rory Slattery,Directed,1,108,Exchange,Rory Slattery
15,279,Rory Slattery,Rory's Father,Directed,1,108,Exchange,Rory Slattery
15,1,Rory Slattery,Bobby Mahon,Directed,1,108,Exchange,Rory Slattery
278,15,Rory's Mother,Rory Slattery,Directed,1,108,Exchange,Rory Slattery
279,15,Rory's Father,Rory Slattery,Directed,1,108,Exchange,Rory Slattery
278,279,Rory's Mother,Rory's Father,Directed,1,108,Exchange,Rory Slattery
15,278,Rory Slattery,Rory's Mother,Directed,1,108,Exchange,Rory Slattery
278,279,Rory's Mother,Rory's Father,Directed,1,109,Exchange,Rory Slattery
279,15,Rory's Father,Rory Slattery,Directed,1,109,Exchange,Rory Slattery
278,15,Rory's Mother,Rory Slattery,Directed,1,109,Exchange,Rory Slattery
279,278,Rory's Father,Rory's Mother,Directed,1,109,Exchange,Rory Slattery
1,19,Bobby Mahon,Jim Gildea,Directed,1,109,Exchange,Rory Slattery
19,1,Jim Gildea,Bobby Mahon,Directed,1,109,Exchange,Rory Slattery
15,279,Rory Slattery,Rory's Father,Directed,1,109,Exchange,Rory Slattery
15,278,Rory Slattery,Rory's Mother,Directed,1,109,Exchange,Rory Slattery
279,15,Rory's Father,Rory Slattery,Directed,1,110,Exchange,Rory Slattery
1,52,Bobby Mahon,"""the boys"" (who worked for Pokey)",Directed,1,110,Exchange,Rory Slattery
278,15,Rory's Mother,Rory Slattery,Directed,1,110,Exchange,Rory Slattery
15,278,Rory Slattery,Rory's Mother,Directed,1,110,Exchange,Rory Slattery
15,279,Rory Slattery,Rory's Father,Directed,1,110,Exchange,Rory Slattery
52,1,"""the boys"" (who worked for Pokey)",Bobby Mahon,Directed,1,110,Exchange,Rory Slattery
281,15,Holly,Rory Slattery,Directed,1,111,Exchange,Rory Slattery
15,281,Rory Slattery,Holly,Directed,1,111,Exchange,Rory Slattery
15,281,Rory Slattery,Holly,Directed,1,112,Exchange,Rory Slattery
281,15,Holly,Rory Slattery,Directed,1,112,Exchange,Rory Slattery
15,85,Rory Slattery,John Cotter,Directed,1,112,Exchange,Rory Slattery
85,15,John Cotter,Rory Slattery,Directed,1,112,Exchange,Rory Slattery
16,102,Millicent,Hughie,Directed,1,114,Exchange,Millicent
102,16,Hughie,Millicent,Directed,1,114,Exchange,Millicent
102,103,Hughie,Hughie's wife,Directed,1,114,Exchange,Millicent
103,16,Hughie's wife,Millicent,Directed,1,114,Exchange,Millicent
103,102,Hughie's wife,Hughie,Directed,1,114,Exchange,Millicent
16,103,Millicent,Hughie's wife,Directed,1,114,Exchange,Millicent
102,103,Hughie,Hughie's wife,Directed,1,115,Exchange,Millicent
16,102,Millicent,Hughie,Directed,1,115,Exchange,Millicent
102,20,Hughie,Frank Mahon,Directed,1,115,Exchange,Millicent
16,103,Millicent,Hughie's wife,Directed,1,115,Exchange,Millicent
102,16,Hughie,Millicent,Directed,1,115,Exchange,Millicent
103,16,Hughie's wife,Millicent,Directed,1,115,Exchange,Millicent
20,102,Frank Mahon,Hughie,Directed,1,115,Exchange,Millicent
103,102,Hughie's wife,Hughie,Directed,1,115,Exchange,Millicent
16,103,Millicent,Hughie's wife,Directed,1,116,Exchange,Millicent
102,16,Hughie,Millicent,Directed,1,116,Exchange,Millicent
103,290,Hughie's wife,Assumpta Gill,Directed,1,116,Exchange,Millicent
103,16,Hughie's wife,Millicent,Directed,1,116,Exchange,Millicent
102,103,Hughie,Hughie's wife,Directed,1,116,Exchange,Millicent
16,102,Millicent,Hughie,Directed,1,116,Exchange,Millicent
290,103,Assumpta Gill,Hughie's wife,Directed,1,116,Exchange,Millicent
291,16,"""other fellas driving their cars""",Millicent,Directed,1,116,Exchange,Millicent
16,291,Millicent,"""other fellas driving their cars""",Directed,1,116,Exchange,Millicent
103,102,Hughie's wife,Hughie,Directed,1,116,Exchange,Millicent
103,16,Hughie's wife,Millicent,Directed,1,117,Exchange,Millicent
290,103,Assumpta Gill,Hughie's wife,Directed,1,117,Exchange,Millicent
16,103,Millicent,Hughie's wife,Directed,1,117,Exchange,Millicent
102,103,Hughie,Hughie's wife,Directed,1,117,Exchange,Millicent
293,103,Hughie's Wife's Friend,Hughie's wife,Directed,1,117,Exchange,Millicent
103,102,Hughie's wife,Hughie,Directed,1,117,Exchange,Millicent
103,290,Hughie's wife,Assumpta Gill,Directed,1,117,Exchange,Millicent
103,293,Hughie's wife,Hughie's Wife's Friend,Directed,1,117,Exchange,Millicent
102,103,Hughie,Hughie's wife,Directed,1,118,Exchange,Millicent
102,294,Hughie,"""pricks, bollockses, and stupid fuckers""",Directed,1,118,Exchange,Millicent
16,102,Millicent,Hughie,Directed,1,118,Exchange,Millicent
294,102,"""pricks, bollockses, and stupid fuckers""",Hughie,Directed,1,118,Exchange,Millicent
102,16,Hughie,Millicent,Directed,1,118,Exchange,Millicent
103,102,Hughie's wife,Hughie,Directed,1,118,Exchange,Millicent
102,294,Hughie,"""pricks, bollockses, and stupid fuckers""",Directed,1,119,Exchange,Millicent
16,67,Millicent,God,Directed,1,119,Exchange,Millicent
67,16,God,Millicent,Directed,1,119,Exchange,Millicent
102,103,Hughie,Hughie's wife,Directed,1,119,Exchange,Millicent
103,102,Hughie's wife,Hughie,Directed,1,119,Exchange,Millicent
294,102,"""pricks, bollockses, and stupid fuckers""",Hughie,Directed,1,119,Exchange,Millicent
13,17,Kate,Denis,Directed,1,120,Exchange,Denis
17,13,Denis,Kate,Directed,1,120,Exchange,Denis
17,307,Denis,"""little blondie wan""",Directed,1,121,Exchange,Denis
17,65,Denis,taxman,Directed,1,121,Exchange,Denis
305,17,"""gimpy lad in Lackagh""",Denis,Directed,1,121,Exchange,Denis
17,302,Denis,the lads,Directed,1,121,Exchange,Denis
20,17,Frank Mahon,Denis,Directed,1,121,Exchange,Denis
302,17,the lads,Denis,Directed,1,121,Exchange,Denis
307,17,"""little blondie wan""",Denis,Directed,1,121,Exchange,Denis
17,20,Denis,Frank Mahon,Directed,1,121,Exchange,Denis
65,17,taxman,Denis,Directed,1,121,Exchange,Denis
17,305,Denis,"""gimpy lad in Lackagh""",Directed,1,121,Exchange,Denis
17,13,Denis,Kate,Directed,1,122,Exchange,Denis
309,308,Whingers on Joe Duffy,Joe Duffy,Directed,1,122,Exchange,Denis
308,309,Joe Duffy,Whingers on Joe Duffy,Directed,1,122,Exchange,Denis
13,17,Kate,Denis,Directed,1,122,Exchange,Denis
311,17,Andy (Denis's Friend),Denis,Directed,1,123,Exchange,Denis
310,17,"""one of Denis' lads""",Denis,Directed,1,123,Exchange,Denis
17,311,Denis,Andy (Denis's Friend),Directed,1,123,Exchange,Denis
17,310,Denis,"""one of Denis' lads""",Directed,1,123,Exchange,Denis
20,17,Frank Mahon,Denis,Directed,1,124,Exchange,Denis
17,20,Denis,Frank Mahon,Directed,1,124,Exchange,Denis
17,20,Denis,Frank Mahon,Directed,1,125,Exchange,Denis
20,17,Frank Mahon,Denis,Directed,1,125,Exchange,Denis
2,18,Josie Burke,Mags Burke,Directed,1,126,Exchange,Mags Burke
18,2,Mags Burke,Josie Burke,Directed,1,126,Exchange,Mags Burke
314,2,Eamonn's son,Josie Burke,Directed,1,127,Exchange,Mags Burke
91,2,Eamonn's daughter,Josie Burke,Directed,1,127,Exchange,Mags Burke
49,2,Eamonn Burke,Josie Burke,Directed,1,127,Exchange,Mags Burke
48,18,Eileen Burke,Mags Burke,Directed,1,127,Exchange,Mags Burke
2,314,Josie Burke,Eamonn's son,Directed,1,127,Exchange,Mags Burke
2,49,Josie Burke,Eamonn Burke,Directed,1,127,Exchange,Mags Burke
2,91,Josie Burke,Eamonn's daughter,Directed,1,127,Exchange,Mags Burke
18,48,Mags Burke,Eileen Burke,Directed,1,127,Exchange,Mags Burke
326,321,Mags' Cousin Richard,Kathleen Roche,Directed,1,128,Exchange,Mags Burke
321,324,Kathleen Roche,Mags' Auntie Pam,Directed,1,128,Exchange,Mags Burke
22,325,Pokey Burke,Mags' Uncle Dicky,Directed,1,128,Exchange,Mags Burke
324,88,Mags' Auntie Pam,Yvonne Burke,Directed,1,128,Exchange,Mags Burke
48,323,Eileen Burke,The Crawfords,Directed,1,128,Exchange,Mags Burke
325,320,Mags' Uncle Dicky,Doctor Roche,Directed,1,128,Exchange,Mags Burke
22,326,Pokey Burke,Mags' Cousin Richard,Directed,1,128,Exchange,Mags Burke
2,325,Josie Burke,Mags' Uncle Dicky,Directed,1,128,Exchange,Mags Burke
321,325,Kathleen Roche,Mags' Uncle Dicky,Directed,1,128,Exchange,Mags Burke
326,88,Mags' Cousin Richard,Yvonne Burke,Directed,1,128,Exchange,Mags Burke
326,22,Mags' Cousin Richard,Pokey Burke,Directed,1,128,Exchange,Mags Burke
326,322,Mags' Cousin Richard,Pat Hourigan,Directed,1,128,Exchange,Mags Burke
2,324,Josie Burke,Mags' Auntie Pam,Directed,1,128,Exchange,Mags Burke
318,48,Ger,Eileen Burke,Directed,1,128,Exchange,Mags Burke
2,326,Josie Burke,Mags' Cousin Richard,Directed,1,128,Exchange,Mags Burke
22,322,Pokey Burke,Pat Hourigan,Directed,1,128,Exchange,Mags Burke
22,324,Pokey Burke,Mags' Auntie Pam,Directed,1,128,Exchange,Mags Burke
321,2,Kathleen Roche,Josie Burke,Directed,1,128,Exchange,Mags Burke
22,323,Pokey Burke,The Crawfords,Directed,1,128,Exchange,Mags Burke
326,49,Mags' Cousin Richard,Eamonn Burke,Directed,1,128,Exchange,Mags Burke
324,320,Mags' Auntie Pam,Doctor Roche,Directed,1,128,Exchange,Mags Burke
322,325,Pat Hourigan,Mags' Uncle Dicky,Directed,1,128,Exchange,Mags Burke
18,318,Mags Burke,Ger,Directed,1,128,Exchange,Mags Burke
322,326,Pat Hourigan,Mags' Cousin Richard,Directed,1,128,Exchange,Mags Burke
322,324,Pat Hourigan,Mags' Auntie Pam,Directed,1,128,Exchange,Mags Burke
322,22,Pat Hourigan,Pokey Burke,Directed,1,128,Exchange,Mags Burke
321,201,Kathleen Roche,Dorothy,Directed,1,128,Exchange,Mags Burke
320,322,Doctor Roche,Pat Hourigan,Directed,1,128,Exchange,Mags Burke
320,325,Doctor Roche,Mags' Uncle Dicky,Directed,1,128,Exchange,Mags Burke
326,320,Mags' Cousin Richard,Doctor Roche,Directed,1,128,Exchange,Mags Burke
321,49,Kathleen Roche,Eamonn Burke,Directed,1,128,Exchange,Mags Burke
326,323,Mags' Cousin Richard,The Crawfords,Directed,1,128,Exchange,Mags Burke
22,88,Pokey Burke,Yvonne Burke,Directed,1,128,Exchange,Mags Burke
49,2,Eamonn Burke,Josie Burke,Directed,1,128,Exchange,Mags Burke
321,48,Kathleen Roche,Eileen Burke,Directed,1,128,Exchange,Mags Burke
320,88,Doctor Roche,Yvonne Burke,Directed,1,128,Exchange,Mags Burke
321,320,Kathleen Roche,Doctor Roche,Directed,1,128,Exchange,Mags Burke
2,320,Josie Burke,Doctor Roche,Directed,1,128,Exchange,Mags Burke
2,322,Josie Burke,Pat Hourigan,Directed,1,128,Exchange,Mags Burke
22,320,Pokey Burke,Doctor Roche,Directed,1,128,Exchange,Mags Burke
324,322,Mags' Auntie Pam,Pat Hourigan,Directed,1,128,Exchange,Mags Burke
48,88,Eileen Burke,Yvonne Burke,Directed,1,128,Exchange,Mags Burke
320,326,Doctor Roche,Mags' Cousin Richard,Directed,1,128,Exchange,Mags Burke
325,324,Mags' Uncle Dicky,Mags' Auntie Pam,Directed,1,128,Exchange,Mags Burke
320,2,Doctor Roche,Josie Burke,Directed,1,128,Exchange,Mags Burke
22,49,Pokey Burke,Eamonn Burke,Directed,1,128,Exchange,Mags Burke
2,201,Josie Burke,Dorothy,Directed,1,128,Exchange,Mags Burke
201,88,Dorothy,Yvonne Burke,Directed,1,128,Exchange,Mags Burke
321,22,Kathleen Roche,Pokey Burke,Directed,1,128,Exchange,Mags Burke
325,49,Mags' Uncle Dicky,Eamonn Burke,Directed,1,128,Exchange,Mags Burke
320,49,Doctor Roche,Eamonn Burke,Directed,1,128,Exchange,Mags Burke
325,201,Mags' Uncle Dicky,Dorothy,Directed,1,128,Exchange,Mags Burke
324,323,Mags' Auntie Pam,The Crawfords,Directed,1,128,Exchange,Mags Burke
2,49,Josie Burke,Eamonn Burke,Directed,1,128,Exchange,Mags Burke
322,321,Pat Hourigan,Kathleen Roche,Directed,1,128,Exchange,Mags Burke
320,201,Doctor Roche,Dorothy,Directed,1,128,Exchange,Mags Burke
320,48,Doctor Roche,Eileen Burke,Directed,1,128,Exchange,Mags Burke
325,321,Mags' Uncle Dicky,Kathleen Roche,Directed,1,128,Exchange,Mags Burke
325,2,Mags' Uncle Dicky,Josie Burke,Directed,1,128,Exchange,Mags Burke
318,18,Ger,Mags Burke,Directed,1,128,Exchange,Mags Burke
326,325,Mags' Cousin Richard,Mags' Uncle Dicky,Directed,1,128,Exchange,Mags Burke
2,323,Josie Burke,The Crawfords,Directed,1,128,Exchange,Mags Burke
326,201,Mags' Cousin Richard,Dorothy,Directed,1,128,Exchange,Mags Burke
2,88,Josie Burke,Yvonne Burke,Directed,1,128,Exchange,Mags Burke
2,18,Josie Burke,Mags Burke,Directed,1,128,Exchange,Mags Burke
22,321,Pokey Burke,Kathleen Roche,Directed,1,128,Exchange,Mags Burke
22,201,Pokey Burke,Dorothy,Directed,1,128,Exchange,Mags Burke
321,326,Kathleen Roche,Mags' Cousin Richard,Directed,1,128,Exchange,Mags Burke
325,48,Mags' Uncle Dicky,Eileen Burke,Directed,1,128,Exchange,Mags Burke
321,323,Kathleen Roche,The Crawfords,Directed,1,128,Exchange,Mags Burke
324,22,Mags' Auntie Pam,Pokey Burke,Directed,1,128,Exchange,Mags Burke
321,322,Kathleen Roche,Pat Hourigan,Directed,1,128,Exchange,Mags Burke
320,321,Doctor Roche,Kathleen Roche,Directed,1,128,Exchange,Mags Burke
321,88,Kathleen Roche,Yvonne Burke,Directed,1,128,Exchange,Mags Burke
320,324,Doctor Roche,Mags' Auntie Pam,Directed,1,128,Exchange,Mags Burke
2,321,Josie Burke,Kathleen Roche,Directed,1,128,Exchange,Mags Burke
322,323,Pat Hourigan,The Crawfords,Directed,1,128,Exchange,Mags Burke
326,324,Mags' Cousin Richard,Mags' Auntie Pam,Directed,1,128,Exchange,Mags Burke
322,88,Pat Hourigan,Yvonne Burke,Directed,1,128,Exchange,Mags Burke
323,324,The Crawfords,Mags' Auntie Pam,Directed,1,128,Exchange,Mags Burke
323,321,The Crawfords,Kathleen Roche,Directed,1,128,Exchange,Mags Burke
88,2,Yvonne Burke,Josie Burke,Directed,1,128,Exchange,Mags Burke
88,324,Yvonne Burke,Mags' Auntie Pam,Directed,1,128,Exchange,Mags Burke
326,48,Mags' Cousin Richard,Eileen Burke,Directed,1,128,Exchange,Mags Burke
324,2,Mags' Auntie Pam,Josie Burke,Directed,1,128,Exchange,Mags Burke
49,88,Eamonn Burke,Yvonne Burke,Directed,1,128,Exchange,Mags Burke
323,326,The Crawfords,Mags' Cousin Richard,Directed,1,128,Exchange,Mags Burke
325,88,Mags' Uncle Dicky,Yvonne Burke,Directed,1,128,Exchange,Mags Burke
49,22,Eamonn Burke,Pokey Burke,Directed,1,128,Exchange,Mags Burke
324,48,Mags' Auntie Pam,Eileen Burke,Directed,1,128,Exchange,Mags Burke
49,322,Eamonn Burke,Pat Hourigan,Directed,1,128,Exchange,Mags Burke
49,201,Eamonn Burke,Dorothy,Directed,1,128,Exchange,Mags Burke
49,325,Eamonn Burke,Mags' Uncle Dicky,Directed,1,128,Exchange,Mags Burke
49,326,Eamonn Burke,Mags' Cousin Richard,Directed,1,128,Exchange,Mags Burke
49,320,Eamonn Burke,Doctor Roche,Directed,1,128,Exchange,Mags Burke
49,323,Eamonn Burke,The Crawfords,Directed,1,128,Exchange,Mags Burke
49,324,Eamonn Burke,Mags' Auntie Pam,Directed,1,128,Exchange,Mags Burke
88,48,Yvonne Burke,Eileen Burke,Directed,1,128,Exchange,Mags Burke
323,22,The Crawfords,Pokey Burke,Directed,1,128,Exchange,Mags Burke
324,201,Mags' Auntie Pam,Dorothy,Directed,1,128,Exchange,Mags Burke
323,48,The Crawfords,Eileen Burke,Directed,1,128,Exchange,Mags Burke
323,322,The Crawfords,Pat Hourigan,Directed,1,128,Exchange,Mags Burke
323,201,The Crawfords,Dorothy,Directed,1,128,Exchange,Mags Burke
323,49,The Crawfords,Eamonn Burke,Directed,1,128,Exchange,Mags Burke
323,320,The Crawfords,Doctor Roche,Directed,1,128,Exchange,Mags Burke
88,49,Yvonne Burke,Eamonn Burke,Directed,1,128,Exchange,Mags Burke
323,88,The Crawfords,Yvonne Burke,Directed,1,128,Exchange,Mags Burke
323,2,The Crawfords,Josie Burke,Directed,1,128,Exchange,Mags Burke
88,22,Yvonne Burke,Pokey Burke,Directed,1,128,Exchange,Mags Burke
88,322,Yvonne Burke,Pat Hourigan,Directed,1,128,Exchange,Mags Burke
88,325,Yvonne Burke,Mags' Uncle Dicky,Directed,1,128,Exchange,Mags Burke
88,326,Yvonne Burke,Mags' Cousin Richard,Directed,1,128,Exchange,Mags Burke
323,325,The Crawfords,Mags' Uncle Dicky,Directed,1,128,Exchange,Mags Burke
88,201,Yvonne Burke,Dorothy,Directed,1,128,Exchange,Mags Burke
88,321,Yvonne Burke,Kathleen Roche,Directed,1,128,Exchange,Mags Burke
88,323,Yvonne Burke,The Crawfords,Directed,1,128,Exchange,Mags Burke
201,49,Dorothy,Eamonn Burke,Directed,1,128,Exchange,Mags Burke
88,320,Yvonne Burke,Doctor Roche,Directed,1,128,Exchange,Mags Burke
201,48,Dorothy,Eileen Burke,Directed,1,128,Exchange,Mags Burke
201,321,Dorothy,Kathleen Roche,Directed,1,128,Exchange,Mags Burke
322,49,Pat Hourigan,Eamonn Burke,Directed,1,128,Exchange,Mags Burke
18,2,Mags Burke,Josie Burke,Directed,1,128,Exchange,Mags Burke
322,201,Pat Hourigan,Dorothy,Directed,1,128,Exchange,Mags Burke
322,320,Pat Hourigan,Doctor Roche,Directed,1,128,Exchange,Mags Burke
326,2,Mags' Cousin Richard,Josie Burke,Directed,1,128,Exchange,Mags Burke
322,48,Pat Hourigan,Eileen Burke,Directed,1,128,Exchange,Mags Burke
201,2,Dorothy,Josie Burke,Directed,1,128,Exchange,Mags Burke
201,325,Dorothy,Mags' Uncle Dicky,Directed,1,128,Exchange,Mags Burke
201,22,Dorothy,Pokey Burke,Directed,1,128,Exchange,Mags Burke
201,323,Dorothy,The Crawfords,Directed,1,128,Exchange,Mags Burke
324,325,Mags' Auntie Pam,Mags' Uncle Dicky,Directed,1,128,Exchange,Mags Burke
322,2,Pat Hourigan,Josie Burke,Directed,1,128,Exchange,Mags Burke
324,49,Mags' Auntie Pam,Eamonn Burke,Directed,1,128,Exchange,Mags Burke
201,324,Dorothy,Mags' Auntie Pam,Directed,1,128,Exchange,Mags Burke
201,326,Dorothy,Mags' Cousin Richard,Directed,1,128,Exchange,Mags Burke
201,322,Dorothy,Pat Hourigan,Directed,1,128,Exchange,Mags Burke
324,326,Mags' Auntie Pam,Mags' Cousin Richard,Directed,1,128,Exchange,Mags Burke
49,48,Eamonn Burke,Eileen Burke,Directed,1,128,Exchange,Mags Burke
48,318,Eileen Burke,Ger,Directed,1,128,Exchange,Mags Burke
48,320,Eileen Burke,Doctor Roche,Directed,1,128,Exchange,Mags Burke
324,321,Mags' Auntie Pam,Kathleen Roche,Directed,1,128,Exchange,Mags Burke
48,201,Eileen Burke,Dorothy,Directed,1,128,Exchange,Mags Burke
325,323,Mags' Uncle Dicky,The Crawfords,Directed,1,128,Exchange,Mags Burke
48,49,Eileen Burke,Eamonn Burke,Directed,1,128,Exchange,Mags Burke
320,22,Doctor Roche,Pokey Burke,Directed,1,128,Exchange,Mags Burke
320,323,Doctor Roche,The Crawfords,Directed,1,128,Exchange,Mags Burke
48,322,Eileen Burke,Pat Hourigan,Directed,1,128,Exchange,Mags Burke
325,326,Mags' Uncle Dicky,Mags' Cousin Richard,Directed,1,128,Exchange,Mags Burke
201,320,Dorothy,Doctor Roche,Directed,1,128,Exchange,Mags Burke
49,321,Eamonn Burke,Kathleen Roche,Directed,1,128,Exchange,Mags Burke
48,326,Eileen Burke,Mags' Cousin Richard,Directed,1,128,Exchange,Mags Burke
48,324,Eileen Burke,Mags' Auntie Pam,Directed,1,128,Exchange,Mags Burke
325,322,Mags' Uncle Dicky,Pat Hourigan,Directed,1,128,Exchange,Mags Burke
48,321,Eileen Burke,Kathleen Roche,Directed,1,128,Exchange,Mags Burke
325,22,Mags' Uncle Dicky,Pokey Burke,Directed,1,128,Exchange,Mags Burke
48,325,Eileen Burke,Mags' Uncle Dicky,Directed,1,128,Exchange,Mags Burke
88,326,Yvonne Burke,Mags' Cousin Richard,Directed,1,129,Exchange,Mags Burke
88,48,Yvonne Burke,Eileen Burke,Directed,1,129,Exchange,Mags Burke
88,2,Yvonne Burke,Josie Burke,Directed,1,129,Exchange,Mags Burke
88,321,Yvonne Burke,Kathleen Roche,Directed,1,129,Exchange,Mags Burke
88,324,Yvonne Burke,Mags' Auntie Pam,Directed,1,129,Exchange,Mags Burke
88,325,Yvonne Burke,Mags' Uncle Dicky,Directed,1,129,Exchange,Mags Burke
88,22,Yvonne Burke,Pokey Burke,Directed,1,129,Exchange,Mags Burke
201,320,Dorothy,Doctor Roche,Directed,1,129,Exchange,Mags Burke
320,88,Doctor Roche,Yvonne Burke,Directed,1,129,Exchange,Mags Burke
320,323,Doctor Roche,The Crawfords,Directed,1,129,Exchange,Mags Burke
22,49,Pokey Burke,Eamonn Burke,Directed,1,129,Exchange,Mags Burke
320,22,Doctor Roche,Pokey Burke,Directed,1,129,Exchange,Mags Burke
320,325,Doctor Roche,Mags' Uncle Dicky,Directed,1,129,Exchange,Mags Burke
320,326,Doctor Roche,Mags' Cousin Richard,Directed,1,129,Exchange,Mags Burke
88,322,Yvonne Burke,Pat Hourigan,Directed,1,129,Exchange,Mags Burke
322,323,Pat Hourigan,The Crawfords,Directed,1,129,Exchange,Mags Burke
322,48,Pat Hourigan,Eileen Burke,Directed,1,129,Exchange,Mags Burke
22,320,Pokey Burke,Doctor Roche,Directed,1,129,Exchange,Mags Burke
88,323,Yvonne Burke,The Crawfords,Directed,1,129,Exchange,Mags Burke
320,324,Doctor Roche,Mags' Auntie Pam,Directed,1,129,Exchange,Mags Burke
322,49,Pat Hourigan,Eamonn Burke,Directed,1,129,Exchange,Mags Burke
322,201,Pat Hourigan,Dorothy,Directed,1,129,Exchange,Mags Burke
322,320,Pat Hourigan,Doctor Roche,Directed,1,129,Exchange,Mags Burke
201,326,Dorothy,Mags' Cousin Richard,Directed,1,129,Exchange,Mags Burke
88,201,Yvonne Burke,Dorothy,Directed,1,129,Exchange,Mags Burke
322,22,Pat Hourigan,Pokey Burke,Directed,1,129,Exchange,Mags Burke
22,201,Pokey Burke,Dorothy,Directed,1,129,Exchange,Mags Burke
326,48,Mags' Cousin Richard,Eileen Burke,Directed,1,129,Exchange,Mags Burke
201,22,Dorothy,Pokey Burke,Directed,1,129,Exchange,Mags Burke
320,321,Doctor Roche,Kathleen Roche,Directed,1,129,Exchange,Mags Burke
88,320,Yvonne Burke,Doctor Roche,Directed,1,129,Exchange,Mags Burke
201,88,Dorothy,Yvonne Burke,Directed,1,129,Exchange,Mags Burke
320,2,Doctor Roche,Josie Burke,Directed,1,129,Exchange,Mags Burke
88,49,Yvonne Burke,Eamonn Burke,Directed,1,129,Exchange,Mags Burke
201,325,Dorothy,Mags' Uncle Dicky,Directed,1,129,Exchange,Mags Burke
201,49,Dorothy,Eamonn Burke,Directed,1,129,Exchange,Mags Burke
320,49,Doctor Roche,Eamonn Burke,Directed,1,129,Exchange,Mags Burke
201,2,Dorothy,Josie Burke,Directed,1,129,Exchange,Mags Burke
49,320,Eamonn Burke,Doctor Roche,Directed,1,129,Exchange,Mags Burke
325,324,Mags' Uncle Dicky,Mags' Auntie Pam,Directed,1,129,Exchange,Mags Burke
326,321,Mags' Cousin Richard,Kathleen Roche,Directed,1,129,Exchange,Mags Burke
326,324,Mags' Cousin Richard,Mags' Auntie Pam,Directed,1,129,Exchange,Mags Burke
326,325,Mags' Cousin Richard,Mags' Uncle Dicky,Directed,1,129,Exchange,Mags Burke
320,201,Doctor Roche,Dorothy,Directed,1,129,Exchange,Mags Burke
325,48,Mags' Uncle Dicky,Eileen Burke,Directed,1,129,Exchange,Mags Burke
325,320,Mags' Uncle Dicky,Doctor Roche,Directed,1,129,Exchange,Mags Burke
22,322,Pokey Burke,Pat Hourigan,Directed,1,129,Exchange,Mags Burke
325,201,Mags' Uncle Dicky,Dorothy,Directed,1,129,Exchange,Mags Burke
22,321,Pokey Burke,Kathleen Roche,Directed,1,129,Exchange,Mags Burke
22,324,Pokey Burke,Mags' Auntie Pam,Directed,1,129,Exchange,Mags Burke
22,326,Pokey Burke,Mags' Cousin Richard,Directed,1,129,Exchange,Mags Burke
325,321,Mags' Uncle Dicky,Kathleen Roche,Directed,1,129,Exchange,Mags Burke
22,325,Pokey Burke,Mags' Uncle Dicky,Directed,1,129,Exchange,Mags Burke
322,2,Pat Hourigan,Josie Burke,Directed,1,129,Exchange,Mags Burke
325,2,Mags' Uncle Dicky,Josie Burke,Directed,1,129,Exchange,Mags Burke
201,48,Dorothy,Eileen Burke,Directed,1,129,Exchange,Mags Burke
325,22,Mags' Uncle Dicky,Pokey Burke,Directed,1,129,Exchange,Mags Burke
325,88,Mags' Uncle Dicky,Yvonne Burke,Directed,1,129,Exchange,Mags Burke
201,321,Dorothy,Kathleen Roche,Directed,1,129,Exchange,Mags Burke
201,324,Dorothy,Mags' Auntie Pam,Directed,1,129,Exchange,Mags Burke
322,88,Pat Hourigan,Yvonne Burke,Directed,1,129,Exchange,Mags Burke
320,322,Doctor Roche,Pat Hourigan,Directed,1,129,Exchange,Mags Burke
320,48,Doctor Roche,Eileen Burke,Directed,1,129,Exchange,Mags Burke
201,322,Dorothy,Pat Hourigan,Directed,1,129,Exchange,Mags Burke
326,322,Mags' Cousin Richard,Pat Hourigan,Directed,1,129,Exchange,Mags Burke
326,88,Mags' Cousin Richard,Yvonne Burke,Directed,1,129,Exchange,Mags Burke
22,88,Pokey Burke,Yvonne Burke,Directed,1,129,Exchange,Mags Burke
326,323,Mags' Cousin Richard,The Crawfords,Directed,1,129,Exchange,Mags Burke
325,326,Mags' Uncle Dicky,Mags' Cousin Richard,Directed,1,129,Exchange,Mags Burke
325,322,Mags' Uncle Dicky,Pat Hourigan,Directed,1,129,Exchange,Mags Burke
22,323,Pokey Burke,The Crawfords,Directed,1,129,Exchange,Mags Burke
325,49,Mags' Uncle Dicky,Eamonn Burke,Directed,1,129,Exchange,Mags Burke
325,323,Mags' Uncle Dicky,The Crawfords,Directed,1,129,Exchange,Mags Burke
318,18,Ger,Mags Burke,Directed,1,129,Exchange,Mags Burke
326,22,Mags' Cousin Richard,Pokey Burke,Directed,1,129,Exchange,Mags Burke
322,321,Pat Hourigan,Kathleen Roche,Directed,1,129,Exchange,Mags Burke
201,323,Dorothy,The Crawfords,Directed,1,129,Exchange,Mags Burke
322,326,Pat Hourigan,Mags' Cousin Richard,Directed,1,129,Exchange,Mags Burke
48,323,Eileen Burke,The Crawfords,Directed,1,129,Exchange,Mags Burke
2,320,Josie Burke,Doctor Roche,Directed,1,129,Exchange,Mags Burke
48,88,Eileen Burke,Yvonne Burke,Directed,1,129,Exchange,Mags Burke
2,201,Josie Burke,Dorothy,Directed,1,129,Exchange,Mags Burke
321,88,Kathleen Roche,Yvonne Burke,Directed,1,129,Exchange,Mags Burke
321,323,Kathleen Roche,The Crawfords,Directed,1,129,Exchange,Mags Burke
321,22,Kathleen Roche,Pokey Burke,Directed,1,129,Exchange,Mags Burke
321,322,Kathleen Roche,Pat Hourigan,Directed,1,129,Exchange,Mags Burke
2,49,Josie Burke,Eamonn Burke,Directed,1,129,Exchange,Mags Burke
321,325,Kathleen Roche,Mags' Uncle Dicky,Directed,1,129,Exchange,Mags Burke
48,326,Eileen Burke,Mags' Cousin Richard,Directed,1,129,Exchange,Mags Burke
321,326,Kathleen Roche,Mags' Cousin Richard,Directed,1,129,Exchange,Mags Burke
321,48,Kathleen Roche,Eileen Burke,Directed,1,129,Exchange,Mags Burke
321,49,Kathleen Roche,Eamonn Burke,Directed,1,129,Exchange,Mags Burke
321,201,Kathleen Roche,Dorothy,Directed,1,129,Exchange,Mags Burke
48,322,Eileen Burke,Pat Hourigan,Directed,1,129,Exchange,Mags Burke
323,201,The Crawfords,Dorothy,Directed,1,129,Exchange,Mags Burke
48,325,Eileen Burke,Mags' Uncle Dicky,Directed,1,129,Exchange,Mags Burke
326,320,Mags' Cousin Richard,Doctor Roche,Directed,1,129,Exchange,Mags Burke
322,324,Pat Hourigan,Mags' Auntie Pam,Directed,1,129,Exchange,Mags Burke
326,49,Mags' Cousin Richard,Eamonn Burke,Directed,1,129,Exchange,Mags Burke
323,320,The Crawfords,Doctor Roche,Directed,1,129,Exchange,Mags Burke
324,323,Mags' Auntie Pam,The Crawfords,Directed,1,129,Exchange,Mags Burke
324,49,Mags' Auntie Pam,Eamonn Burke,Directed,1,129,Exchange,Mags Burke
324,2,Mags' Auntie Pam,Josie Burke,Directed,1,129,Exchange,Mags Burke
326,201,Mags' Cousin Richard,Dorothy,Directed,1,129,Exchange,Mags Burke
321,320,Kathleen Roche,Doctor Roche,Directed,1,129,Exchange,Mags Burke
324,48,Mags' Auntie Pam,Eileen Burke,Directed,1,129,Exchange,Mags Burke
324,201,Mags' Auntie Pam,Dorothy,Directed,1,129,Exchange,Mags Burke
324,321,Mags' Auntie Pam,Kathleen Roche,Directed,1,129,Exchange,Mags Burke
49,201,Eamonn Burke,Dorothy,Directed,1,129,Exchange,Mags Burke
324,88,Mags' Auntie Pam,Yvonne Burke,Directed,1,129,Exchange,Mags Burke
324,22,Mags' Auntie Pam,Pokey Burke,Directed,1,129,Exchange,Mags Burke
324,320,Mags' Auntie Pam,Doctor Roche,Directed,1,129,Exchange,Mags Burke
324,326,Mags' Auntie Pam,Mags' Cousin Richard,Directed,1,129,Exchange,Mags Burke
324,322,Mags' Auntie Pam,Pat Hourigan,Directed,1,129,Exchange,Mags Burke
2,321,Josie Burke,Kathleen Roche,Directed,1,129,Exchange,Mags Burke
321,2,Kathleen Roche,Josie Burke,Directed,1,129,Exchange,Mags Burke
2,323,Josie Burke,The Crawfords,Directed,1,129,Exchange,Mags Burke
48,321,Eileen Burke,Kathleen Roche,Directed,1,129,Exchange,Mags Burke
49,2,Eamonn Burke,Josie Burke,Directed,1,129,Exchange,Mags Burke
2,88,Josie Burke,Yvonne Burke,Directed,1,129,Exchange,Mags Burke
49,326,Eamonn Burke,Mags' Cousin Richard,Directed,1,129,Exchange,Mags Burke
49,325,Eamonn Burke,Mags' Uncle Dicky,Directed,1,129,Exchange,Mags Burke
49,322,Eamonn Burke,Pat Hourigan,Directed,1,129,Exchange,Mags Burke
49,22,Eamonn Burke,Pokey Burke,Directed,1,129,Exchange,Mags Burke
18,318,Mags Burke,Ger,Directed,1,129,Exchange,Mags Burke
49,323,Eamonn Burke,The Crawfords,Directed,1,129,Exchange,Mags Burke
48,320,Eileen Burke,Doctor Roche,Directed,1,129,Exchange,Mags Burke
48,201,Eileen Burke,Dorothy,Directed,1,129,Exchange,Mags Burke
48,49,Eileen Burke,Eamonn Burke,Directed,1,129,Exchange,Mags Burke
49,321,Eamonn Burke,Kathleen Roche,Directed,1,129,Exchange,Mags Burke
324,325,Mags' Auntie Pam,Mags' Uncle Dicky,Directed,1,129,Exchange,Mags Burke
326,2,Mags' Cousin Richard,Josie Burke,Directed,1,129,Exchange,Mags Burke
322,325,Pat Hourigan,Mags' Uncle Dicky,Directed,1,129,Exchange,Mags Burke
49,88,Eamonn Burke,Yvonne Burke,Directed,1,129,Exchange,Mags Burke
323,88,The Crawfords,Yvonne Burke,Directed,1,129,Exchange,Mags Burke
49,324,Eamonn Burke,Mags' Auntie Pam,Directed,1,129,Exchange,Mags Burke
323,322,The Crawfords,Pat Hourigan,Directed,1,129,Exchange,Mags Burke
2,322,Josie Burke,Pat Hourigan,Directed,1,129,Exchange,Mags Burke
2,325,Josie Burke,Mags' Uncle Dicky,Directed,1,129,Exchange,Mags Burke
2,18,Josie Burke,Mags Burke,Directed,1,129,Exchange,Mags Burke
323,22,The Crawfords,Pokey Burke,Directed,1,129,Exchange,Mags Burke
2,324,Josie Burke,Mags' Auntie Pam,Directed,1,129,Exchange,Mags Burke
321,324,Kathleen Roche,Mags' Auntie Pam,Directed,1,129,Exchange,Mags Burke
48,324,Eileen Burke,Mags' Auntie Pam,Directed,1,129,Exchange,Mags Burke
323,49,The Crawfords,Eamonn Burke,Directed,1,129,Exchange,Mags Burke
2,326,Josie Burke,Mags' Cousin Richard,Directed,1,129,Exchange,Mags Burke
323,2,The Crawfords,Josie Burke,Directed,1,129,Exchange,Mags Burke
323,321,The Crawfords,Kathleen Roche,Directed,1,129,Exchange,Mags Burke
323,324,The Crawfords,Mags' Auntie Pam,Directed,1,129,Exchange,Mags Burke
49,48,Eamonn Burke,Eileen Burke,Directed,1,129,Exchange,Mags Burke
18,2,Mags Burke,Josie Burke,Directed,1,129,Exchange,Mags Burke
323,326,The Crawfords,Mags' Cousin Richard,Directed,1,129,Exchange,Mags Burke
323,325,The Crawfords,Mags' Uncle Dicky,Directed,1,129,Exchange,Mags Burke
323,48,The Crawfords,Eileen Burke,Directed,1,129,Exchange,Mags Burke
327,18,Mags' old lecturer,Mags Burke,Directed,1,130,Exchange,Mags Burke
18,327,Mags Burke,Mags' old lecturer,Directed,1,130,Exchange,Mags Burke
318,18,Ger,Mags Burke,Directed,1,130,Exchange,Mags Burke
18,318,Mags Burke,Ger,Directed,1,130,Exchange,Mags Burke
328,19,"""mad old biddy""",Jim Gildea,Directed,1,132,Exchange,Jim Gildea
19,328,Jim Gildea,"""mad old biddy""",Directed,1,132,Exchange,Jim Gildea
19,328,Jim Gildea,"""mad old biddy""",Directed,1,133,Exchange,Jim Gildea
328,19,"""mad old biddy""",Jim Gildea,Directed,1,133,Exchange,Jim Gildea
336,335,Search party (for Dylan),Forensics lads,Directed,1,134,Exchange,Jim Gildea
12,5,Seanie Shaper (Sean Shanahan),Réaltín,Directed,1,134,Exchange,Jim Gildea
19,335,Jim Gildea,Forensics lads,Directed,1,134,Exchange,Jim Gildea
5,12,Réaltín,Seanie Shaper (Sean Shanahan),Directed,1,134,Exchange,Jim Gildea
337,19,Philly,Jim Gildea,Directed,1,134,Exchange,Jim Gildea
335,19,Forensics lads,Jim Gildea,Directed,1,134,Exchange,Jim Gildea
335,336,Forensics lads,Search party (for Dylan),Directed,1,134,Exchange,Jim Gildea
19,337,Jim Gildea,Philly,Directed,1,134,Exchange,Jim Gildea
337,12,Philly,Seanie Shaper (Sean Shanahan),Directed,1,134,Exchange,Jim Gildea
12,337,Seanie Shaper (Sean Shanahan),Philly,Directed,1,134,Exchange,Jim Gildea
1,19,Bobby Mahon,Jim Gildea,Directed,1,135,Exchange,Jim Gildea
19,1,Jim Gildea,Bobby Mahon,Directed,1,135,Exchange,Jim Gildea
19,367,Jim Gildea,Mary Gildea,Directed,1,135,Exchange,Jim Gildea
338,19,Civil Defence Boys,Jim Gildea,Directed,1,135,Exchange,Jim Gildea
367,19,Mary Gildea,Jim Gildea,Directed,1,135,Exchange,Jim Gildea
19,338,Jim Gildea,Civil Defence Boys,Directed,1,135,Exchange,Jim Gildea
14,8,Lloyd,Trevor,Directed,1,136,Exchange,Jim Gildea
14,6,Lloyd,Timmy Hanrahan,Directed,1,136,Exchange,Jim Gildea
14,335,Lloyd,Forensics lads,Directed,1,136,Exchange,Jim Gildea
335,14,Forensics lads,Lloyd,Directed,1,136,Exchange,Jim Gildea
19,6,Jim Gildea,Timmy Hanrahan,Directed,1,136,Exchange,Jim Gildea
316,19,children from the Montessori school,Jim Gildea,Directed,1,136,Exchange,Jim Gildea
8,14,Trevor,Lloyd,Directed,1,136,Exchange,Jim Gildea
6,19,Timmy Hanrahan,Jim Gildea,Directed,1,136,Exchange,Jim Gildea
19,316,Jim Gildea,children from the Montessori school,Directed,1,136,Exchange,Jim Gildea
337,8,Philly,Trevor,Directed,1,137,Exchange,Jim Gildea
14,8,Lloyd,Trevor,Directed,1,137,Exchange,Jim Gildea
14,6,Lloyd,Timmy Hanrahan,Directed,1,137,Exchange,Jim Gildea
8,14,Trevor,Lloyd,Directed,1,137,Exchange,Jim Gildea
19,337,Jim Gildea,Philly,Directed,1,137,Exchange,Jim Gildea
19,6,Jim Gildea,Timmy Hanrahan,Directed,1,137,Exchange,Jim Gildea
6,19,Timmy Hanrahan,Jim Gildea,Directed,1,137,Exchange,Jim Gildea
92,55,Armed Response Guards,the Cunliffes' son,Directed,1,137,Exchange,Jim Gildea
55,92,the Cunliffes' son,Armed Response Guards,Directed,1,137,Exchange,Jim Gildea
8,337,Trevor,Philly,Directed,1,137,Exchange,Jim Gildea
337,19,Philly,Jim Gildea,Directed,1,137,Exchange,Jim Gildea
343,341,children (abstract),the Tans,Directed,1,138,Exchange,Jim Gildea
341,343,the Tans,children (abstract),Directed,1,138,Exchange,Jim Gildea
341,342,the Tans,women (abstract),Directed,1,138,Exchange,Jim Gildea
342,341,women (abstract),the Tans,Directed,1,138,Exchange,Jim Gildea
17,20,Denis,Frank Mahon,Directed,1,139,Exchange,Frank Mahon
20,17,Frank Mahon,Denis,Directed,1,139,Exchange,Frank Mahon
19,1,Jim Gildea,Bobby Mahon,Directed,1,140,Exchange,Frank Mahon
1,19,Bobby Mahon,Jim Gildea,Directed,1,140,Exchange,Frank Mahon
19,1,Jim Gildea,Bobby Mahon,Directed,1,141,Exchange,Frank Mahon
1,19,Bobby Mahon,Jim Gildea,Directed,1,141,Exchange,Frank Mahon
345,20,blondie lady of the Cassidys,Frank Mahon,Directed,1,141,Exchange,Frank Mahon
20,345,Frank Mahon,blondie lady of the Cassidys,Directed,1,141,Exchange,Frank Mahon
1,20,Bobby Mahon,Frank Mahon,Directed,1,142,Exchange,Frank Mahon
20,54,Frank Mahon,Bobby's Mother,Directed,1,142,Exchange,Frank Mahon
54,1,Bobby's Mother,Bobby Mahon,Directed,1,142,Exchange,Frank Mahon
1,54,Bobby Mahon,Bobby's Mother,Directed,1,142,Exchange,Frank Mahon
54,20,Bobby's Mother,Frank Mahon,Directed,1,142,Exchange,Frank Mahon
20,1,Frank Mahon,Bobby Mahon,Directed,1,142,Exchange,Frank Mahon
20,348,Frank Mahon,Frank's teacher,Directed,1,143,Exchange,Frank Mahon
46,20,Bobby's Grandad,Frank Mahon,Directed,1,143,Exchange,Frank Mahon
54,20,Bobby's Mother,Frank Mahon,Directed,1,143,Exchange,Frank Mahon
349,348,Cigire (inspector),Frank's teacher,Directed,1,143,Exchange,Frank Mahon
20,46,Frank Mahon,Bobby's Grandad,Directed,1,143,Exchange,Frank Mahon
20,54,Frank Mahon,Bobby's Mother,Directed,1,143,Exchange,Frank Mahon
348,349,Frank's teacher,Cigire (inspector),Directed,1,143,Exchange,Frank Mahon
348,20,Frank's teacher,Frank Mahon,Directed,1,143,Exchange,Frank Mahon
46,20,Bobby's Grandad,Frank Mahon,Directed,1,144,Exchange,Frank Mahon
46,350,Bobby's Grandad,Frank's Mother,Directed,1,144,Exchange,Frank Mahon
20,46,Frank Mahon,Bobby's Grandad,Directed,1,144,Exchange,Frank Mahon
350,46,Frank's Mother,Bobby's Grandad,Directed,1,144,Exchange,Frank Mahon
351,20,"""every fat Publican in five parishes""",Frank Mahon,Directed,1,145,Exchange,Frank Mahon
20,351,Frank Mahon,"""every fat Publican in five parishes""",Directed,1,145,Exchange,Frank Mahon
353,21,Cousin Coley,Triona Cahill/Mahon,Directed,1,146,Exchange,Triona Cahill/Mahon
352,353,Auntie Bernadette,Cousin Coley,Directed,1,146,Exchange,Triona Cahill/Mahon
21,353,Triona Cahill/Mahon,Cousin Coley,Directed,1,146,Exchange,Triona Cahill/Mahon
353,352,Cousin Coley,Auntie Bernadette,Directed,1,146,Exchange,Triona Cahill/Mahon
21,22,Triona Cahill/Mahon,Pokey Burke,Directed,1,147,Exchange,Triona Cahill/Mahon
354,21,"""the other lads""",Triona Cahill/Mahon,Directed,1,147,Exchange,Triona Cahill/Mahon
21,354,Triona Cahill/Mahon,"""the other lads""",Directed,1,147,Exchange,Triona Cahill/Mahon
21,355,Triona Cahill/Mahon,Triona's Mother,Directed,1,147,Exchange,Triona Cahill/Mahon
22,21,Pokey Burke,Triona Cahill/Mahon,Directed,1,147,Exchange,Triona Cahill/Mahon
355,21,Triona's Mother,Triona Cahill/Mahon,Directed,1,147,Exchange,Triona Cahill/Mahon
1,21,Bobby Mahon,Triona Cahill/Mahon,Directed,1,148,Exchange,Triona Cahill/Mahon
21,1,Triona Cahill/Mahon,Bobby Mahon,Directed,1,148,Exchange,Triona Cahill/Mahon
358,1,Old boy from Ciss Brien's bar,Bobby Mahon,Directed,1,150,Exchange,Triona Cahill/Mahon
1,359,Bobby Mahon,Bobby's football club,Directed,1,150,Exchange,Triona Cahill/Mahon
359,1,Bobby's football club,Bobby Mahon,Directed,1,150,Exchange,Triona Cahill/Mahon
1,358,Bobby Mahon,Old boy from Ciss Brien's bar,Directed,1,150,Exchange,Triona Cahill/Mahon
21,356,Triona Cahill/Mahon,Triona's Father,Directed,1,151,Exchange,Triona Cahill/Mahon
356,21,Triona's Father,Triona Cahill/Mahon,Directed,1,151,Exchange,Triona Cahill/Mahon
21,20,Triona Cahill/Mahon,Frank Mahon,Directed,1,152,Exchange,Triona Cahill/Mahon
361,356,Triona's Father's GP,Triona's Father,Directed,1,152,Exchange,Triona Cahill/Mahon
20,21,Frank Mahon,Triona Cahill/Mahon,Directed,1,152,Exchange,Triona Cahill/Mahon
356,361,Triona's Father,Triona's Father's GP,Directed,1,152,Exchange,Triona Cahill/Mahon
356,362,Triona's Father,Regional Hospital Doctors,Directed,1,152,Exchange,Triona Cahill/Mahon
21,356,Triona Cahill/Mahon,Triona's Father,Directed,1,152,Exchange,Triona Cahill/Mahon
362,356,Regional Hospital Doctors,Triona's Father,Directed,1,152,Exchange,Triona Cahill/Mahon
356,21,Triona's Father,Triona Cahill/Mahon,Directed,1,152,Exchange,Triona Cahill/Mahon
364,21,one of the Teapot Taliban,Triona Cahill/Mahon,Directed,1,153,Exchange,Triona Cahill/Mahon
363,1,"""old codgers""",Bobby Mahon,Directed,1,153,Exchange,Triona Cahill/Mahon
21,364,Triona Cahill/Mahon,one of the Teapot Taliban,Directed,1,153,Exchange,Triona Cahill/Mahon
1,363,Bobby Mahon,"""old codgers""",Directed,1,153,Exchange,Triona Cahill/Mahon
367,365,Mary Gildea,People (abstract),Directed,1,155,Exchange,Triona Cahill/Mahon
365,367,People (abstract),Mary Gildea,Directed,1,155,Exchange,Triona Cahill/Mahon
21,1,Triona Cahill/Mahon,Bobby Mahon,Directed,1,156,Exchange,Triona Cahill/Mahon
1,21,Bobby Mahon,Triona Cahill/Mahon,Directed,1,156,Exchange,Triona Cahill/Mahon
