"id","label"
"183","""a cop"" (118)"
"104","""a cop"" (74)"
"187","""a crowd of people"" (125)"
"128","""a few folks"" (84)"
"78","""a flurry of children"" (60)"
"117","""a man with a basket of party favours"" (79)"
"199","""a parent"" (131)"
"15","""a shirtless man"" (20)"
"132","""a teacher"" (87)"
"200","""a toddler"" (131)"
"91","""a white lady"" at the nail salon (68)"
"162","""a young girl named Samantha"" (108)"
"358","""abusive partners"""
"101","""Ada, the palm reader"" (74)"
"212","""all of the children"" in the Galloway Shelter (137"
"130","""all the children sitting cross legged"" (85)"
"168","""all the girls on the playground"" (113)"
"82","""all the parents"" (61)"
"58","""an elderly Asian woman"" (41) / The bowling alley "
"359","""angry drug dealers"""
"388","""Brothers""(141)"
"390","""Children""(141)"
"110","""chubby white boy with red hair"" (77)"
"102","""Cindy, the puppy mill lady"" (74)"
"387","""Cousins"" (141)"
"391","""Daddies"" (141)"
"178","""each student"" (117)"
"169","""families with lighter skin"" (113)"
"164","""fat kids"" (108)"
"386","""Fathers"" (141)"
"126","""four gangly teens"" (84)"
"19","""grade three classmates"" (24)"
"33","""her mother in law"" (36)"
"266","""Hilda"""
"95","""his friends who came over"" (72)"
"111","""his grandma"" (78)"
"75","""hungry people"" (57)"
"22","""Indian kids"" (26)"
"215","""Kids"" (at the Woodbine Racetrack) (138)"
"100","""Maurie, the bus driver"" (74)"
"94","""Mitchell next door"" (72)"
"195","""moneyed folks"" (129)"
"389","""Mother[s]"" (141)"
"118","""niece"" (80)"
"98","""nosy people"" (73)"
"99","""old ladies"" (73)"
"56","""older kids"" (33)"
"173","""one and one-half parents"" (114)"
"52","""one elderly woman"" (32)"
"197","""one mother"" (130)"
"90","""one of the Vietnamese ladies at the counter"" (67)"
"213","""other unsupervised children"" (138)"
"172","""our fathers"" (114)"
"175","""our grandmothers"" (114)"
"127","""P*kis"""
"214","""parents"" (at the Woodbine Racetrack) (138)"
"179","""parents"" (of children in Landau's class)"
"190","""poor brown and Black parents"" (126)"
"133","""several toddlers"" (87)"
"174","""siblings from different dads"" (114)"
"323","""Single mamas"""
"114","""smiling black women in shower caps"" (79)"
"385","""Social workers"" (141)"
"181","""some black boy"" (118)"
"191","""some lady in a pantsuit"" (126)"
"157","""some lawyer on TV"" (103)"
"113","""some man wearing a UFC bandana"" (79)"
"196","""some of the caregivers"" (130)"
"159","""spies disguised as waiters"" (on TV)(105)"
"180","""the band English Beat"" (118)"
"204","""the band Kiss"" (131)"
"63","""the boys"" (Cory's friends)"
"221","""the driver"" (140)"
"176","""the hooligans"" (114)"
"120","""the lady in front of us"" (80)"
"208","""the literary centre's regulars"" (132)"
"209","""the nurses"" (135)"
"105","""the people sitting across from him"" (73)"
"119","""the rest of the line"" (80)"
"188","""the rest of the tenants"" (125)"
"81","""the school-agers"" (61)"
"177","""the students in Mrs Landau's class"" (117)"
"211","""the surgeon""(135)"
"30","""the white lady"" (35)"
"163","""the zookeeper"" (in story) (108)"
"219","""their families"" (139)"
"80","""their parents"" (60)"
"79","""three toddlers"" (60)"
"393","""towelheads"""
"357","""twenty-four hour staff"""
"170","""two whole parents with two whole jobs"" (113)"
"392","""Uncle[s]"" (141)"
"171","""we the brown kids"" (114)"
"108","""white kids"" (77)"
"112","""white lady wearing a muumuu"" (78)"
"135","a baby"
"134","a caregiver"
"44","Aiden Chan"
"86","Aiden Redden"
"138","American Idol judges"
"50","Amina Mohammed"
"142","Anna Maria De Souza"
"206","Anna's daughter"
"156","arts kids"
"276","Ate Lin Menendez"
"279","Ate Lou Menendez"
"218","Atheists"
"225","Aunt (who took away the woman's kids)"
"368","Autistic child (in video)"
"244","Babies"
"366","Ben"
"145","Benjamin Tate"
"293","Bing's Class"
"38","Bing's Dad"
"382","Bing's Partner"
"28","Bing/Bernard Espiritu"
"165","Blackfoot Indigenous group"
"306","Bob Marley"
"308","Brown family"
"320","Buck (that Jonathon sees)"
"348","Bullfighters in Spain"
"369","Caregiver (in video)"
"233","Caribbean People"
"192","Celene Dion"
"292","Celine Dion"
"355","Charlie (and the Chocolate Factory)"
"271","Children in Africa"
"315","Children in Pearson Memorial Junior Public School"
"76","children in the community"
"283","Children who did not yet observe Communion"
"294","Children who survived the fire"
"23","Children's Aid (25)"
"154","children's choir"
"53","Chloe Smith"
"193","Christians"
"226","Cindy"
"236","Cindy's classmates"
"234","Cindy's friend (with Guyanese roots)"
"235","Cindy's Friend's Wife"
"257","Cindy's landlord"
"230","Cindy's Mother"
"232","Cindy's other children"
"237","Cindy's teachers"
"7","Clara Jane Donohue"
"106","Clementine (orangutan)"
"327","Clementine's siblings"
"220","Clive"
"267","Clive's father"
"85","Cole Hester"
"4","Cory Mitkowski"
"40","Cory's boss"
"129","Cory's father"
"264","Couple (Clive sleeps with)"
"297","Creator"
"339","Customers (at the nail salon)"
"322","Dads (""who lose their kids..."")"
"274","Devout Catholic Filipinos"
"353","Dr. Berger"
"356","Dr. Berger's Receptionist"
"29","Edna Espiritu"
"351","Edna's family"
"77","Edward Donohue"
"238","El Salvadorians"
"295","Elder Fay"
"305","Elders"
"278","Employers (of the Menendez sisters)"
"310","Estheticians at Edna's salon"
"228","Eunice (Cindy's Aunt)"
"103","Eunice (Cindy's dog)"
"258","Eunice's puppies"
"252","Europeans"
"309","Evalyn Chau"
"68","Evan Roy"
"354","Family Doctor (Hina's friend)"
"161","farmers"
"282","Father Joseph"
"64","Fern Donahue"
"242","Filipinos"
"46","Finnegan Everson"
"287","Firemen"
"371","Five Women (holding certificates)"
"347","Frank Sinatra"
"302","Funding and Development Officer"
"231","Gabby"
"41","Geraldine McDonough"
"314","Girl (projecting a presentation)"
"37","God"
"160","Hakim"
"47","Helen Mckay"
"5","Hina Hassani"
"210","Hina's classmates (135)"
"151","Hina's family"
"317","Hot Dog"
"319","Hot Dog's litters"
"92","Ivana"
"290","Ivana's mom"
"71","Jane Fulton"
"270","Jason"
"45","Jennifer Chan"
"6","Jessica (Laura's Mom)"
"184","Jessica's grandma"
"35","Jesus"
"203","Jimi Hendrix"
"249","Joffrey"
"12","Johnny Beaudoin"
"27","Jonathon Beaudoin"
"84","Justin Bieber"
"224","Kids (of the woman who collapsed)"
"342","Kids crying from stage fright"
"158","kids in Mrs. Finnegan's class"
"155","kids in the gifted program"
"325","Kids of ""Single mamas"""
"189","Kids who attended Jessica's daycare (126)"
"66","Kyle Keegan"
"186","L"
"335","Ladies (at the rub and tug)"
"207","Lady Roy"
"3","Laura Mitkowski"
"131","Laura's classmates"
"298","Levy"
"49","Liam Williams"
"149","Liberal Party"
"43","Lily Chan"
"281","Little boy (in the choir)"
"247","Little Cesars"
"248","Lorna"
"144","Luka DiSorono"
"370","Madame Gauthier"
"301","Marca Angelo"
"11","Marie Beaudoin"
"363","Marie's Grandma"
"73","marketing and development officer of Ontario Reads"
"122","Melvin"
"378","Men singing and drumming at the Powwow"
"93","men who ""come here for tugs"" (69)"
"280","Menendez sisters' Mother"
"201","Micah the martian"
"246","Michael Jackson"
"26","Michelle"
"364","miners"
"311","Miss Peaches"
"137","Mother Mary"
"24","Mr. George"
"9","Mr. Kamal"
"316","Mr. Palmer"
"260","Mr. Park"
"13","Mrs Abdul"
"61","Mrs Crosby"
"87","Mrs Emerson"
"62","Mrs Landau"
"20","Mrs. Falls"
"31","Mrs. Finnegan"
"341","Mrs. Fitz"
"8","Mrs. Kamal"
"381","Mrs. Kamal's children"
"380","Mrs. Kamal's husband"
"60","Mrs. Khan"
"21","Mrs. Rhodes"
"337","Mrs. Zoe"
"217","Muslims"
"124","n****rs"
"300","Natalia Angelo"
"148","NDP Party"
"326","Officer Tyndall"
"336","Officer Tyndall's ""girlfriend"""
"288","old lady in curlers"
"289","old lady's crack dealer"
"277","Old man (who owned Happy Chicken)"
"338","Older lady with glasses"
"42","Ontario Reads facilitators"
"72","Oprah Winfrey"
"332","Other animals (at the zoo)"
"331","Painted Box Turtles"
"240","Pakistanis"
"67","Pamela Roy"
"343","Parents double-fisted with ice cream cones"
"299","Parents in Ms Hina's group"
"57","parents in the community"
"17","Parker"
"18","Parker's mom"
"146","Paula Santiago"
"65","Paulo Sanchez"
"261","People ""down the hall"" from Cory"
"222","People ""like Christy"" (141)"
"352","People at Food Basics"
"262","People in the East Point Bird Sanctuary"
"375","Person (on loud speaker at the Powwow)"
"123","person on the phone with Winsum"
"125","Peter"
"372","Photographer"
"377","Powwow Dancers"
"139","Priests"
"83","Principal Sankiewicz"
"150","Raj (Hina'a cousin)"
"307","Ravinder Kaur"
"143","Reese Knowles"
"367","Researchers (of autism)"
"216","Residents of the Galloway Shelter"
"97","Richard"
"365","Rita"
"313","Rouge Hill Parents"
"312","Rouge Hill Secretary"
"166","Roy (Christy's boyfriend)"
"303","Ryan Hoffman"
"304","Ryan Hoffman's family"
"36","Saints"
"205","Santa"
"254","Scarborough locals"
"373","School-aged-children"
"48","Sebastian Dennis"
"243","Senior citizens (""who turned their cottages..."")"
"334","Shoplifter"
"324","Sisters of ""single mamas"""
"25","Slutty Christy"
"345","Small boy with coke-bottle glasses"
"141","Sonia DiSorono"
"153","South Asians"
"361","Specialists"
"239","Sri Lankans"
"273","St. Malachy"
"291","Streetcar driver"
"10","Sylvie Beaudoin"
"318","Sylvie's Grandpa"
"383","Sylvie's readers"
"374","Tammy"
"333","Tarek"
"70","Tasha Roy"
"286","Tenants in Lady's building"
"202","the band Kiss"
"89","the bus driver"
"115","the cashier (dollar store)"
"88","the children on the bus"
"241","The Chinese"
"167","the Creator"
"16","The doctor at the walk-in clinic"
"116","the manager (dollar store)"
"107","the orangutan's mother (in story)"
"59","The police"
"272","The Queen"
"362","The Speech Therapist"
"253","The Swiss"
"275","The third Menendez sister"
"39","Tita Mae"
"136","Tito Ferdie (Bing's uncle)"
"350","Tito Ferdie's Partner"
"344","tone-deaf band"
"321","Track worker"
"227","Travis"
"245","two refugees from El Salvador"
"269","Uncle Olly"
"256","Vet"
"96","Victor"
"284","Victor's mom"
"32","Vietnamese ladies"
"330","Visitors (of the zoo)"
"376","Visitors (to the Powwow)"
"51","Waleed Mohammed"
"14","Walk-in clinic receptionist (19)"
"229","Wendy (Cindy's Aunt)"
"255","Wendy (Cindy's dog)"
"268","Wendy Donohue"
"259","Wendy's litters"
"329","White Handed Gibbons"
"109","white kids' grandparents (77)"
"34","White people"
"346","Whitney Houston"
"147","Winston Dunst"
"121","Winsum"
"251","Winsum's cousins"
"250","Winsum's Mother"
"265","Wives (of homosexuals)"
"223","Woman (Michelle sees collapse)"
"140","Yanna Knowles"
"69","Yanna Roy"
"285","Yanna, Evan, and Tasha's Father"
"263","Young blond man"
"379","Youssef"
"328","Zookeepers"
