Relative Order,Event Name,Start Date,End Date,Is Approximate?,Narrator,Start Page,End Page,Start Date TT,End Date TT,Start Page TT,End Page TT,Is Approximate TT?,Evidence,Participating Characters,R Alma Mereminski,R Alma Mereminski's father,R Alma Mereminski's mother,R Leo Gursky,R Leo's father,R Leo's mother,R Zvi Litvinoff,R Isaac Moritz,R Rosa Litvinoff,R David Singer,R Bookstore owner (in Buenos Aires),R Charlotte Singer,R Bruno,R Alma Singer,R Misha Shklovsky,R Tatiana,R Uncle Julian,R Bird,R Doorman (Alma Mereminski's building),R Jacob Marcus,R Herman Cooper,R Bernard Moritz
1,R Alma Mereminski is born,1920-02-21,0000-01-01,T,R Leo (narrator),128.0,0.0,2000-12-01,2001-01-31,119.0,129.0,T,"""[Alma's] birthday was the twenty-first of February (making her older than me by five months and twenty-eight days)"" (128)",,T,T,T,,,,,,,,,,,,,,,,,,,
2,R Leo is born,1920-08-18,0000-01-01,T,R Leo (narrator),255.0,0.0,2000-12-01,2001-01-31,255.0,255.0,T,"""Leopold Gursky started dying on August 18, 1920""",,,,,T,T,T,,,,,,,,,,,,,,,,
3,R Leo and Alma fall in love,1930-01-01,1940-01-01,T,R Leo (narrator),230.0,0.0,2000-12-01,2001-01-31,230.0,230.0,T,"Leo meets Alma ""a year"" (125) after he ""was nine"" (124); Alma leaves for America in 1940.",,T,,,T,,,,,,,,,,,,,,,,,,
3,R Leo and Alma fall in love,1930-01-01,1940-01-01,T,R Alma (narrator),57.0,0.0,2000-09-14,0000-01-01,57.0,58.0,T,"Leo meets Alma ""a year"" (125) after he ""was nine"" (124); Alma leaves for America in 1940.",,T,,,T,,,,,,,,,,,,,,,,,,
3,R Leo and Alma fall in love,1930-01-01,1940-01-01,T,R Alma (narrator),62.0,0.0,2000-09-14,0000-01-01,61.0,64.0,T,"Leo meets Alma ""a year"" (125) after he ""was nine"" (124); Alma leaves for America in 1940.",,T,,,T,,,,,,,,,,,,,,,,,,
3,R Leo and Alma fall in love,1930-01-01,1940-01-01,T,R Alma (narrator),63.0,0.0,2000-09-14,0000-01-01,61.0,64.0,T,"Leo meets Alma ""a year"" (125) after he ""was nine"" (124); Alma leaves for America in 1940.",,T,,,T,,,,,,,,,,,,,,,,,,
3,R Leo and Alma fall in love,1930-01-01,1940-01-01,T,R Leo (narrator),80.0,0.0,2000-12-01,2001-01-31,75.0,92.0,T,"Leo meets Alma ""a year"" (125) after he ""was nine"" (124); Alma leaves for America in 1940.",,T,,,T,,,,,,,,,,,,,,,,,,
3,R Leo and Alma fall in love,1930-01-01,1940-01-01,T,R Leo (narrator),85.0,0.0,2000-12-01,2001-01-31,75.0,92.0,T,"Leo meets Alma ""a year"" (125) after he ""was nine"" (124); Alma leaves for America in 1940.",,T,,,T,,,,,,,,,,,,,,,,,,
3,R Leo and Alma fall in love,1930-01-01,1940-01-01,T,R Leo (narrator),90.0,0.0,2000-12-01,2001-01-31,75.0,92.0,T,"Leo meets Alma ""a year"" (125) after he ""was nine"" (124); Alma leaves for America in 1940.",,T,,,T,,,,,,,,,,,,,,,,,,
3,R Leo and Alma fall in love,1930-01-01,1940-01-01,T,R Leo (narrator),126.0,0.0,2000-12-01,2001-01-31,119.0,129.0,T,"Leo meets Alma ""a year"" (125) after he ""was nine"" (124); Alma leaves for America in 1940.",,T,,,T,,,,,,,,,,,,,,,,,,
3,R Leo and Alma fall in love,1930-01-01,1940-01-01,T,R Leo (narrator),127.0,0.0,2000-12-01,2001-01-31,119.0,129.0,T,"Leo meets Alma ""a year"" (125) after he ""was nine"" (124); Alma leaves for America in 1940.",,T,,,T,,,,,,,,,,,,,,,,,,
3,R Leo and Alma fall in love,1930-01-01,1940-01-01,T,R Leo (narrator),128.0,0.0,2000-12-01,2001-01-31,119.0,129.0,T,"Leo meets Alma ""a year"" (125) after he ""was nine"" (124); Alma leaves for America in 1940.",,T,,,T,,,,,,,,,,,,,,,,,,
3,R Leo and Alma fall in love,1930-01-01,1940-01-01,T,R Leo (narrator),129.0,0.0,2000-12-01,2001-01-31,119.0,129.0,T,"Leo meets Alma ""a year"" (125) after he ""was nine"" (124); Alma leaves for America in 1940.",,T,,,T,,,,,,,,,,,,,,,,,,
3,R Leo and Alma fall in love,1930-01-01,1940-01-01,T,R Leo (narrator),133.0,0.0,2000-12-01,2001-01-31,132.0,134.0,T,"Leo meets Alma ""a year"" (125) after he ""was nine"" (124); Alma leaves for America in 1940.",,T,,,T,,,,,,,,,,,,,,,,,,
3,R Leo and Alma fall in love,1930-01-01,1940-01-01,T,R Alma (narrator),251.0,0.0,2000-10-21,2001-09-14,251.0,251.0,T,"Leo meets Alma ""a year"" (125) after he ""was nine"" (124); Alma leaves for America in 1940.",,T,,,T,,,,,,,,,,,,,,,,,,
3,R Leo and Alma fall in love,1930-01-01,1940-01-01,T,R Leo (narrator),255.0,0.0,2000-12-01,2001-01-31,255.0,255.0,T,"Leo meets Alma ""a year"" (125) after he ""was nine"" (124); Alma leaves for America in 1940.",,T,,,T,,,,,,,,,,,,,,,,,,
3,R Leo and Alma fall in love,1930-01-01,1940-01-01,T,R Leo (narrator),11.0,0.0,2000-12-01,2001-01-31,3.0,13.0,T,"Leo meets Alma ""a year"" (125) after he ""was nine"" (124); Alma leaves for America in 1940.",,T,,,T,,,,,,,,,,,,,,,,,,
3,R Leo and Alma fall in love,1930-01-01,1940-01-01,T,R Leo (narrator),8.0,0.0,2000-12-01,2001-01-31,3.0,13.0,T,"Leo meets Alma ""a year"" (125) after he ""was nine"" (124); Alma leaves for America in 1940.",,T,,,T,,,,,,,,,,,,,,,,,,
4,R Zvi sees Leo and Alma kiss,1936-05-01,1936-07-31,T,R Zvi's narrator,184.0,0.0,1980-01-01,0000-01-01,183.0,187.0,T,"""Litvinoff remembered the day, early in the summer of 1936"" (184)",,T,,,T,,,T,,,,,,,,,,,,,,,
5,R Leo completes The History of Love,1940-01-27,1941-07-31,T,R Leo (narrator),7.0,0.0,2000-12-01,2001-01-31,3.0,13.0,T,This event happened after Alma leaves for America and before Zvi leaves for Chile.,,,,,T,,,,,,,,,,,,,,,,,,
5,R Leo completes The History of Love,1940-01-27,1941-07-31,T,R Leo (narrator),8.0,0.0,2000-12-01,2001-01-31,3.0,13.0,T,This event happened after Alma leaves for America and before Zvi leaves for Chile.,,,,,T,,,,,,,,,,,,,,,,,,
5,R Leo completes The History of Love,1940-01-27,1941-07-31,T,R Leo (narrator),121.0,0.0,2000-12-01,2001-01-31,119.0,129.0,T,This event happened after Alma leaves for America and before Zvi leaves for Chile.,,,,,T,,,,,,,,,,,,,,,,,,
5,R Leo completes The History of Love,1940-01-27,1941-07-31,T,R Leo (narrator),244.0,0.0,2000-12-01,2001-01-31,244.0,244.0,T,This event happened after Alma leaves for America and before Zvi leaves for Chile.,,,,,T,,,,,,,,,,,,,,,,,,
6,R Zvi steals Leo's obituary,1940-01-27,1941-07-31,T,R Zvi's narrator,118.0,0.0,1980-01-01,0000-01-01,110.0,118.0,T,"This event happened after Alma leaves for America (and after Isaac Babel dies), and before Zvi leaves for Chile.",,,,,T,,,T,,,,,,,,,,,,,,,
7,R Alma Mereminski leaves for America,1940-02-01,1940-04-30,T,R Leo (narrator),12.0,0.0,2000-12-01,2001-01-31,3.0,13.0,T,"Isaac was born after Oct 8 1940 and before Nov 1 1940. Alma ""threw up the whole way"" (12) to America. Morning sickness usually occurs within the first trimester. This date range encompasses the first trimester.",,T,,,,,,,,,,,,,,,,,,,,,
7,R Alma Mereminski leaves for America,1940-02-01,1940-04-30,T,R Alma (narrator),251.0,0.0,2000-10-21,2001-09-14,251.0,251.0,T,"Isaac was born after Oct 8 1940 and before Nov 1 1940. Alma ""threw up the whole way"" (12) to America. Morning sickness usually occurs within the first trimester. This date range encompasses the first trimester.",,T,,,,,,,,,,,,,,,,,,,,,
7,R Alma Mereminski leaves for America,1940-02-01,1940-04-30,T,R Alma (narrator),171.0,0.0,2000-09-14,0000-01-01,171.0,171.0,T,"Isaac was born after Oct 8 1940 and before Nov 1 1940. Alma ""threw up the whole way"" (12) to America. Morning sickness usually occurs within the first trimester. This date range encompasses the first trimester.",,T,,,,,,,,,,,,,,,,,,,,,
7,R Alma Mereminski leaves for America,1940-02-01,1940-04-30,T,R Leo (narrator),8.0,0.0,2000-12-01,2001-01-31,3.0,13.0,T,"Isaac was born after Oct 8 1940 and before Nov 1 1940. Alma ""threw up the whole way"" (12) to America. Morning sickness usually occurs within the first trimester. This date range encompasses the first trimester.",,T,,,,,,,,,,,,,,,,,,,,,
7,R Alma Mereminski leaves for America,1940-02-01,1940-04-30,T,R Leo (narrator),11.0,0.0,2000-12-01,2001-01-31,3.0,13.0,T,"Isaac was born after Oct 8 1940 and before Nov 1 1940. Alma ""threw up the whole way"" (12) to America. Morning sickness usually occurs within the first trimester. This date range encompasses the first trimester.",,T,,,,,,,,,,,,,,,,,,,,,
7,R Alma Mereminski leaves for America,1940-02-01,1940-04-30,T,R Alma (narrator),140.0,0.0,2000-09-14,0000-01-01,140.0,141.0,T,"Isaac was born after Oct 8 1940 and before Nov 1 1940. Alma ""threw up the whole way"" (12) to America. Morning sickness usually occurs within the first trimester. This date range encompasses the first trimester.",,T,,,,,,,,,,,,,,,,,,,,,
8,R Isaac is born,1940-10-08,1940-10-31,T,R Leo (narrator),164.0,0.0,2000-12-01,2001-01-31,160.0,169.0,T,"Isaac was 60 when he died the Tuesday before Saturday, October 7 (77, 80), and was probably conceived when both Alma and Leo ""were seventeen"" (11). This date range accommodates for each of their birthdays.",,T,,,,,,,T,,,,,,,,,,,,,,
8,R Isaac is born,1940-10-08,1940-10-31,T,R Leo (narrator),13.0,0.0,2000-12-01,2001-01-31,3.0,13.0,T,"Isaac was 60 when he died the Tuesday before Saturday, October 7 (77, 80), and was probably conceived when both Alma and Leo ""were seventeen"" (11). This date range accommodates for each of their birthdays.",,T,,,,,,,T,,,,,,,,,,,,,,
8,R Isaac is born,1940-10-08,1940-10-31,T,R Leo (narrator),8.0,0.0,2000-12-01,2001-01-31,75.0,92.0,T,"Isaac was 60 when he died the Tuesday before Saturday, October 7 (77, 80), and was probably conceived when both Alma and Leo ""were seventeen"" (11). This date range accommodates for each of their birthdays.",,T,,,,,,,T,,,,,,,,,,,,,,
9,R Zvi leaves for Chile with The History of Love,1941-01-01,1941-07-31,T,R Zvi's narrator,55.0,0.0,1980-01-01,0000-01-01,65.0,74.0,T,"Zvi ""moved to Chile in 1941"" (74), but he moved before the Nazis invaded Slonim. Zvi received The History of Love ""on his last morning in Poland"" (153)",,,,,,,,T,,,,,,,,,,,,,,,
9,R Zvi leaves for Chile with The History of Love,1941-01-01,1941-07-31,T,R Zvi's narrator,110.0,0.0,1980-01-01,0000-01-01,110.0,118.0,T,"Zvi ""moved to Chile in 1941"" (74), but he moved before the Nazis invaded Slonim. Zvi received The History of Love ""on his last morning in Poland"" (153)",,,,,,,,T,,,,,,,,,,,,,,,
9,R Zvi leaves for Chile with The History of Love,1941-01-01,1941-07-31,T,R Zvi's narrator,154.0,0.0,1980-01-01,0000-01-01,153.0,159.0,T,"Zvi ""moved to Chile in 1941"" (74), but he moved before the Nazis invaded Slonim. Zvi received The History of Love ""on his last morning in Poland"" (153)",,,,,,,,T,,,,,,,,,,,,,,,
9,R Zvi leaves for Chile with The History of Love,1941-01-01,1941-07-31,T,R Alma (narrator),148.0,0.0,2000-09-14,0000-01-01,148.0,149.0,T,"Zvi ""moved to Chile in 1941"" (74), but he moved before the Nazis invaded Slonim. Zvi received The History of Love ""on his last morning in Poland"" (153)",,,,,,,,T,,,,,,,,,,,,,,,
9,R Zvi leaves for Chile with The History of Love,1941-01-01,1941-07-31,T,R Zvi's narrator,153.0,0.0,1980-01-01,0000-01-01,153.0,159.0,T,"Zvi ""moved to Chile in 1941"" (74), but he moved before the Nazis invaded Slonim. Zvi received The History of Love ""on his last morning in Poland"" (153)",,,,,,,,T,,,,,,,,,,,,,,,
9,R Zvi leaves for Chile with The History of Love,1941-01-01,1941-07-31,T,R Alma (narrator),141.0,0.0,2000-09-14,0000-01-01,140.0,141.0,T,"Zvi ""moved to Chile in 1941"" (74), but he moved before the Nazis invaded Slonim. Zvi received The History of Love ""on his last morning in Poland"" (153)",,,,,,,,T,,,,,,,,,,,,,,,
9,R Zvi leaves for Chile with The History of Love,1941-01-01,1941-07-31,T,R Zvi's narrator,74.0,0.0,1980-01-01,0000-01-01,65.0,74.0,T,"Zvi ""moved to Chile in 1941"" (74), but he moved before the Nazis invaded Slonim. Zvi received The History of Love ""on his last morning in Poland"" (153)",,,,,,,,T,,,,,,,,,,,,,,,
10,R The Nazis invade Slonim,1941-07-01,1941-07-31,T,R Alma (narrator),140.0,0.0,2000-09-14,0000-01-01,140.0,141.0,T,Google it.,,,,,,,,,,,,,,,,,,,,,,,
11,R Leo escapes the Nazis,1941-07-01,1945-02-28,T,R Leo (narrator),12.0,0.0,2000-12-01,2001-01-31,3.0,13.0,T,"Leo ""spent three and a half years hiding"" (12).",,,,,T,,,,,,,,,,,,,,,,,,
10,R The Nazis invade Slonim,1941-07-01,1941-07-31,T,R Leo (narrator),8.0,0.0,2000-12-01,2001-01-31,3.0,13.0,T,Google it.,,,,,,,,,,,,,,,,,,,,,,,
11,R Leo escapes the Nazis,1941-07-01,1945-02-28,T,R Leo (narrator),226.0,0.0,2000-12-01,2001-01-31,226.0,226.0,T,"Leo ""spent three and a half years hiding"" (12).",,,,,T,,,,,,,,,,,,,,,,,,
10,R The Nazis invade Slonim,1941-07-01,1941-07-31,T,R Leo (narrator),12.0,0.0,2000-12-01,2001-01-31,3.0,13.0,T,Google it.,,,,,,,,,,,,,,,,,,,,,,,
11,R Leo escapes the Nazis,1941-07-01,1945-02-28,T,R Leo (narrator),168.0,0.0,2000-12-01,2001-01-31,160.0,169.0,T,"Leo ""spent three and a half years hiding"" (12).",,,,,T,,,,,,,,,,,,,,,,,,
10,R The Nazis invade Slonim,1941-07-01,1941-07-31,T,R Zvi's narrator,155.0,0.0,1980-01-01,0000-01-01,153.0,159.0,T,Google it.,,,,,,,,,,,,,,,,,,,,,,,
10,R The Nazis invade Slonim,1941-07-01,1941-07-31,T,R Leo (narrator),168.0,0.0,2000-12-01,2001-01-31,160.0,169.0,T,Google it.,,,,,,,,,,,,,,,,,,,,,,,
11,R Leo escapes the Nazis,1941-07-01,1945-02-28,T,R Leo (narrator),238.0,0.0,2000-12-01,2001-01-31,238.0,238.0,T,"Leo ""spent three and a half years hiding"" (12).",,,,,T,,,,,,,,,,,,,,,,,,
11,R Leo escapes the Nazis,1941-07-01,1945-02-28,T,R Leo (narrator),240.0,0.0,2000-12-01,2001-01-31,240.0,240.0,T,"Leo ""spent three and a half years hiding"" (12).",,,,,T,,,,,,,,,,,,,,,,,,
11,R Leo escapes the Nazis,1941-07-01,1945-02-28,T,R Leo (narrator),8.0,0.0,2000-12-01,2001-01-31,3.0,13.0,T,"Leo ""spent three and a half years hiding"" (12).",,,,,T,,,,,,,,,,,,,,,,,,
11,R Leo escapes the Nazis,1941-07-01,1945-02-28,T,R Leo (narrator),129.0,0.0,2000-12-01,2001-01-31,119.0,129.0,T,"Leo ""spent three and a half years hiding"" (12).",,,,,T,,,,,,,,,,,,,,,,,,
12,R Bruno dies,1941-07-01,1941-07-01,F,R Leo (narrator),249.0,0.0,2000-12-01,2001-01-31,248.0,250.0,T,"""He died on a July dat in 1941"" (249).",,,,,,,,,,,,,,,,,,,,,,,
13,R Leo leaves for America,1945-01-01,1945-10-31,T,R Leo (narrator),12.0,0.0,2000-12-01,2001-01-31,3.0,13.0,T,"This event happened after Leo spent ""three and a half years hiding"" (12) but before Isaac's 5th birthday.",,,,,T,,,,,,,,,,,,,,,,,,
13,R Leo leaves for America,1945-01-01,1945-10-31,T,R Leo (narrator),4.0,0.0,2000-12-01,2001-01-31,3.0,13.0,T,"This event happened after Leo spent ""three and a half years hiding"" (12) but before Isaac's 5th birthday.",,,,,T,,,,,,,,,,,,,,,,,,
14,R Zvi learns about his family's death,1945-09-02,1951-09-30,T,R Zvi's narrator,156.0,0.0,1980-01-01,0000-01-01,153.0,159.0,T,"This event probably happened after ""the War ended"" but before ""he turned thirty-two"" (156).",,,,,,,,T,,,,,,,,,,,,,,,
14,R Zvi learns about his family's death,1945-09-02,1951-09-30,T,R Zvi's narrator,68.0,0.0,1980-01-01,0000-01-01,65.0,74.0,T,"This event probably happened after ""the War ended"" but before ""he turned thirty-two"" (156).",,,,,,,,T,,,,,,,,,,,,,,,
15,R Leo and Bruno reunite,1945-10-01,1998-01-01,T,R Leo (narrator),18.0,0.0,2000-12-01,2001-01-31,3.0,13.0,T,"This event happened after Alma refuses Leo, but before the events of the book. Note: the date is closer to 1998 than 1945 because Bruno's ""hair was white and thin"" (6).",,,,,T,,,,,,,,,T,,,,,,,,,
15,R Leo and Bruno reunite,1945-10-01,1998-01-01,T,R Leo (narrator),5.0,0.0,2000-12-01,2001-01-31,3.0,13.0,T,"This event happened after Alma refuses Leo, but before the events of the book. Note: the date is closer to 1998 than 1945 because Bruno's ""hair was white and thin"" (6).",,,,,T,,,,,,,,,T,,,,,,,,,
16,R Alma refuses Leo's proposal,1945-10-01,1946-08-18,T,R Leo (narrator),226.0,0.0,2000-12-01,2001-01-31,226.0,226.0,T,Leo was 25 and Isaac was 5 (13); this event happened after Isaac's 5th birthday and before Leo's 26th.,,T,,,T,,,,,,,,,,,,,,,,,,
16,R Alma refuses Leo's proposal,1945-10-01,1946-08-18,T,R Leo (narrator),13.0,0.0,2000-12-01,2001-01-31,3.0,13.0,T,Leo was 25 and Isaac was 5 (13); this event happened after Isaac's 5th birthday and before Leo's 26th.,,T,,,T,,,,,,,,,,,,,,,,,,
15,R Leo and Bruno reunite,1945-10-01,1998-01-01,T,R Leo (narrator),6.0,0.0,2000-12-01,2001-01-31,3.0,13.0,T,"This event happened after Alma refuses Leo, but before the events of the book. Note: the date is closer to 1998 than 1945 because Bruno's ""hair was white and thin"" (6).",,,,,T,,,,,,,,,T,,,,,,,,,
17,R Zvi and Rosa meet,1951-09-01,1951-11-01,T,R Zvi's narrator,65.0,0.0,1980-01-01,0000-01-01,65.0,74.0,T,"""I met Zvi in Valparaiso, in the fall of 1951"" (65).",,,,,,,,T,,T,,,,,,,,,,,,,
17,R Zvi and Rosa meet,1951-09-01,1951-11-01,T,R Zvi's narrator,157.0,0.0,1980-01-01,0000-01-01,153.0,159.0,T,"""I met Zvi in Valparaiso, in the fall of 1951"" (65).",,,,,,,,T,,T,,,,,,,,,,,,,
18,R Zvi and Rosa finish translating The History of Love,1952-01-01,1952-12-31,T,R Zvi's narrator,66.0,0.0,1980-01-01,0000-01-01,65.0,74.0,T,"This event probably occurred ""sixteen years"" after ""1936"" (184).",,,,,,,,T,,T,,,,,,,,,,,,,
19,R Zvi adds Leo's obituary to The History of Love,1954-01-01,1962-12-31,T,R Zvi's narrator,189.0,0.0,1980-01-01,0000-01-01,187.0,191.0,T,"This event occurred years before The History of Love was published; the latest possible date of publication is 1964, and years (plural) indicates a minimum of two. I forget how we decided on 1954.",,,,,T,,,T,,,,,,,,,,,,,,,
20,R Rosa destroys the manuscript of The History of Love,1954-09-01,1964-01-01,T,R Leo (narrator),248.0,0.0,2000-12-01,2001-01-31,248.0,250.0,T,This event happened after the publication of The History of Love; re: 1964.,,,,,,,,,,T,,,,,,,,,,,,,
20,R Rosa destroys the manuscript of The History of Love,1954-09-01,1964-01-01,T,R Zvi's narrator,191.0,0.0,1980-01-01,0000-01-01,187.0,191.0,T,This event happened after the publication of The History of Love; re: 1964.,,,,,,,,,,T,,,,,,,,,,,,,
20,R Rosa destroys the manuscript of The History of Love,1954-09-01,1964-01-01,T,R Leo (narrator),122.0,0.0,2000-12-01,2001-01-31,119.0,129.0,T,This event happened after the publication of The History of Love; re: 1964.,,,,,,,,,,T,,,,,,,,,,,,,
20,R Rosa destroys the manuscript of The History of Love,1954-09-01,1964-01-01,T,R Leo (narrator),121.0,0.0,2000-12-01,2001-01-31,119.0,129.0,T,This event happened after the publication of The History of Love; re: 1964.,,,,,,,,,,T,,,,,,,,,,,,,
20,R Rosa destroys the manuscript of The History of Love,1954-09-01,1964-01-01,T,R Zvi's narrator,66.0,0.0,1980-01-01,0000-01-01,65.0,74.0,T,This event happened after the publication of The History of Love; re: 1964.,,,,,,,,,,T,,,,,,,,,,,,,
21,R Zvi publishes The History of Love,1954-09-01,1964-01-01,T,R Zvi's narrator,67.0,0.0,1980-01-01,0000-01-01,65.0,74.0,T,"This event happened after he showed his manuscript to editors ""in the fall of 1954"" (68). I forget how we decided on 1964.",,,,,,,,T,,,,,,,,,,,,,,,
21,R Zvi publishes The History of Love,1954-09-01,1964-01-01,T,R Zvi's narrator,70.0,0.0,1980-01-01,0000-01-01,65.0,74.0,T,"This event happened after he showed his manuscript to editors ""in the fall of 1954"" (68). I forget how we decided on 1964.",,,,,,,,T,,,,,,,,,,,,,,,
21,R Zvi publishes The History of Love,1954-09-01,1964-01-01,T,R Zvi's narrator,188.0,0.0,1980-01-01,0000-01-01,187.0,191.0,T,"This event happened after he showed his manuscript to editors ""in the fall of 1954"" (68). I forget how we decided on 1964.",,,,,,,,T,,,,,,,,,,,,,,,
21,R Zvi publishes The History of Love,1954-09-01,1964-01-01,T,R Zvi's narrator,189.0,0.0,1980-01-01,0000-01-01,187.0,191.0,T,"This event happened after he showed his manuscript to editors ""in the fall of 1954"" (68). I forget how we decided on 1964.",,,,,,,,T,,,,,,,,,,,,,,,
21,R Zvi publishes The History of Love,1954-09-01,1964-01-01,T,R Zvi's narrator,190.0,0.0,1980-01-01,0000-01-01,187.0,191.0,T,"This event happened after he showed his manuscript to editors ""in the fall of 1954"" (68). I forget how we decided on 1964.",,,,,,,,T,,,,,,,,,,,,,,,
20,R Rosa destroys the manuscript of The History of Love,1954-09-01,1964-01-01,T,R Zvi's narrator,190.0,0.0,1980-01-01,0000-01-01,187.0,191.0,T,This event happened after the publication of The History of Love; re: 1964.,,,,,,,,,,T,,,,,,,,,,,,,
22,R David Singer buys The History of Love,1971-01-01,1971-12-31,T,R Alma (narrator),175.0,0.0,2000-09-14,0000-01-01,175.0,176.0,T,"David was 22 when he bought it (176). He was 10 years older than Charlotte, and Charlotte is 41 when Alma is 15 (38).  Alma is born in 1985.",,,,,,,,,,,T,T,,,,,,,,,,,
22,R David Singer buys The History of Love,1971-01-01,1971-12-31,T,R Zvi's narrator,74.0,0.0,1980-01-01,0000-01-01,65.0,74.0,T,"David was 22 when he bought it (176). He was 10 years older than Charlotte, and Charlotte is 41 when Alma is 15 (38).  Alma is born in 1985.",,,,,,,,,,,T,T,,,,,,,,,,,
23,R Charlotte and David meet,1975-01-01,1978-12-31,T,R Alma (narrator),108.0,0.0,2000-09-14,0000-01-01,106.0,108.0,T,"Charlotte met David ""the summer before she started Oxford' (37-8).",,,,,,,,,,,T,,T,,,,,,,,,,
23,R Charlotte and David meet,1975-01-01,1978-12-31,T,R Alma (narrator),38.0,0.0,2000-09-14,0000-01-01,37.0,38.0,T,"Charlotte met David ""the summer before she started Oxford' (37-8).",,,,,,,,,,,T,,T,,,,,,,,,,
23,R Charlotte and David meet,1975-01-01,1978-12-31,T,R Alma (narrator),37.0,0.0,2000-09-14,0000-01-01,37.0,38.0,T,"Charlotte met David ""the summer before she started Oxford' (37-8).",,,,,,,,,,,T,,T,,,,,,,,,,
24,R Zvi dies,1978-01-01,1978-12-31,T,R Zvi's narrator,65.0,0.0,1980-01-01,0000-01-01,65.0,74.0,T,"""...until his death in 1978..."" (68).",,,,,,,,T,,,,,,,,,,,,,,,
24,R Zvi dies,1978-01-01,1978-12-31,T,R Zvi's narrator,68.0,0.0,1980-01-01,0000-01-01,65.0,74.0,T,"""...until his death in 1978..."" (68).",,,,,,,,T,,,,,,,,,,,,,,,
24,R Zvi dies,1978-01-01,1978-12-31,T,R Zvi's narrator,71.0,0.0,1980-01-01,0000-01-01,65.0,74.0,T,"""...until his death in 1978..."" (68).",,,,,,,,T,,,,,,,,,,,,,,,
24,R Zvi dies,1978-01-01,1978-12-31,T,R Zvi's narrator,187.0,0.0,1980-01-01,0000-01-01,187.0,191.0,T,"""...until his death in 1978..."" (68).",,,,,,,,T,,,,,,,,,,,,,,,
24,R Zvi dies,1978-01-01,1978-12-31,T,R Zvi's narrator,188.0,0.0,1980-01-01,0000-01-01,187.0,191.0,T,"""...until his death in 1978..."" (68).",,,,,,,,T,,,,,,,,,,,,,,,
25,R Alma Singer is born,1985-09-14,1985-09-28,T,R Alma (narrator),35.0,0.0,2000-09-14,0000-01-01,35.0,35.0,T,,,,,,,,,,,,T,,T,,T,,,,,,,,
25,R Alma Singer is born,1985-09-14,1985-09-28,T,R Alma (narrator),41.0,0.0,2000-09-14,0000-01-01,41.0,41.0,T,,,,,,,,,,,,T,,T,,T,,,,,,,,
26,R David Singer dies,1992-09-14,1993-09-28,T,R Alma (narrator),37.0,0.0,2000-09-14,0000-01-01,37.0,38.0,T,"""MY FATHER DIED WHEN I WAS SEVEN"" (37).",,,,,,,,,,,T,,,,,,,,,,,,
26,R David Singer dies,1992-09-14,1993-09-28,T,R Alma (narrator),41.0,0.0,2000-09-14,0000-01-01,41.0,41.0,T,"""MY FATHER DIED WHEN I WAS SEVEN"" (37).",,,,,,,,,,,T,,,,,,,,,,,,
26,R David Singer dies,1992-09-14,1993-09-28,T,R Alma (narrator),42.0,0.0,2000-09-14,0000-01-01,42.0,43.0,T,"""MY FATHER DIED WHEN I WAS SEVEN"" (37).",,,,,,,,,,,T,,,,,,,,,,,,
26,R David Singer dies,1992-09-14,1993-09-28,T,R Alma (narrator),43.0,0.0,2000-09-14,0000-01-01,43.0,44.0,T,"""MY FATHER DIED WHEN I WAS SEVEN"" (37).",,,,,,,,,,,T,,,,,,,,,,,,
26,R David Singer dies,1992-09-14,1993-09-28,T,R Alma (narrator),46.0,0.0,2000-09-14,0000-01-01,46.0,48.0,T,"""MY FATHER DIED WHEN I WAS SEVEN"" (37).",,,,,,,,,,,T,,,,,,,,,,,,
26,R David Singer dies,1992-09-14,1993-09-28,T,R Alma (narrator),94.0,0.0,2000-09-14,0000-01-01,94.0,95.0,T,"""MY FATHER DIED WHEN I WAS SEVEN"" (37).",,,,,,,,,,,T,,,,,,,,,,,,
26,R David Singer dies,1992-09-14,1993-09-28,T,R Alma (narrator),247.0,0.0,2000-10-21,2001-09-14,247.0,247.0,T,"""MY FATHER DIED WHEN I WAS SEVEN"" (37).",,,,,,,,,,,T,,,,,,,,,,,,
26,R David Singer dies,1992-09-14,1993-09-28,T,R Bird (narrator),206.0,0.0,2000-10-03,0000-01-01,203.0,207.0,T,"""MY FATHER DIED WHEN I WAS SEVEN"" (37).",,,,,,,,,,,T,,,,,,,,,,,,
26,R David Singer dies,1992-09-14,1993-09-28,T,R Alma (narrator),101.0,0.0,2000-09-14,0000-01-01,101.0,101.0,T,"""MY FATHER DIED WHEN I WAS SEVEN"" (37).",,,,,,,,,,,T,,,,,,,,,,,,
26,R David Singer dies,1992-09-14,1993-09-28,T,R Alma (narrator),181.0,0.0,2000-09-14,0000-01-01,181.0,182.0,T,"""MY FATHER DIED WHEN I WAS SEVEN"" (37).",,,,,,,,,,,T,,,,,,,,,,,,
27,R Alma Mereminski dies,1995-01-01,1995-12-31,T,R Leo (narrator),85.0,0.0,2000-12-01,2001-01-31,75.0,92.0,T,"She ""died five years ago"" (85). Leo narrates from the year 2000.",,T,,,,,,,,,,,,,,,,,,,,,
27,R Alma Mereminski dies,1995-01-01,1995-12-31,T,R Alma (narrator),176.0,0.0,2000-09-14,0000-01-01,176.0,177.0,T,"She ""died five years ago"" (85). Leo narrates from the year 2000.",,T,,,,,,,,,,,,,,,,,,,,,
27,R Alma Mereminski dies,1995-01-01,1995-12-31,T,R Leo (narrator),168.0,0.0,2000-12-01,2001-01-31,160.0,169.0,T,"She ""died five years ago"" (85). Leo narrates from the year 2000.",,T,,,,,,,,,,,,,,,,,,,,,
27,R Alma Mereminski dies,1995-01-01,1995-12-31,T,R Leo (narrator),163.0,0.0,2000-12-01,2001-01-31,160.0,169.0,T,"She ""died five years ago"" (85). Leo narrates from the year 2000.",,T,,,,,,,,,,,,,,,,,,,,,
28,R Alma becomes Misha's pen pal,1997-09-28,1998-02-28,T,R Alma (narrator),95.0,0.0,2000-09-14,0000-01-01,94.0,95.0,T,"""He was almost thirteen, five months older than I"" (98).",,T,,,,,,,,,,,,,,T,T,,,,,,
28,R Alma becomes Misha's pen pal,1997-09-28,1998-02-28,T,R Alma (narrator),98.0,0.0,2000-09-14,0000-01-01,98.0,99.0,T,"""He was almost thirteen, five months older than I"" (98).",,T,,,,,,,,,,,,,,T,T,,,,,,
29,R Leo begins to write again,1998-01-01,1998-12-31,T,R Leo (narrator),9.0,0.0,2000-12-01,2001-01-31,3.0,13.0,T,"""A couple of months after my heart attack, fifty-seven years after I'd given it up, I started to write again"" (9).",,,,,T,,,,,,,,,,,,,,,,,,
29,R Leo begins to write again,1998-01-01,1998-12-31,T,R Leo (narrator),209.0,0.0,2000-12-01,2001-01-31,208.0,212.0,T,"""A couple of months after my heart attack, fifty-seven years after I'd given it up, I started to write again"" (9).",,,,,T,,,,,,,,,,,,,,,,,,
29,R Leo begins to write again,1998-01-01,1998-12-31,T,R Leo (narrator),167.0,0.0,2000-12-01,2001-01-31,160.0,169.0,T,"""A couple of months after my heart attack, fifty-seven years after I'd given it up, I started to write again"" (9).",,,,,T,,,,,,,,,,,,,,,,,,
29,R Leo begins to write again,1998-01-01,1998-12-31,T,R Leo (narrator),124.0,0.0,2000-12-01,2001-01-31,119.0,129.0,T,"""A couple of months after my heart attack, fifty-seven years after I'd given it up, I started to write again"" (9).",,,,,T,,,,,,,,,,,,,,,,,,
30,R Charlotte receives Isaac's first letter,2000-02-01,2000-02-28,T,R Alma (narrator),55.0,0.0,2000-09-14,0000-01-01,55.0,57.0,T,"""...in the middle of last February a letter arrived..."" (55).",,,,,,,,,T,,,,T,,,,,,,,,,
30,R Charlotte receives Isaac's first letter,2000-02-01,2000-02-28,T,R Alma (narrator),101.0,0.0,2000-09-14,0000-01-01,101.0,101.0,T,"""...in the middle of last February a letter arrived..."" (55).",,,,,,,,,T,,,,T,,,,,,,,,,
30,R Charlotte receives Isaac's first letter,2000-02-01,2000-02-28,T,R Alma (narrator),139.0,0.0,2000-09-14,0000-01-01,139.0,140.0,T,"""...in the middle of last February a letter arrived..."" (55).",,,,,,,,,T,,,,T,,,,,,,,,,
31,R Alma begins searching for Alma Mereminski,2000-07-14,2000-08-01,T,R Alma (narrator),109.0,0.0,2000-09-14,0000-01-01,108.0,109.0,T,"""It was already the end of July"" (102).",,T,,,,,,,,,,,,,T,,,,,,,,
32,R Alma realises Alma Mereminski had married,2000-08-14,2000-09-01,T,R Alma (narrator),149.0,0.0,2000-09-14,0000-01-01,149.0,149.0,T,"This event happened after Alma and Misha kissed, but before September: ""I'll be fifteen next month"" (148).",,T,,,,,,,,,,,,,T,,,T,,,,,
33,R Alma and Misha kiss (for the second time ??),2000-08-14,2000-09-01,T,R Alma (narrator),141.0,0.0,2000-09-14,0000-01-01,141.0,142.0,T,"""TWO WEEKS PASSED, MISHA AND I STILL HADN'T TALKED"" (143). Note: ""...the summer before, when we were thirteen and stood on the roof of his building, the tar soft under our feet, our tongues in each other's mouths..."" (141).",,,,,,,,,,,,,,,T,T,,,,,,,
33,R Alma and Misha kiss (for the second time ??),2000-08-14,2000-09-01,T,R Alma (narrator),141.0,0.0,2000-09-14,0000-01-01,140.0,141.0,T,"""TWO WEEKS PASSED, MISHA AND I STILL HADN'T TALKED"" (143). Note: ""...the summer before, when we were thirteen and stood on the roof of his building, the tar soft under our feet, our tongues in each other's mouths..."" (141).",,,,,,,,,,,,,,,T,T,,,,,,,
34,R Alma reads Bird's journal,2000-08-15,2000-09-28,T,R Alma (narrator),149.0,0.0,2000-09-14,0000-01-01,149.0,149.0,T,This event happened before Alma's fifteenth birthday.,,,,,,,,,,,,,,,T,,,,T,,,,
35,R Alma realises Alma Mereminski has died,2000-08-16,2000-09-28,T,R Alma (narrator),176.0,0.0,2000-09-14,0000-01-01,176.0,177.0,T,This event happened before Alma's fifteenth birthday.,,T,,,,,,,,,,,,,T,,,,,T,,,
36,R Alma realises Jacob Marcus is Isaac Moritz,2000-09-14,2000-09-30,T,R Alma (narrator),196.0,0.0,2000-09-14,0000-01-01,196.0,196.0,T,"This event happened either on or after ""the morning of [Alma's] fifteenth birthday"" (194) but before she asked Herman to drive her to Isaac's house.",,,,,,,,,T,,,,,,T,,,,,,T,,
37,R Leo sends WORDS FOR EVERYTHING to Isaac,2000-09-20,0000-01-01,T,R Leo (narrator),34.0,0.0,2000-12-01,2001-01-31,14.0,34.0,T,,,,,,T,,,,T,,,,,,,,,,,,,,
38,R Alma and Herman go to Isaac's house (Alma leaves her phone number there),2000-09-25,0000-01-01,T,R Alma (narrator),200.0,0.0,2000-10-05,0000-01-01,200.0,201.0,T,"""A week and a half later"" is ""October 5th"" (202).",,,,,,,,,T,,,,,,T,,,,,,,T,
38,R Alma and Herman go to Isaac's house (Alma leaves her phone number there),2000-09-25,0000-01-01,T,R Alma (narrator),199.0,0.0,2000-10-05,0000-01-01,199.0,200.0,T,"""A week and a half later"" is ""October 5th"" (202).",,,,,,,,,T,,,,,,T,,,,,,,T,
39,R Isaac dies,2000-10-03,0000-01-01,T,R Leo (narrator),212.0,0.0,2000-12-01,2001-01-31,208.0,212.0,T,"He died the ""Tuesday night"" (77) before ""Saturday, October 7"" (80).",,,,,,,,,T,,,,,,,,,,,,,,
39,R Isaac dies,2000-10-03,0000-01-01,T,R Leo (narrator),77.0,0.0,2000-12-01,2001-01-31,75.0,92.0,T,"He died the ""Tuesday night"" (77) before ""Saturday, October 7"" (80).",,,,,,,,,T,,,,,,,,,,,,,,
39,R Isaac dies,2000-10-03,0000-01-01,T,R Leo (narrator),161.0,0.0,2000-12-01,2001-01-31,160.0,169.0,T,"He died the ""Tuesday night"" (77) before ""Saturday, October 7"" (80).",,,,,,,,,T,,,,,,,,,,,,,,
40,R Misha calls for Alma (exposing her search for someone to Bird),2000-10-03,0000-01-01,T,R Bird (narrator),207.0,0.0,2000-10-03,0000-01-01,203.0,207.0,T,"""October 3"" (206).",,,,,,,,,,,,,,,T,T,,,T,,,,
39,R Isaac dies,2000-10-03,0000-01-01,T,R Leo (narrator),169.0,0.0,2000-12-01,2001-01-31,160.0,169.0,T,"He died the ""Tuesday night"" (77) before ""Saturday, October 7"" (80).",,,,,,,,,T,,,,,,,,,,,,,,
39,R Isaac dies,2000-10-03,0000-01-01,T,R Leo (narrator),209.0,0.0,2000-12-01,2001-01-31,208.0,212.0,T,"He died the ""Tuesday night"" (77) before ""Saturday, October 7"" (80).",,,,,,,,,T,,,,,,,,,,,,,,
41,R Leo learns of Isaac's death,2000-10-05,0000-01-01,T,R Leo (narrator),77.0,0.0,2000-12-01,2001-01-31,75.0,92.0,T,"He reads the article the day before Friday, October 6th (80).",,,,,T,,,,T,,,,,,,,,,,,,,
42,R Alma learns of Isaac's death,2000-10-05,0000-01-01,T,R Alma (narrator),202.0,0.0,2000-10-05,0000-01-01,201.0,202.0,T,"""...October 5th..."" (202)",,,,,,,,,,,,,,,T,,,,,,,,
43,R Bernard calls for Alma (revealing Leo's identity to Bird),2000-10-06,0000-01-01,T,R Bird (narrator),217.0,0.0,2000-10-06,0000-01-01,213.0,218.0,T,"""October 6"" (215).",,,,,,,,,,,,,,,T,,,,T,,,,T
43,R Bernard calls for Alma (revealing Leo's identity to Bird),2000-10-06,0000-01-01,T,R Bird (narrator),216.0,0.0,2000-10-06,0000-01-01,213.0,218.0,T,"""October 6"" (215).",,,,,,,,,,,,,,,T,,,,T,,,,T
44,R Bird sends Leo and Alma letters [Obsolete],2000-10-07,2000-10-17,T,,,,,,,,F,"This event happened before the day that Leo and Alma meet, which is October 17.",,,,,T,,,,,,,,,,T,,,,T,,,,
45,R Bird sends the letters and The History of Love,2000-10-07,0000-01-01,T,,,,,,,,F,"""October 7"" (218).",,,,,T,,,,,,,,,,,,,,T,,,,
46,R Leo attends Isaac's funeral,2000-10-07,0000-01-01,T,R Leo (narrator),87.0,0.0,2000-12-01,2001-01-31,75.0,92.0,T,"""A memorial service will be held Saturday, October 7, a 10 AM at Central Synagogue"" (80).",,,,,T,,,,T,,,,,,,,,,,,,,
47,R Leo receives The History of Love,2000-10-07,0000-01-01,T,R Leo (narrator),92.0,0.0,2000-12-01,2001-01-31,75.0,92.0,T,Pg. 92.,,,,,T,,,,,,,,,,,,,,T,,,,
47,R Leo receives The History of Love,2000-10-07,0000-01-01,T,R Leo (narrator),161.0,0.0,2000-12-01,2001-01-31,160.0,169.0,T,Pg. 92.,,,,,T,,,,,,,,,,,,,,T,,,,
46,R Leo attends Isaac's funeral,2000-10-07,0000-01-01,T,R Leo (narrator),89.0,0.0,2000-12-01,2001-01-31,75.0,92.0,T,"""A memorial service will be held Saturday, October 7, a 10 AM at Central Synagogue"" (80).",,,,,T,,,,T,,,,,,,,,,,,,,
46,R Leo attends Isaac's funeral,2000-10-07,0000-01-01,T,R Leo (narrator),84.0,0.0,2000-12-01,2001-01-31,75.0,92.0,T,"""A memorial service will be held Saturday, October 7, a 10 AM at Central Synagogue"" (80).",,,,,T,,,,T,,,,,,,,,,,,,,
46,R Leo attends Isaac's funeral,2000-10-07,0000-01-01,T,R Leo (narrator),85.0,0.0,2000-12-01,2001-01-31,75.0,92.0,T,"""A memorial service will be held Saturday, October 7, a 10 AM at Central Synagogue"" (80).",,,,,T,,,,T,,,,,,,,,,,,,,
46,R Leo attends Isaac's funeral,2000-10-07,0000-01-01,T,R Leo (narrator),86.0,0.0,2000-12-01,2001-01-31,75.0,92.0,T,"""A memorial service will be held Saturday, October 7, a 10 AM at Central Synagogue"" (80).",,,,,T,,,,T,,,,,,,,,,,,,,
46,R Leo attends Isaac's funeral,2000-10-07,0000-01-01,T,R Leo (narrator),88.0,0.0,2000-12-01,2001-01-31,75.0,92.0,T,"""A memorial service will be held Saturday, October 7, a 10 AM at Central Synagogue"" (80).",,,,,T,,,,T,,,,,,,,,,,,,,
48,R Leo leaves to retrieve WORDS FOR EVERYTHING,2000-10-09,0000-01-01,T,R Leo (narrator),163.0,0.0,2000-12-01,2001-01-31,160.0,169.0,T,,,,,,T,,,,,,,,,T,,,,,,,,,
48,R Leo leaves to retrieve WORDS FOR EVERYTHING,2000-10-09,0000-01-01,T,R Leo (narrator),162.0,0.0,2000-12-01,2001-01-31,160.0,169.0,T,,,,,,T,,,,,,,,,T,,,,,,,,,
48,R Leo leaves to retrieve WORDS FOR EVERYTHING,2000-10-09,0000-01-01,T,R Leo (narrator),161.0,0.0,2000-12-01,2001-01-31,160.0,169.0,T,,,,,,T,,,,,,,,,T,,,,,,,,,
49,R Alma receives Bird's letter,2000-10-10,2000-10-17,T,R Alma (narrator),219.0,0.0,2000-10-21,2001-09-14,219.0,219.0,T,,,,,,,,,,,,,,,,T,,,,T,,,,
49,R Alma receives Bird's letter,2000-10-10,2000-10-17,T,R Alma (narrator),233.0,0.0,2000-10-21,2001-09-14,233.0,233.0,T,,,,,,,,,,,,,,,,T,,,,T,,,,
50,R Leo learns that Isaac had published WORDS FOR EVERYTHING,2000-10-17,0000-01-01,T,R Leo (narrator),209.0,0.0,2000-12-01,2001-01-31,208.0,212.0,T,Pg. 211.,,,,,T,,,,T,,,,,T,,,,,,,,,
51,R Leo receives Bird's letter,2000-10-17,0000-01-01,T,R Leo (narrator),212.0,0.0,0000-01-01,0000-01-01,208.0,212.0,F,,,,,,,,,,,,,,,,,,,,,,,,
52,R Leo finds Bird's letter,2000-10-17,0000-01-01,T,R Leo (narrator),212.0,0.0,2000-12-01,2001-01-31,208.0,212.0,T,Pg. 212.,,,,,T,,,,,,,,,,,,,,T,,,,
53,R Alma realises Leo wrote The History of Love,2000-10-21,0000-01-01,T,R Alma (narrator),251.0,0.0,2000-10-21,2001-09-14,251.0,251.0,T,,,,,,T,,,,,,,,,,T,,,,,,,,
54,R Alma and Leo meet,2000-10-21,0000-01-01,T,R Alma (narrator),241.0,0.0,2000-10-21,2001-09-14,241.0,241.0,T,After 4:00PM (212).,,,,,T,,,,,,,,,,T,,,,,,,,
54,R Alma and Leo meet,2000-10-21,0000-01-01,T,R Leo (narrator),242.0,0.0,2000-12-01,2001-01-31,242.0,242.0,T,After 4:00PM (212).,,,,,T,,,,,,,,,,T,,,,,,,,
