leader_label,assigned_color,community_size,other_large_nodes,leader_id,leader_strength,leader_size,modularity_class,notes
"Syenite",orange,28,"Alabaster (71.3); Asael Leadership Allia (25.0); Innon (22.8); Heresmith Leadership Allia (19.3); Antimony (15.3)",49,407.0000,100.00,168,
"Damaya",yellow,24,"Schaffa (35.2); Binof (19.7); Carnelian (17.5); Damaya's mother (15.3); Timay (Guardian) (15.3)",23,198.0000,53.78,155,
"Essun",red,14,"Hoa (40.1); Tonkee (38.3); Ykka (30.3); Lerna (22.4); Rask (18.0)",2,265.0000,68.60,147,
"a younger Sanzed woman (in the group of five) (235",,5,"a young uncertain man (235) (11.3); oldest woman (in the group of five) (235) (11.3); the other two Sanzed women (in the group of five) (11.3); youngest woman (in the group of five) (235) (11.3)",134,42.0000,19.29,37,
"""audience"" (on the young junior)",,2,"""young junior"" (singing in the Fulcrum) (10.9)",56,4.0000,10.88,32,
"Misalem",,2,"Yumenescenes (10.9)",66,4.0000,10.88,190,
"""a few people out and about"" (399)",,1,,237,0.0000,10.00,0,
"""archeomests""",,1,,75,0.0000,10.00,1,
"""boy"" (missing an arm)",,1,,99,0.0000,10.00,2,
"""boy"" (with no penis)",,1,,96,0.0000,10.00,3,
"""casual travellers""",,1,,76,0.0000,10.00,4,
"""cooks"" (in the Fulcrum)",,1,,87,0.0000,10.00,5,
"""fellow juniors"" (in the Fulcrum)",,1,,52,0.0000,10.00,6,
"""first few women"" (Alabaster was with)",,1,,58,0.0000,10.00,7,
"""forest cats and other animals"" (233)",,1,,126,0.0000,10.00,8,
"""girl"" (old burn scars)",,1,,100,0.0000,10.00,9,
"""girl"" (with sharp teeth)",,1,,95,0.0000,10.00,10,
"""grit"" (broken hand)",,1,,101,0.0000,10.00,11,
"""handful of grits"" (in the Fulcrum)",,1,,53,0.0000,10.00,12,
"""instructors"" (in the Fulcrum)",,1,,93,0.0000,10.00,13,
"""leaders of the empire""",,1,,267,0.0000,10.00,14,
"""mailpost-riders""",,1,,72,0.0000,10.00,15,
"""man"" (at the roadhouse)",,1,,63,0.0000,10.00,16,
"""merchant caravanners""",,1,,71,0.0000,10.00,17,
"""militia units""",,1,,77,0.0000,10.00,18,
"""old man"" (at the roadhouse)",,1,,61,0.0000,10.00,19,
"""old masters at uni"" (232)",,1,,124,0.0000,10.00,20,
"""ones who can't make the steps"" (419)",,1,,251,0.0000,10.00,21,
"""other people"" (234)",,1,,129,0.0000,10.00,22,
"""people"" (at the roadhouse)",,1,,60,0.0000,10.00,23,
"""people"" (loading a ship)",,1,,86,0.0000,10.00,24,
"""people"" (on the road)",,1,,68,0.0000,10.00,25,
"""quartent patrol""",,1,,73,0.0000,10.00,26,
"""servant"" (in Allia)",,1,,84,0.0000,10.00,27,
"""several dozen people"" (399)",,1,,236,0.0000,10.00,28,
"""specialists in other areas"" (392)",,1,,234,0.0000,10.00,29,
"""two of the ones"" (224)",,1,,269,0.0000,10.00,30,
"""two women"" (at the roadhouse)",,1,,62,0.0000,10.00,31,
"""young man"" (in Allia)",,1,,79,0.0000,10.00,33,
"a clalsu crew woman (385)",,1,,229,0.0000,10.00,34,
"a dead Meovite",,1,,263,0.0000,10.00,35,
"a Fulcrum senior (387)",,1,,231,0.0000,10.00,36,
"Adolescents/Children (in Allia)",,1,,155,0.0000,10.00,38,
"adult orogenes (at the Fulcrum) (298)",,1,,181,0.0000,10.00,39,
"Alabaster's children",,1,,159,0.0000,10.00,40,
"alchemists",,1,,207,0.0000,10.00,41,
"Allia's residents at the inn",,1,,151,0.0000,10.00,42,
"an anonymous orogene (237)",,1,,136,0.0000,10.00,43,
"Anafumeth (Sanzed Emperor)",,1,,244,0.0000,10.00,44,
"ancient orogenes (380)",,1,,228,0.0000,10.00,45,
"archeomest who Alabaster had affair with",,1,,245,0.0000,10.00,46,
"astronomests",,1,,145,0.0000,10.00,47,
"attack ship members (376)",,1,,226,0.0000,10.00,48,
"Bandits (404)",,1,,242,0.0000,10.00,49,
"Binof's father",,1,,186,0.0000,10.00,50,
"Binof's mother",,1,,185,0.0000,10.00,51,
"Binof's nurses",,1,,189,0.0000,10.00,52,
"Binof's Tutors",,1,,190,0.0000,10.00,53,
"Biomests",,1,,141,0.0000,10.00,54,
"Breeders",,1,,152,0.0000,10.00,55,
"Brevard's citizens",,1,,64,0.0000,10.00,56,
"bunch of bureaucrats",,1,,158,0.0000,10.00,57,
"cannibals",,1,,125,0.0000,10.00,58,
"Cargo vessel crew (375/76)",,1,,225,0.0000,10.00,59,
"Castrima's citizens",,1,,197,0.0000,10.00,60,
"Castrima's founders",,1,,209,0.0000,10.00,61,
"Charlatans",,1,,142,0.0000,10.00,62,
"child #1 in Ykka's story (337)",,1,,203,0.0000,10.00,63,
"child #2 in Ykka's story (337)",,1,,204,0.0000,10.00,64,
"Children (in Damaya's creche)",,1,,30,0.0000,10.00,65,
"children playing (339)",,1,,206,0.0000,10.00,66,
"citizens in Binof's story (317)",,1,,192,0.0000,10.00,67,
"Clalsu crew",,1,,219,0.0000,10.00,68,
"Cleaner (Jasper bought liquor from)",,1,,112,0.0000,10.00,69,
"Cleaners (in the Fulcrum)",,1,,94,0.0000,10.00,70,
"Coaster men (357)",,1,,220,0.0000,10.00,71,
"comm that controlled the Geode in the prior season",,1,,211,0.0000,10.00,72,
"commless band that took over Geode",,1,,212,0.0000,10.00,73,
"Corundum",,1,,222,0.0000,10.00,74,
"Cranks",,1,,143,0.0000,10.00,75,
"Damaya's cousin",,1,,31,0.0000,10.00,76,
"Dibars' citizens",,1,,115,0.0000,10.00,77,
"doctors",,1,,147,0.0000,10.00,78,
"Ecella",,1,,261,0.0000,10.00,79,
"Equatorials",,1,,130,0.0000,10.00,80,
"Eran",,1,,22,0.0000,10.00,81,
"Father (in Tirimo)",,1,,47,0.0000,10.00,82,
"Father Earth",,1,,123,0.0000,10.00,83,
"Feldspar's children",,1,,59,0.0000,10.00,84,
"First Old Sanze Emperor",,1,,98,0.0000,10.00,85,
"Fulcrum orogenes",,1,,102,0.0000,10.00,86,
"gaggle of old women (255)",,1,,162,0.0000,10.00,87,
"Galena's chatty companion (310)",,1,,188,0.0000,10.00,88,
"Gate crew (in Allia)",,1,,82,0.0000,10.00,89,
"Geneer Licensure",,1,,119,0.0000,10.00,90,
"Geneers",,1,,208,0.0000,10.00,91,
"Geoneers",,1,,268,0.0000,10.00,92,
"Grit Instructor for Geomestry (277)",,1,,171,0.0000,10.00,93,
"Guardian Leshet",,1,,164,0.0000,10.00,94,
"Guardian who attacked Hessionite (289)",,1,,174,0.0000,10.00,95,
"Guardians (at the Fulcrum)",,1,,54,0.0000,10.00,96,
"Guardians east of Yumenes (346)",,1,,216,0.0000,10.00,97,
"Guardians who attack Meov",,1,,257,0.0000,10.00,98,
"Guards/City Militia (308)",,1,,187,0.0000,10.00,99,
"Hemoo",,1,,253,0.0000,10.00,100,
"Hessionite",,1,,173,0.0000,10.00,101,
"Hostages from the cargo vessel (375)",,1,,224,0.0000,10.00,102,
"Imperial Scholars",,1,,149,0.0000,10.00,103,
"Innon's children",,1,,256,0.0000,10.00,104,
"Jasper's mother",,1,,113,0.0000,10.00,105,
"Jija",,1,,11,0.0000,10.00,106,
"junk science practitioners (246)",,1,,146,0.0000,10.00,107,
"Karra's children",,1,,46,0.0000,10.00,108,
"Kirkhusa",,1,,128,0.0000,10.00,109,
"Lerna's mother",,1,,238,0.0000,10.00,110,
"Lerna's mother's family",,1,,239,0.0000,10.00,111,
"Limi",,1,,35,0.0000,10.00,112,
"Little boy (in Tirimo)",,1,,48,0.0000,10.00,113,
"mainland Coaster comms (294)",,1,,178,0.0000,10.00,114,
"Makenba",,1,,20,0.0000,10.00,115,
"man #1 in Ykka's story (337)",,1,,201,0.0000,10.00,116,
"man #2 in Ykka's story (337)",,1,,202,0.0000,10.00,117,
"man on stairs (339)",,1,,205,0.0000,10.00,118,
"Marald",,1,,240,0.0000,10.00,119,
"Marald's daughter",,1,,241,0.0000,10.00,120,
"Meovite abled-bodied adults (349)",,1,,217,0.0000,10.00,121,
"Meovite Children",,1,,215,0.0000,10.00,122,
"Meovites on cook duty (419)",,1,,252,0.0000,10.00,123,
"Metallorists",,1,,144,0.0000,10.00,124,
"Militia Man (that Ecella hits)",,1,,262,0.0000,10.00,125,
"Misalem's children",,1,,250,0.0000,10.00,126,
"Misalem's family",,1,,249,0.0000,10.00,127,
"Monsters",,1,,175,0.0000,10.00,128,
"Muh Dear",,1,,24,0.0000,10.00,129,
"Muh Dear's friends",,1,,38,0.0000,10.00,130,
"Nassun",,1,,10,0.0000,10.00,131,
"Neighbours (in Palela)",,1,,33,0.0000,10.00,132,
"newcomers to Ykka's comm (406)",,1,,243,0.0000,10.00,133,
"Node maintainer",,1,,74,0.0000,10.00,134,
"old Sanzed comms (417)",,1,,246,0.0000,10.00,135,
"older man in cavern (341)",,1,,214,0.0000,10.00,136,
"orogene attacking Meov with Guardians",,1,,260,0.0000,10.00,137,
"orogenes attacked by old Sanzed people (417)",,1,,247,0.0000,10.00,138,
"Others who knew of Syenite",,1,,266,0.0000,10.00,139,
"Ough",,1,,254,0.0000,10.00,140,
"Owel",,1,,255,0.0000,10.00,141,
"Oyamar",,1,,40,0.0000,10.00,142,
"Palela's headman",,1,,29,0.0000,10.00,143,
"people following Essun (389)",,1,,232,0.0000,10.00,144,
"poorly armed Strongbacks (239)",,1,,137,0.0000,10.00,145,
"potential attackers (265)",,1,,167,0.0000,10.00,146,
"Rask's father",,1,,43,0.0000,10.00,148,
"Rask's mother",,1,,44,0.0000,10.00,149,
"Rask's sister",,1,,41,0.0000,10.00,150,
"Refugees",,1,,21,0.0000,10.00,151,
"renowned scholars (391)",,1,,233,0.0000,10.00,152,
"Resistants",,1,,153,0.0000,10.00,153,
"ringed orogenes at the Fulcrum (298)",,1,,180,0.0000,10.00,154,
"Schaffa's other orogenes",,1,,34,0.0000,10.00,156,
"Second Guardian who collects Timay's body (327)",,1,,195,0.0000,10.00,157,
"Second Yumenescene Lore Council",,1,,127,0.0000,10.00,158,
"seniors (at the Fulcrum)",,1,,161,0.0000,10.00,159,
"Shemshena",,1,,65,0.0000,10.00,160,
"small coaster comm (352)",,1,,270,0.0000,10.00,161,
"smaller settlements and newcomms (418)",,1,,248,0.0000,10.00,162,
"Stablehand (in Allia)",,1,,83,0.0000,10.00,163,
"Stills",,1,,165,0.0000,10.00,164,
"stone eaters in Ykka's comm (397)",,1,,235,0.0000,10.00,165,
"Strongbacks",,1,,154,0.0000,10.00,166,
"Sume's citizens",,1,,42,0.0000,10.00,167,
"Syenite's fellow survivors",,1,,265,0.0000,10.00,169,
"Syenite's roommates",,1,,57,0.0000,10.00,170,
"Teachers (from Damaya's creche)",,1,,37,0.0000,10.00,171,
"The Emperor",,1,,5,0.0000,10.00,172,
"The Emperor (in the Season of Teeth)",,1,,67,0.0000,10.00,173,
"The Emperor's daughter",,1,,6,0.0000,10.00,174,
"Third Guardian who collects Timay's body (327)",,1,,196,0.0000,10.00,175,
"Tirimo's baker",,1,,19,0.0000,10.00,176,
"Tirimo's butcher",,1,,18,0.0000,10.00,177,
"Tirimo's children",,1,,17,0.0000,10.00,178,
"tourists",,1,,157,0.0000,10.00,179,
"travelers",,1,,166,0.0000,10.00,180,
"Uche",,1,,3,0.0000,10.00,181,
"warlords",,1,,191,0.0000,10.00,182,
"well armed Strongbacks (240)",,1,,139,0.0000,10.00,183,
"Whoever tried to kill Alabaster",,1,,150,0.0000,10.00,184,
"woman doing comm's trading (239)",,1,,138,0.0000,10.00,185,
"Ykka's gate guard #1",,1,,198,0.0000,10.00,186,
"Ykka's gate guard #2",,1,,199,0.0000,10.00,187,
"Ykka's gate guard #3",,1,,200,0.0000,10.00,188,
"Ykka's great-grandmother",,1,,213,0.0000,10.00,189,
