Relative Order,Event Name,Start Date,End Date,Is Approximate?,Narrator,Start Page,End Page,Start Date TT,End Date TT,Start Page TT,End Page TT,Is Approximate TT?,Evidence,Participating Characters,Cholly Breedlove,Cholly's Mother,Aunt Jimmy,White men,Darlene,Pauline Breedlove,Pecola Breedlove,Mr. Henry,Claudia,Frieda,Mrs. MacTeer (Claudia's Mother),Mr. MacTeer (Claudia's Father),Maureen Peal,Louis Junior,Geraldine,Soaphead Church,Pecola's Baby
1,Aunt Jimmy passes away,1903-01-01,1918-01-01,T,3rd Person Narrator (The Bluest Eye),135,135,,,,,,"*Story time dates approximated based on limited textual evidence for visualization purposes*""It was in the spring... that Aunt Jimmy died""(135) ""he was fourteen""(154)",,T,,T,,,,,,,,,,,,,,
2,Cholly's Mother abandons him,1903-01-01,1904-01-01,T,3rd Person Narrator (The Bluest Eye),142,142,,,,,,"*Story time dates approximated based on limited textual evidence for visualization purposes* ""When Cholly was four days old, his mother wrapped him in two bankets and one newspaper and placed him on a junk heap by the railroad"" (132)",,T,T,T,,,,,,,,,,,,,,
3,Cholly's 'rape' by White men and the 'almost-rape' of Darlene,1903-01-01,1918-01-01,T,3rd Person Narrator (The Bluest Eye),42,42,,,,,,"*Story time dates approximated based on limited textual evidence for visualization purposes*""It was in the spring... that Aunt Jimmy died""(135) ""he was fourteen""(154)",,T,,,T,T,,,,,,,,,,,,
3,Cholly's 'rape' by White men and the 'almost-rape' of Darlene,1903-01-01,1918-01-01,T,3rd Person Narrator (The Bluest Eye),147,147,,,,,,"*Story time dates approximated based on limited textual evidence for visualization purposes*""It was in the spring... that Aunt Jimmy died""(135) ""he was fourteen""(154)",,T,,,T,T,,,,,,,,,,,,
3,Cholly's 'rape' by White men and the 'almost-rape' of Darlene,1903-01-01,1918-01-01,T,3rd Person Narrator (The Bluest Eye),148,148,,,,,,"*Story time dates approximated based on limited textual evidence for visualization purposes*""It was in the spring... that Aunt Jimmy died""(135) ""he was fourteen""(154)",,T,,,T,T,,,,,,,,,,,,
3,Cholly's 'rape' by White men and the 'almost-rape' of Darlene,1903-01-01,1918-01-01,T,3rd Person Narrator (The Bluest Eye),149,149,,,,,,"*Story time dates approximated based on limited textual evidence for visualization purposes*""It was in the spring... that Aunt Jimmy died""(135) ""he was fourteen""(154)",,T,,,T,T,,,,,,,,,,,,
3,Cholly's 'rape' by White men and the 'almost-rape' of Darlene,1903-01-01,1918-01-01,T,3rd Person Narrator (The Bluest Eye),156,156,,,,,,"*Story time dates approximated based on limited textual evidence for visualization purposes*""It was in the spring... that Aunt Jimmy died""(135) ""he was fourteen""(154)",,T,,,T,T,,,,,,,,,,,,
3,Cholly's 'rape' by White men and the 'almost-rape' of Darlene,1903-01-01,1918-01-01,T,3rd Person Narrator (The Bluest Eye),160,160,,,,,,"*Story time dates approximated based on limited textual evidence for visualization purposes*""It was in the spring... that Aunt Jimmy died""(135) ""he was fourteen""(154)",,T,,,T,T,,,,,,,,,,,,
2,Cholly's Mother abandons him,1903-01-01,1904-01-01,T,3rd Person Narrator (The Bluest Eye),133,133,,,,,,"*Story time dates approximated based on limited textual evidence for visualization purposes* ""When Cholly was four days old, his mother wrapped him in two bankets and one newspaper and placed him on a junk heap by the railroad"" (132)",,T,T,T,,,,,,,,,,,,,,
4,"Cholly goes to find his Dad in Macon, and his Dad rejects him",1903-01-01,1918-01-01,T,3rd Person Narrator (The Bluest Eye),155,155,,,,,,"*Story time dates approximated based on limited textual evidence for visualization purposes* ""It was in the spring... that Aunt Jimmy died""(135) ""he was fourteen""(154)",,T,,,,,,,,,,,,,,,,
2,Cholly's Mother abandons him,1903-01-01,1904-01-01,T,3rd Person Narrator (The Bluest Eye),132,132,,,,,,"*Story time dates approximated based on limited textual evidence for visualization purposes* ""When Cholly was four days old, his mother wrapped him in two bankets and one newspaper and placed him on a junk heap by the railroad"" (132)",,T,T,T,,,,,,,,,,,,,,
4,"Cholly goes to find his Dad in Macon, and his Dad rejects him",1903-01-01,1918-01-01,T,3rd Person Narrator (The Bluest Eye),153,153,,,,,,"*Story time dates approximated based on limited textual evidence for visualization purposes* ""It was in the spring... that Aunt Jimmy died""(135) ""he was fourteen""(154)",,T,,,,,,,,,,,,,,,,
4,"Cholly goes to find his Dad in Macon, and his Dad rejects him",1903-01-01,1918-01-01,T,3rd Person Narrator (The Bluest Eye),152,152,,,,,,"*Story time dates approximated based on limited textual evidence for visualization purposes* ""It was in the spring... that Aunt Jimmy died""(135) ""he was fourteen""(154)",,T,,,,,,,,,,,,,,,,
1,Aunt Jimmy passes away,1903-01-01,1918-01-01,T,3rd Person Narrator (The Bluest Eye),150,150,,,,,,"*Story time dates approximated based on limited textual evidence for visualization purposes*""It was in the spring... that Aunt Jimmy died""(135) ""he was fourteen""(154)",,T,,T,,,,,,,,,,,,,,
1,Aunt Jimmy passes away,1903-01-01,1918-01-01,T,3rd Person Narrator (The Bluest Eye),146,146,,,,,,"*Story time dates approximated based on limited textual evidence for visualization purposes*""It was in the spring... that Aunt Jimmy died""(135) ""he was fourteen""(154)",,T,,T,,,,,,,,,,,,,,
1,Aunt Jimmy passes away,1903-01-01,1918-01-01,T,3rd Person Narrator (The Bluest Eye),143,143,,,,,,"*Story time dates approximated based on limited textual evidence for visualization purposes*""It was in the spring... that Aunt Jimmy died""(135) ""he was fourteen""(154)",,T,,T,,,,,,,,,,,,,,
1,Aunt Jimmy passes away,1903-01-01,1918-01-01,T,3rd Person Narrator (The Bluest Eye),141,141,,,,,,"*Story time dates approximated based on limited textual evidence for visualization purposes*""It was in the spring... that Aunt Jimmy died""(135) ""he was fourteen""(154)",,T,,T,,,,,,,,,,,,,,
1,Aunt Jimmy passes away,1903-01-01,1918-01-01,T,3rd Person Narrator (The Bluest Eye),140,140,,,,,,"*Story time dates approximated based on limited textual evidence for visualization purposes*""It was in the spring... that Aunt Jimmy died""(135) ""he was fourteen""(154)",,T,,T,,,,,,,,,,,,,,
1,Aunt Jimmy passes away,1903-01-01,1918-01-01,T,3rd Person Narrator (The Bluest Eye),139,139,,,,,,"*Story time dates approximated based on limited textual evidence for visualization purposes*""It was in the spring... that Aunt Jimmy died""(135) ""he was fourteen""(154)",,T,,T,,,,,,,,,,,,,,
4,"Cholly goes to find his Dad in Macon, and his Dad rejects him",1903-01-01,1918-01-01,T,3rd Person Narrator (The Bluest Eye),154,154,,,,,,"*Story time dates approximated based on limited textual evidence for visualization purposes* ""It was in the spring... that Aunt Jimmy died""(135) ""he was fourteen""(154)",,T,,,,,,,,,,,,,,,,
5,Pauline and Cholly meet,1918-01-01,1926-01-01,T,3rd Person Narrator (The Bluest Eye),115,115,,,,,,"""when the war ended Pauline was fifteen""(113), WWI ended in 1918, and Sammy is born in 1926",,T,,,,,T,,,,,,,,,,,
5,Pauline and Cholly meet,1918-01-01,1926-01-01,T,3rd Person Narrator (The Bluest Eye),114,114,,,,,,"""when the war ended Pauline was fifteen""(113), WWI ended in 1918, and Sammy is born in 1926",,T,,,,,T,,,,,,,,,,,
6,"Pauline and Cholly get married and move to Lorain, Ohio",1918-01-01,1926-01-01,T,3rd Person Narrator (The Bluest Eye),160,160,,,,,,"""when the war ended Pauline was fifteen""(113), WWI ended in 1918, and Sammy is born in 1926",,T,,,,,T,,,,,,,,,,,
6,"Pauline and Cholly get married and move to Lorain, Ohio",1918-01-01,1926-01-01,T,3rd Person Narrator (The Bluest Eye),116,116,,,,,,"""when the war ended Pauline was fifteen""(113), WWI ended in 1918, and Sammy is born in 1926",,T,,,,,T,,,,,,,,,,,
5,Pauline and Cholly meet,1918-01-01,1926-01-01,T,3rd Person Narrator (The Bluest Eye),160,160,,,,,,"""when the war ended Pauline was fifteen""(113), WWI ended in 1918, and Sammy is born in 1926",,T,,,,,T,,,,,,,,,,,
7,Pauline is 'educated' by the movies,1925-01-01,1926-01-01,T,3rd Person Narrator (The Bluest Eye),122,122,,,,,,"""There I was, five months pregnant, trying to look like Jean Harlow"" (123)",,,,,,,T,,,,,,,,,,,
9,Pauline starts working for the Fishers,1929-01-01,1940-10-01,T,3rd Person Narrator (The Bluest Eye),127,127,,,,,,"After Pecola is born and ""on a Saturday morning in October""(39) Claudia narrates about the Breedloves in the fall of 1940",,,,,,,T,,,,,,,,,,,
9,Pauline starts working for the Fishers,1929-01-01,1940-10-01,T,3rd Person Narrator (The Bluest Eye),128,128,,,,,,"After Pecola is born and ""on a Saturday morning in October""(39) Claudia narrates about the Breedloves in the fall of 1940",,,,,,,T,,,,,,,,,,,
13,Pauline and Cholly fight (about coal),1940-10-01,1940-10-01,T,3rd Person Narrator (The Bluest Eye),39,39,,,,,,"""on a Saturday morning in October"" (39)",,T,,,,,T,T,,,,,,,,,,
13,Pauline and Cholly fight (about coal),1940-10-01,1940-10-01,T,3rd Person Narrator (The Bluest Eye),40,40,,,,,,"""on a Saturday morning in October"" (39)",,T,,,,,T,T,,,,,,,,,,
13,Pauline and Cholly fight (about coal),1940-10-01,1940-10-01,T,3rd Person Narrator (The Bluest Eye),44,44,,,,,,"""on a Saturday morning in October"" (39)",,T,,,,,T,T,,,,,,,,,,
16,Pecola prays for blue eyes (each night),1940-10-01,1940-10-01,T,3rd Person Narrator (The Bluest Eye),46,46,,,,,,"""on a Saturday morning in October""(39)",,,,,,,,T,,,,,,,,,,
13,Pauline and Cholly fight (about coal),1940-10-01,1940-10-01,T,3rd Person Narrator (The Bluest Eye),43,43,,,,,,"""on a Saturday morning in October"" (39)",,T,,,,,T,T,,,,,,,,,,
13,Pauline and Cholly fight (about coal),1940-10-01,1940-10-01,T,3rd Person Narrator (The Bluest Eye),41,41,,,,,,"""on a Saturday morning in October"" (39)",,T,,,,,T,T,,,,,,,,,,
18,Junior tricks Pecola and blames her for killing the cat,1941-03-01,1941-03-01,T,3rd Person Narrator (The Bluest Eye),89,89,,,,,,"""Outside, the March wind blew into the rip in her dress"" (93)",,,,,,,,T,,,,,,,T,T,,
18,Junior tricks Pecola and blames her for killing the cat,1941-03-01,1941-03-01,T,3rd Person Narrator (The Bluest Eye),90,90,,,,,,"""Outside, the March wind blew into the rip in her dress"" (93)",,,,,,,,T,,,,,,,T,T,,
18,Junior tricks Pecola and blames her for killing the cat,1941-03-01,1941-03-01,T,3rd Person Narrator (The Bluest Eye),94,94,,,,,,"""Outside, the March wind blew into the rip in her dress"" (93)",,,,,,,,T,,,,,,,T,T,,
18,Junior tricks Pecola and blames her for killing the cat,1941-03-01,1941-03-01,T,3rd Person Narrator (The Bluest Eye),91,91,,,,,,"""Outside, the March wind blew into the rip in her dress"" (93)",,,,,,,,T,,,,,,,T,T,,
19,Pecola asks Soaphead Church for blue eyes,1941-03-20,1941-06-21,T,3rd Person Narrator (The Bluest Eye),182,182,,,,,,"Occurs in on""one late hot afternoon"" (173) the section ""Spring""",,,,,,,,T,,,,,,,,,T,
19,Pecola asks Soaphead Church for blue eyes,1941-03-20,1941-06-21,T,3rd Person Narrator (The Bluest Eye),176,176,,,,,,"Occurs in on""one late hot afternoon"" (173) the section ""Spring""",,,,,,,,T,,,,,,,,,T,
19,Pecola asks Soaphead Church for blue eyes,1941-03-20,1941-06-21,T,3rd Person Narrator (The Bluest Eye),175,175,,,,,,"Occurs in on""one late hot afternoon"" (173) the section ""Spring""",,,,,,,,T,,,,,,,,,T,
19,Pecola asks Soaphead Church for blue eyes,1941-03-20,1941-06-21,T,3rd Person Narrator (The Bluest Eye),174,174,,,,,,"Occurs in on""one late hot afternoon"" (173) the section ""Spring""",,,,,,,,T,,,,,,,,,T,
19,Pecola asks Soaphead Church for blue eyes,1941-03-20,1941-06-21,T,3rd Person Narrator (The Bluest Eye),173,173,,,,,,"Occurs in on""one late hot afternoon"" (173) the section ""Spring""",,,,,,,,T,,,,,,,,,T,
21,Cholly rapes Pecola and impregnates her,1941-03-20,1941-06-21,T,3rd Person Narrator (The Bluest Eye),161,161,,,,,,"""in the thin light of spring""(161)",,T,,,,,,T,,,,,,,,,,
21,Cholly rapes Pecola and impregnates her,1941-03-20,1941-06-21,T,3rd Person Narrator (The Bluest Eye),163,163,,,,,,"""in the thin light of spring""(161)",,T,,,,,,T,,,,,,,,,,
21,Cholly rapes Pecola and impregnates her,1941-03-20,1941-06-21,T,3rd Person Narrator (The Bluest Eye),162,162,,,,,,"""in the thin light of spring""(161)",,T,,,,,,T,,,,,,,,,,
24,Pecola imagines herself a friend,1941-09-01,1941-09-22,T,3rd Person Narrator (The Bluest Eye),204,204,,,,,,"""After the first day of school""(197)",,,,,,,,T,,,,,,,,,,
11,Mr. Henry moves in with the Macteers,1940-09-22,1940-12-22,T,Claudia,12,12,1943-01-01,1943-01-01,9,32,T,"""It was autumn too when Mr. Henry came"" (12)",,,,,,,,,T,T,T,T,T,,,,,
11,Mr. Henry moves in with the Macteers,1940-09-22,1940-12-22,T,Claudia,13,13,1943-01-01,1943-01-01,9,32,T,"""It was autumn too when Mr. Henry came"" (12)",,,,,,,,,T,T,T,T,T,,,,,
11,Mr. Henry moves in with the Macteers,1940-09-22,1940-12-22,T,Claudia,15,15,1943-01-01,1943-01-01,9,32,T,"""It was autumn too when Mr. Henry came"" (12)",,,,,,,,,T,T,T,T,T,,,,,
12,Pecola starts mensturating,1940-10-01,1940-12-22,T,Claudia,32,32,1943-01-01,1943-01-01,9,32,T,"Occurs in the period of time Pecola lives with the Macteers and in the section ""Autumn""",,,,,,,,T,,T,T,T,,,,,,
14,Cholly burns down the Breedlove's house,1940-10-01,1940-12-22,T,Claudia,17,17,1943-01-01,1943-01-01,9,32,T,"After the Breedloves fight about coal, but before ""Winter"" (59)",,T,,,,,T,T,,,,,,,,,,
15,Pecola moves in with the Macteers,1940-10-01,1940-12-22,T,Claudia,16,16,1943-01-01,1943-01-01,9,32,T,"Pecola moves in around the same time as Mr. Henry: ""Mama had told us two days earlier that a 'case' was coming- a girl who had no place to go"" (16), and it must be after October as the Breedlove's house is still intact in October (39)",,,,,,,,T,,T,T,T,T,,,,,
12,Pecola starts mensturating,1940-10-01,1940-12-22,T,Claudia,27,27,1943-01-01,1943-01-01,9,32,T,"Occurs in the period of time Pecola lives with the Macteers and in the section ""Autumn""",,,,,,,,T,,T,T,T,,,,,,
12,Pecola starts mensturating,1940-10-01,1940-12-22,T,Claudia,31,31,1943-01-01,1943-01-01,9,32,T,"Occurs in the period of time Pecola lives with the Macteers and in the section ""Autumn""",,,,,,,,T,,T,T,T,,,,,,
17,"Maureen Peal walks home with Claudia, Frieda, and Pecola",1941-01-01,1941-03-20,T,Claudia,73,73,1943-01-01,1943-01-01,61,80,T,"""It was a false spring day, which...pierced the shell of a deadening winter""(64) and occurs in school, so assuming that the girls would've come back after holidays, making it the new year.",,,,,,,,T,,T,T,,,T,,,,
17,"Maureen Peal walks home with Claudia, Frieda, and Pecola",1941-01-01,1941-03-20,T,Claudia,71,71,1943-01-01,1943-01-01,61,80,T,"""It was a false spring day, which...pierced the shell of a deadening winter""(64) and occurs in school, so assuming that the girls would've come back after holidays, making it the new year.",,,,,,,,T,,T,T,,,T,,,,
17,"Maureen Peal walks home with Claudia, Frieda, and Pecola",1941-01-01,1941-03-20,T,Claudia,70,70,1943-01-01,1943-01-01,61,80,T,"""It was a false spring day, which...pierced the shell of a deadening winter""(64) and occurs in school, so assuming that the girls would've come back after holidays, making it the new year.",,,,,,,,T,,T,T,,,T,,,,
17,"Maureen Peal walks home with Claudia, Frieda, and Pecola",1941-01-01,1941-03-20,T,Claudia,69,69,1943-01-01,1943-01-01,61,80,T,"""It was a false spring day, which...pierced the shell of a deadening winter""(64) and occurs in school, so assuming that the girls would've come back after holidays, making it the new year.",,,,,,,,T,,T,T,,,T,,,,
17,"Maureen Peal walks home with Claudia, Frieda, and Pecola",1941-01-01,1941-03-20,T,Claudia,68,68,1943-01-01,1943-01-01,61,80,T,"""It was a false spring day, which...pierced the shell of a deadening winter""(64) and occurs in school, so assuming that the girls would've come back after holidays, making it the new year.",,,,,,,,T,,T,T,,,T,,,,
17,"Maureen Peal walks home with Claudia, Frieda, and Pecola",1941-01-01,1941-03-20,T,Claudia,67,67,1943-01-01,1943-01-01,61,80,T,"""It was a false spring day, which...pierced the shell of a deadening winter""(64) and occurs in school, so assuming that the girls would've come back after holidays, making it the new year.",,,,,,,,T,,T,T,,,T,,,,
17,"Maureen Peal walks home with Claudia, Frieda, and Pecola",1941-01-01,1941-03-20,T,Claudia,65,65,1943-01-01,1943-01-01,61,80,T,"""It was a false spring day, which...pierced the shell of a deadening winter""(64) and occurs in school, so assuming that the girls would've come back after holidays, making it the new year.",,,,,,,,T,,T,T,,,T,,,,
17,"Maureen Peal walks home with Claudia, Frieda, and Pecola",1941-01-01,1941-03-20,T,Claudia,72,72,1943-01-01,1943-01-01,61,80,T,"""It was a false spring day, which...pierced the shell of a deadening winter""(64) and occurs in school, so assuming that the girls would've come back after holidays, making it the new year.",,,,,,,,T,,T,T,,,T,,,,
20,Pecola knocks over her Mother's cobbler at the Fisher's house,1941-03-20,1941-05-05,T,Claudia,108,108,1943-01-01,1943-01-01,97,109,T,"""early spring"" (106)",,,,,,,T,T,,T,T,,,,,,,
20,Pecola knocks over her Mother's cobbler at the Fisher's house,1941-03-20,1941-05-05,T,Claudia,109,109,1943-01-01,1943-01-01,97,109,T,"""early spring"" (106)",,,,,,,T,T,,T,T,,,,,,,
22,Mr. Henry assaults Frieda,1941-03-20,1941-05-05,T,Claudia,99,99,1943-01-01,1943-01-01,97,109,T,"""early spring""(106)",,,,,,,,,T,,T,T,T,,,,,
21,Cholly rapes Pecola and impregnates her,1941-03-20,1941-06-21,T,Claudia,206,206,1943-01-01,1943-01-01,204,204,T,"""in the thin light of spring""(161)",,T,,,,,,T,,,,,,,,,,
21,Cholly rapes Pecola and impregnates her,1941-03-20,1941-06-21,T,Claudia,5,5,1943-01-01,1943-01-01,5,6,T,"""in the thin light of spring""(161)",,T,,,,,,T,,,,,,,,,,
21,Cholly rapes Pecola and impregnates her,1941-03-20,1941-06-21,T,Claudia,6,6,1943-01-01,1943-01-01,5,6,T,"""in the thin light of spring""(161)",,T,,,,,,T,,,,,,,,,,
22,Mr. Henry assaults Frieda,1941-03-20,1941-05-05,T,Claudia,100,100,1943-01-01,1943-01-01,97,109,T,"""early spring""(106)",,,,,,,,,T,,T,T,T,,,,,
21,Cholly rapes Pecola and impregnates her,1941-03-20,1941-06-21,T,Claudia,190,190,1943-01-01,1943-01-01,187,192,T,"""in the thin light of spring""(161)",,T,,,,,,T,,,,,,,,,,
21,Cholly rapes Pecola and impregnates her,1941-03-20,1941-06-21,T,Claudia,189,189,1943-01-01,1943-01-01,187,192,T,"""in the thin light of spring""(161)",,T,,,,,,T,,,,,,,,,,
21,Cholly rapes Pecola and impregnates her,1941-03-20,1941-06-21,T,Claudia,188,188,1943-01-01,1943-01-01,187,192,T,"""in the thin light of spring""(161)",,T,,,,,,T,,,,,,,,,,
22,Mr. Henry assaults Frieda,1941-03-20,1941-05-05,T,Claudia,98,98,1943-01-01,1943-01-01,97,109,T,"""early spring""(106)",,,,,,,,,T,,T,T,T,,,,,
23,Cholly passes away,1941-06-22,1941-12-22,T,Claudia,6,6,1943-01-01,1943-01-01,5,6,T,"""Cholly died in the workhouse"" (205), has to be after he impregnates Pecola",,T,,,,,,,,,,,,,,,,
23,Cholly passes away,1941-06-22,1941-12-22,T,Claudia,205,205,1943-01-01,1943-01-01,204,204,T,"""Cholly died in the workhouse"" (205), has to be after he impregnates Pecola",,T,,,,,,,,,,,,,,,,
24,Pecola imagines herself a friend,1941-09-01,1941-09-22,T,Claudia,205,205,1943-01-01,1943-01-01,204,204,T,"""After the first day of school""(197)",,,,,,,,T,,,,,,,,,,
25,Pecola loses her baby,1941-09-23,1941-12-22,T,Claudia,6,6,1943-01-01,1943-01-01,5,6,T,"""[T]here were no marigolds in the fall of 1941"" (5)",,,,,,,,T,,,,,,,,,,T
25,Pecola loses her baby,1941-09-23,1941-12-22,T,Claudia,204,204,1943-01-01,1943-01-01,204,204,T,"""[T]here were no marigolds in the fall of 1941"" (5)",,,,,,,,T,,,,,,,,,,T
25,Pecola loses her baby,1941-09-23,1941-12-22,T,Claudia,5,5,1943-01-01,1943-01-01,5,6,T,"""[T]here were no marigolds in the fall of 1941"" (5)",,,,,,,,T,,,,,,,,,,T
7,Pauline is 'educated' by the movies,1925-01-01,1926-01-01,T,Pauline Breedlove,123,123,1943-01-01,1943-01-01,123,126,T,"""There I was, five months pregnant, trying to look like Jean Harlow"" (123)",,,,,,,T,,,,,,,,,,,
8,Sammy is born,1926-01-01,1926-01-01,T,Pauline Breedlove,123,123,1943-01-01,1943-01-01,123,126,T,"""Sammy, [is] fourteen years old"" (35) in 1940, as Claudia states ""there were no marigolds in the fall of 1941"" (5) and then picks up the narration from the previous ""Autumn""(7)",,,,,,,T,,,,,,,,,,,
10,Pecola is born,1929-01-01,1929-01-01,T,Pauline Breedlove,125,125,1943-01-01,1943-01-01,123,126,T,"""Pecola, [is] eleven years old""  (35) in 1940, as Claudia states ""there were no marigolds in the fall of 1941"" (5) and then picks up the narration from the previous ""Autumn""(7)",,,,,,,T,T,,,,,,,,,,
21,Cholly rapes Pecola and impregnates her,1941-03-20,1941-06-21,T,Pecola Breedlove,201,201,1943-01-01,1943-01-01,193,204,T,"""in the thin light of spring""(161)",,T,,,,,,T,,,,,,,,,,
21,Cholly rapes Pecola and impregnates her,1941-03-20,1941-06-21,T,Pecola Breedlove,199,199,1943-01-01,1943-01-01,193,204,T,"""in the thin light of spring""(161)",,T,,,,,,T,,,,,,,,,,
23,Cholly passes away,1941-06-22,1941-12-22,T,Pecola Breedlove,200,200,1943-01-01,1943-01-01,193,204,T,"""Cholly died in the workhouse"" (205), has to be after he impregnates Pecola",,T,,,,,,,,,,,,,,,,
24,Pecola imagines herself a friend,1941-09-01,1941-09-22,T,Pecola Breedlove,201,201,1943-01-01,1943-01-01,193,204,T,"""After the first day of school""(197)",,,,,,,,T,,,,,,,,,,
24,Pecola imagines herself a friend,1941-09-01,1941-09-22,T,Pecola Breedlove,193,193,1943-01-01,1943-01-01,193,204,T,"""After the first day of school""(197)",,,,,,,,T,,,,,,,,,,
24,Pecola imagines herself a friend,1941-09-01,1941-09-22,T,Pecola Breedlove,194,194,1943-01-01,1943-01-01,193,204,T,"""After the first day of school""(197)",,,,,,,,T,,,,,,,,,,
24,Pecola imagines herself a friend,1941-09-01,1941-09-22,T,Pecola Breedlove,195,195,1943-01-01,1943-01-01,193,204,T,"""After the first day of school""(197)",,,,,,,,T,,,,,,,,,,
24,Pecola imagines herself a friend,1941-09-01,1941-09-22,T,Pecola Breedlove,200,200,1943-01-01,1943-01-01,193,204,T,"""After the first day of school""(197)",,,,,,,,T,,,,,,,,,,
24,Pecola imagines herself a friend,1941-09-01,1941-09-22,T,Pecola Breedlove,196,196,1943-01-01,1943-01-01,193,204,T,"""After the first day of school""(197)",,,,,,,,T,,,,,,,,,,
24,Pecola imagines herself a friend,1941-09-01,1941-09-22,T,Pecola Breedlove,202,202,1943-01-01,1943-01-01,193,204,T,"""After the first day of school""(197)",,,,,,,,T,,,,,,,,,,
24,Pecola imagines herself a friend,1941-09-01,1941-09-22,T,Pecola Breedlove,198,198,1943-01-01,1943-01-01,193,204,T,"""After the first day of school""(197)",,,,,,,,T,,,,,,,,,,
24,Pecola imagines herself a friend,1941-09-01,1941-09-22,T,Pecola Breedlove,203,203,1943-01-01,1943-01-01,193,204,T,"""After the first day of school""(197)",,,,,,,,T,,,,,,,,,,
24,Pecola imagines herself a friend,1941-09-01,1941-09-22,T,Pecola Breedlove,199,199,1943-01-01,1943-01-01,193,204,T,"""After the first day of school""(197)",,,,,,,,T,,,,,,,,,,
24,Pecola imagines herself a friend,1941-09-01,1941-09-22,T,Pecola Breedlove,197,197,1943-01-01,1943-01-01,193,204,T,"""After the first day of school""(197)",,,,,,,,T,,,,,,,,,,