Relative Order,Event Name,Start Date,End Date,Is Approximate?,Narrator,Start Page,End Page,Start Date TT,End Date TT,Start Page TT,End Page TT,Is Approximate TT?,Evidence,Participating Characters,Essun,Damaya,Syenite,Alabaster,Hoa,Schaffa
1,Damaya almost kills Zab,2813-01-01,2813-01-01,T,3rd-Person,32,32,,,25,41,T,"""She almost killed a boy at school.""",Damaya,F,T,F,F,F,F
1,Damaya almost kills Zab,2813-01-01,2813-01-01,T,3rd-Person,37,37,,,25,41,T,"It was after lunch, in the play-yard.",Damaya,F,T,F,F,F,F
1,Damaya almost kills Zab,2813-01-01,2813-01-01,T,3rd-Person,38,38,,,25,41,T,"You almost killed me, she had seen there.",Damaya,F,T,F,F,F,F
1,Damaya almost kills Zab,2813-01-01,2813-01-01,T,3rd-Person,96,96,,,84,104,T,"""At lunch. I was... A boy pushed me.""",Damaya,F,T,F,F,F,F
2,Schaffa adopts Damaya,2813-01-15,2813-01-15,T,3rd-Person,30,30,,,25,41,T,"""...you'll be leaving with me.""",Damaya and Schaffa,F,T,F,F,F,T
2,Schaffa adopts Damaya,2813-01-15,2813-01-15,T,3rd-Person,328,328,,,297,331,T,A chilly barn in the Nomidlats...,Damaya and Schaffa,F,T,F,F,F,T
3,Schaffa breaks Damaya's hand,2813-01-16,2813-01-16,T,3rd-Person,96,96,,,84,104,T,Schaffa puts a hand on hers...,Damaya and Schaffa,F,T,F,F,F,T
3,Schaffa breaks Damaya's hand,2813-01-16,2813-01-16,T,3rd-Person,97,97,,,84,104,T,Is that why his hand presses down on hers so hard?,Damaya and Schaffa,F,T,F,F,F,T
3,Schaffa breaks Damaya's hand,2813-01-16,2813-01-16,T,3rd-Person,98,98,,,84,104,T,...the skin tenting and purpled...,Damaya and Schaffa,F,T,F,F,F,T
3,Schaffa breaks Damaya's hand,2813-01-16,2813-01-16,T,3rd-Person,99,99,,,84,104,T,...the hand he's broken.,Damaya and Schaffa,F,T,F,F,F,T
3,Schaffa breaks Damaya's hand,2813-01-16,2813-01-16,T,3rd-Person,100,100,,,84,104,T,Her hand hurts.,Damaya and Schaffa,F,T,F,F,F,T
3,Schaffa breaks Damaya's hand,2813-01-16,2813-01-16,T,3rd-Person,102,102,,,84,104,T,Her hand.,Damaya and Schaffa,F,T,F,F,F,T
3,Schaffa breaks Damaya's hand,2813-01-16,2813-01-16,T,3rd-Person,103,103,,,84,104,T,"""...I will never hurt you again.""",Damaya and Schaffa,F,T,F,F,F,T
3,Schaffa breaks Damaya's hand,2813-01-16,2813-01-16,T,3rd-Person,197,197,,,191,211,T,...a few broken bones...,Damaya and Schaffa,F,T,F,F,F,T
3,Schaffa breaks Damaya's hand,2813-01-16,2813-01-16,T,3rd-Person,325,325,,,297,331,T,...the bones that Schaffa broke...,Damaya and Schaffa,F,T,F,F,F,T
3,Schaffa breaks Damaya's hand,2813-01-16,2813-01-16,T,3rd-Person,326,326,,,297,331,T,Schaffa promised that he would hurt her only for good reason.,Damaya and Schaffa,F,T,F,F,F,T
3,Schaffa breaks Damaya's hand,2813-01-16,2813-01-16,T,3rd-Person,415,415,,,413,443,T,Syenite's fingers twitch with remembered pain.,Damaya and Schaffa,F,T,F,F,F,T
4,"Damaya, Crack, and Maxixe episode",2813-07-16,2813-07-16,T,3rd-Person,203,203,,,191,211,T,There's a girl among the loners that she's noticed.,Damaya,F,T,F,F,F,F
4,"Damaya, Crack, and Maxixe episode",2813-07-16,2813-07-16,T,3rd-Person,204,204,,,191,211,T,"""Yeah,"" Crack says softly.",Damaya,F,T,F,F,F,F
4,"Damaya, Crack, and Maxixe episode",2813-07-16,2813-07-16,T,3rd-Person,205,205,,,191,211,T,"""I don't lose things.""",Damaya,F,T,F,F,F,F
4,"Damaya, Crack, and Maxixe episode",2813-07-16,2813-07-16,T,3rd-Person,206,206,,,191,211,T,"""They disappeared during the last shower...""",Damaya,F,T,F,F,F,F
4,"Damaya, Crack, and Maxixe episode",2813-07-16,2813-07-16,T,3rd-Person,207,207,,,191,211,T,Maxixe opens his hest along with the rest...,Damaya,F,T,F,F,F,F
4,"Damaya, Crack, and Maxixe episode",2813-07-16,2813-07-16,T,3rd-Person,208,208,,,191,211,T,And then he points at Crack.,Damaya,F,T,F,F,F,F
4,"Damaya, Crack, and Maxixe episode",2813-07-16,2813-07-16,T,3rd-Person,209,209,,,191,211,T,"He points at Maxixe, Jasper, and Crack.",Damaya,F,T,F,F,F,F
4,"Damaya, Crack, and Maxixe episode",2813-07-16,2813-07-16,T,3rd-Person,210,210,,,191,211,T,So after a while Crack shakes her head...,Damaya,F,T,F,F,F,F
4,"Damaya, Crack, and Maxixe episode",2813-07-16,2813-07-16,T,3rd-Person,211,211,,,191,211,T,The other grits never give Damaya trouble again.,Damaya,F,T,F,F,F,F
4,"Damaya, Crack, and Maxixe episode",2813-07-16,2813-07-16,T,3rd-Person,297,297,,,297,331,T,After Crack disappears...,Damaya,F,T,F,F,F,F
4,"Damaya, Crack, and Maxixe episode",2813-07-16,2813-07-16,T,3rd-Person,307,307,,,297,331,T,Crack.,Damaya,F,T,F,F,F,F
4,"Damaya, Crack, and Maxixe episode",2813-07-16,2813-07-16,T,3rd-Person,330,330,,,297,331,T,...what happened to Crack last year.,Damaya,F,T,F,F,F,F
5,Damaya and Binof find the pit,2814-07-16,2814-07-16,T,3rd-Person,318,318,,,297,331,T,The tunnel opens out into a huge dark space.,Damaya,F,T,F,F,F,F
5,Damaya and Binof find the pit,2814-07-16,2814-07-16,T,3rd-Person,319,319,,,297,331,T,Something like a mountain.,Damaya,F,T,F,F,F,F
5,Damaya and Binof find the pit,2814-07-16,2814-07-16,T,3rd-Person,320,320,,,297,331,T,Tapering to a point at the very bottom.,Damaya,F,T,F,F,F,F
5,Damaya and Binof find the pit,2814-07-16,2814-07-16,T,Hoa,390,390,2844-01-01,2844-01-01,297,331,T,"""...that socket, which we found in the Fulcrum.""",Damaya,F,T,F,F,F,F
6,Damaya becomes Syenite,2814-07-16,2814-07-16,T,Hoa,172,172,2844-01-01,2844-01-01,172,190,T,"You could become someone new, maybe.","Damaya, Schaffa, and Syenite",F,T,T,F,F,T
6,Damaya becomes Syenite,2814-07-16,2814-07-16,T,3rd-Person,331,331,,,297,331,T,"""Syenite.""","Damaya, Schaffa, and Syenite",F,T,T,F,F,T
7,Syenite apprentices with Alabaster,2827-06-01,2827-06-01,T,3rd-Person,62,62,,,61,76,T,"""I appreicate that you have assigned me a mentor, senior.""",Alabaster and Syenite,F,F,T,T,F,F
8,Syenite and Alabaster visit the node maintiner,2827-06-21,2827-06-21,T,3rd-Person,139,139,,,116,149,T,"The node maintainer is seated in it, anyway, so it must be",Alabaster and Syenite,F,F,T,T,F,F
8,Syenite and Alabaster visit the node maintiner,2827-06-21,2827-06-21,T,3rd-Person,140,140,,,116,149,T,...a body alive like this...,Alabaster and Syenite,F,F,T,T,F,F
8,Syenite and Alabaster visit the node maintiner,2827-06-21,2827-06-21,T,3rd-Person,141,141,,,116,149,T,"Syen can't take her eyes off the body's, the boy's, face.",Alabaster and Syenite,F,F,T,T,F,F
8,Syenite and Alabaster visit the node maintiner,2827-06-21,2827-06-21,T,3rd-Person,142,142,,,116,149,T,"""...keep him alive enough to function...""",Alabaster and Syenite,F,F,T,T,F,F
8,Syenite and Alabaster visit the node maintiner,2827-06-21,2827-06-21,T,3rd-Person,143,143,,,116,149,T,It's wrong. It's all so wrong.,Alabaster and Syenite,F,F,T,T,F,F
8,Syenite and Alabaster visit the node maintiner,2827-06-21,2827-06-21,T,3rd-Person,144,144,,,116,149,T,"After a moment, Alabaster turns and leaves the room.",Alabaster and Syenite,F,F,T,T,F,F
8,Syenite and Alabaster visit the node maintiner,2827-06-21,2827-06-21,T,3rd-Person,145,145,,,116,149,T,...the boy in the wire chare...,Alabaster and Syenite,F,F,T,T,F,F
8,Syenite and Alabaster visit the node maintiner,2827-06-21,2827-06-21,T,3rd-Person,147,147,,,116,149,T,"""That thing in the chair wasn't a child.""",Alabaster and Syenite,F,F,T,T,F,F
8,Syenite and Alabaster visit the node maintiner,2827-06-21,2827-06-21,T,3rd-Person,148,148,,,116,149,T,"...his half-dead, half-grown son...",Alabaster and Syenite,F,F,T,T,F,F
8,Syenite and Alabaster visit the node maintiner,2827-06-21,2827-06-21,T,3rd-Person,169,169,,,152,171,T,Or to save his son?,Alabaster and Syenite,F,F,T,T,F,F
8,Syenite and Alabaster visit the node maintiner,2827-06-21,2827-06-21,T,3rd-Person,254,254,,,244,263,T,...the dead child in the node station...,Alabaster and Syenite,F,F,T,T,F,F
8,Syenite and Alabaster visit the node maintiner,2827-06-21,2827-06-21,T,3rd-Person,433,433,,,413,443,T,A wire-frame chair in a darkened node station...,Alabaster and Syenite,F,F,T,T,F,F
9,Somebody poisons Alabaster,2827-06-28,2827-06-28,T,3rd-Person,162,162,,,152,171,T,She finds his mouth full of spit; he's drowning on his own damn drool.,Alabaster and Syenite,F,F,T,T,F,F
9,Somebody poisons Alabaster,2827-06-28,2827-06-28,T,3rd-Person,163,163,,,152,171,T,He's struggling,Alabaster and Syenite,F,F,T,T,F,F
9,Somebody poisons Alabaster,2827-06-28,2827-06-28,T,3rd-Person,164,164,,,152,171,T,...she hears Alabaster make a harsh sound...,Alabaster and Syenite,F,F,T,T,F,F
9,Somebody poisons Alabaster,2827-06-28,2827-06-28,T,3rd-Person,165,165,,,152,171,T,Alabaster makes a harsh sound...,Alabaster and Syenite,F,F,T,T,F,F
9,Somebody poisons Alabaster,2827-06-28,2827-06-28,T,3rd-Person,166,166,,,152,171,T,a contaminant,Alabaster and Syenite,F,F,T,T,F,F
9,Somebody poisons Alabaster,2827-06-28,2827-06-28,T,3rd-Person,169,169,,,152,171,T,...more than enough to kill one annoying middle-aged rogga.,Alabaster and Syenite,F,F,T,T,F,F
9,Somebody poisons Alabaster,2827-06-28,2827-06-28,T,3rd-Person,170,170,,,152,171,T,Could it have been an accident?,Alabaster and Syenite,F,F,T,T,F,F
9,Somebody poisons Alabaster,2827-06-28,2827-06-28,T,3rd-Person,212,212,,,212,231,T,"""My colleague is ill""",Alabaster and Syenite,F,F,T,T,F,F
9,Somebody poisons Alabaster,2827-06-28,2827-06-28,T,3rd-Person,214,214,,,212,231,T,...who in Allia might want Alabaster dead...,Alabaster and Syenite,F,F,T,T,F,F
9,Somebody poisons Alabaster,2827-06-28,2827-06-28,T,3rd-Person,248,248,,,244,263,T,...where someone's already tried to kill one of us...,Alabaster and Syenite,F,F,T,T,F,F
9,Somebody poisons Alabaster,2827-06-28,2827-06-28,T,3rd-Person,249,249,,,244,263,T,...his near-death brush,Alabaster and Syenite,F,F,T,T,F,F
10,Syenite moves the garnet obelisk,2827-06-28,2827-06-28,T,3rd-Person,227,227,,,212,231,T,So she stabs the fulcrum of her power into the earth...,Syenite,F,F,T,F,F,F
10,Syenite moves the garnet obelisk,2827-06-28,2827-06-28,T,3rd-Person,228,228,,,212,231,T,Something like what she felt last night...,Syenite,F,F,T,F,F,F
10,Syenite moves the garnet obelisk,2827-06-28,2827-06-28,T,3rd-Person,229,229,,,212,231,T,The thing isn't doing what she wants it to do.,Syenite,F,F,T,F,F,F
10,Syenite moves the garnet obelisk,2827-06-28,2827-06-28,T,3rd-Person,230,230,,,212,231,T,It's different from the one Syen saw last night.,Syenite,F,F,T,F,F,F
10,Syenite moves the garnet obelisk,2827-06-28,2827-06-28,T,3rd-Person,231,231,,,212,231,T,...a broken obelisk that has lain unknown on the floor...,Syenite,F,F,T,F,F,F
10,Syenite moves the garnet obelisk,2827-06-28,2827-06-28,T,3rd-Person,244,244,,,244,263,T,...the garnet obelisk...,Syenite,F,F,T,F,F,F
10,Syenite moves the garnet obelisk,2827-06-28,2827-06-28,T,3rd-Person,246,246,,,244,263,T,..the effect tht an obelisk so close will have on Allia's population.,Syenite,F,F,T,F,F,F
10,Syenite moves the garnet obelisk,2827-06-28,2827-06-28,T,3rd-Person,247,247,,,244,263,T,No one needs to know that you can connect to the obelisks.,Syenite,F,F,T,F,F,F
10,Syenite moves the garnet obelisk,2827-06-28,2827-06-28,T,3rd-Person,249,249,,,244,263,T,...ever since Syenite raised it.,Syenite,F,F,T,F,F,F
10,Syenite moves the garnet obelisk,2827-06-28,2827-06-28,T,3rd-Person,251,251,,,244,263,T,"""You raised it.""",Syenite,F,F,T,F,F,F
10,Syenite moves the garnet obelisk,2827-06-28,2827-06-28,T,3rd-Person,252,252,,,244,263,T,"""It raised itself.""",Syenite,F,F,T,F,F,F
10,Syenite moves the garnet obelisk,2827-06-28,2827-06-28,T,3rd-Person,256,256,,,244,263,T,"""I did this job, Guardian. Is there some problem with my work?""",Syenite,F,F,T,F,F,F
11,Syenite shatters the garnet obelisk,2827-07-05,2827-07-05,T,3rd-Person,263,263,,,244,263,T,And then / the obelisk / shatters.,Alabaster and Syenite,F,F,T,T,F,F
11,Syenite shatters the garnet obelisk,2827-07-05,2827-07-05,T,3rd-Person,286,286,,,277,296,T,"""And since all it took to reactive it was a four-ringer...""",Alabaster and Syenite,F,F,T,T,F,F
11,Syenite shatters the garnet obelisk,2827-07-05,2827-07-05,T,3rd-Person,386,386,,,362,387,T,...Allia before her folly destroyed it.,Alabaster and Syenite,F,F,T,T,F,F
11,Syenite shatters the garnet obelisk,2827-07-05,2827-07-05,T,Hoa,448,448,2844-01-01,2844-01-01,444,449,T,"""You drew on the garnet at Allia.""",Alabaster and Syenite,F,F,T,T,F,F
12,Antimony transports Syenite and Alabaster to Meov,2827-07-05,2827-07-05,T,3rd-Person,280,280,,,277,296,T,"""I brought you.""",Alabaster and Syenite,F,F,T,T,F,F
12,Antimony transports Syenite and Alabaster to Meov,2827-07-05,2827-07-05,T,3rd-Person,281,281,,,277,296,T,"""I saved your life.""",Alabaster and Syenite,F,F,T,T,F,F
12,Antimony transports Syenite and Alabaster to Meov,2827-07-05,2827-07-05,T,3rd-Person,282,282,,,277,296,T,"""Why did she bring us here?""",Alabaster and Syenite,F,F,T,T,F,F
12,Antimony transports Syenite and Alabaster to Meov,2827-07-05,2827-07-05,T,3rd-Person,283,283,,,277,296,T,"""If she saved our lives?""",Alabaster and Syenite,F,F,T,T,F,F
13,"Syenite, Alabaster, and Innon become a polycule",2827-07-08,2827-07-08,T,3rd-Person,360,360,,,344,360,T,Syenite falls asleep like this.,Alabaster and Syenite,F,F,T,T,F,F
14,Syenite gives birth to Corundum,2827-07-08,2828-04-01,T,3rd-Person,362,362,,,362,387,T,"""...when you just had a baby.""",Alabaster and Syenite,F,F,T,T,F,F
14,Syenite gives birth to Corundum,2828-04-01,2828-04-01,T,3rd-Person,365,365,,,362,387,T,"""Corundum is your son, Syenite.""",Alabaster and Syenite,F,F,T,T,F,F
15,Syenite sees a Guardian in Allia,2830-04-01,2830-04-01,T,3rd-Person,387,387,,,362,387,T,...the walking figure is wearing a burgundy uniform.,Syenite,F,F,T,F,F,F
15,Syenite sees a Guardian in Allia,2830-04-01,2830-04-01,T,3rd-Person,419,419,,,413,443,T,"""I thought I saw a Guardian,"" she says after a while.",Syenite,F,F,T,F,F,F
16,The Guardians attack Meov,2830-04-06,2830-04-06,T,3rd-Person,422,422,,,413,443,T,Of course it cannot last.,"Alabaster, Schaffa, and Syenite",F,F,T,T,F,T
16,The Guardians attack Meov,2830-04-06,2830-04-06,T,3rd-Person,424,424,,,413,443,T,Wearing burgundy.,"Alabaster, Schaffa, and Syenite",F,F,T,T,F,T
16,The Guardians attack Meov,2830-04-06,2830-04-06,T,3rd-Person,425,425,,,413,443,T,"""Guardians.""","Alabaster, Schaffa, and Syenite",F,F,T,T,F,T
16,The Guardians attack Meov,2830-04-06,2830-04-06,T,3rd-Person,426,426,,,413,443,T,...she's going to show these rusting Guardians...,"Alabaster, Schaffa, and Syenite",F,F,T,T,F,T
16,The Guardians attack Meov,2830-04-06,2830-04-06,T,3rd-Person,427,427,,,413,443,T,The wall splinters...,"Alabaster, Schaffa, and Syenite",F,F,T,T,F,T
16,The Guardians attack Meov,2830-04-06,2830-04-06,T,3rd-Person,428,428,,,413,443,T,The ships are much closer...,"Alabaster, Schaffa, and Syenite",F,F,T,T,F,T
16,The Guardians attack Meov,2830-04-06,2830-04-06,T,3rd-Person,429,429,,,413,443,T,But the other two ships have split up...,"Alabaster, Schaffa, and Syenite",F,F,T,T,F,T
16,The Guardians attack Meov,2830-04-06,2830-04-06,T,3rd-Person,430,430,,,413,443,T,So she throws herself down.,"Alabaster, Schaffa, and Syenite",F,F,T,T,F,T
16,The Guardians attack Meov,2830-04-06,2830-04-06,T,3rd-Person,431,431,,,413,443,T,The finger of rock has landed squarely on the ship.,"Alabaster, Schaffa, and Syenite",F,F,T,T,F,T
16,The Guardians attack Meov,2830-04-06,2830-04-06,T,3rd-Person,432,432,,,413,443,T,"""I took out the other ship""","Alabaster, Schaffa, and Syenite",F,F,T,T,F,T
16,The Guardians attack Meov,2830-04-06,2830-04-06,T,3rd-Person,433,433,,,413,443,T,The stone eater has made his body pass through solid stone...,"Alabaster, Schaffa, and Syenite",F,F,T,T,F,T
16,The Guardians attack Meov,2830-04-06,2830-04-06,T,3rd-Person,434,434,,,413,443,T,...where she can see the remaining ship.,"Alabaster, Schaffa, and Syenite",F,F,T,T,F,T
16,The Guardians attack Meov,2830-04-06,2830-04-06,T,3rd-Person,435,435,,,413,443,T,...the Guardians' rogga...,"Alabaster, Schaffa, and Syenite",F,F,T,T,F,T
16,The Guardians attack Meov,2830-04-06,2830-04-06,T,3rd-Person,436,436,,,413,443,T,Innon shouts and one of  the catapult crews...,"Alabaster, Schaffa, and Syenite",F,F,T,T,F,T
16,The Guardians attack Meov,2830-04-06,2830-04-06,T,3rd-Person,437,437,,,413,443,T,The mast creaks and goes over like a felled tree...,"Alabaster, Schaffa, and Syenite",F,F,T,T,F,T
16,The Guardians attack Meov,2830-04-06,2830-04-06,T,3rd-Person,438,438,,,413,443,T,It's the same everywhere. They're losing.,"Alabaster, Schaffa, and Syenite",F,F,T,T,F,T
16,The Guardians attack Meov,2830-04-06,2830-04-06,T,3rd-Person,439,439,,,413,443,T,The Guardian who has killed him stands there...,"Alabaster, Schaffa, and Syenite",F,F,T,T,F,T
16,The Guardians attack Meov,2830-04-06,2830-04-06,T,3rd-Person,440,440,,,413,443,T,Schaffa blinks and looks surprised.,"Alabaster, Schaffa, and Syenite",F,F,T,T,F,T
16,The Guardians attack Meov,2830-04-06,2830-04-06,T,Hoa,445,445,2844-01-01,2844-01-01,444,449,T,...at the end of Meov.,"Alabaster, Schaffa, and Syenite",F,F,T,T,F,T
17,Syenite connects to the amethyst obelisk,2830-04-30,2830-04-30,T,3rd-Person,440,440,,,413,443,T,There are moments when everything changes...,Schaffa and Syenite,F,F,T,F,F,T
17,Syenite connects to the amethyst obelisk,2830-04-30,2830-04-30,T,3rd-Person,441,441,,,413,443,T,So she reaches up.,Schaffa and Syenite,F,F,T,F,F,T
17,Syenite connects to the amethyst obelisk,2830-04-30,2830-04-30,T,3rd-Person,442,442,,,413,443,T,She reaches for it now...,Schaffa and Syenite,F,F,T,F,F,T
17,Syenite connects to the amethyst obelisk,2830-04-30,2830-04-30,T,3rd-Person,443,443,,,413,443,T,When all the death is done and the obelisk is calm...,Schaffa and Syenite,F,F,T,F,F,T
17,Syenite connects to the amethyst obelisk,2830-04-30,2830-04-30,T,Hoa,448,448,2844-01-01,2844-01-01,444,449,T,"""You must have used the amethyst at Meov...""",Schaffa and Syenite,F,F,T,F,F,T
18,Syenite becomes Essun,2832-04-30,2832-04-30,T,Hoa,172,172,2844-01-01,2844-01-01,172,190,T,"You could become someone new, maybe.","Essun, Hoa, and Syenite",T,F,T,F,T,F
18,Syenite becomes Essun,2832-04-30,2832-04-30,T,Hoa,392,392,2844-01-01,2844-01-01,388,412,T,"""I died to get away from them...""","Essun, Hoa, and Syenite",T,F,T,F,T,F
18,Syenite becomes Essun,2832-04-30,2832-04-30,T,3rd-Person,443,443,,,413,443,T,I was glad when she found the little town called Tirimo...,"Essun, Hoa, and Syenite",T,F,T,F,T,F
19,Alabaster starts the fifth season,2842-04-30,2842-04-30,T,3rd-Person,6,6,,,1,14,T,"""End,"" he says. ""Please.""",Alabaster,F,F,F,T,F,F
19,Alabaster starts the fifth season,2842-04-30,2842-04-30,T,3rd-Person,7,7,,,1,14,T,Then he breaks it.,Alabaster,F,F,F,T,F,F
19,Alabaster starts the fifth season,2842-04-30,2842-04-30,T,Hoa,19,19,2844-01-01,2844-01-01,15,24,T,"""Something happened up north,"" Lerna tells you.",Alabaster,F,F,F,T,F,F
19,Alabaster starts the fifth season,2842-04-30,2842-04-30,T,Hoa,20,20,2844-01-01,2844-01-01,15,24,T,a convulsion of the earth so powerful you have never sessed its like.,Alabaster,F,F,F,T,F,F
19,Alabaster starts the fifth season,2842-04-30,2842-04-30,T,Hoa,21,21,2844-01-01,2844-01-01,15,24,T,It has come to that.,Alabaster,F,F,F,T,F,F
19,Alabaster starts the fifth season,2842-04-30,2842-04-30,T,Hoa,24,24,2844-01-01,2844-01-01,15,24,T,"Something happened up North, Lerna said.",Alabaster,F,F,F,T,F,F
19,Alabaster starts the fifth season,2842-04-30,2842-04-30,T,Hoa,42,42,2844-01-01,2844-01-01,42,60,T,"""Even though the big shake from the north missed Tirimo...""",Alabaster,F,F,F,T,F,F
19,Alabaster starts the fifth season,2842-04-30,2842-04-30,T,Hoa,173,173,2844-01-01,2844-01-01,172,190,T,"""...the Season...""",Alabaster,F,F,F,T,F,F
19,Alabaster starts the fifth season,2842-04-30,2842-04-30,T,Hoa,181,181,2844-01-01,2844-01-01,172,190,T,"""That shake from the north,"" she says.",Alabaster,F,F,F,T,F,F
19,Alabaster starts the fifth season,2842-04-30,2842-04-30,T,Hoa,233,233,2844-01-01,2844-01-01,232,243,T,...everything changes in a Season...,Alabaster,F,F,F,T,F,F
19,Alabaster starts the fifth season,2842-04-30,2842-04-30,T,Hoa,236,236,2844-01-01,2844-01-01,232,243,T,You ask them what happened up north.,Alabaster,F,F,F,T,F,F
19,Alabaster starts the fifth season,2842-04-30,2842-04-30,T,Hoa,237,237,2844-01-01,2844-01-01,232,243,T,"""We saw something sort of—tear, off to the north.""",Alabaster,F,F,F,T,F,F
19,Alabaster starts the fifth season,2842-04-30,2842-04-30,T,Hoa,238,238,2844-01-01,2844-01-01,232,243,T,"""It was evening, after a beautiful day.""",Alabaster,F,F,F,T,F,F
19,Alabaster starts the fifth season,2842-04-30,2842-04-30,T,Hoa,266,266,2844-01-01,2844-01-01,264,276,T,A little less since the ash started to fall.,Alabaster,F,F,F,T,F,F
19,Alabaster starts the fifth season,2842-04-30,2842-04-30,T,Hoa,273,273,2844-01-01,2844-01-01,264,276,T,But I don't think this Season will be short.,Alabaster,F,F,F,T,F,F
19,Alabaster starts the fifth season,2842-04-30,2842-04-30,T,Hoa,332,332,2844-01-01,2844-01-01,332,343,T,Maybe until the Season began.,Alabaster,F,F,F,T,F,F
19,Alabaster starts the fifth season,2842-04-30,2842-04-30,T,Hoa,336,336,2844-01-01,2844-01-01,332,343,T,"""That northern shake...""",Alabaster,F,F,F,T,F,F
19,Alabaster starts the fifth season,2842-04-30,2842-04-30,T,Hoa,393,393,2844-01-01,2844-01-01,388,412,T,"""But then this thing happened up north...""",Alabaster,F,F,F,T,F,F
20,Jija murders Uche,2842-05-01,2842-05-01,T,3rd-Person,1,1,,,1,14,T,"""...her son died...""",,F,F,F,F,F,F
20,Jija murders Uche,2842-05-01,2842-05-01,T,3rd-Person,9,9,,,1,14,T,"""...whose son is dead...""",,F,F,F,F,F,F
20,Jija murders Uche,2842-05-01,2842-05-01,T,3rd-Person,10,10,,,1,14,T,His father has beaten him to death.,,F,F,F,F,F,F
20,Jija murders Uche,2842-05-01,2842-05-01,T,Hoa,15,15,2844-01-01,2844-01-01,15,24,T,The woman whose son is dead.,,F,F,F,F,F,F
20,Jija murders Uche,2842-05-01,2842-05-01,T,Hoa,16,16,2844-01-01,2844-01-01,15,24,T,"""...one of them is dead...""",,F,F,F,F,F,F
20,Jija murders Uche,2842-05-01,2842-05-01,T,Hoa,19,19,2844-01-01,2844-01-01,15,24,T,"In the dream, you're in the room while Jija does it.",,F,F,F,F,F,F
20,Jija murders Uche,2842-05-01,2842-05-01,T,Hoa,20,20,2844-01-01,2844-01-01,15,24,T,...the ruin of your child.,,F,F,F,F,F,F
20,Jija murders Uche,2842-05-01,2842-05-01,T,Hoa,21,21,2844-01-01,2844-01-01,15,24,T,...that dream of Jija.,,F,F,F,F,F,F
20,Jija murders Uche,2842-05-01,2842-05-01,T,Hoa,23,23,2844-01-01,2844-01-01,15,24,T,"""...a father to murder his own child.""",,F,F,F,F,F,F
20,Jija murders Uche,2842-05-01,2842-05-01,T,Hoa,24,24,2844-01-01,2844-01-01,15,24,T,"""But then, Jija thought it.""",,F,F,F,F,F,F
20,Jija murders Uche,2842-05-01,2842-05-01,T,Hoa,42,42,2844-01-01,2844-01-01,42,60,T,"""that woman died with Uche.""",,F,F,F,F,F,F
20,Jija murders Uche,2842-05-01,2842-05-01,T,Hoa,43,43,2844-01-01,2844-01-01,42,60,T,...Uche was beaten to death...,,F,F,F,F,F,F
20,Jija murders Uche,2842-05-01,2842-05-01,T,Hoa,49,49,2844-01-01,2844-01-01,42,60,T,"""He killed the kid?""",,F,F,F,F,F,F
20,Jija murders Uche,2842-05-01,2842-05-01,T,Hoa,50,50,2844-01-01,2844-01-01,42,60,T,"""—the killing—""",,F,F,F,F,F,F
20,Jija murders Uche,2842-05-01,2842-05-01,T,Hoa,54,54,2844-01-01,2844-01-01,42,60,T,"""Sorry about—about Jija,"" he said.",,F,F,F,F,F,F
20,Jija murders Uche,2842-05-01,2842-05-01,T,Hoa,57,57,2844-01-01,2844-01-01,42,60,T,Jija's the one to blame for Uche.,,F,F,F,F,F,F
20,Jija murders Uche,2842-05-01,2842-05-01,T,Hoa,58,58,2844-01-01,2844-01-01,42,60,T,(He.) / Killed your son.,,F,F,F,F,F,F
20,Jija murders Uche,2842-05-01,2842-05-01,T,Hoa,59,59,2844-01-01,2844-01-01,42,60,T,(Jija killed your son.),,F,F,F,F,F,F
20,Jija murders Uche,2842-05-01,2842-05-01,T,Hoa,79,79,2844-01-01,2844-01-01,77,83,T,"""...a man who would beat his own child to death...""",,F,F,F,F,F,F
20,Jija murders Uche,2842-05-01,2842-05-01,T,Hoa,80,80,2844-01-01,2844-01-01,77,83,T,There is nothing in stonelore about husbands killing children.,,F,F,F,F,F,F
20,Jija murders Uche,2842-05-01,2842-05-01,T,Hoa,266,266,2844-01-01,2844-01-01,264,276,T,Two months since Uche.,,F,F,F,F,F,F
20,Jija murders Uche,2842-05-01,2842-05-01,T,Hoa,272,272,2844-01-01,2844-01-01,264,276,T,"Then if the urge to kill a rogga had hit him, he would've inflicte it on you, not Uche",,F,F,F,F,F,F
20,Jija murders Uche,2842-05-01,2842-05-01,T,Hoa,397,397,2844-01-01,2844-01-01,388,412,T,"""...Uche's death.""",,F,F,F,F,F,F
21,Essun saves Tirimo from the fifth season,2842-05-02,2842-05-02,T,3rd-Person,11,11,,,1,14,T,...the rest of the valley [...] was unscathed.,Essun,T,F,F,F,F,F
21,Essun saves Tirimo from the fifth season,2842-05-02,2842-05-02,T,Hoa,21,21,2844-01-01,2844-01-01,15,24,T,"""That shake didn't hit us, Essun.""",Essun,T,F,F,F,F,F
21,Essun saves Tirimo from the fifth season,2842-05-02,2842-05-02,T,Hoa,22,22,2844-01-01,2844-01-01,15,24,T,"""Everything in and around the town is fine, though.""",Essun,T,F,F,F,F,F
21,Essun saves Tirimo from the fifth season,2842-05-02,2842-05-02,T,Hoa,23,23,2844-01-01,2844-01-01,15,24,T,"""...the center of the circle was this neighbourhood.""",Essun,T,F,F,F,F,F
21,Essun saves Tirimo from the fifth season,2842-05-02,2842-05-02,T,Hoa,42,42,2844-01-01,2844-01-01,42,60,T,"""Even though the big shake from the north missed Tirimo...""",Essun,T,F,F,F,F,F
22,Hoa is born,2842-05-03,2842-05-03,T,3rd-Person,12,12,,,1,14,T,...the object groans faintly and then splits...,Hoa,F,F,F,F,T,F
22,Hoa is born,2842-05-03,2842-05-03,T,3rd-Person,13,13,,,1,14,T,The body that the geode contained lies facedown...,Hoa,F,F,F,F,T,F
22,Hoa is born,2842-05-03,2842-05-03,T,3rd-Person,14,14,,,1,14,T,"As he concentrates, his movements grow smoother...",Hoa,F,F,F,F,T,F
23,Essun destroys Tirimo,2842-05-05,2842-05-05,T,Hoa,56,56,2844-01-01,2844-01-01,42,60,T,"Down below your feet and everyone else's, a shake begins.",Essun,T,F,F,F,F,F
23,Essun destroys Tirimo,2842-05-05,2842-05-05,T,Hoa,57,57,2844-01-01,2844-01-01,42,60,T,And then the valley floor splits open.,Essun,T,F,F,F,F,F
23,Essun destroys Tirimo,2842-05-05,2842-05-05,T,Hoa,58,58,2844-01-01,2844-01-01,42,60,T,It catches Rask first.,Essun,T,F,F,F,F,F
23,Essun destroys Tirimo,2842-05-05,2842-05-05,T,Hoa,59,59,2844-01-01,2844-01-01,42,60,T,People run out into the streets...,Essun,T,F,F,F,F,F
24,Essun meets Hoa,2842-05-06,2842-05-06,T,Hoa,80,80,2844-01-01,2844-01-01,77,83,T,Someone else.,Essun and Hoa,T,F,F,F,T,F
24,Essun meets Hoa,2842-05-06,2842-05-06,T,Hoa,81,81,2844-01-01,2844-01-01,77,83,T,"""Hello,"" he says.",Essun and Hoa,T,F,F,F,T,F
25,Hoa tells Essun he knows where Nassun is,2842-05-07,2842-05-07,T,Hoa,113,113,2844-01-01,2844-01-01,105,115,T,"""She's very strong.""",Essun and Hoa,T,F,F,F,T,F
26,Essun and Hoa meet Tonkee,2842-05-09,2842-05-09,T,Hoa,178,178,2844-01-01,2844-01-01,172,190,T,Then you see a woman.,Essun and Hoa,T,F,F,F,T,F
27,Hoa finds Castrima,2842-07-01,2842-07-01,T,Hoa,264,264,2844-01-01,2844-01-01,264,276,T,"You reach ""the place with all the orogenes...""",Essun and Hoa,T,F,F,F,T,F
28,Tonkee reveals herself as Binof to Essun,2842-07-02,2842-07-02,T,Hoa,388,388,2844-01-01,2844-01-01,388,412,T,Who is not Tonkee.,Essun,T,F,F,F,F,F
28,Tonkee reveals herself as Binof to Essun,2842-07-02,2842-07-02,T,Hoa,389,389,2844-01-01,2844-01-01,388,412,T,"""Binof. Leadership. Yumenes.""",Essun,T,F,F,F,F,F
29,Tonkee reveals the truth about the obelisks to Essun,2842-07-02,2842-07-02,T,Hoa,391,391,2844-01-01,2844-01-01,388,412,T,"""It's where they built them.""",Essun,T,F,F,F,F,F
30,Hoa reveals he's a stone eater,2842-07-02,2842-07-02,T,Hoa,394,394,2844-01-01,2844-01-01,388,412,T,"""So you're a stone eater,"" you say.",Essun and Hoa,T,F,F,F,T,F
31,Essun reunites with Alabaster,2842-07-02,2842-07-02,T,Hoa,445,445,2844-01-01,2844-01-01,444,449,T,...a thing black figure...,"Alabaster, Essun, Hoa, and Syenite",T,F,T,T,T,F
32,Essun realizes Alabaster caused the fifth season,2842-07-02,2842-07-02,T,Hoa,448,448,2844-01-01,2844-01-01,444,449,T,"You don't want to understand, but you do.","Alabaster, Essun, Hoa, and Syenite",T,F,T,T,T,F
33,Hoa reveals he narrates Essun's chapters,2844-01-01,2844-01-01,T,Hoa,443,443,2844-01-01,2844-01-01,413,443,T,I told her that I was called Hoa.,"Essun, Hoa, and Syenite",T,F,T,F,T,F