Relative Order,Event Name,Start Date,End Date,Is Approximate?,Narrator,Start Page,End Page,Start Date TT,End Date TT,Start Page TT,End Page TT,Is Approximate TT?,Evidence,Participating Characters,Bobby,Josie,Lily,Denis,Jim,Vasya,Réaltín,Timmy,Dylan,Trevor,George,Jason,Rory,Seanie,Kate,Pokey,Triona,Millicent,Frank,Mags,Lloyd
1,Lily has George,1950-12-31,1950-12-31,T,Lily,27,27,2009-03-17,2009-03-17,27,34,T," As Lily states that her fifth child is ""a solicitor"" (33), it is safe to assume she is referring to George McSweeny. Réaltín states that George ‚Äúbrought us all out to celebrate his firm‚Äôs thirtieth year‚Äù, which means he has been a solicitor for 30 years, and ‚ÄúIf you study full time, it takes five or six years to qualify as a solicitor.‚Äù (https://www.prospects.ac.uk/jobs-and-work-experience/job-sectors/law-sector/how-to-become-a-lawyer), so therefore if he started studying at ~18 years old, he would be between 53 and 54 years old when he had sex with Réaltín, and Dylan is around 2-3 years old, so he would be between 56 and 58 in 2008/9. This would mean George was born between the start of 1950 and the end of 1951. ",George and Lily,,,T,,,,,,,,T,,,,,,,,,,
1,Lily has George,1950-12-31,1950-12-31,T,Lily,32,32,2009-03-17,2009-03-17,27,34,T," As Lily states that her fifth child is ""a solicitor"" (33), it is safe to assume she is referring to George McSweeny. Réaltín states that George ‚Äúbrought us all out to celebrate his firm‚Äôs thirtieth year‚Äù, which means he has been a solicitor for 30 years, and ‚ÄúIf you study full time, it takes five or six years to qualify as a solicitor.‚Äù (https://www.prospects.ac.uk/jobs-and-work-experience/job-sectors/law-sector/how-to-become-a-lawyer), so therefore if he started studying at ~18 years old, he would be between 53 and 54 years old when he had sex with Réaltín, and Dylan is around 2-3 years old, so he would be between 56 and 58 in 2008/9. This would mean George was born between the start of 1950 and the end of 1951. ",George and Lily,,,T,,,,,,,,T,,,,,,,,,,
2,Josie tries to rape Lily,1980-01-07,1980-01-07,T,Lily,29,29,2009-03-17,2009-03-17,27,34,T,"Josie narrates that ‚Äú[Eileen] was expecting at the time‚Äù (30), and Lily's narration seems to imply this was the first child of Eileen's (Eamonn) as she describes Josie ""years and years after that with his two boys and his little girl"" (30). Pokey is born in or after 1978 (Sean Pol is only Pope in 1978), Eamonn is not even 2 years older so he would be born in or after 1977 ‚ÄúEamonn was not yet two years old‚Ä¶‚Äù (10); so therefore this was not prior to the beginning of 1977. In addition, Rory is ‚Äútwenty-seven years old‚Äù (113) and similar in age to Bobby: If Rory and Bobby are around ~27, and Pokey is 3 years younger than Bobby, then Pokey is around 24? Pokey would be born around 1985 and Eamonn 1983. With this data we can concude that Josie tries to assault Lily sometime roughly between the beginning of 1977 and the end of 1983. ",Denis and Lily,,,T,T,,,,,,,,,,,,,,,,,
2,Josie tries to rape Lily,1980-01-07,1980-01-07,T,Lily,30,30,2009-03-17,2009-03-17,27,34,T,"Josie narrates that ‚Äú[Eileen] was expecting at the time‚Äù (30), and Lily's narration seems to imply this was the first child of Eileen's (Eamonn) as she describes Josie ""years and years after that with his two boys and his little girl"" (30). Pokey is born in or after 1978 (Sean Pol is only Pope in 1978), Eamonn is not even 2 years older so he would be born in or after 1977 ‚ÄúEamonn was not yet two years old‚Ä¶‚Äù (10); so therefore this was not prior to the beginning of 1977. In addition, Rory is ‚Äútwenty-seven years old‚Äù (113) and similar in age to Bobby: If Rory and Bobby are around ~27, and Pokey is 3 years younger than Bobby, then Pokey is around 24? Pokey would be born around 1985 and Eamonn 1983. With this data we can concude that Josie tries to assault Lily sometime roughly between the beginning of 1977 and the end of 1983. ",Denis and Lily,,,T,T,,,,,,,,,,,,,,,,,
2,Josie tries to rape Lily,1980-01-07,1980-01-07,T,Josie,24,24,2009-03-17,2009-03-17,21,26,T,"Josie narrates that ‚Äú[Eileen] was expecting at the time‚Äù (30), and Lily's narration seems to imply this was the first child of Eileen's (Eamonn) as she describes Josie ""years and years after that with his two boys and his little girl"" (30). Pokey is born in or after 1978 (Sean Pol is only Pope in 1978), Eamonn is not even 2 years older so he would be born in or after 1977 ‚ÄúEamonn was not yet two years old‚Ä¶‚Äù (10); so therefore this was not prior to the beginning of 1977. In addition, Rory is ‚Äútwenty-seven years old‚Äù (113) and similar in age to Bobby: If Rory and Bobby are around ~27, and Pokey is 3 years younger than Bobby, then Pokey is around 24? Pokey would be born around 1985 and Eamonn 1983. With this data we can concude that Josie tries to assault Lily sometime roughly between the beginning of 1977 and the end of 1983. ",Denis and Lily, ,,T,T,,,,,,,,,,,,,,,,,
3,Peter drowns,1989-02-03,1989-02-03,T,Bridie,68,68,2009-07-19,2009-07-19,68,75,T,"Bridie states that this occured ‚Äúnearly twenty years ago‚Äù (68). Asuuming that she is narrarting between September 2008 and the end of August 2009 (in the context of the recession), Peter would have drowned sometime between Sept. 1st 1988 and August 31st 1989.",Jim, , ,,,T,,,,,,,,,,,,,,,,
3,Peter drowns,1989-02-03,1989-02-03,T,Bridie,69,69,2009-07-19,2009-07-19,68,75,T,"Bridie states that this occured ‚Äúnearly twenty years ago‚Äù (68). Asuuming that she is narrarting between September 2008 and the end of August 2009 (in the context of the recession), Peter would have drowned sometime between Sept. 1st 1988 and August 31st 1989.",Jim, , ,,,T,,,,,,,,,,,,,,,,
3,Peter drowns,1989-02-03,1989-02-03,T,Bridie,70,70,2009-07-19,2009-07-19,68,75,T,"Bridie states that this occured ‚Äúnearly twenty years ago‚Äù (68). Asuuming that she is narrarting between September 2008 and the end of August 2009 (in the context of the recession), Peter would have drowned sometime between Sept. 1st 1988 and August 31st 1989.",Jim, , ,,,T,,,,,,,,,,,,,,,,
3,Peter drowns,1989-02-03,1989-02-03,T,Bridie,71,71,2009-07-19,2009-07-19,68,75,T,"Bridie states that this occured ‚Äúnearly twenty years ago‚Äù (68). Asuuming that she is narrarting between September 2008 and the end of August 2009 (in the context of the recession), Peter would have drowned sometime between Sept. 1st 1988 and August 31st 1989.",Jim, , ,,,T,,,,,,,,,,,,,,,,
3,Peter drowns,1989-02-03,1989-02-03,T,Bridie,72,72,2009-07-19,2009-07-19,68,75,T,"Bridie states that this occured ‚Äúnearly twenty years ago‚Äù (68). Asuuming that she is narrarting between September 2008 and the end of August 2009 (in the context of the recession), Peter would have drowned sometime between Sept. 1st 1988 and August 31st 1989.",Jim, , ,,,T,,,,,,,,,,,,,,,,
3,Peter drowns,1989-02-03,1989-02-03,T,Bridie,75,75,2009-07-19,2009-07-19,68,75,T,"Bridie states that this occured ‚Äúnearly twenty years ago‚Äù (68). Asuuming that she is narrarting between September 2008 and the end of August 2009 (in the context of the recession), Peter would have drowned sometime between Sept. 1st 1988 and August 31st 1989.",Jim, , ,,,T,,,,,,,,,,,,,,,,
3,Peter drowns,1989-02-03,1989-02-03,T,Jim,133,133,2009-08-18,2009-08-18,132,138,T,"Bridie states that this occured ‚Äúnearly twenty years ago‚Äù (68). Asuuming that she is narrarting between September 2008 and the end of August 2009 (in the context of the recession), Peter would have drowned sometime between Sept. 1st 1988 and August 31st 1989.",Jim, , ,,,T,,,,,,,,,,,,,,,,
3,Peter drowns,1989-02-03,1989-02-03,T,Jim,134,134,2009-08-18,2009-08-18,132,138,T,"Bridie states that this occured ‚Äúnearly twenty years ago‚Äù (68). Asuuming that she is narrarting between September 2008 and the end of August 2009 (in the context of the recession), Peter would have drowned sometime between Sept. 1st 1988 and August 31st 1989.",Jim, , ,,,T,,,,,,,,,,,,,,,,
4,Jason is assaulted,1996-04-16,1996-04-16,T,Jason,77,77,2009-08-13,2009-08-13,76,81,T,"‚ÄúMy head is all over the place since I was small on account of‚Ä¶‚Äù (77) ‚Äúglued to the fucking Ninja Turtles or The Lion King‚Ä¶‚Äù (77). The Ninja Turtles were released in the UK in 1990, The Lion King was released in 1994 but was not available on VHS until Sept 1995 (wiki/ IMDB). It would have to have taken place after Lion King was available on demand at home but while Ninja Turtles were still on tv, which it ended it‚Äôs run in the US in November 1996.",Jason, ,,,,,,,,,,,T,,,,,,,,,
5,The Cunliffe's boy is shot and his land is divided out among the wealthy,1999-02-03,1999-02-03,T,Josie,26,26,2009-03-17,2009-03-17,21,26,T,"Bobby states that this ‚Äúwas nearly ten years ago‚Äù (137), and assuming his telling time is between Sept. 2008 and Sept. 2009, the event would have taken place between Sept. 1998 and 1999. ",, , ,,,,,,,,,,,,,,,,,,,
5,The Cunliffe's boy is shot and his land is divided out among the wealthy,1999-02-03,1999-02-03,T,Bobby,13,13,2009-03-17,2009-03-17,9,20,T,"Bobby states that this ‚Äúwas nearly ten years ago‚Äù (137), and assuming his telling time is between Sept. 2008 and Sept. 2009, the event would have taken place between Sept. 1998 and 1999. ",, , ,,,,,,,,,,,,,,,,,,,
5,The Cunliffe's boy is shot and his land is divided out among the wealthy,1999-02-03,1999-02-03,T,Jason,78,78,2009-08-13,2009-08-13,76,81,T,"Bobby states that this ‚Äúwas nearly ten years ago‚Äù (137), and assuming his telling time is between Sept. 2008 and Sept. 2009, the event would have taken place between Sept. 1998 and 1999. ",, , ,,,,,,,,,,,,,,,,,,,
5,The Cunliffe's boy is shot and his land is divided out among the wealthy,1999-02-03,1999-02-03,T,Millicent,115,115,2009-08-18,2009-08-18,114,119,T,"Bobby states that this ‚Äúwas nearly ten years ago‚Äù (137), and assuming his telling time is between Sept. 2008 and Sept. 2009, the event would have taken place between Sept. 1998 and 1999. ",, , ,,,,,,,,,,,,,,,,,,,
5,The Cunliffe's boy is shot and his land is divided out among the wealthy,1999-02-03,1999-02-03,T,Jim,137,137,2009-08-18,2009-08-18,132,138,T,"Bobby states that this ‚Äúwas nearly ten years ago‚Äù (137), and assuming his telling time is between Sept. 2008 and Sept. 2009, the event would have taken place between Sept. 1998 and 1999. ",, , ,,,,,,,,,,,,,,,,,,,
6,Josie gives Pokey his buisness,1999-02-07,1999-02-07,T,Josie,24,24,2009-03-17,2009-03-17,21,26,T,"Seanie suggests that he and most of the currnet crew got jobs with Pokey shortly after highschool: ‚Äú...since I done the Leaving‚Ä¶. Pokey gave us all jobs when his da handed over the works to him‚Äù (94); this implies that Pokey likely would not have inherited the buisness before he graduated secondary school, which we can assume is around 18 years old. In addition Josie also describes how ‚Äúthere were seven years there where you could build houses out of cardboard‚Ä¶‚Äù (26) while Pokey was in charge of the buisness before the recession. Therfore Pokey would not have in herited the buisness later than 7 years after the recession. With this evidence we can assume that Pokey inherits the buisness sometime between 1996  (see ""Josie tries to rape Lily"" for Pokey's birthdate) and 2002.
",Josie and Pokey, ,T,,,,,,,,,,,,,,T,,,,,
6,Josie gives Pokey his buisness,1999-02-07,1999-02-07,T,Josie,26,26,2009-03-17,2009-03-17,21,26,T,"Seanie suggests that he and most of the currnet crew got jobs with Pokey shortly after highschool: ‚Äú...since I done the Leaving‚Ä¶. Pokey gave us all jobs when his da handed over the works to him‚Äù (94); this implies that Pokey likely would not have inherited the buisness before he graduated secondary school, which we can assume is around 18 years old. In addition Josie also describes how ‚Äúthere were seven years there where you could build houses out of cardboard‚Ä¶‚Äù (26) while Pokey was in charge of the buisness before the recession. Therfore Pokey would not have in herited the buisness later than 7 years after the recession. With this evidence we can assume that Pokey inherits the buisness sometime between 1996  (see ""Josie tries to rape Lily"" for Pokey's birthdate) and 2002.
",Josie and Pokey, ,T,,,,,,,,,,,,,,T,,,,,
6,Josie gives Pokey his buisness,1999-02-07,1999-02-07,T,Seanie,94,94,2009-08-13,2009-08-13,90,96,T,"Seanie suggests that he and most of the currnet crew got jobs with Pokey shortly after highschool: ‚Äú...since I done the Leaving‚Ä¶. Pokey gave us all jobs when his da handed over the works to him‚Äù (94); this implies that Pokey likely would not have inherited the buisness before he graduated secondary school, which we can assume is around 18 years old. In addition Josie also describes how ‚Äúthere were seven years there where you could build houses out of cardboard‚Ä¶‚Äù (26) while Pokey was in charge of the buisness before the recession. Therfore Pokey would not have in herited the buisness later than 7 years after the recession. With this evidence we can assume that Pokey inherits the buisness sometime between 1996  (see ""Josie tries to rape Lily"" for Pokey's birthdate) and 2002.
",Josie and Pokey, ,T,,,,,,,,,,,,,,T,,,,,
6,Josie gives Pokey his buisness,1999-02-07,1999-02-07,T,Rory,111,111,2009-08-18,2009-08-18,108,113,T,"Seanie suggests that he and most of the currnet crew got jobs with Pokey shortly after highschool: ‚Äú...since I done the Leaving‚Ä¶. Pokey gave us all jobs when his da handed over the works to him‚Äù (94); this implies that Pokey likely would not have inherited the buisness before he graduated secondary school, which we can assume is around 18 years old. In addition Josie also describes how ‚Äúthere were seven years there where you could build houses out of cardboard‚Ä¶‚Äù (26) while Pokey was in charge of the buisness before the recession. Therfore Pokey would not have in herited the buisness later than 7 years after the recession. With this evidence we can assume that Pokey inherits the buisness sometime between 1996  (see ""Josie tries to rape Lily"" for Pokey's birthdate) and 2002.
",Josie and Pokey, ,T,,,,,,,,,,,,,,T,,,,,
7,Triona breaks up with Pokey,2000-12-31,2000-12-31,T,Bobby,19,19,2009-03-17,2009-03-17,9,20,T,"Triona states that ""[m]obiles were still fairly new in those days. Pokey Burke must have been one of the first to get dumped by text"" (147). Mobiles were popularized in Ireland around the year 2000 (https://www.independent.ie/irish-news/2000-its-the-year-of-the-mobile/26126550.html).",Pokey and Triona, ,,,,,,,,,,,,,,,T,T,,,,
7,Triona breaks up with Pokey,2000-12-31,2000-12-31,T,Triona,147,147,2009-01-09,2009-01-09,146,156,T,"Triona states that ""[m]obiles were still fairly new in those days. Pokey Burke must have been one of the first to get dumped by text"" (147). Mobiles were popularized in Ireland around the year 2000 (https://www.independent.ie/irish-news/2000-its-the-year-of-the-mobile/26126550.html).",Pokey and Triona, ,,,,,,,,,,,,,,,T,T,,,,
8,Pokey doesn't pay his workers (stamps),2001-01-01,2008-08-31,T,Bobby,12,12,2009-03-17,2009-03-17,9,20,T,At least seven years after Pokey inherited the business: ‚Äúthere were seven years there where you could build houses out of cardboard‚Ä¶‚Äù (26). This also must have occured before one year prior to Bobby's telling time: ‚Äúthe day last year when Mickey Briars came asking about his pension‚Äù (10).,"Bobby, Pokey, Rory, Seanie, Timmy, and Vasya", T,,,,,T,,T,,,,,T,T,, T,,,,,
8,Pokey doesn't pay his workers (stamps),2001-01-01,2008-08-31,T,Bobby,15,15,2009-03-17,2009-03-17,9,20,T,At least seven years after Pokey inherited the business: ‚Äúthere were seven years there where you could build houses out of cardboard‚Ä¶‚Äù (26). This also must have occured before one year prior to Bobby's telling time: ‚Äúthe day last year when Mickey Briars came asking about his pension‚Äù (10).,"Bobby, Pokey, Rory, Seanie, Timmy, and Vasya", T,,,,,T,,T,,,,,T,T,, T,,,,,
8,Pokey doesn't pay his workers (stamps),2001-01-01,2008-08-31,T,Josie,24,24,2009-03-17,2009-03-17,21,26,T,At least seven years after Pokey inherited the business: ‚Äúthere were seven years there where you could build houses out of cardboard‚Ä¶‚Äù (26). This also must have occured before one year prior to Bobby's telling time: ‚Äúthe day last year when Mickey Briars came asking about his pension‚Äù (10).,"Bobby, Pokey, Rory, Seanie, Timmy, and Vasya", T,,,,, T,, T,,,,, T, T,, T,,,,,
8,Pokey doesn't pay his workers (stamps),2001-01-01,2008-08-31,T,Josie,25,25,2009-03-17,2009-03-17,21,26,T,At least seven years after Pokey inherited the business: ‚Äúthere were seven years there where you could build houses out of cardboard‚Ä¶‚Äù (26). This also must have occured before one year prior to Bobby's telling time: ‚Äúthe day last year when Mickey Briars came asking about his pension‚Äù (10).,"Bobby, Pokey, Rory, Seanie, Timmy, and Vasya", T,,,,, T,, T,,,,, T, T,, T,,,,,
8,Pokey doesn't pay his workers (stamps),2001-01-01,2008-08-31,T,Vasya,37,37,2009-03-17,2009-03-17,35,41,T,At least seven years after Pokey inherited the business: ‚Äúthere were seven years there where you could build houses out of cardboard‚Ä¶‚Äù (26). This also must have occured before one year prior to Bobby's telling time: ‚Äúthe day last year when Mickey Briars came asking about his pension‚Äù (10).,"Bobby, Pokey, Rory, Seanie, Timmy, and Vasya", T,,,,, T,, T,,,,, T, T,, T,,,,,
8,Pokey doesn't pay his workers (stamps),2001-01-01,2008-08-31,T,Vasya,41,41,2009-03-17,2009-03-17,35,41,T,At least seven years after Pokey inherited the business: ‚Äúthere were seven years there where you could build houses out of cardboard‚Ä¶‚Äù (26). This also must have occured before one year prior to Bobby's telling time: ‚Äúthe day last year when Mickey Briars came asking about his pension‚Äù (10).,"Bobby, Pokey, Rory, Seanie, Timmy, and Vasya", T,,,,, T,, T,,,,, T, T,, T,,,,,
8,Pokey doesn't pay his workers (stamps),2001-01-01,2008-08-31,T,Seanie,94,94,2009-08-13,2009-08-13,90,96,T,At least seven years after Pokey inherited the business: ‚Äúthere were seven years there where you could build houses out of cardboard‚Ä¶‚Äù (26). This also must have occured before one year prior to Bobby's telling time: ‚Äúthe day last year when Mickey Briars came asking about his pension‚Äù (10).,"Bobby, Pokey, Rory, Seanie, Timmy, and Vasya", T,,,,, T,, T,,,,, T, T,, T,,,,,
8,Pokey doesn't pay his workers (stamps),2001-01-01,2008-08-31,T,Rory,112,112,2009-08-18,2009-08-18,108,113,T,At least seven years after Pokey inherited the business: ‚Äúthere were seven years there where you could build houses out of cardboard‚Ä¶‚Äù (26). This also must have occured before one year prior to Bobby's telling time: ‚Äúthe day last year when Mickey Briars came asking about his pension‚Äù (10).,"Bobby, Pokey, Rory, Seanie, Timmy, and Vasya", T,,,,, T,, T,,,,, T, T,, T,,,,,
9,Hughie and his wife have Millicent,2003-01-25,2003-01-25,T,Lily,30,30,2009-03-17,2009-03-17,27,34,T,"Millicent states that ‚ÄúI‚Äôll be going back to school soon at the end of this summer‚Äù (116), and we know she is young as she mentions ‚ÄúI‚Äôm way to big now to be sucking bottles‚Ä¶‚Äù(118). I believe it is safe to conclude that Millie is at least 5 and at most maybe around 7 years old during the time of her narration (which we know is the summer after the start of the recession and not before she goes back to school- not after Aug. 31st 2009). In this case she would have been born between summer 2001 and september 2004.",Millicent, ,,,,,,,,,,,,,,,,,T,,,
10,Bobby's mother dies,2003-02-07,2003-02-07,T,Bobby,13,13,2009-03-17,2009-03-17,9,20,T,"Bobby's mother was alive when Triona and Bobby met : ‚Äúhe‚Äôs from an awful family, they live in a hovel, the father is a weirdo and the mother never speaks‚Äù (19) but still passed away before they were married as Triona talks about trying to get Bobby to tell her about his mother (see Triona marries Bobby).",, ,,,,,,,,,,,,,,,,,,,,
10,Bobby's mother dies,2003-02-07,2003-02-07,T,Bobby,19,19,2009-03-17,2009-03-17,9,20,T,"Bobby's mother was alive when Triona and Bobby met : ‚Äúhe‚Äôs from an awful family, they live in a hovel, the father is a weirdo and the mother never speaks‚Äù (19) but still passed away before they were married as Triona talks about trying to get Bobby to tell her about his mother (see Triona marries Bobby).",, ,,,,,,,,,,,,,,,,,,,,
10,Bobby's mother dies,2003-02-07,2003-02-07,T,Lily,31,31,2009-03-17,2009-03-17,27,34,T,"Bobby's mother was alive when Triona and Bobby met : ‚Äúhe‚Äôs from an awful family, they live in a hovel, the father is a weirdo and the mother never speaks‚Äù (19) but still passed away before they were married as Triona talks about trying to get Bobby to tell her about his mother (see Triona marries Bobby).",, ,,,,,,,,,,,,,,,,,,,,
10,Bobby's mother dies,2003-02-07,2003-02-07,T,Lily,32,32,2009-03-17,2009-03-17,27,34,T,"Bobby's mother was alive when Triona and Bobby met : ‚Äúhe‚Äôs from an awful family, they live in a hovel, the father is a weirdo and the mother never speaks‚Äù (19) but still passed away before they were married as Triona talks about trying to get Bobby to tell her about his mother (see Triona marries Bobby).",, ,,,,,,,,,,,,,,,,,,,,
10,Bobby's mother dies,2003-02-07,2003-02-07,T,Bridie,73,73,2009-07-19,2009-07-19,68,75,T,"Bobby's mother was alive when Triona and Bobby met : ‚Äúhe‚Äôs from an awful family, they live in a hovel, the father is a weirdo and the mother never speaks‚Äù (19) but still passed away before they were married as Triona talks about trying to get Bobby to tell her about his mother (see Triona marries Bobby).",, ,,,,,,,,,,,,,,,,,,,,
10,Bobby's mother dies,2003-02-07,2003-02-07,T,Bridie,74,74,2009-07-19,2009-07-19,68,75,T,"Bobby's mother was alive when Triona and Bobby met : ‚Äúhe‚Äôs from an awful family, they live in a hovel, the father is a weirdo and the mother never speaks‚Äù (19) but still passed away before they were married as Triona talks about trying to get Bobby to tell her about his mother (see Triona marries Bobby).",, ,,,,,,,,,,,,,,,,,,,,
10,Bobby's mother dies,2003-02-07,2003-02-07,T,Triona,148,148,2009-01-09,2009-01-09,146,156,T,"Bobby's mother was alive when Triona and Bobby met : ‚Äúhe‚Äôs from an awful family, they live in a hovel, the father is a weirdo and the mother never speaks‚Äù (19) but still passed away before they were married as Triona talks about trying to get Bobby to tell her about his mother (see Triona marries Bobby).",, ,,,,,,,,,,,,,,,,,,,,
10,Bobby's mother dies,2003-02-07,2003-02-07,T,Frank,142,142,2009-09-29,2009-09-29,139,145,T,"Bobby's mother was alive when Triona and Bobby met : ‚Äúhe‚Äôs from an awful family, they live in a hovel, the father is a weirdo and the mother never speaks‚Äù (19) but still passed away before they were married as Triona talks about trying to get Bobby to tell her about his mother (see Triona marries Bobby).",, ,,,,,,,,,,,,,,,,,,,,
11,Triona marries Bobby,2003-02-07,2003-02-07,T,Bobby,12,12,2009-03-17,2009-03-17,9,20,T,"Triona states that ""[i]t took me three years"" to get Bobby to tell her about his mother, when she asked him ""early on"" indicating that they have been married for at least three years prior to Triona's telling time (148). This must be after Triona and Pokey break up as well, so it cannot be before the year 2000. ",Bobby and Triona, T,,,,,,,,,,,,,,,,T,,,,
11,Triona marries Bobby,2003-02-07,2003-02-07,T,Bobby,13,13,2009-03-17,2009-03-17,9,20,T,"Triona states that ""[i]t took me three years"" to get Bobby to tell her about his mother, when she asked him ""early on"" indicating that they have been married for at least three years prior to Triona's telling time (148). This must be after Triona and Pokey break up as well, so it cannot be before the year 2000. ",Bobby and Triona, T,,,,,,,,,,,,,,,,T,,,,
11,Triona marries Bobby,2003-02-07,2003-02-07,T,Brian,60,60,2009-07-19,2009-07-19,56,61,T,"Triona states that ""[i]t took me three years"" to get Bobby to tell her about his mother, when she asked him ""early on"" indicating that they have been married for at least three years prior to Triona's telling time (148). This must be after Triona and Pokey break up as well, so it cannot be before the year 2000. ",Bobby and Triona, T,,,,,,,,,,,,,,,, T,,,,
11,Triona marries Bobby,2003-02-07,2003-02-07,T,Bridie,73,73,2009-07-19,2009-07-19,68,75,T,"Triona states that ""[i]t took me three years"" to get Bobby to tell her about his mother, when she asked him ""early on"" indicating that they have been married for at least three years prior to Triona's telling time (148). This must be after Triona and Pokey break up as well, so it cannot be before the year 2000. ",Bobby and Triona, T,,,,,,,,,,,,,,,, T,,,,
11,Triona marries Bobby,2003-02-07,2003-02-07,T,Triona,150,150,2009-01-09,2009-01-09,146,156,T,"Triona states that ""[i]t took me three years"" to get Bobby to tell her about his mother, when she asked him ""early on"" indicating that they have been married for at least three years prior to Triona's telling time (148). This must be after Triona and Pokey break up as well, so it cannot be before the year 2000. ",Bobby and Triona, T,,,,,,,,,,,,,,,, T,,,,
11,Triona marries Bobby,2003-02-07,2003-02-07,T,Triona,152,152,2009-01-09,2009-01-09,146,156,T,"Triona states that ""[i]t took me three years"" to get Bobby to tell her about his mother, when she asked him ""early on"" indicating that they have been married for at least three years prior to Triona's telling time (148). This must be after Triona and Pokey break up as well, so it cannot be before the year 2000. ",Bobby and Triona, T,,,,,,,,,,,,,,,, T,,,,
11,Triona marries Bobby,2003-02-07,2003-02-07,T,Frank,142,142,2009-09-29,2009-09-29,139,145,T,"Triona states that ""[i]t took me three years"" to get Bobby to tell her about his mother, when she asked him ""early on"" indicating that they have been married for at least three years prior to Triona's telling time (148). This must be after Triona and Pokey break up as well, so it cannot be before the year 2000. ",Bobby and Triona,T,,,,,,,,,,,,,,,, T,,,,
12,Viktor dies and Vasya moves to Ireland,2004-12-31,2004-12-31,T,Vasya,38,38,2009-03-17,2009-03-17,35,41,T,"Vasya states that these events happened ""four years ago‚Äù (38), and assuming that his telling time is between 2008-2009 (in the context of the recession), this event would take place between sometime between the start of 2004 and end of 2005.  ",Vasya, ,,,,,T,,,,,,,,,,,,,,,
12,Viktor dies and Vasya moves to Ireland,2004-12-31,2004-12-31,T,Vasya,39,39,2009-03-17,2009-03-17,35,41,T,"Vasya states that these events happened ""four years ago‚Äù (38), and assuming that his telling time is between 2008-2009 (in the context of the recession), this event would take place between sometime between the start of 2004 and end of 2005.  ",Vasya, ,,,,,T,,,,,,,,,,,,,,,
13,Réaltín sleeps with Seanie,2006-08-05,2006-08-05,T,Réaltín,46,46,2009-03-17,2009-03-17,42,48,T,"As Seanie is one of Dylan's prospective fathers, this occured around 9 months before Dylan is born, which sometime between June 21st 2006 and September 23rd 2007 (summer anf autumn Solstice). Therefore, this happened after September 21st 2005 and before December 23rd 2006.",Réaltín and Seanie, ,,,,,,T,,,,,,,T,,,,,,,
13,Réaltín sleeps with Seanie,2006-08-05,2006-08-05,T,Hillary,86,86,2009-08-13,2009-08-13,82,89,T,"As Seanie is one of Dylan's prospective fathers, this occured around 9 months before Dylan is born, which sometime between June 21st 2006 and September 23rd 2007 (summer anf autumn Solstice). Therefore, this happened after September 21st 2005 and before December 23rd 2006.",Réaltín and Seanie, ,,,,,,T,,,,,,,T,,,,,,,
13,Réaltín sleeps with Seanie,2006-08-05,2006-08-05,T,Seanie,92,92,2009-08-13,2009-08-13,90,96,T,"As Seanie is one of Dylan's prospective fathers, this occured around 9 months before Dylan is born, which sometime between June 21st 2006 and September 23rd 2007 (summer anf autumn Solstice). Therefore, this happened after September 21st 2005 and before December 23rd 2006.",Réaltín and Seanie, ,,,,,,T,,,,,,,T,,,,,,,
13,Réaltín sleeps with Seanie,2006-08-05,2006-08-05,T,Seanie,95,95,2009-08-13,2009-08-13,90,96,T,"As Seanie is one of Dylan's prospective fathers, this occured around 9 months before Dylan is born, which sometime between June 21st 2006 and September 23rd 2007 (summer anf autumn Solstice). Therefore, this happened after September 21st 2005 and before December 23rd 2006.",Réaltín and Seanie, ,,,,,,T,,,,,,,T,,,,,,,
14,Réaltín sleeps with George,2006-08-05,2006-08-05,T,Réaltín,45,45,2009-03-17,2009-03-17,42,48,T,"Réaltín sleeps with George around the same time as Seanie, for she states that ‚ÄúI am not sure if Seanie is even Dylan‚Äôs father‚Äù (45).
","George, Réaltín, and Seanie", ,,,,,,T,,,,T,,,T,,,,,,,
14,Réaltín sleeps with George,2006-08-05,2006-08-05,T,Réaltín,46,46,2009-03-17,2009-03-17,42,48,T,"Réaltín sleeps with George around the same time as Seanie, for she states that ‚ÄúI am not sure if Seanie is even Dylan‚Äôs father‚Äù (45).
","George, Réaltín, and Seanie", ,,,,,,T,,,,T,,,T,,,,,,,
14,Réaltín sleeps with George,2006-08-05,2006-08-05,T,Hillary,82,82,2009-08-13,2009-08-13,82,89,T,"Réaltín sleeps with George around the same time as Seanie, for she states that ‚ÄúI am not sure if Seanie is even Dylan‚Äôs father‚Äù (45).
","George, Réaltín, and Seanie", ,,,,,,T,,,,T,,,T,,,,,,,
15,Noreen's baby dies,2006-09-30,2006-09-30,T,Vasya,40,40,2009-03-17,2009-03-17,35,41,T,"Vasya is in Ireland as he narrates the baby's passing: ‚Äú[a] neighbour came to the house‚Ä¶sullen‚Äù (40). He also narrates Pokey's departure a week later:
‚Äú[a]t the next week‚Äôs end‚Ä¶. I knew I would not see him again‚Äù (41). Therefore Noreen‚Äôs baby dies after Vasya arrives in Ireland (at the earliest the start of 2004) and before Pokey takes off (in June 2009).
",Timmy, ,,,,,,,T,,,,,,,,,,,,,
15,Noreen's baby dies,2006-09-30,2006-09-30,T,Timmy,53,53,2009-07-19,2009-07-19,49,55,T,"Vasya is in Ireland as he narrates the baby's passing: ‚Äú[a] neighbour came to the house‚Ä¶sullen‚Äù (40). He also narrates Pokey's departure a week later:
‚Äú[a]t the next week‚Äôs end‚Ä¶. I knew I would not see him again‚Äù (41). Therefore Noreen‚Äôs baby dies after Vasya arrives in Ireland (at the earliest the start of 2004) and before Pokey takes off (in June 2009).
",Timmy, ,,,,,,,T,,,,,,,,,,,,,
15,Noreen's baby dies,2006-09-30,2006-09-30,T,Timmy,54,54,2009-07-19,2009-07-19,49,55,T,"Vasya is in Ireland as he narrates the baby's passing: ‚Äú[a] neighbour came to the house‚Ä¶sullen‚Äù (40). He also narrates Pokey's departure a week later:
‚Äú[a]t the next week‚Äôs end‚Ä¶. I knew I would not see him again‚Äù (41). Therefore Noreen‚Äôs baby dies after Vasya arrives in Ireland (at the earliest the start of 2004) and before Pokey takes off (in June 2009).
",Timmy, ,,,,,,,T,,,,,,,,,,,,,
16,Réaltín has Dylan,2007-01-14,2007-01-14,T,Réaltín,45,45,2009-03-17,2009-03-17,42,48,T,"Trevor narrates that Dylan ‚Äúlooked like he was two and a half or maybe three at the oldest‚Äù (63), so therefore Dylan would have been born between summer 2006 and 2007.",Dylan and Réaltín, ,,,,,,T,,T,,,,,,,,,,,,
16,Réaltín has Dylan,2007-01-14,2007-01-14,T,Hillary,88,88,2009-08-13,2009-08-13,82,89,T,"Trevor narrates that Dylan ‚Äúlooked like he was two and a half or maybe three at the oldest‚Äù (63), so therefore Dylan would have been born between summer 2006 and 2007.",Dylan and Réaltín, ,,,,,,T,,T,,,,,,,,,,,,
16,Réaltín has Dylan,2007-01-14,2007-01-14,T,Seanie,93,93,2009-08-13,2009-08-13,90,96,T,"Trevor narrates that Dylan ‚Äúlooked like he was two and a half or maybe three at the oldest‚Äù (63), so therefore Dylan would have been born between summer 2006 and 2007.",Dylan and Réaltín, ,,,,,,T,,T,,,,,,,,,,,,
16,Réaltín has Dylan,2007-01-14,2007-01-14,T,Seanie,95,95,2009-08-13,2009-08-13,90,96,T,"Trevor narrates that Dylan ‚Äúlooked like he was two and a half or maybe three at the oldest‚Äù (63), so therefore Dylan would have been born between summer 2006 and 2007.",Dylan and Réaltín, ,,,,,,T,,T,,,,,,,,,,,,
17,Josie outs Mags,2007-08-21,2007-08-21,T,Josie,23,23,2009-03-17,2009-03-17,21,26,T,"On 25 January 2006, Hamas was elected in the Palestinian legislative election. This is the original date when tensions between Israel and Hamas started to heighten, which would give context to Josie saying ‚ÄúIf you heard the rubbish she talks, though, about poverty and Palestine [...]‚Äù (23), so I think that this could be approximated to not before January 2006 and not after two years prior to Mag's telling time: ""the infamous dinner...nearly three years ago"" (128) (https://en.wikipedia.org/wiki/2006_Palestinian_legislative_election)",Josie and Mags, ,T,,,,,,,,,,,,,,,,,,T,
17,Josie outs Mags,2007-08-21,2007-08-21,T,Mags,127,127,2009-08-18,2009-08-18,126,131,T,"On 25 January 2006, Hamas was elected in the Palestinian legislative election. This is the original date when tensions between Israel and Hamas started to heighten, which would give context to Josie saying ‚ÄúIf you heard the rubbish she talks, though, about poverty and Palestine [...]‚Äù (23), so I think that this could be approximated to not before January 2006 and not after two years prior to Mag's telling time: ""the infamous dinner...nearly three years ago"" (128) (https://en.wikipedia.org/wiki/2006_Palestinian_legislative_election)",Josie and Mags, ,T,,,,,,,,,,,,,,,,,,T,
17,Josie outs Mags,2007-08-21,2007-08-21,T,Mags,129,129,2009-08-18,2009-08-18,126,131,T,"On 25 January 2006, Hamas was elected in the Palestinian legislative election. This is the original date when tensions between Israel and Hamas started to heighten, which would give context to Josie saying ‚ÄúIf you heard the rubbish she talks, though, about poverty and Palestine [...]‚Äù (23), so I think that this could be approximated to not before January 2006 and not after two years prior to Mag's telling time: ""the infamous dinner...nearly three years ago"" (128) (https://en.wikipedia.org/wiki/2006_Palestinian_legislative_election)",Josie and Mags, ,T,,,,,,,,,,,,,,,,,,T,
17,Josie outs Mags,2007-08-21,2007-08-21,T,Mags,130,130,2009-08-18,2009-08-18,126,131,T,"On 25 January 2006, Hamas was elected in the Palestinian legislative election. This is the original date when tensions between Israel and Hamas started to heighten, which would give context to Josie saying ‚ÄúIf you heard the rubbish she talks, though, about poverty and Palestine [...]‚Äù (23), so I think that this could be approximated to not before January 2006 and not after two years prior to Mag's telling time: ""the infamous dinner...nearly three years ago"" (128) (https://en.wikipedia.org/wiki/2006_Palestinian_legislative_election)",Josie and Mags, ,T,,,,,,,,,,,,,,,,,,T,
17,Josie outs Mags,2007-08-21,2007-08-21,T,Mags,131,131,2009-08-18,2009-08-18,126,131,T,"On 25 January 2006, Hamas was elected in the Palestinian legislative election. This is the original date when tensions between Israel and Hamas started to heighten, which would give context to Josie saying ‚ÄúIf you heard the rubbish she talks, though, about poverty and Palestine [...]‚Äù (23), so I think that this could be approximated to not before January 2006 and not after two years prior to Mag's telling time: ""the infamous dinner...nearly three years ago"" (128) (https://en.wikipedia.org/wiki/2006_Palestinian_legislative_election)",Josie and Mags, ,T,,,,,,,,,,,,,,,,,,T,
18,Mickey injures Timmy,2008-01-03,2008-01-03,T,Bobby,11,11,2009-03-17,2009-03-17,9,20,T,"This happens on ‚Äúthe day last year when Mickey Briars came asking about his pension,‚Äù which we know to be around 1 year prior to Bobby's telling time (10).","Bobby, Rory, Seanie, and Timmy", T,,,,,,,T,,,,,T,T,,,,,,,
18,Mickey injures Timmy,2008-01-03,2008-01-03,T,Bobby,12,12,2009-03-17,2009-03-17,9,20,T,"This happens on ‚Äúthe day last year when Mickey Briars came asking about his pension,‚Äù which we know to be around 1 year prior to Bobby's telling time (10).","Bobby, Rory, Seanie, and Timmy", T,,,,,,,T,,,,,T,T,,,,,,,
18,Mickey injures Timmy,2008-01-03,2008-01-03,T,Timmy,51,51,2009-07-19,2009-07-19,49,55,T,"This happens on ‚Äúthe day last year when Mickey Briars came asking about his pension,‚Äù which we know to be around 1 year prior to Bobby's telling time (10).","Bobby, Rory, Seanie, and Timmy", T,,,,,,, T,,,,, T, T,,,,,,,
18,Mickey injures Timmy,2008-01-03,2008-01-03,T,Timmy,52,52,2009-07-19,2009-07-19,49,55,T,"This happens on ‚Äúthe day last year when Mickey Briars came asking about his pension,‚Äù which we know to be around 1 year prior to Bobby's telling time (10).","Bobby, Rory, Seanie, and Timmy", T,,,,,,, T,,,,, T, T,,,,,,,
19,Celtic Tiger Financial Collapse,2008-09-01,2010-12-31,F,Brian,57,57,2009-07-19,2009-07-19,56,61,T,"Oxford academic states that ‚Äú][the fall of the Celtic Tiger"" happened in ""2008‚Äì10‚Äù (Oxford Academic- https://academic.oup.com/book/26323/chapter/194589417). In addition, wikipedia specifies that it was ‚ÄúSeptember 2008"" that ""Ireland became the first eurozone country to officially enter recession.‚Äù (https://en.wikipedia.org/wiki/Post-2008_Irish_economic_downturn). Tis is further back up by evidenc from Ryan's novel; Brian states: ‚ÄúI‚Äôm going to Australia in the context of a severe recession‚Äù (57), and mentions how ‚Äúall them boys‚Ä¶went to Australia a few years ago‚Ä¶. They all left good jobs‚Äù (56-57). This implies that the recession has only recently started as the boys had good jobs a few years ago. ",, ,,,,,,,,,,,,,,,,,,,,
19,Celtic Tiger Financial Collapse,2008-09-01,2010-12-31,F,Hillary,88,88,2009-08-13,2009-08-13,82,89,T,"Oxford academic states that ‚Äú][the fall of the Celtic Tiger"" happened in ""2008‚Äì10‚Äù (Oxford Academic- https://academic.oup.com/book/26323/chapter/194589417). In addition, wikipedia specifies that it was ‚ÄúSeptember 2008"" that ""Ireland became the first eurozone country to officially enter recession.‚Äù (https://en.wikipedia.org/wiki/Post-2008_Irish_economic_downturn). Tis is further back up by evidenc from Ryan's novel; Brian states: ‚ÄúI‚Äôm going to Australia in the context of a severe recession‚Äù (57), and mentions how ‚Äúall them boys‚Ä¶went to Australia a few years ago‚Ä¶. They all left good jobs‚Äù (56-57). This implies that the recession has only recently started as the boys had good jobs a few years ago. ",, ,,,,,,,,,,,,,,,,,,,,
19,Celtic Tiger Financial Collapse,2008-09-01,2010-12-31,F,Kate,97,97,2009-08-13,2009-08-13,97,102,T,"Oxford academic states that ‚Äú][the fall of the Celtic Tiger"" happened in ""2008‚Äì10‚Äù (Oxford Academic- https://academic.oup.com/book/26323/chapter/194589417). In addition, wikipedia specifies that it was ‚ÄúSeptember 2008"" that ""Ireland became the first eurozone country to officially enter recession.‚Äù (https://en.wikipedia.org/wiki/Post-2008_Irish_economic_downturn). Tis is further back up by evidenc from Ryan's novel; Brian states: ‚ÄúI‚Äôm going to Australia in the context of a severe recession‚Äù (57), and mentions how ‚Äúall them boys‚Ä¶went to Australia a few years ago‚Ä¶. They all left good jobs‚Äù (56-57). This implies that the recession has only recently started as the boys had good jobs a few years ago. ",, ,,,,,,,,,,,,,,,,,,,,
19,Celtic Tiger Financial Collapse,2008-09-01,2010-12-31,F,Kate,98,98,2009-08-13,2009-08-13,97,102,T,"Oxford academic states that ‚Äú][the fall of the Celtic Tiger"" happened in ""2008‚Äì10‚Äù (Oxford Academic- https://academic.oup.com/book/26323/chapter/194589417). In addition, wikipedia specifies that it was ‚ÄúSeptember 2008"" that ""Ireland became the first eurozone country to officially enter recession.‚Äù (https://en.wikipedia.org/wiki/Post-2008_Irish_economic_downturn). Tis is further back up by evidenc from Ryan's novel; Brian states: ‚ÄúI‚Äôm going to Australia in the context of a severe recession‚Äù (57), and mentions how ‚Äúall them boys‚Ä¶went to Australia a few years ago‚Ä¶. They all left good jobs‚Äù (56-57). This implies that the recession has only recently started as the boys had good jobs a few years ago. ",, ,,,,,,,,,,,,,,,,,,,,
19,Celtic Tiger Financial Collapse,2008-09-01,2010-12-31,F,Rory,110,110,2009-08-18,2009-08-18,108,113,T,"Oxford academic states that ‚Äú][the fall of the Celtic Tiger"" happened in ""2008‚Äì10‚Äù (Oxford Academic- https://academic.oup.com/book/26323/chapter/194589417). In addition, wikipedia specifies that it was ‚ÄúSeptember 2008"" that ""Ireland became the first eurozone country to officially enter recession.‚Äù (https://en.wikipedia.org/wiki/Post-2008_Irish_economic_downturn). Tis is further back up by evidenc from Ryan's novel; Brian states: ‚ÄúI‚Äôm going to Australia in the context of a severe recession‚Äù (57), and mentions how ‚Äúall them boys‚Ä¶went to Australia a few years ago‚Ä¶. They all left good jobs‚Äù (56-57). This implies that the recession has only recently started as the boys had good jobs a few years ago. ",, ,,,,,,,,,,,,,,,,,,,,
19,Celtic Tiger Financial Collapse,2008-09-01,2010-12-31,F,Jim,133,133,2009-08-18,2009-08-18,132,138,T,"Oxford academic states that ‚Äú][the fall of the Celtic Tiger"" happened in ""2008‚Äì10‚Äù (Oxford Academic- https://academic.oup.com/book/26323/chapter/194589417). In addition, wikipedia specifies that it was ‚ÄúSeptember 2008"" that ""Ireland became the first eurozone country to officially enter recession.‚Äù (https://en.wikipedia.org/wiki/Post-2008_Irish_economic_downturn). Tis is further back up by evidenc from Ryan's novel; Brian states: ‚ÄúI‚Äôm going to Australia in the context of a severe recession‚Äù (57), and mentions how ‚Äúall them boys‚Ä¶went to Australia a few years ago‚Ä¶. They all left good jobs‚Äù (56-57). This implies that the recession has only recently started as the boys had good jobs a few years ago. ",, ,,,,,,,,,,,,,,,,,,,,
20,Pokey takes off,2009-01-30,2009-01-30,T,Bobby,10,10,2009-03-17,2009-03-17,9,20,T,"Rory narrates that ‚Äú[t]his summer...around May and late June... Bobby was making shapes toward going out on his own"" (108). Therefore we know that Pokey has left by the end of June 2009, and we can assume he leaves beacuse of the recession, so not before September 2008. ",Pokey, ,,,,,,,,,,,,,,,T,,,,,
20,Pokey takes off,2009-01-30,2009-01-30,T,Bobby,11,11,2009-03-17,2009-03-17,9,20,T,"Rory narrates that ‚Äú[t]his summer...around May and late June... Bobby was making shapes toward going out on his own"" (108). Therefore we know that Pokey has left by the end of June 2009, and we can assume he leaves beacuse of the recession, so not before September 2008. ",Pokey, ,,,,,,,,,,,,,,,T,,,,,
20,Pokey takes off,2009-01-30,2009-01-30,T,Bobby,14,14,2009-03-17,2009-03-17,9,20,T,"Rory narrates that ‚Äú[t]his summer...around May and late June... Bobby was making shapes toward going out on his own"" (108). Therefore we know that Pokey has left by the end of June 2009, and we can assume he leaves beacuse of the recession, so not before September 2008. ",Pokey, ,,,,,,,,,,,,,,,T,,,,,
20,Pokey takes off,2009-01-30,2009-01-30,T,Josie,22,22,2009-03-17,2009-03-17,21,26,T,"Rory narrates that ‚Äú[t]his summer...around May and late June... Bobby was making shapes toward going out on his own"" (108). Therefore we know that Pokey has left by the end of June 2009, and we can assume he leaves beacuse of the recession, so not before September 2008. ",Pokey, ,,,,,,,,,,,,,,,T,,,,,
20,Pokey takes off,2009-01-30,2009-01-30,T,Josie,25,25,2009-03-17,2009-03-17,21,26,T,"Rory narrates that ‚Äú[t]his summer...around May and late June... Bobby was making shapes toward going out on his own"" (108). Therefore we know that Pokey has left by the end of June 2009, and we can assume he leaves beacuse of the recession, so not before September 2008. ",Pokey, ,,,,,,,,,,,,,,,T,,,,,
20,Pokey takes off,2009-01-30,2009-01-30,T,Réaltín,43,43,2009-03-17,2009-03-17,42,48,T,"Rory narrates that ‚Äú[t]his summer...around May and late June... Bobby was making shapes toward going out on his own"" (108). Therefore we know that Pokey has left by the end of June 2009, and we can assume he leaves beacuse of the recession, so not before September 2008. ",Pokey, ,,,,,,,,,,,,,,,T,,,,,
20,Pokey takes off,2009-01-30,2009-01-30,T,Seanie,94,94,2009-08-13,2009-08-13,90,96,T,"Rory narrates that ‚Äú[t]his summer...around May and late June... Bobby was making shapes toward going out on his own"" (108). Therefore we know that Pokey has left by the end of June 2009, and we can assume he leaves beacuse of the recession, so not before September 2008. ",Pokey, ,,,,,,,,,,,,,,,T,,,,,
21,Rory works with Bobby,2008-01-09,2009-08-31,T,Timmy,48,48,2009-07-19,2009-07-19,49,55,T,"Timmy narrates  ‚ÄúI walked up‚Ä¶yesterday evening. It was melting close‚Ä¶. Rory Slattery was giving him a hand.‚Äù (49) ""[M]elting close""  seems to imply that it is the summer while Timmy is narrating, and Rory is helping Bobby after the recession begins. (49)",Bobby and Rory, T,,,,,,,,,,,, T,,,,,,,,
21,Rory works with Bobby,2008-01-09,2009-08-31,T,Timmy,49,49,2009-07-19,2009-07-19,49,55,T,"Timmy narrates  ‚ÄúI walked up‚Ä¶yesterday evening. It was melting close‚Ä¶. Rory Slattery was giving him a hand.‚Äù (49) ""[M]elting close""  seems to imply that it is the summer while Timmy is narrating, and Rory is helping Bobby after the recession begins. (49)",Bobby and Rory, T,,,,,,,,,,,, T,,,,,,,,
21,Rory works with Bobby,2008-01-09,2009-08-31,T,Timmy,50,50,2009-07-19,2009-07-19,49,55,T,"Timmy narrates  ‚ÄúI walked up‚Ä¶yesterday evening. It was melting close‚Ä¶. Rory Slattery was giving him a hand.‚Äù (49) ""[M]elting close""  seems to imply that it is the summer while Timmy is narrating, and Rory is helping Bobby after the recession begins. (49)",Bobby and Rory, T,,,,,,,,,,,, T,,,,,,,,
21,Rory works with Bobby,2008-01-09,2009-08-31,T,Rory,108,108,2009-08-18,2009-08-18,108,113,T,"Timmy narrates  ‚ÄúI walked up‚Ä¶yesterday evening. It was melting close‚Ä¶. Rory Slattery was giving him a hand.‚Äù (49) ""[M]elting close""  seems to imply that it is the summer while Timmy is narrating, and Rory is helping Bobby after the recession begins. (49)",Bobby and Rory, T,,,,,,,,,,,, T,,,,,,,,
21,Rory works with Bobby,2008-01-09,2009-08-31,T,Denis,122,122,2009-08-18,2009-08-18,120,125,T,"Timmy narrates  ‚ÄúI walked up‚Ä¶yesterday evening. It was melting close‚Ä¶. Rory Slattery was giving him a hand.‚Äù (49) ""[M]elting close""  seems to imply that it is the summer while Timmy is narrating, and Rory is helping Bobby after the recession begins. (49)",Bobby and Rory, T,,,,,,,,,,,, T,,,,,,,,
22,Bobby works for Réaltín,2009-06-20,2009-09-22,T,Réaltín,48,48,2009-03-17,2009-03-17,42,48,T,"Trevor indicates that ‚Äú[a] tall, fair-haired chap‚Ä¶started to call to her a few weeks ago. He‚Äôs called at least three times now.‚Äù(66) This indicates that Bobby starts working for Réaltín a few weeks before Trevor's telling time. In addition,  Seanie indicates ‚Äúit was only after about the third time he went over there‚Ä¶the whole village had it that he was riding her‚Äù (93). Therfore this also has to happen in the summertime as Triona states ""[e]arlier in the summer...the whole village had it that he was going with that girl from Pokey's ghost estate"" (148). This implies that Triona is narrating in the summer and therefore this occurs before September 22nd 2009, and after June 20th 2009.",Bobby and Réaltín, T,,,,,, T,,,,,,,,,,,,,,
22,Bobby works for Réaltín,2009-06-20,2009-09-22,T,Brian,60,60,2009-07-19,2009-07-19,56,61,T,"Trevor indicates that ‚Äú[a] tall, fair-haired chap‚Ä¶started to call to her a few weeks ago. He‚Äôs called at least three times now.‚Äù(66) This indicates that Bobby starts working for Réaltín a few weeks before Trevor's telling time. In addition,  Seanie indicates ‚Äúit was only after about the third time he went over there‚Ä¶the whole village had it that he was riding her‚Äù (93). Therfore this also has to happen in the summertime as Triona states ""[e]arlier in the summer...the whole village had it that he was going with that girl from Pokey's ghost estate"" (148). This implies that Triona is narrating in the summer and therefore this occurs before September 22nd 2009, and after June 20th 2009.",Bobby and Réaltín, T,,,,,, T,,,,,,,,,,,,,,
22,Bobby works for Réaltín,2009-06-20,2009-09-22,T,Trevor,66,66,2009-07-19,2009-07-19,62,67,T,"Trevor indicates that ‚Äú[a] tall, fair-haired chap‚Ä¶started to call to her a few weeks ago. He‚Äôs called at least three times now.‚Äù(66) This indicates that Bobby starts working for Réaltín a few weeks before Trevor's telling time. In addition,  Seanie indicates ‚Äúit was only after about the third time he went over there‚Ä¶the whole village had it that he was riding her‚Äù (93). Therfore this also has to happen in the summertime as Triona states ""[e]arlier in the summer...the whole village had it that he was going with that girl from Pokey's ghost estate"" (148). This implies that Triona is narrating in the summer and therefore this occurs before September 22nd 2009, and after June 20th 2009.",Bobby and Réaltín, T,,,,,, T,,,,,,,,,,,,,,
22,Bobby works for Réaltín,2009-06-20,2009-09-22,T,Trevor,67,67,2009-07-19,2009-07-19,62,67,T,"Trevor indicates that ‚Äú[a] tall, fair-haired chap‚Ä¶started to call to her a few weeks ago. He‚Äôs called at least three times now.‚Äù(66) This indicates that Bobby starts working for Réaltín a few weeks before Trevor's telling time. In addition,  Seanie indicates ‚Äúit was only after about the third time he went over there‚Ä¶the whole village had it that he was riding her‚Äù (93). Therfore this also has to happen in the summertime as Triona states ""[e]arlier in the summer...the whole village had it that he was going with that girl from Pokey's ghost estate"" (148). This implies that Triona is narrating in the summer and therefore this occurs before September 22nd 2009, and after June 20th 2009.",Bobby and Réaltín, T,,,,,, T,,,,,,,,,,,,,,
22,Bobby works for Réaltín,2009-06-20,2009-09-22,T,Bridie,73,73,2009-07-19,2009-07-19,68,75,T,"Trevor indicates that ‚Äú[a] tall, fair-haired chap‚Ä¶started to call to her a few weeks ago. He‚Äôs called at least three times now.‚Äù(66) This indicates that Bobby starts working for Réaltín a few weeks before Trevor's telling time. In addition,  Seanie indicates ‚Äúit was only after about the third time he went over there‚Ä¶the whole village had it that he was riding her‚Äù (93). Therfore this also has to happen in the summertime as Triona states ""[e]arlier in the summer...the whole village had it that he was going with that girl from Pokey's ghost estate"" (148). This implies that Triona is narrating in the summer and therefore this occurs before September 22nd 2009, and after June 20th 2009.",Bobby and Réaltín, T,,,,,, T,,,,,,,,,,,,,,
22,Bobby works for Réaltín,2009-06-20,2009-09-22,T,Hillary,83,83,2009-08-13,2009-08-13,82,89,T,"Trevor indicates that ‚Äú[a] tall, fair-haired chap‚Ä¶started to call to her a few weeks ago. He‚Äôs called at least three times now.‚Äù(66) This indicates that Bobby starts working for Réaltín a few weeks before Trevor's telling time. In addition,  Seanie indicates ‚Äúit was only after about the third time he went over there‚Ä¶the whole village had it that he was riding her‚Äù (93). Therfore this also has to happen in the summertime as Triona states ""[e]arlier in the summer...the whole village had it that he was going with that girl from Pokey's ghost estate"" (148). This implies that Triona is narrating in the summer and therefore this occurs before September 22nd 2009, and after June 20th 2009.",Bobby and Réaltín, T,,,,,, T,,,,,,,,,,,,,,
22,Bobby works for Réaltín,2009-06-20,2009-09-22,T,Hillary,84,84,2009-08-13,2009-08-13,82,89,T,"Trevor indicates that ‚Äú[a] tall, fair-haired chap‚Ä¶started to call to her a few weeks ago. He‚Äôs called at least three times now.‚Äù(66) This indicates that Bobby starts working for Réaltín a few weeks before Trevor's telling time. In addition,  Seanie indicates ‚Äúit was only after about the third time he went over there‚Ä¶the whole village had it that he was riding her‚Äù (93). Therfore this also has to happen in the summertime as Triona states ""[e]arlier in the summer...the whole village had it that he was going with that girl from Pokey's ghost estate"" (148). This implies that Triona is narrating in the summer and therefore this occurs before September 22nd 2009, and after June 20th 2009.",Bobby and Réaltín, T,,,,,, T,,,,,,,,,,,,,,
22,Bobby works for Réaltín,2009-06-20,2009-09-22,T,Hillary,85,85,2009-08-13,2009-08-13,82,89,T,"Trevor indicates that ‚Äú[a] tall, fair-haired chap‚Ä¶started to call to her a few weeks ago. He‚Äôs called at least three times now.‚Äù(66) This indicates that Bobby starts working for Réaltín a few weeks before Trevor's telling time. In addition,  Seanie indicates ‚Äúit was only after about the third time he went over there‚Ä¶the whole village had it that he was riding her‚Äù (93). Therfore this also has to happen in the summertime as Triona states ""[e]arlier in the summer...the whole village had it that he was going with that girl from Pokey's ghost estate"" (148). This implies that Triona is narrating in the summer and therefore this occurs before September 22nd 2009, and after June 20th 2009.",Bobby and Réaltín, T,,,,,, T,,,,,,,,,,,,,,
22,Bobby works for Réaltín,2009-06-20,2009-09-22,T,Hillary,86,86,2009-08-13,2009-08-13,82,89,T,"Trevor indicates that ‚Äú[a] tall, fair-haired chap‚Ä¶started to call to her a few weeks ago. He‚Äôs called at least three times now.‚Äù(66) This indicates that Bobby starts working for Réaltín a few weeks before Trevor's telling time. In addition,  Seanie indicates ‚Äúit was only after about the third time he went over there‚Ä¶the whole village had it that he was riding her‚Äù (93). Therfore this also has to happen in the summertime as Triona states ""[e]arlier in the summer...the whole village had it that he was going with that girl from Pokey's ghost estate"" (148). This implies that Triona is narrating in the summer and therefore this occurs before September 22nd 2009, and after June 20th 2009.",Bobby and Réaltín, T,,,,,, T,,,,,,,,,,,,,,
22,Bobby works for Réaltín,2009-06-20,2009-09-22,T,Seanie,96,96,2009-08-13,2009-08-13,90,96,T,"Trevor indicates that ‚Äú[a] tall, fair-haired chap‚Ä¶started to call to her a few weeks ago. He‚Äôs called at least three times now.‚Äù(66) This indicates that Bobby starts working for Réaltín a few weeks before Trevor's telling time. In addition,  Seanie indicates ‚Äúit was only after about the third time he went over there‚Ä¶the whole village had it that he was riding her‚Äù (93). Therfore this also has to happen in the summertime as Triona states ""[e]arlier in the summer...the whole village had it that he was going with that girl from Pokey's ghost estate"" (148). This implies that Triona is narrating in the summer and therefore this occurs before September 22nd 2009, and after June 20th 2009.",Bobby and Réaltín, T,,,,,, T,,,,,,,,,,,,,,
22,Bobby works for Réaltín,2009-06-20,2009-09-22,T,Denis,122,122,2009-08-18,2009-08-18,120,125,T,"Trevor indicates that ‚Äú[a] tall, fair-haired chap‚Ä¶started to call to her a few weeks ago. He‚Äôs called at least three times now.‚Äù(66) This indicates that Bobby starts working for Réaltín a few weeks before Trevor's telling time. In addition,  Seanie indicates ‚Äúit was only after about the third time he went over there‚Ä¶the whole village had it that he was riding her‚Äù (93). Therfore this also has to happen in the summertime as Triona states ""[e]arlier in the summer...the whole village had it that he was going with that girl from Pokey's ghost estate"" (148). This implies that Triona is narrating in the summer and therefore this occurs before September 22nd 2009, and after June 20th 2009.",Bobby and Réaltín, T,,,,,, T,,,,,,,,,,,,,,
22,Bobby works for Réaltín,2009-06-20,2009-09-22,T,Rory,109,109,2009-08-18,2009-08-18,108,113,T,"Trevor indicates that ‚Äú[a] tall, fair-haired chap‚Ä¶started to call to her a few weeks ago. He‚Äôs called at least three times now.‚Äù(66) This indicates that Bobby starts working for Réaltín a few weeks before Trevor's telling time. In addition,  Seanie indicates ‚Äúit was only after about the third time he went over there‚Ä¶the whole village had it that he was riding her‚Äù (93). Therfore this also has to happen in the summertime as Triona states ""[e]arlier in the summer...the whole village had it that he was going with that girl from Pokey's ghost estate"" (148). This implies that Triona is narrating in the summer and therefore this occurs before September 22nd 2009, and after June 20th 2009.",Bobby and Réaltín, T,,,,,, T,,,,,,,,,,,,,,
22,Bobby works for Réaltín,2009-06-20,2009-09-22,T,Jim,135,135,2009-08-18,2009-08-18,132,138,T,"Trevor indicates that ‚Äú[a] tall, fair-haired chap‚Ä¶started to call to her a few weeks ago. He‚Äôs called at least three times now.‚Äù(66) This indicates that Bobby starts working for Réaltín a few weeks before Trevor's telling time. In addition,  Seanie indicates ‚Äúit was only after about the third time he went over there‚Ä¶the whole village had it that he was riding her‚Äù (93). Therfore this also has to happen in the summertime as Triona states ""[e]arlier in the summer...the whole village had it that he was going with that girl from Pokey's ghost estate"" (148). This implies that Triona is narrating in the summer and therefore this occurs before September 22nd 2009, and after June 20th 2009.",Bobby and Réaltín, T,,,,,, T,,,,,,,,,,,,,,
22,Bobby works for Réaltín,2009-06-20,2009-09-22,T,Triona,148,148,2009-01-09,2009-01-09,146,156,T,"Trevor indicates that ‚Äú[a] tall, fair-haired chap‚Ä¶started to call to her a few weeks ago. He‚Äôs called at least three times now.‚Äù(66) This indicates that Bobby starts working for Réaltín a few weeks before Trevor's telling time. In addition,  Seanie indicates ‚Äúit was only after about the third time he went over there‚Ä¶the whole village had it that he was riding her‚Äù (93). Therfore this also has to happen in the summertime as Triona states ""[e]arlier in the summer...the whole village had it that he was going with that girl from Pokey's ghost estate"" (148). This implies that Triona is narrating in the summer and therefore this occurs before September 22nd 2009, and after June 20th 2009.",Bobby and Réaltín, T,,,,,, T,,,,,,,,,,,,,,
22,Bobby works for Réaltín,2009-06-20,2009-09-22,T,Triona,153,153,2009-01-09,2009-01-09,146,156,T,"Trevor indicates that ‚Äú[a] tall, fair-haired chap‚Ä¶started to call to her a few weeks ago. He‚Äôs called at least three times now.‚Äù(66) This indicates that Bobby starts working for Réaltín a few weeks before Trevor's telling time. In addition,  Seanie indicates ‚Äúit was only after about the third time he went over there‚Ä¶the whole village had it that he was riding her‚Äù (93). Therfore this also has to happen in the summertime as Triona states ""[e]arlier in the summer...the whole village had it that he was going with that girl from Pokey's ghost estate"" (148). This implies that Triona is narrating in the summer and therefore this occurs before September 22nd 2009, and after June 20th 2009.",Bobby and Réaltín, T,,,,,, T,,,,,,,,,,,,,,
22,Bobby works for Réaltín,2009-06-20,2009-09-22,T,Triona,154,154,2009-01-09,2009-01-09,146,156,T,"Trevor indicates that ‚Äú[a] tall, fair-haired chap‚Ä¶started to call to her a few weeks ago. He‚Äôs called at least three times now.‚Äù(66) This indicates that Bobby starts working for Réaltín a few weeks before Trevor's telling time. In addition,  Seanie indicates ‚Äúit was only after about the third time he went over there‚Ä¶the whole village had it that he was riding her‚Äù (93). Therfore this also has to happen in the summertime as Triona states ""[e]arlier in the summer...the whole village had it that he was going with that girl from Pokey's ghost estate"" (148). This implies that Triona is narrating in the summer and therefore this occurs before September 22nd 2009, and after June 20th 2009.",Bobby and Réaltín, T,,,,,, T,,,,,,,,,,,,,,
23,Trevor stalks Réaltín and plans to kidnap Dylan,2009-06-20,2009-08-31,T,Trevor,63,63,2009-07-19,2009-07-19,62,67,T,"Lloyd indicates that Trevor ‚Äúcalled up here a few weeks ago‚Äù (103) detailing his plan. In addition we know this is after Bobby starts working for Réaltín, as Trevor notices Dylan the same time he notices Bobby. ","Dylan, Réaltín, and Trevor", ,,,,,, T,,T, T,,,,,,,,,,,
23,Trevor stalks Réaltín and plans to kidnap Dylan,2009-06-20,2009-08-31,T,Trevor,64,64,2009-07-19,2009-07-19,62,67,T,"Lloyd indicates that Trevor ‚Äúcalled up here a few weeks ago‚Äù (103) detailing his plan. In addition we know this is after Bobby starts working for Réaltín, as Trevor notices Dylan the same time he notices Bobby. ","Dylan, Réaltín, and Trevor", ,,,,,, T,,T, T,,,,,,,,,,,
23,Trevor stalks Réaltín and plans to kidnap Dylan,2009-06-20,2009-08-31,T,Trevor,65,65,2009-07-19,2009-07-19,62,67,T,"Lloyd indicates that Trevor ‚Äúcalled up here a few weeks ago‚Äù (103) detailing his plan. In addition we know this is after Bobby starts working for Réaltín, as Trevor notices Dylan the same time he notices Bobby. ","Dylan, Réaltín, and Trevor", ,,,,,, T,,T, T,,,,,,,,,,,
23,Trevor stalks Réaltín and plans to kidnap Dylan,2009-06-20,2009-08-31,T,Trevor,66,66,2009-07-19,2009-07-19,62,67,T,"Lloyd indicates that Trevor ‚Äúcalled up here a few weeks ago‚Äù (103) detailing his plan. In addition we know this is after Bobby starts working for Réaltín, as Trevor notices Dylan the same time he notices Bobby. ","Dylan, Réaltín, and Trevor", ,,,,,, T,,T, T,,,,,,,,,,,
23,Trevor stalks Réaltín and plans to kidnap Dylan,2009-06-20,2009-08-31,T,Trevor,67,67,2009-07-19,2009-07-19,62,67,T,"Lloyd indicates that Trevor ‚Äúcalled up here a few weeks ago‚Äù (103) detailing his plan. In addition we know this is after Bobby starts working for Réaltín, as Trevor notices Dylan the same time he notices Bobby. ","Dylan, Réaltín, and Trevor", ,,,,,, T,,T, T,,,,,,,,,,,
23,Trevor stalks Réaltín and plans to kidnap Dylan,2009-06-20,2009-08-31,T,Lloyd,103,103,2009-08-18,2009-08-18,103,107,T,"Lloyd indicates that Trevor ‚Äúcalled up here a few weeks ago‚Äù (103) detailing his plan. In addition we know this is after Bobby starts working for Réaltín, as Trevor notices Dylan the same time he notices Bobby. ","Dylan, Réaltín, and Trevor", ,,,,,, T,,T, T,,,,,,,,,,,
24,Réaltín enrolls Dylan in Kate's daycare,2009-07-26,2009-07-26,T,Kate,99,99,2009-08-13,2009-08-13,97,102,T,"Kate narrates that ""the Trevor fella arrived only two days after a girl called Réaltín called in with a lovely quiet child called Dylan."" (99) Kate is narrating at least three months after the beginning of the recession as she indicates she ""was paying more in wages than [she] was taking in for about three months....[S]ince the recession started...."" (97-98) In addition, because she is narrating before Dylan gets kidnapped (and Millicent mentions the kidnapping) her events occur between December 31st 2008 and August 31st 2009. We can also assume that this occurs after Trevor notices Réaltín, as that is when he creates the plan to kidnap Dylan; therefore this has to occur after June 20th 2009 (Summer Soltisce).","Dylan, Kate, and Réaltín", ,,,,,,T,,T,,,,,,T,,,,,,
25,Kate hires Trevor,2009-07-28,2009-07-28,T,Lloyd,103,103,2009-08-18,2009-08-18,103,107,T,"Kate narrates that ""the Trevor fella arrived only two days after a girl called Réaltín called in with a lovely quiet child called Dylan."" (99) Therfore the story time is the same as when Kate hires Trevor, plus two days on either end of the estimated range.",Kate and Trevor, ,,,,,,,,,T,,,,,T,,,,,,
25,Kate hires Trevor,2009-07-28,2009-07-28,T,Kate,98,98,2009-08-13,2009-08-13,97,102,T,"Kate narrates that ""the Trevor fella arrived only two days after a girl called Réaltín called in with a lovely quiet child called Dylan."" (99) Therfore the story time is the same as when Kate hires Trevor, plus two days on either end of the estimated range.",Kate and Trevor, ,,,,,,,,,T,,,,,T,,,,,,
25,Kate hires Trevor,2009-07-28,2009-07-28,T,Kate,99,99,2009-08-13,2009-08-13,97,102,T,"Kate narrates that ""the Trevor fella arrived only two days after a girl called Réaltín called in with a lovely quiet child called Dylan."" (99) Therfore the story time is the same as when Kate hires Trevor, plus two days on either end of the estimated range.",Kate and Trevor, ,,,,,,,,,T,,,,,T,,,,,,
25,Kate hires Trevor,2009-07-28,2009-07-28,T,Jim,136,136,2009-08-18,2009-08-18,132,138,T,"Kate narrates that ""the Trevor fella arrived only two days after a girl called Réaltín called in with a lovely quiet child called Dylan."" (99) Therfore the story time is the same as when Kate hires Trevor, plus two days on either end of the estimated range.",Kate and Trevor, ,,,,,,,,,T,,,,,T,,,,,,
26,Triona hears gossip about Bobby and Réaltín,2009-06-08,2009-06-08,T,Bridie,73,73,2009-07-19,2009-07-19,68,75,T,"This has to occur sometime around when Trevor notices Bobby at Réaltín's, as Seanie indicates ‚Äúit was only after about the third time he went over there‚Ä¶the whole village had it that he was riding her‚Äù (93), while Trevor states ""[h]e‚Äôs called at least three times now.‚Äù(66) This also has to happen in the summertime as Triona states ""[e]arlier in the summer...the whole village had it that he was going with that girl from Pokey's ghost estate"" (148). This implies that Triona is narrating in the summer and therefore this occurs before September 22nd 2009, and after June 20th 2009.","Bobby, Réaltín, and Triona", T,,,,,, T,,,,,,,,,, T,,,,
26,Triona hears gossip about Bobby and Réaltín,2009-06-08,2009-06-08,T,Triona,153,153,2009-01-09,2009-01-09,146,156,T,"This has to occur sometime around when Trevor notices Bobby at Réaltín's, as Seanie indicates ‚Äúit was only after about the third time he went over there‚Ä¶the whole village had it that he was riding her‚Äù (93), while Trevor states ""[h]e‚Äôs called at least three times now.‚Äù(66) This also has to happen in the summertime as Triona states ""[e]arlier in the summer...the whole village had it that he was going with that girl from Pokey's ghost estate"" (148). This implies that Triona is narrating in the summer and therefore this occurs before September 22nd 2009, and after June 20th 2009.","Bobby, Réaltín, and Triona", T,,,,,, T,,,,,,,,,, T,,,,
27,Frank is murdered by Denis,2009-08-18,2009-08-18,T,Jason,76,76,2009-08-13,2009-08-13,76,81,T,"Hillary mentions Frank's death and hearing about the gossip of Réaltín and Bobby's supposed affair within ""two weeks"" of each other. (83) Therefore indicating that this happens in the same summer time period that Triona hears the gossip about Réaltín and Bobby. In addition Jim mentions that Frank's murder happens after ""midsummer"" (135) and we know that it happens prior to Dylan's kidnapping (which happens before the end of August according to Millicent). Thererfore the murder happens between August 6th 2009 and August 31st 2009.",Denis and Frank, ,,, T,,,,,,,,,,,,,,, T,,
27,Frank is murdered by Denis,2009-08-18,2009-08-18,T,Jason,77,77,2009-08-13,2009-08-13,76,81,T,"Hillary mentions Frank's death and hearing about the gossip of Réaltín and Bobby's supposed affair within ""two weeks"" of each other. (83) Therefore indicating that this happens in the same summer time period that Triona hears the gossip about Réaltín and Bobby. In addition Jim mentions that Frank's murder happens after ""midsummer"" (135) and we know that it happens prior to Dylan's kidnapping (which happens before the end of August according to Millicent). Thererfore the murder happens between August 6th 2009 and August 31st 2009.",Denis and Frank, ,,, T,,,,,,,,,,,,,,, T,,
27,Frank is murdered by Denis,2009-08-18,2009-08-18,T,Jason,80,80,2009-08-13,2009-08-13,76,81,T,"Hillary mentions Frank's death and hearing about the gossip of Réaltín and Bobby's supposed affair within ""two weeks"" of each other. (83) Therefore indicating that this happens in the same summer time period that Triona hears the gossip about Réaltín and Bobby. In addition Jim mentions that Frank's murder happens after ""midsummer"" (135) and we know that it happens prior to Dylan's kidnapping (which happens before the end of August according to Millicent). Thererfore the murder happens between August 6th 2009 and August 31st 2009.",Denis and Frank, ,,, T,,,,,,,,,,,,,,, T,,
27,Frank is murdered by Denis,2009-08-18,2009-08-18,T,Hillary,83,83,2009-08-13,2009-08-13,82,89,T,"Hillary mentions Frank's death and hearing about the gossip of Réaltín and Bobby's supposed affair within ""two weeks"" of each other. (83) Therefore indicating that this happens in the same summer time period that Triona hears the gossip about Réaltín and Bobby. In addition Jim mentions that Frank's murder happens after ""midsummer"" (135) and we know that it happens prior to Dylan's kidnapping (which happens before the end of August according to Millicent). Thererfore the murder happens between August 6th 2009 and August 31st 2009.",Denis and Frank, ,,, T,,,,,,,,,,,,,,, T,,
27,Frank is murdered by Denis,2009-08-18,2009-08-18,T,Hillary,84,84,2009-08-13,2009-08-13,82,89,T,"Hillary mentions Frank's death and hearing about the gossip of Réaltín and Bobby's supposed affair within ""two weeks"" of each other. (83) Therefore indicating that this happens in the same summer time period that Triona hears the gossip about Réaltín and Bobby. In addition Jim mentions that Frank's murder happens after ""midsummer"" (135) and we know that it happens prior to Dylan's kidnapping (which happens before the end of August according to Millicent). Thererfore the murder happens between August 6th 2009 and August 31st 2009.",Denis and Frank, ,,, T,,,,,,,,,,,,,,, T,,
27,Frank is murdered by Denis,2009-08-18,2009-08-18,T,Hillary,85,85,2009-08-13,2009-08-13,82,89,T,"Hillary mentions Frank's death and hearing about the gossip of Réaltín and Bobby's supposed affair within ""two weeks"" of each other. (83) Therefore indicating that this happens in the same summer time period that Triona hears the gossip about Réaltín and Bobby. In addition Jim mentions that Frank's murder happens after ""midsummer"" (135) and we know that it happens prior to Dylan's kidnapping (which happens before the end of August according to Millicent). Thererfore the murder happens between August 6th 2009 and August 31st 2009.",Denis and Frank, ,,, T,,,,,,,,,,,,,,, T,,
27,Frank is murdered by Denis,2009-08-18,2009-08-18,T,Hillary,86,86,2009-08-13,2009-08-13,82,89,T,"Hillary mentions Frank's death and hearing about the gossip of Réaltín and Bobby's supposed affair within ""two weeks"" of each other. (83) Therefore indicating that this happens in the same summer time period that Triona hears the gossip about Réaltín and Bobby. In addition Jim mentions that Frank's murder happens after ""midsummer"" (135) and we know that it happens prior to Dylan's kidnapping (which happens before the end of August according to Millicent). Thererfore the murder happens between August 6th 2009 and August 31st 2009.",Denis and Frank, ,,, T,,,,,,,,,,,,,,, T,,
27,Frank is murdered by Denis,2009-08-18,2009-08-18,T,Hillary,87,87,2009-08-13,2009-08-13,82,89,T,"Hillary mentions Frank's death and hearing about the gossip of Réaltín and Bobby's supposed affair within ""two weeks"" of each other. (83) Therefore indicating that this happens in the same summer time period that Triona hears the gossip about Réaltín and Bobby. In addition Jim mentions that Frank's murder happens after ""midsummer"" (135) and we know that it happens prior to Dylan's kidnapping (which happens before the end of August according to Millicent). Thererfore the murder happens between August 6th 2009 and August 31st 2009.",Denis and Frank, ,,, T,,,,,,,,,,,,,,, T,,
27,Frank is murdered by Denis,2009-08-18,2009-08-18,T,Seanie,94,94,2009-08-13,2009-08-13,90,96,T,"Hillary mentions Frank's death and hearing about the gossip of Réaltín and Bobby's supposed affair within ""two weeks"" of each other. (83) Therefore indicating that this happens in the same summer time period that Triona hears the gossip about Réaltín and Bobby. In addition Jim mentions that Frank's murder happens after ""midsummer"" (135) and we know that it happens prior to Dylan's kidnapping (which happens before the end of August according to Millicent). Thererfore the murder happens between August 6th 2009 and August 31st 2009.",Denis and Frank, ,,, T,,,,,,,,,,,,,,, T,,
27,Frank is murdered by Denis,2009-08-18,2009-08-18,T,Seanie,96,96,2009-08-13,2009-08-13,90,96,T,"Hillary mentions Frank's death and hearing about the gossip of Réaltín and Bobby's supposed affair within ""two weeks"" of each other. (83) Therefore indicating that this happens in the same summer time period that Triona hears the gossip about Réaltín and Bobby. In addition Jim mentions that Frank's murder happens after ""midsummer"" (135) and we know that it happens prior to Dylan's kidnapping (which happens before the end of August according to Millicent). Thererfore the murder happens between August 6th 2009 and August 31st 2009.",Denis and Frank, ,,, T,,,,,,,,,,,,,,, T,,
27,Frank is murdered by Denis,2009-08-18,2009-08-18,T,Denis,122,122,2009-08-18,2009-08-18,120,125,T,"Hillary mentions Frank's death and hearing about the gossip of Réaltín and Bobby's supposed affair within ""two weeks"" of each other. (83) Therefore indicating that this happens in the same summer time period that Triona hears the gossip about Réaltín and Bobby. In addition Jim mentions that Frank's murder happens after ""midsummer"" (135) and we know that it happens prior to Dylan's kidnapping (which happens before the end of August according to Millicent). Thererfore the murder happens between August 6th 2009 and August 31st 2009.",Denis and Frank, ,,, T,,,,,,,,,,,,,,, T,,
27,Frank is murdered by Denis,2009-08-18,2009-08-18,T,Denis,125,125,2009-08-18,2009-08-18,120,125,T,"Hillary mentions Frank's death and hearing about the gossip of Réaltín and Bobby's supposed affair within ""two weeks"" of each other. (83) Therefore indicating that this happens in the same summer time period that Triona hears the gossip about Réaltín and Bobby. In addition Jim mentions that Frank's murder happens after ""midsummer"" (135) and we know that it happens prior to Dylan's kidnapping (which happens before the end of August according to Millicent). Thererfore the murder happens between August 6th 2009 and August 31st 2009.",Denis and Frank, ,,, T,,,,,,,,,,,,,,, T,,
27,Frank is murdered by Denis,2009-08-18,2009-08-18,T,Rory,109,109,2009-08-18,2009-08-18,108,113,T,"Hillary mentions Frank's death and hearing about the gossip of Réaltín and Bobby's supposed affair within ""two weeks"" of each other. (83) Therefore indicating that this happens in the same summer time period that Triona hears the gossip about Réaltín and Bobby. In addition Jim mentions that Frank's murder happens after ""midsummer"" (135) and we know that it happens prior to Dylan's kidnapping (which happens before the end of August according to Millicent). Thererfore the murder happens between August 6th 2009 and August 31st 2009.",Denis and Frank, ,,, T,,,,,,,,,,,,,,, T,,
27,Frank is murdered by Denis,2009-08-18,2009-08-18,T,Mags,127,127,2009-08-18,2009-08-18,126,131,T,"Hillary mentions Frank's death and hearing about the gossip of Réaltín and Bobby's supposed affair within ""two weeks"" of each other. (83) Therefore indicating that this happens in the same summer time period that Triona hears the gossip about Réaltín and Bobby. In addition Jim mentions that Frank's murder happens after ""midsummer"" (135) and we know that it happens prior to Dylan's kidnapping (which happens before the end of August according to Millicent). Thererfore the murder happens between August 6th 2009 and August 31st 2009.",Denis and Frank, ,,, T,,,,,,,,,,,,,,, T,,
27,Frank is murdered by Denis,2009-08-18,2009-08-18,T,Jim,135,135,2009-08-18,2009-08-18,132,138,T,"Hillary mentions Frank's death and hearing about the gossip of Réaltín and Bobby's supposed affair within ""two weeks"" of each other. (83) Therefore indicating that this happens in the same summer time period that Triona hears the gossip about Réaltín and Bobby. In addition Jim mentions that Frank's murder happens after ""midsummer"" (135) and we know that it happens prior to Dylan's kidnapping (which happens before the end of August according to Millicent). Thererfore the murder happens between August 6th 2009 and August 31st 2009.",Denis and Frank, ,,, T,,,,,,,,,,,,,,, T,,
27,Frank is murdered by Denis,2009-08-18,2009-08-18,T,Jim,136,136,2009-08-18,2009-08-18,132,138,T,"Hillary mentions Frank's death and hearing about the gossip of Réaltín and Bobby's supposed affair within ""two weeks"" of each other. (83) Therefore indicating that this happens in the same summer time period that Triona hears the gossip about Réaltín and Bobby. In addition Jim mentions that Frank's murder happens after ""midsummer"" (135) and we know that it happens prior to Dylan's kidnapping (which happens before the end of August according to Millicent). Thererfore the murder happens between August 6th 2009 and August 31st 2009.",Denis and Frank, ,,, T,,,,,,,,,,,,,,, T,,
27,Frank is murdered by Denis,2009-08-18,2009-08-18,T,Jim,138,138,2009-08-18,2009-08-18,132,138,T,"Hillary mentions Frank's death and hearing about the gossip of Réaltín and Bobby's supposed affair within ""two weeks"" of each other. (83) Therefore indicating that this happens in the same summer time period that Triona hears the gossip about Réaltín and Bobby. In addition Jim mentions that Frank's murder happens after ""midsummer"" (135) and we know that it happens prior to Dylan's kidnapping (which happens before the end of August according to Millicent). Thererfore the murder happens between August 6th 2009 and August 31st 2009.",Denis and Frank, ,,, T,,,,,,,,,,,,,,, T,,
27,Frank is murdered by Denis,2009-08-18,2009-08-18,T,Triona,148,148,2009-01-09,2009-01-09,146,156,T,"Hillary mentions Frank's death and hearing about the gossip of Réaltín and Bobby's supposed affair within ""two weeks"" of each other. (83) Therefore indicating that this happens in the same summer time period that Triona hears the gossip about Réaltín and Bobby. In addition Jim mentions that Frank's murder happens after ""midsummer"" (135) and we know that it happens prior to Dylan's kidnapping (which happens before the end of August according to Millicent). Thererfore the murder happens between August 6th 2009 and August 31st 2009.",Denis and Frank, ,,, T,,,,,,,,,,,,,,, T,,
27,Frank is murdered by Denis,2009-08-18,2009-08-18,T,Triona,153,153,2009-01-09,2009-01-09,146,156,T,"Hillary mentions Frank's death and hearing about the gossip of Réaltín and Bobby's supposed affair within ""two weeks"" of each other. (83) Therefore indicating that this happens in the same summer time period that Triona hears the gossip about Réaltín and Bobby. In addition Jim mentions that Frank's murder happens after ""midsummer"" (135) and we know that it happens prior to Dylan's kidnapping (which happens before the end of August according to Millicent). Thererfore the murder happens between August 6th 2009 and August 31st 2009.",Denis and Frank, ,,, T,,,,,,,,,,,,,,, T,,
27,Frank is murdered by Denis,2009-08-18,2009-08-18,T,Triona,154,154,2009-01-09,2009-01-09,146,156,T,"Hillary mentions Frank's death and hearing about the gossip of Réaltín and Bobby's supposed affair within ""two weeks"" of each other. (83) Therefore indicating that this happens in the same summer time period that Triona hears the gossip about Réaltín and Bobby. In addition Jim mentions that Frank's murder happens after ""midsummer"" (135) and we know that it happens prior to Dylan's kidnapping (which happens before the end of August according to Millicent). Thererfore the murder happens between August 6th 2009 and August 31st 2009.",Denis and Frank, ,,, T,,,,,,,,,,,,,,, T,,
27,Frank is murdered by Denis,2009-08-18,2009-08-18,T,Frank,140,140,2009-09-29,2009-09-29,139,145,T,"Hillary mentions Frank's death and hearing about the gossip of Réaltín and Bobby's supposed affair within ""two weeks"" of each other. (83) Therefore indicating that this happens in the same summer time period that Triona hears the gossip about Réaltín and Bobby. In addition Jim mentions that Frank's murder happens after ""midsummer"" (135) and we know that it happens prior to Dylan's kidnapping (which happens before the end of August according to Millicent). Thererfore the murder happens between August 6th 2009 and August 31st 2009.",Denis and Frank, ,,, T,,,,,,,,,,,,,,, T,,
28,Bobby is arrested for Frank's murder,2009-08-19,2009-08-19,T,Jason,76,76,2009-08-13,2009-08-13,76,81,T,"Jason mentions he sees Frank's murder take place at night (""that night last week"" (76)), and Bobby states that he goes to his father's house ""every day"" (9). Therfore Bobby would've found Frank the next day and called Jim, as Jim states ""he rang me that day."" (135)","Bobby, Frank, and Jim", T,,,, T,,,,,,,,,,,,,, T,,
28,Bobby is arrested for Frank's murder,2009-08-19,2009-08-19,T,Jason,77,77,2009-08-13,2009-08-13,76,81,T,"Jason mentions he sees Frank's murder take place at night (""that night last week"" (76)), and Bobby states that he goes to his father's house ""every day"" (9). Therfore Bobby would've found Frank the next day and called Jim, as Jim states ""he rang me that day."" (135)","Bobby, Frank, and Jim", T,,,, T,,,,,,,,,,,,,, T,,
28,Bobby is arrested for Frank's murder,2009-08-19,2009-08-19,T,Jason,80,80,2009-08-13,2009-08-13,76,81,T,"Jason mentions he sees Frank's murder take place at night (""that night last week"" (76)), and Bobby states that he goes to his father's house ""every day"" (9). Therfore Bobby would've found Frank the next day and called Jim, as Jim states ""he rang me that day."" (135)","Bobby, Frank, and Jim", T,,,, T,,,,,,,,,,,,,, T,,
28,Bobby is arrested for Frank's murder,2009-08-19,2009-08-19,T,Hillary,83,83,2009-08-13,2009-08-13,82,89,T,"Jason mentions he sees Frank's murder take place at night (""that night last week"" (76)), and Bobby states that he goes to his father's house ""every day"" (9). Therfore Bobby would've found Frank the next day and called Jim, as Jim states ""he rang me that day."" (135)","Bobby, Frank, and Jim", T,,,, T,,,,,,,,,,,,,, T,,
28,Bobby is arrested for Frank's murder,2009-08-19,2009-08-19,T,Hillary,84,84,2009-08-13,2009-08-13,82,89,T,"Jason mentions he sees Frank's murder take place at night (""that night last week"" (76)), and Bobby states that he goes to his father's house ""every day"" (9). Therfore Bobby would've found Frank the next day and called Jim, as Jim states ""he rang me that day."" (135)","Bobby, Frank, and Jim", T,,,, T,,,,,,,,,,,,,, T,,
28,Bobby is arrested for Frank's murder,2009-08-19,2009-08-19,T,Hillary,85,85,2009-08-13,2009-08-13,82,89,T,"Jason mentions he sees Frank's murder take place at night (""that night last week"" (76)), and Bobby states that he goes to his father's house ""every day"" (9). Therfore Bobby would've found Frank the next day and called Jim, as Jim states ""he rang me that day."" (135)","Bobby, Frank, and Jim", T,,,, T,,,,,,,,,,,,,, T,,
28,Bobby is arrested for Frank's murder,2009-08-19,2009-08-19,T,Hillary,86,86,2009-08-13,2009-08-13,82,89,T,"Jason mentions he sees Frank's murder take place at night (""that night last week"" (76)), and Bobby states that he goes to his father's house ""every day"" (9). Therfore Bobby would've found Frank the next day and called Jim, as Jim states ""he rang me that day."" (135)","Bobby, Frank, and Jim", T,,,, T,,,,,,,,,,,,,, T,,
28,Bobby is arrested for Frank's murder,2009-08-19,2009-08-19,T,Hillary,87,87,2009-08-13,2009-08-13,82,89,T,"Jason mentions he sees Frank's murder take place at night (""that night last week"" (76)), and Bobby states that he goes to his father's house ""every day"" (9). Therfore Bobby would've found Frank the next day and called Jim, as Jim states ""he rang me that day."" (135)","Bobby, Frank, and Jim", T,,,, T,,,,,,,,,,,,,, T,,
28,Bobby is arrested for Frank's murder,2009-08-19,2009-08-19,T,Seanie,94,94,2009-08-13,2009-08-13,90,96,T,"Jason mentions he sees Frank's murder take place at night (""that night last week"" (76)), and Bobby states that he goes to his father's house ""every day"" (9). Therfore Bobby would've found Frank the next day and called Jim, as Jim states ""he rang me that day."" (135)","Bobby, Frank, and Jim", T,,,, T,,,,,,,,,,,,,, T,,
28,Bobby is arrested for Frank's murder,2009-08-19,2009-08-19,T,Seanie,96,96,2009-08-13,2009-08-13,90,96,T,"Jason mentions he sees Frank's murder take place at night (""that night last week"" (76)), and Bobby states that he goes to his father's house ""every day"" (9). Therfore Bobby would've found Frank the next day and called Jim, as Jim states ""he rang me that day."" (135)","Bobby, Frank, and Jim", T,,,, T,,,,,,,,,,,,,, T,,
28,Bobby is arrested for Frank's murder,2009-08-19,2009-08-19,T,Rory,109,109,2009-08-18,2009-08-18,108,113,T,"Jason mentions he sees Frank's murder take place at night (""that night last week"" (76)), and Bobby states that he goes to his father's house ""every day"" (9). Therfore Bobby would've found Frank the next day and called Jim, as Jim states ""he rang me that day."" (135)","Bobby, Frank, and Jim", T,,,, T,,,,,,,,,,,,,, T,,
28,Bobby is arrested for Frank's murder,2009-08-19,2009-08-19,T,Mags,127,127,2009-08-18,2009-08-18,126,131,T,"Jason mentions he sees Frank's murder take place at night (""that night last week"" (76)), and Bobby states that he goes to his father's house ""every day"" (9). Therfore Bobby would've found Frank the next day and called Jim, as Jim states ""he rang me that day."" (135)","Bobby, Frank, and Jim", T,,,, T,,,,,,,,,,,,,, T,,
28,Bobby is arrested for Frank's murder,2009-08-19,2009-08-19,T,Jim,135,135,2009-08-18,2009-08-18,132,138,T,"Jason mentions he sees Frank's murder take place at night (""that night last week"" (76)), and Bobby states that he goes to his father's house ""every day"" (9). Therfore Bobby would've found Frank the next day and called Jim, as Jim states ""he rang me that day."" (135)","Bobby, Frank, and Jim", T,,,, T,,,,,,,,,,,,,, T,,
28,Bobby is arrested for Frank's murder,2009-08-19,2009-08-19,T,Jim,136,136,2009-08-18,2009-08-18,132,138,T,"Jason mentions he sees Frank's murder take place at night (""that night last week"" (76)), and Bobby states that he goes to his father's house ""every day"" (9). Therfore Bobby would've found Frank the next day and called Jim, as Jim states ""he rang me that day."" (135)","Bobby, Frank, and Jim", T,,,, T,,,,,,,,,,,,,, T,,
28,Bobby is arrested for Frank's murder,2009-08-19,2009-08-19,T,Triona,148,148,2009-01-09,2009-01-09,146,156,T,"Jason mentions he sees Frank's murder take place at night (""that night last week"" (76)), and Bobby states that he goes to his father's house ""every day"" (9). Therfore Bobby would've found Frank the next day and called Jim, as Jim states ""he rang me that day."" (135)","Bobby, Frank, and Jim", T,,,, T,,,,,,,,,,,,,, T,,
28,Bobby is arrested for Frank's murder,2009-08-19,2009-08-19,T,Triona,153,153,2009-01-09,2009-01-09,146,156,T,"Jason mentions he sees Frank's murder take place at night (""that night last week"" (76)), and Bobby states that he goes to his father's house ""every day"" (9). Therfore Bobby would've found Frank the next day and called Jim, as Jim states ""he rang me that day."" (135)","Bobby, Frank, and Jim", T,,,, T,,,,,,,,,,,,,, T,,
28,Bobby is arrested for Frank's murder,2009-08-19,2009-08-19,T,Frank,140,140,2009-09-29,2009-09-29,139,145,T,"Jason mentions he sees Frank's murder take place at night (""that night last week"" (76)), and Bobby states that he goes to his father's house ""every day"" (9). Therfore Bobby would've found Frank the next day and called Jim, as Jim states ""he rang me that day."" (135)","Bobby, Frank, and Jim", T,,,, T,,,,,,,,,,,,,, T,,
28,Bobby is arrested for Frank's murder,2009-08-19,2009-08-19,T,Frank,141,141,2009-09-29,2009-09-29,139,145,T,"Jason mentions he sees Frank's murder take place at night (""that night last week"" (76)), and Bobby states that he goes to his father's house ""every day"" (9). Therfore Bobby would've found Frank the next day and called Jim, as Jim states ""he rang me that day."" (135)","Bobby, Frank, and Jim", T,,,, T,,,,,,,,,,,,,, T,,
29,Trevor and Lloyd kidnap Dylan,2009-08-19,2009-08-19,T,Lloyd,103,103,2009-08-18,2009-08-18,103,107,T,"Mags mentions that Dylan ""went missing a few days ago"" (126), so thererfore this would have happened ~ three days before or after her telling time. We also know this happens after Bobby is convicted of Frank's murder as Mags also mentions ""Bobby Mahon, killing his father."" (127)","Dylan, Lloyd, and Trevor", ,,,,,,,, T, T,,,,,,,,,,, T
29,Trevor and Lloyd kidnap Dylan,2009-08-19,2009-08-19,T,Lloyd,105,105,2009-08-18,2009-08-18,103,107,T,"Mags mentions that Dylan ""went missing a few days ago"" (126), so thererfore this would have happened ~ three days before or after her telling time. We also know this happens after Bobby is convicted of Frank's murder as Mags also mentions ""Bobby Mahon, killing his father."" (127)","Dylan, Lloyd, and Trevor", ,,,,,,,, T, T,,,,,,,,,,, T
29,Trevor and Lloyd kidnap Dylan,2009-08-19,2009-08-19,T,Lloyd,106,106,2009-08-18,2009-08-18,103,107,T,"Mags mentions that Dylan ""went missing a few days ago"" (126), so thererfore this would have happened ~ three days before or after her telling time. We also know this happens after Bobby is convicted of Frank's murder as Mags also mentions ""Bobby Mahon, killing his father."" (127)","Dylan, Lloyd, and Trevor", ,,,,,,,, T, T,,,,,,,,,,, T
29,Trevor and Lloyd kidnap Dylan,2009-08-19,2009-08-19,T,Lloyd,107,107,2009-08-18,2009-08-18,103,107,T,"Mags mentions that Dylan ""went missing a few days ago"" (126), so thererfore this would have happened ~ three days before or after her telling time. We also know this happens after Bobby is convicted of Frank's murder as Mags also mentions ""Bobby Mahon, killing his father."" (127)","Dylan, Lloyd, and Trevor", ,,,,,,,, T, T,,,,,,,,,,, T
29,Trevor and Lloyd kidnap Dylan,2009-08-19,2009-08-19,T,Millicent,117,117,2009-08-18,2009-08-18,114,119,T,"Mags mentions that Dylan ""went missing a few days ago"" (126), so thererfore this would have happened ~ three days before or after her telling time. We also know this happens after Bobby is convicted of Frank's murder as Mags also mentions ""Bobby Mahon, killing his father."" (127)","Dylan, Lloyd, and Trevor", ,,,,,,,, T, T,,,,,,,,,,, T
29,Trevor and Lloyd kidnap Dylan,2009-08-19,2009-08-19,T,Millicent,118,118,2009-08-18,2009-08-18,114,119,T,"Mags mentions that Dylan ""went missing a few days ago"" (126), so thererfore this would have happened ~ three days before or after her telling time. We also know this happens after Bobby is convicted of Frank's murder as Mags also mentions ""Bobby Mahon, killing his father."" (127)","Dylan, Lloyd, and Trevor", ,,,,,,,, T, T,,,,,,,,,,, T
29,Trevor and Lloyd kidnap Dylan,2009-08-19,2009-08-19,T,Denis,120,120,2009-08-18,2009-08-18,120,125,T,"Mags mentions that Dylan ""went missing a few days ago"" (126), so thererfore this would have happened ~ three days before or after her telling time. We also know this happens after Bobby is convicted of Frank's murder as Mags also mentions ""Bobby Mahon, killing his father."" (127)","Dylan, Lloyd, and Trevor", ,,,,,,,, T, T,,,,,,,,,,, T
29,Trevor and Lloyd kidnap Dylan,2009-08-19,2009-08-19,T,Mags,127,127,2009-08-18,2009-08-18,126,131,T,"Mags mentions that Dylan ""went missing a few days ago"" (126), so thererfore this would have happened ~ three days before or after her telling time. We also know this happens after Bobby is convicted of Frank's murder as Mags also mentions ""Bobby Mahon, killing his father."" (127)","Dylan, Lloyd, and Trevor", ,,,,,,,, T, T,,,,,,,,,,, T
29,Trevor and Lloyd kidnap Dylan,2009-08-19,2009-08-19,T,Jim,132,132,2009-08-18,2009-08-18,132,138,T,"Mags mentions that Dylan ""went missing a few days ago"" (126), so thererfore this would have happened ~ three days before or after her telling time. We also know this happens after Bobby is convicted of Frank's murder as Mags also mentions ""Bobby Mahon, killing his father."" (127)","Dylan, Lloyd, and Trevor", ,,,,,,,, T, T,,,,,,,,,,, T
29,Trevor and Lloyd kidnap Dylan,2009-08-19,2009-08-19,T,Jim,133,133,2009-08-18,2009-08-18,132,138,T,"Mags mentions that Dylan ""went missing a few days ago"" (126), so thererfore this would have happened ~ three days before or after her telling time. We also know this happens after Bobby is convicted of Frank's murder as Mags also mentions ""Bobby Mahon, killing his father."" (127)","Dylan, Lloyd, and Trevor", ,,,,,,,, T, T,,,,,,,,,,, T
29,Trevor and Lloyd kidnap Dylan,2009-08-19,2009-08-19,T,Jim,134,134,2009-08-18,2009-08-18,132,138,T,"Mags mentions that Dylan ""went missing a few days ago"" (126), so thererfore this would have happened ~ three days before or after her telling time. We also know this happens after Bobby is convicted of Frank's murder as Mags also mentions ""Bobby Mahon, killing his father."" (127)","Dylan, Lloyd, and Trevor", ,,,,,,,, T, T,,,,,,,,,,, T
29,Trevor and Lloyd kidnap Dylan,2009-08-19,2009-08-19,T,Jim,135,135,2009-08-18,2009-08-18,132,138,T,"Mags mentions that Dylan ""went missing a few days ago"" (126), so thererfore this would have happened ~ three days before or after her telling time. We also know this happens after Bobby is convicted of Frank's murder as Mags also mentions ""Bobby Mahon, killing his father."" (127)","Dylan, Lloyd, and Trevor", ,,,,,,,, T, T,,,,,,,,,,, T
29,Trevor and Lloyd kidnap Dylan,2009-08-19,2009-08-19,T,Jim,136,136,2009-08-18,2009-08-18,132,138,T,"Mags mentions that Dylan ""went missing a few days ago"" (126), so thererfore this would have happened ~ three days before or after her telling time. We also know this happens after Bobby is convicted of Frank's murder as Mags also mentions ""Bobby Mahon, killing his father."" (127)","Dylan, Lloyd, and Trevor", ,,,,,,,, T, T,,,,,,,,,,, T
29,Trevor and Lloyd kidnap Dylan,2009-08-19,2009-08-19,T,Jim,137,137,2009-08-18,2009-08-18,132,138,T,"Mags mentions that Dylan ""went missing a few days ago"" (126), so thererfore this would have happened ~ three days before or after her telling time. We also know this happens after Bobby is convicted of Frank's murder as Mags also mentions ""Bobby Mahon, killing his father."" (127)","Dylan, Lloyd, and Trevor", ,,,,,,,, T, T,,,,,,,,,,, T
29,Trevor and Lloyd kidnap Dylan,2009-08-19,2009-08-19,T,Jim,138,138,2009-08-18,2009-08-18,132,138,T,"Mags mentions that Dylan ""went missing a few days ago"" (126), so thererfore this would have happened ~ three days before or after her telling time. We also know this happens after Bobby is convicted of Frank's murder as Mags also mentions ""Bobby Mahon, killing his father."" (127)","Dylan, Lloyd, and Trevor", ,,,,,,,, T, T,,,,,,,,,,, T
29,Trevor and Lloyd kidnap Dylan,2009-08-19,2009-08-19,T,Triona,153,153,2009-01-09,2009-01-09,146,156,T,"Mags mentions that Dylan ""went missing a few days ago"" (126), so thererfore this would have happened ~ three days before or after her telling time. We also know this happens after Bobby is convicted of Frank's murder as Mags also mentions ""Bobby Mahon, killing his father."" (127)","Dylan, Lloyd, and Trevor", ,,,,,,,, T, T,,,,,,,,,,, T
29,Trevor and Lloyd kidnap Dylan,2009-08-19,2009-08-19,T,Triona,154,154,2009-01-09,2009-01-09,146,156,T,"Mags mentions that Dylan ""went missing a few days ago"" (126), so thererfore this would have happened ~ three days before or after her telling time. We also know this happens after Bobby is convicted of Frank's murder as Mags also mentions ""Bobby Mahon, killing his father."" (127)","Dylan, Lloyd, and Trevor", ,,,,,,,, T, T,,,,,,,,,,, T
29,Trevor and Lloyd kidnap Dylan,2009-08-19,2009-08-19,T,Triona,155,155,2009-01-09,2009-01-09,146,156,T,"Mags mentions that Dylan ""went missing a few days ago"" (126), so thererfore this would have happened ~ three days before or after her telling time. We also know this happens after Bobby is convicted of Frank's murder as Mags also mentions ""Bobby Mahon, killing his father."" (127)","Dylan, Lloyd, and Trevor", ,,,,,,,, T, T,,,,,,,,,,, T
30,Jim notices Lloyd at the search party,2009-06-08,2009-08-31,T,Jim,136,136,2009-08-18,2009-08-18,132,138,T,"Jim mentions ‚Äú[t]here‚Äôs one twitchy-looking little fucker does be around every day, mooching around the edge of the tape and trying to talk to the forensics boys‚Äù (136)- indicating that this happens after Dylan is kidnapped and before he is found. ",Jim and Lloyd, ,,,,T,,,,,,,,,,,,,,,,T
31,Timmy overhears Trevor and Lloyd on the phone,2009-08-19,2009-08-19,T,Jim,135,135,2009-08-18,2009-08-18,132,138,T,"Jim indicates that Timmy ‚Äúheard a lad saying awful quare things on a mobile phone the day before at the very back of the search party meeting‚Äù (136), again after Dylan is taken but beofre he is found.","Lloyd, Timmy, and Trevor", ,,,,,,,T,, T,,,,,,,,,,, T
31,Timmy overhears Trevor and Lloyd on the phone,2009-08-19,2009-08-19,T,Jim,136,136,2009-08-18,2009-08-18,132,138,T,"Jim indicates that Timmy ‚Äúheard a lad saying awful quare things on a mobile phone the day before at the very back of the search party meeting‚Äù (136), again after Dylan is taken but beofre he is found.","Lloyd, Timmy, and Trevor", ,,,,,,,T,, T,,,,,,,,,,, T
31,Timmy overhears Trevor and Lloyd on the phone,2009-08-19,2009-08-19,T,Triona,155,155,2009-01-09,2009-01-09,146,156,T,"Jim indicates that Timmy ‚Äúheard a lad saying awful quare things on a mobile phone the day before at the very back of the search party meeting‚Äù (136), again after Dylan is taken but beofre he is found.","Lloyd, Timmy, and Trevor", ,,,,,,,T,, T,,,,,,,,,,, T
32,Jim finds Dylan,2009-08-29,2009-08-29,T,Triona,155,155,2009-01-09,2009-01-09,146,156,T,Triona narrates that ‚Äú[t]he child‚Äôs little body was covered in weird marks when he was found a few days ago‚Äù indicating that Dylan is found ~ three days before her telling time. (155),"Dylan, Jim, Lloyd, and Trevor", ,,,,T,,,,T,T,,,,,,,,,,,T
32,Jim finds Dylan,2009-08-29,2009-08-29,T,Triona,156,156,2009-01-09,2009-01-09,146,156,T,Triona narrates that ‚Äú[t]he child‚Äôs little body was covered in weird marks when he was found a few days ago‚Äù indicating that Dylan is found ~ three days before her telling time. (155),"Dylan, Jim, Lloyd, and Trevor", ,,,,T,,,,T,T,,,,,,,,,,,T