Relative Order,Event Name,Start Date,End Date,Is Approximate?,Narrator,Start Page,End Page,Start Date TT,End Date TT,Start Page TT,End Page TT,Is Approximate TT?,Evidence,Caddy,Quentin Compson III,Benjamin Compson,Jason Compson,Dilsey,Quentin Jr.
38,Luster looks for quarter,1928-04-07,1928-04-07,T,Benjamin Compson,3,3,4-7-1928,4-7-1928,3,75,T,"""...find that quarter...""",F,F,T,F,F,F
4,Patterson Affair,1908-08-01,1908-08-01,T,Benjamin Compson,4,4,1928-04-07,1928-04-07,3,75,T,Caddy uncaught me,T,F,T,F,F,F
38,Luster looks for quarter,1928-04-07,1928-04-07,T,Benjamin Compson,4,4,4-7-1928,4-7-1928,3,75,T,...aint no more...,F,F,T,F,F,F
4,Patterson Affair,1908-08-01,1908-08-01,T,Benjamin Compson,5,5,1928-04-07,1928-04-07,3,75,T,Keep your hands...,T,F,T,F,F,F
4,Patterson Affair,1908-08-01,1908-08-01,T,Benjamin Compson,6,6,1928-04-07,1928-04-07,3,75,T,"""Yes, sir.""",T,F,T,F,F,F
38,Luster looks for quarter,1928-04-07,1928-04-07,T,Benjamin Compson,6,6,4-7-1928,4-7-1928,3,75,T,What are you moaning...,F,F,T,F,F,F
29,Compsons visit cemetery w/o Jason,1912-10-01,1912-10-01,T,Benjamin Compson,9,9,1928-04-07,1928-04-07,3,75,T,"""Git in, now...""",F,F,T,T,T,F
38,Luster looks for quarter,1928-04-07,1928-04-07,T,Benjamin Compson,9,9,4-7-1928,4-7-1928,3,75,T,Cant you shut up...,F,F,T,F,F,F
29,Compsons visit cemetery w/o Jason,1912-10-01,1912-10-01,T,Benjamin Compson,10,10,1928-04-07,1928-04-07,3,75,T,...and Dilsey helped...,F,F,T,T,T,F
29,Compsons visit cemetery w/o Jason,1912-10-01,1912-10-01,T,Benjamin Compson,11,11,1928-04-07,1928-04-07,3,75,T,"""...cemetery...""",F,F,T,T,T,F
4,Patterson Affair,1908-08-01,1908-08-01,T,Benjamin Compson,12,12,1928-04-07,1928-04-07,3,75,T,"""Keep your hands...""",T,F,T,F,F,F
29,Compsons visit cemetery w/o Jason,1912-10-01,1912-10-01,T,Benjamin Compson,12,12,1928-04-07,1928-04-07,3,75,T,"...Mother.""",F,F,T,T,T,F
38,Luster looks for quarter,1928-04-07,1928-04-07,T,Benjamin Compson,12,12,4-7-1928,4-7-1928,3,75,T,"Cry baby, Luster said.",F,F,T,F,F,F
4,Patterson Affair,1908-08-01,1908-08-01,T,Benjamin Compson,13,13,1928-04-07,1928-04-07,3,75,T,"""We can come back...""",T,F,T,F,F,F
4,Patterson Affair,1908-08-01,1908-08-01,T,Benjamin Compson,14,14,1928-04-07,1928-04-07,3,75,T,...reaching her hand.,T,F,T,F,F,F
38,Luster looks for quarter,1928-04-07,1928-04-07,T,Benjamin Compson,14,14,4-7-1928,4-7-1928,3,75,T,"""They aint nothing...""",F,F,T,F,F,F
38,Luster looks for quarter,1928-04-07,1928-04-07,T,Benjamin Compson,15,15,4-7-1928,4-7-1928,3,75,T,"""Come on here.""",F,F,T,F,F,F
38,Luster looks for quarter,1928-04-07,1928-04-07,T,Benjamin Compson,16,16,4-7-1928,4-7-1928,3,75,T,Luster got into the...,F,F,T,F,F,F
1,Damuddy's funeral,1900-04-01,1900-04-01,T,Benjamin Compson,17,17,1928-04-07,1928-04-07,3,75,T,...and Roskus came...,T,T,T,T,T,F
38,Luster looks for quarter,1928-04-07,1928-04-07,T,Benjamin Compson,17,17,4-7-1928,4-7-1928,3,75,T,...been at it all morning...,F,F,T,F,F,F
1,Damuddy's funeral,1900-04-01,1900-04-01,T,Benjamin Compson,18,18,1928-04-07,1928-04-07,3,75,T,"""I'm going to school...""",T,T,T,T,T,F
1,Damuddy's funeral,1900-04-01,1900-04-01,T,Benjamin Compson,19,19,1928-04-07,1928-04-07,3,75,T,"""Now I guess...""",T,T,T,T,T,F
5,Benjy's pasture is sold,1909-05-01,1909-05-01,T,Benjamin Compson,19,19,1928-04-07,1928-04-07,3,75,T,...own this pasture...,F,F,T,F,F,F
38,Luster looks for quarter,1928-04-07,1928-04-07,T,Benjamin Compson,19,19,4-7-1928,4-7-1928,3,75,T,What is the matter...,F,F,T,F,F,F
1,Damuddy's funeral,1900-04-01,1900-04-01,T,Benjamin Compson,20,20,1928-04-07,1928-04-07,3,75,T,"""Are you going to...""",T,T,T,T,T,F
13,Caddy and Herbert's wedding,1910-04-25,1910-04-25,T,Benjamin Compson,20,20,1928-04-07,1928-04-07,3,75,T,"""Go on.""",T,T,T,F,F,F
38,Luster looks for quarter,1928-04-07,1928-04-07,T,Benjamin Compson,20,20,4-7-1928,4-7-1928,3,75,T,See you all at the show...,F,F,T,F,F,F
13,Caddy and Herbert's wedding,1910-04-25,1910-04-25,T,Benjamin Compson,21,21,1928-04-07,1928-04-07,3,75,T,"""...the wedding.""",T,T,T,F,F,F
1,Damuddy's funeral,1900-04-01,1900-04-01,T,Benjamin Compson,22,22,1928-04-07,1928-04-07,3,75,T,At the top of the hill...,T,T,T,T,T,F
13,Caddy and Herbert's wedding,1910-04-25,1910-04-25,T,Benjamin Compson,22,22,1928-04-07,1928-04-07,3,75,T,"""Anywhere.""",T,T,T,F,F,F
1,Damuddy's funeral,1900-04-01,1900-04-01,T,Benjamin Compson,23,23,1928-04-07,1928-04-07,3,75,T,"""He'll make a wart...""",T,T,T,T,T,F
1,Damuddy's funeral,1900-04-01,1900-04-01,T,Benjamin Compson,24,24,1928-04-07,1928-04-07,3,75,T,"""They did.""",T,T,T,T,T,F
1,Damuddy's funeral,1900-04-01,1900-04-01,T,Benjamin Compson,25,25,1928-04-07,1928-04-07,3,75,T,"""You all hush, now.""",T,T,T,T,T,F
1,Damuddy's funeral,1900-04-01,1900-04-01,T,Benjamin Compson,26,26,1928-04-07,1928-04-07,3,75,T,"""It was somebody...""",T,T,T,T,T,F
1,Damuddy's funeral,1900-04-01,1900-04-01,T,Benjamin Compson,27,27,1928-04-07,1928-04-07,3,75,T,"""I'm going to tell...""",T,T,T,T,T,F
1,Damuddy's funeral,1900-04-01,1900-04-01,T,Benjamin Compson,28,28,1928-04-07,1928-04-07,3,75,T,"""I expect...""",T,T,T,T,T,F
2,Benjy's name change,1900-08-01,1900-08-01,T,Benjamin Compson,29,29,1928-04-07,1928-04-07,3,75,T,...changed his name...,T,F,T,F,T,F
22,Quentin commits suicide,1910-06-02,1910-06-02,T,Benjamin Compson,29,29,1928-04-07,1918-04-07,3,75,T,...flat-iron...,F,T,F,F,F,F
26,Father's death,1912-03-01,1912-03-01,T,Benjamin Compson,29,29,1928-04-07,1928-04-07,3,75,T,Taint no luck...,F,F,T,T,T,T
26,Father's death,1912-03-01,1912-03-01,T,Benjamin Compson,30,30,1928-04-07,1928-04-07,3,75,T,Take him and Quentin...,F,F,T,T,T,T
26,Father's death,1912-03-01,1912-03-01,T,Benjamin Compson,31,31,1928-04-07,1928-04-07,3,75,T,They were singing.,F,F,T,T,T,T
1,Damuddy's funeral,1900-04-01,1900-04-01,T,Benjamin Compson,32,32,1928-04-07,1928-04-07,3,75,T,Frony and T.P...,T,T,T,T,T,F
26,Father's death,1912-03-01,1912-03-01,T,Benjamin Compson,32,32,1928-04-07,1928-04-07,3,75,T,We looked around...,F,F,T,T,T,T
38,Luster looks for quarter,1928-04-07,1928-04-07,T,Benjamin Compson,32,32,4-7-1928,4-7-1928,3,75,T,"Come on, Luster said...",F,F,T,F,F,F
1,Damuddy's funeral,1900-04-01,1900-04-01,T,Benjamin Compson,33,33,1928-04-07,1928-04-07,3,75,T,"""They will if I say so...""",T,T,T,T,T,F
30,Roskus dies,1915-07-01,1915-07-01,T,Benjamin Compson,33,33,1928-04-07,1928-04-07,3,75,T,Dilsey was moaning.,F,F,T,F,T,F
1,Damuddy's funeral,1900-04-01,1900-04-01,T,Benjamin Compson,35,35,1928-04-07,1928-04-07,3,75,T,"""Do you think...""",T,T,T,T,T,F
38,Luster looks for quarter,1928-04-07,1928-04-07,T,Benjamin Compson,35,35,4-7-1928,4-7-1928,3,75,T,I had it when we...,F,F,T,F,F,F
1,Damuddy's funeral,1900-04-01,1900-04-01,T,Benjamin Compson,36,36,1928-04-07,1928-04-07,3,75,T,"""You're a skizzard.""",T,T,T,T,T,F
1,Damuddy's funeral,1900-04-01,1900-04-01,T,Benjamin Compson,37,37,1928-04-07,1928-04-07,3,75,T,"""If I say you don't...""",T,T,T,T,T,F
13,Caddy and Herbert's wedding,1910-04-25,1910-04-25,T,Benjamin Compson,37,37,1928-04-07,1928-04-07,3,75,T,When we looked...,T,T,T,F,F,F
1,Damuddy's funeral,1900-04-01,1900-04-01,T,Benjamin Compson,38,38,1928-04-07,1928-04-07,3,75,T,We stopped under...,T,T,T,T,T,F
13,Caddy and Herbert's wedding,1910-04-25,1910-04-25,T,Benjamin Compson,38,38,1928-04-07,1928-04-07,3,75,T,It tickled my nose...,T,T,T,F,F,F
1,Damuddy's funeral,1900-04-01,1900-04-01,T,Benjamin Compson,39,39,1928-04-07,1928-04-07,3,75,T,"""How do you know.""",T,T,T,T,T,F
13,Caddy and Herbert's wedding,1910-04-25,1910-04-25,T,Benjamin Compson,39,39,1928-04-07,1928-04-07,3,75,T,I saw them,T,T,T,F,F,F
3,Caddy wears perfume,1906-07-01,1906-07-01,T,Benjamin Compson,40,40,1928-04-07,1928-04-07,3,75,T,"Benjy, Caddy said...",T,F,T,T,T,F
13,Caddy and Herbert's wedding,1910-04-25,1910-04-25,T,Benjamin Compson,40,40,1928-04-07,1928-04-07,3,75,T,The moonlight...,T,T,T,F,F,F
3,Caddy wears perfume,1906-07-01,1906-07-01,T,Benjamin Compson,41,41,1928-04-07,1928-04-07,3,75,T,"""He don't like that...""",T,F,T,T,T,F
3,Caddy wears perfume,1906-07-01,1906-07-01,T,Benjamin Compson,42,42,1928-04-07,1928-04-07,3,75,T,"""Take him downstairs...""",T,F,T,T,T,F
3,Caddy wears perfume,1906-07-01,1906-07-01,T,Benjamin Compson,43,43,1928-04-07,1928-04-07,3,75,T,...Dilsey took the bottle.,T,F,T,T,T,F
4,Patterson Affair,1908-08-01,1908-08-01,T,Benjamin Compson,43,43,1928-04-07,1928-04-07,3,75,T,She smelled like trees.,T,F,T,F,F,F
1,Damuddy's funeral,1900-04-01,1900-04-01,T,Benjamin Compson,44,44,1928-04-07,1928-04-07,3,75,T,Caddy smelled like trees.,T,T,T,T,T,F
4,Patterson Affair,1908-08-01,1908-08-01,T,Benjamin Compson,44,44,1928-04-07,1928-04-07,3,75,T,"""Et ego in arcadia...""",T,F,T,F,F,F
1,Damuddy's funeral,1900-04-01,1900-04-01,T,Benjamin Compson,45,45,1928-04-07,1928-04-07,3,75,T,We looked up into the...,T,T,T,T,T,F
1,Damuddy's funeral,1900-04-01,1900-04-01,T,Benjamin Compson,46,46,1928-04-07,1928-04-07,3,75,T,"""Quentin's mad...""",T,T,T,T,T,F
6,Caddy and Charlie have sex,1909-07-01,1909-07-01,T,Benjamin Compson,46,46,1928-04-07,1928-04-07,3,75,T,The kitchen was dark.,T,F,T,F,F,F
38,Luster looks for quarter,1928-04-07,1928-04-07,T,Benjamin Compson,46,46,4-7-1928,4-7-1928,3,75,T,Where you want to go...,F,F,T,F,F,F
39,Benjy sees Quentin and man w/ red tie,1928-04-07,1928-04-07,T,Benjamin Compson,46,46,4-7-1928,4-7-1928,3,75,T,Quentin annd her beau,F,F,T,F,F,T
6,Caddy and Charlie have sex,1909-07-01,1909-07-01,T,Benjamin Compson,47,47,1928-04-07,1928-04-07,3,75,T,It was two now...,T,F,T,F,F,F
6,Caddy and Charlie have sex,1909-07-01,1909-07-01,T,Benjamin Compson,48,48,1928-04-07,1928-04-07,3,75,T,"""I'll have to take him...""",T,F,T,F,F,F
38,Luster looks for quarter,1928-04-07,1928-04-07,T,Benjamin Compson,48,48,4-7-1928,4-7-1928,3,75,T,I kept a telling you...,F,F,T,F,F,F
39,Benjy sees Quentin and man w/ red tie,1928-04-07,1928-04-07,T,Benjamin Compson,48,48,4-7-1928,4-7-1928,3,75,T,He had a red tie.,F,F,T,F,F,T
38,Luster looks for quarter,1928-04-07,1928-04-07,T,Benjamin Compson,49,49,4-7-1928,4-7-1928,3,75,T,"""Shut your mouth.""",F,F,T,F,F,F
38,Luster looks for quarter,1928-04-07,1928-04-07,T,Benjamin Compson,50,50,4-7-1928,4-7-1928,3,75,T,"""You aint talking to me.""",F,F,T,F,F,F
13,Caddy and Herbert's wedding,1910-04-25,1910-04-25,T,Benjamin Compson,51,51,1928-04-07,1928-04-07,3,75,T,...looked at the house.,T,T,T,F,F,F
38,Luster looks for quarter,1928-04-07,1928-04-07,T,Benjamin Compson,51,51,4-7-1928,4-7-1928,3,75,T,...looked at the house.,F,F,T,F,F,F
14,Benjy assaults Burgess girl,1910-04-25,1910-04-25,T,Benjamin Compson,52,52,1928-04-07,1928-04-07,3,75,T,How did he get out,T,F,T,T,F,F
14,Benjy assaults Burgess girl,1910-04-25,1910-04-25,T,Benjamin Compson,53,53,1928-04-07,1928-04-07,3,75,T,They came on in the...,T,F,T,T,F,F
15,Benjy is castrated,1910-04-25,1910-04-25,T,Benjamin Compson,53,53,1928-04-07,1928-04-07,3,75,T,and the bright shapes,F,F,T,F,F,F
38,Luster looks for quarter,1928-04-07,1928-04-07,T,Benjamin Compson,53,53,4-7-1928,4-7-1928,3,75,T,"Here, looney, Luster said.",F,F,T,F,F,F
38,Luster looks for quarter,1928-04-07,1928-04-07,T,Benjamin Compson,54,54,4-7-1928,4-7-1928,3,75,T,"""I got that show...""",F,F,T,F,F,F
38,Luster looks for quarter,1928-04-07,1928-04-07,T,Benjamin Compson,55,55,4-7-1928,4-7-1928,3,75,T,I tried to pick up the flowers.,F,F,T,F,F,F
2,Benjy's name change,1900-08-01,1900-08-01,T,Benjamin Compson,56,56,1928-04-07,1928-04-07,3,75,T,...his new name...,T,F,T,F,T,F
40,Luster and Benjy celebrate Benjy's birthday,1928-04-07,1928-04-07,T,Benjamin Compson,56,56,4-7-1928,4-7-1928,3,75,T,"""She set the cake...""",F,F,T,F,T,F
2,Benjy's name change,1900-08-01,1900-08-01,T,Benjamin Compson,57,57,1928-04-07,1928-04-07,3,75,T,I could hear the clock...,T,F,T,F,T,F
40,Luster and Benjy celebrate Benjy's birthday,1928-04-07,1928-04-07,T,Benjamin Compson,57,57,4-7-1928,4-7-1928,3,75,T,...and eat this cake...,F,F,T,F,T,F
2,Benjy's name change,1900-08-01,1900-08-01,T,Benjamin Compson,58,58,1928-04-07,1928-04-07,3,75,T,That's right...,T,F,T,F,T,F
40,Luster and Benjy celebrate Benjy's birthday,1928-04-07,1928-04-07,T,Benjamin Compson,58,58,4-7-1928,4-7-1928,3,75,T,...another piece of cake.,F,F,T,F,T,F
2,Benjy's name change,1900-08-01,1900-08-01,T,Benjamin Compson,61,61,1928-04-07,1928-04-07,3,75,T,Your name is Benjy...,T,F,T,F,T,F
2,Benjy's name change,1900-08-01,1900-08-01,T,Benjamin Compson,62,62,1928-04-07,1928-04-07,3,75,T,We could her the roof...,T,F,T,F,T,F
2,Benjy's name change,1900-08-01,1900-08-01,T,Benjamin Compson,63,63,1928-04-07,1928-04-07,3,75,T,"""Candace.""",T,F,T,F,T,F
2,Benjy's name change,1900-08-01,1900-08-01,T,Benjamin Compson,64,64,1928-04-07,1928-04-07,3,75,T,It was bad enough...,T,F,T,F,T,F
2,Benjy's name change,1900-08-01,1900-08-01,T,Benjamin Compson,65,65,1928-04-07,1928-04-07,3,75,T,...but we could see...,T,F,T,F,T,F
2,Benjy's name change,1900-08-01,1900-08-01,T,Benjamin Compson,66,66,1928-04-07,1928-04-07,3,75,T,You can look at the fire...,T,F,T,F,T,F
2,Benjy's name change,1900-08-01,1900-08-01,T,Benjamin Compson,68,68,1928-04-07,1928-04-07,3,75,T,"Disley said, All right.",T,F,T,F,T,F
2,Benjy's name change,1900-08-01,1900-08-01,T,Benjamin Compson,69,69,1928-04-07,1928-04-07,3,75,T,Your name Benjamin...,T,F,T,F,T,F
2,Benjy's name change,1900-08-01,1900-08-01,T,Benjamin Compson,70,70,1928-04-07,1928-04-07,3,75,T,...your name Benjamin...,T,F,T,F,T,F
41,Quentin Jr. runs away,1928-04-07,1928-04-07,T,Benjamin Compson,72,72,4-7-1928,4-7-1928,3,75,T,She smelled like trees,F,F,T,F,F,T
41,Quentin Jr. runs away,1928-04-07,1928-04-07,T,Benjamin Compson,74,74,4-7-1928,4-7-1928,3,75,T,...it came out...,F,F,T,F,F,T
10,Quentin admits to incest,1909-08-31,1909-08-31,T,Quentin Compson III,77,77,1910-06-02,1910-06-02,76,179,T,I have committed incest,T,T,F,F,F,F
13,Caddy and Herbert's wedding,1910-04-25,1910-04-25,T,Quentin Compson III,77,77,1910-06-02,1910-06-02,76,179,T,...the marriage of.,T,T,T,F,F,F
7,Quentin sees Caddy and Dalton,1909-08-15,1909-08-15,T,Quentin Compson III,79,79,1910-06-02,1910-06-02,76,179,T,Dalton Ames.,T,T,F,F,F,F
9,Quentin confronts Dalton,1909-08-17,1909-08-17,T,Quentin Compson III,79,79,1910-06-02,1910-06-02,76,179,T,...the pistol...,F,T,F,F,F,F
10,Quentin admits to incest,1909-08-31,1909-08-31,T,Quentin Compson III,79,79,1910-06-02,1910-06-02,76,179,T,I have committed incest,T,T,F,F,F,F
7,Quentin sees Caddy and Dalton,1909-08-15,1909-08-15,T,Quentin Compson III,80,80,1910-06-02,1910-06-02,76,179,T,Dalton Ames.,T,T,F,F,F,F
9,Quentin confronts Dalton,1909-08-17,1909-08-17,T,Quentin Compson III,80,80,1910-06-02,1910-06-02,76,179,T,Dalton Ames.,F,T,F,F,F,F
16,Quentin breaks his watch,1910-06-02,1910-06-02,T,Quentin Compson III,80,80,1910-06-02,1910-06-02,76,179,T,took up the watch,F,T,F,F,F,F
22,Quentin commits suicide,1910-06-02,1910-06-02,T,Quentin Compson III,80,80,1910-06-02,1910-06-02,76,179,T,...only the flat-iron...,F,T,F,F,F,F
13,Caddy and Herbert's wedding,1910-04-25,1910-04-25,T,Quentin Compson III,81,81,1910-06-02,1910-06-02,76,179,T,...clutching her bridal...,T,T,T,F,F,F
17,Quentin mails suicide note to Father,1910-06-02,1910-06-02,T,Quentin Compson III,82,82,1910-06-02,1910-06-02,76,179,T,the one to Father,F,T,F,F,F,F
16,Quentin breaks his watch,1910-06-02,1910-06-02,T,Quentin Compson III,84,84,1910-06-02,1910-06-02,76,179,T,"""I broke my watch.""",F,T,F,F,F,F
2,Benjy's name change,1900-08-01,1900-08-01,T,Quentin Compson III,89,89,1910-06-02,1910-06-02,76,179,T,...that new name...,T,F,T,F,T,F
1,Damuddy's funeral,1900-04-01,1900-04-01,T,Quentin Compson III,90,90,1910-06-02,1910-06-02,76,179,T,...Damuddy died.,T,T,T,T,T,F
7,Quentin sees Caddy and Dalton,1909-08-15,1909-08-15,T,Quentin Compson III,92,92,1910-06-02,1910-06-02,76,179,T,Dalton Ames.,T,T,F,F,F,F
8,Quentin confronts Caddy,1909-08-16,1909-08-16,T,Quentin Compson III,92,92,1910-06-02,1910-06-02,76,179,T,Why won't you bring...,T,T,F,F,F,F
9,Quentin confronts Dalton,1909-08-17,1909-08-17,T,Quentin Compson III,92,92,1910-06-02,1910-06-02,76,179,T,Did you ever...?,F,T,F,F,F,F
11,Herbert offers Jason a job,1910-03-01,1910-03-01,T,Quentin Compson III,93,93,1910-06-02,1910-06-02,76,179,T,...promised Jason,T,T,F,T,F,F
13,Caddy and Herbert's wedding,1910-04-25,1910-04-25,T,Quentin Compson III,93,93,1910-06-02,1910-06-02,76,179,T,Mr and Mrs Jason...,T,T,T,F,F,F
5,Benjy's pasture is sold,1909-05-01,1909-05-01,T,Quentin Compson III,94,94,1910-06-02,1910-06-02,76,179,T,...sold Benjy's pasture...,F,F,T,F,F,F
11,Herbert offers Jason a job,1910-03-01,1910-03-01,T,Quentin Compson III,94,94,1910-06-02,1910-06-02,76,179,T,...a splendid banker...,T,T,F,T,F,F
10,Quentin admits to incest,1909-08-31,1909-08-31,T,Quentin Compson III,95,95,1910-06-02,1910-06-02,76,179,T,I have committed,T,T,F,F,F,F
7,Quentin sees Caddy and Dalton,1909-08-15,1909-08-15,T,Quentin Compson III,96,96,1910-06-02,1910-06-02,76,179,T,my daughter spied on,T,T,F,F,F,F
18,Quentin gives suicide note to Deacon,1910-06-02,1910-06-02,T,Quentin Compson III,99,99,1910-06-02,1910-06-02,76,179,T,I took the letter,F,T,F,F,F,F
1,Damuddy's funeral,1900-04-01,1900-04-01,T,Quentin Compson III,100,100,1910-06-02,1910-06-02,76,179,T,Jason ran... (see R&P),T,T,T,T,T,F
13,Caddy and Herbert's wedding,1910-04-25,1910-04-25,T,Quentin Compson III,100,100,1910-06-02,1910-06-02,76,179,T,Lying on the ground...,T,T,T,F,F,F
1,Damuddy's funeral,1900-04-01,1900-04-01,T,Quentin Compson III,101,101,1910-06-02,1910-06-02,76,179,T,"...on, his hands... (R&P)",T,T,T,T,T,F
5,Benjy's pasture is sold,1909-05-01,1909-05-01,T,Quentin Compson III,102,102,1910-06-02,1910-06-02,76,179,T,...sold Benjy's pasture...,F,F,T,F,F,F
7,Quentin sees Caddy and Dalton,1909-08-15,1909-08-15,T,Quentin Compson III,105,105,1910-06-02,1910-06-02,76,179,T,Dalton Ames.,T,T,F,F,F,F
12,Quentin confronts Herbert,1910-04-24,1910-04-24,T,Quentin Compson III,107,107,1910-06-02,1910-06-02,76,179,T,I saw you...,T,T,F,F,F,F
12,Quentin confronts Herbert,1910-04-24,1910-04-24,T,Quentin Compson III,108,108,1910-06-02,1910-06-02,76,179,T,...brother she kept...,T,T,F,F,F,F
12,Quentin confronts Herbert,1910-04-24,1910-04-24,T,Quentin Compson III,109,109,1910-06-02,1910-06-02,76,179,T,mother to do...,T,T,F,F,F,F
12,Quentin confronts Herbert,1910-04-24,1910-04-24,T,Quentin Compson III,110,110,1910-06-02,1910-06-02,76,179,T,thing and be damned...,T,T,F,F,F,F
12,Quentin confronts Herbert,1910-04-24,1910-04-24,T,Quentin Compson III,111,111,1910-06-02,1910-06-02,76,179,T,you around while...,T,T,F,F,F,F
8,Quentin confronts Caddy,1909-08-16,1909-08-16,T,Quentin Compson III,112,112,1910-06-02,1910-06-02,76,179,T,Caddy,T,T,F,F,F,F
12,Quentin confronts Herbert,1910-04-24,1910-04-24,T,Quentin Compson III,112,112,1910-06-02,1910-06-02,76,179,T,Quentin has shot...,T,T,F,F,F,F
8,Quentin confronts Caddy,1909-08-16,1909-08-16,T,Quentin Compson III,113,113,1910-06-02,1910-06-02,76,179,T,You've got fever...,T,T,F,F,F,F
22,Quentin commits suicide,1910-06-02,1910-06-02,T,Quentin Compson III,116,116,1910-06-02,1910-06-02,76,179,T,...the flat-irons would...,F,T,F,F,F,F
12,Quentin confronts Herbert,1910-04-24,1910-04-24,T,Quentin Compson III,123,123,1910-06-02,1910-06-02,76,179,T,...pick a fight with him...,T,T,F,F,F,F
5,Benjy's pasture is sold,1909-05-01,1909-05-01,T,Quentin Compson III,124,124,1910-06-02,1910-06-02,76,179,T,...sold the pasture...,F,F,T,F,F,F
19,Quentin finds little girl,1910-06-02,1910-06-02,T,Quentin Compson III,125,125,1910-06-02,1910-06-02,76,179,T,a little dirty child,F,T,F,F,F,F
6,Caddy and Charlie have sex,1909-07-01,1909-07-01,T,Quentin Compson III,129,129,1910-06-02,1910-06-02,76,179,T,She would have told...,T,F,T,F,F,F
20,Quentin is arrested,1910-06-02,1910-06-02,T,Quentin Compson III,139,139,1910-06-02,1910-06-02,76,179,T,The man...,F,T,F,F,F,F
20,Quentin is arrested,1910-06-02,1910-06-02,T,Quentin Compson III,140,140,1910-06-02,1910-06-02,76,179,T,"""...handcuff you?""",F,T,F,F,F,F
20,Quentin is arrested,1910-06-02,1910-06-02,T,Quentin Compson III,141,141,1910-06-02,1910-06-02,76,179,T,We followed the path...,F,T,F,F,F,F
20,Quentin is arrested,1910-06-02,1910-06-02,T,Quentin Compson III,142,142,1910-06-02,1910-06-02,76,179,T,"""...an officer of the law...""",F,T,F,F,F,F
20,Quentin is arrested,1910-06-02,1910-06-02,T,Quentin Compson III,143,143,1910-06-02,1910-06-02,76,179,T,"""Order in the court.""",F,T,F,F,F,F
20,Quentin is arrested,1910-06-02,1910-06-02,T,Quentin Compson III,144,144,1910-06-02,1910-06-02,76,179,T,"""Was she scared...?""",F,T,F,F,F,F
20,Quentin is arrested,1910-06-02,1910-06-02,T,Quentin Compson III,145,145,1910-06-02,1910-06-02,76,179,T,"""Six dollars...""",F,T,F,F,F,F
8,Quentin confronts Caddy,1909-08-16,1909-08-16,T,Quentin Compson III,147,147,1910-06-02,1910-06-02,76,179,T,...ever do that...,T,T,F,F,F,F
8,Quentin confronts Caddy,1909-08-16,1909-08-16,T,Quentin Compson III,148,148,1910-06-02,1910-06-02,76,179,T,...ever done that...,T,T,F,F,F,F
10,Quentin admits to incest,1909-08-31,1909-08-31,T,Quentin Compson III,148,148,1910-06-02,1910-06-02,76,179,T,I have committed,T,T,F,F,F,F
8,Quentin confronts Caddy,1909-08-16,1909-08-16,T,Quentin Compson III,149,149,1910-06-02,1910-06-02,76,179,T,Ill make you say we did,T,T,F,F,F,F
8,Quentin confronts Caddy,1909-08-16,1909-08-16,T,Quentin Compson III,150,150,1910-06-02,1910-06-02,76,179,T,did he make you...,T,T,F,F,F,F
1,Damuddy's funeral,1900-04-01,1900-04-01,T,Quentin Compson III,151,151,1910-06-02,1910-06-02,76,179,T,...damuddy died...,T,T,T,T,T,F
8,Quentin confronts Caddy,1909-08-16,1909-08-16,T,Quentin Compson III,151,151,1910-06-02,1910-06-02,76,179,T,...nobody ever need know...,T,T,F,F,F,F
1,Damuddy's funeral,1900-04-01,1900-04-01,T,Quentin Compson III,152,152,1910-06-02,1910-06-02,76,179,T,...drawers were muddy...,T,T,T,T,T,F
8,Quentin confronts Caddy,1909-08-16,1909-08-16,T,Quentin Compson III,152,152,1910-06-02,1910-06-02,76,179,T,I held the knife...,T,T,F,F,F,F
8,Quentin confronts Caddy,1909-08-16,1909-08-16,T,Quentin Compson III,153,153,1910-06-02,1910-06-02,76,179,T,what time is it,T,T,F,F,F,F
8,Quentin confronts Caddy,1909-08-16,1909-08-16,T,Quentin Compson III,154,154,1910-06-02,1910-06-02,76,179,T,come on,T,T,F,F,F,F
8,Quentin confronts Caddy,1909-08-16,1909-08-16,T,Quentin Compson III,155,155,1910-06-02,1910-06-02,76,179,T,whatre you going to do...,T,T,F,F,F,F
8,Quentin confronts Caddy,1909-08-16,1909-08-16,T,Quentin Compson III,156,156,1910-06-02,1910-06-02,76,179,T,its late you go on home,T,T,F,F,F,F
8,Quentin confronts Caddy,1909-08-16,1909-08-16,T,Quentin Compson III,157,157,1910-06-02,1910-06-02,76,179,T,you shut up shut up,T,T,F,F,F,F
8,Quentin confronts Caddy,1909-08-16,1909-08-16,T,Quentin Compson III,158,158,1910-06-02,1910-06-02,76,179,T,you shut up you shut up...,T,T,F,F,F,F
9,Quentin confronts Dalton,1909-08-17,1909-08-17,T,Quentin Compson III,158,158,1910-06-02,1910-06-02,76,179,T,Ive been looking for you...,F,T,F,F,F,F
9,Quentin confronts Dalton,1909-08-17,1909-08-17,T,Quentin Compson III,159,159,1910-06-02,1910-06-02,76,179,T,she need my for anything now,F,T,F,F,F,F
9,Quentin confronts Dalton,1909-08-17,1909-08-17,T,Quentin Compson III,160,160,1910-06-02,1910-06-02,76,179,T,what will you do...,F,T,F,F,F,F
9,Quentin confronts Dalton,1909-08-17,1909-08-17,T,Quentin Compson III,161,161,1910-06-02,1910-06-02,76,179,T,you can hit it now,F,T,F,F,F,F
9,Quentin confronts Dalton,1909-08-17,1909-08-17,T,Quentin Compson III,162,162,1910-06-02,1910-06-02,76,179,T,go on let me alone,F,T,F,F,F,F
21,Quentin fights Gerald,1910-06-02,1910-06-02,T,Quentin Compson III,164,164,1910-06-02,1910-06-02,76,179,T,"""Did I hurt him any?""",F,T,F,F,F,F
21,Quentin fights Gerald,1910-06-02,1910-06-02,T,Quentin Compson III,165,165,1910-06-02,1910-06-02,76,179,T,"""...fought him...""",F,T,F,F,F,F
21,Quentin fights Gerald,1910-06-02,1910-06-02,T,Quentin Compson III,166,166,1910-06-02,1910-06-02,76,179,T,"""...hit that son of a bitch?""",F,T,F,F,F,F
21,Quentin fights Gerald,1910-06-02,1910-06-02,T,Quentin Compson III,167,167,1910-06-02,1910-06-02,76,179,T,"""I'm sorry I hit him...""",F,T,F,F,F,F
21,Quentin fights Gerald,1910-06-02,1910-06-02,T,Quentin Compson III,168,168,1910-06-02,1910-06-02,76,179,T,"""...I spoiled her party...""",F,T,F,F,F,F
2,Benjy's name change,1900-08-01,1900-08-01,T,Quentin Compson III,170,170,1910-06-02,1910-06-02,76,179,T,Dilsey said it was...,T,F,T,F,T,F
5,Benjy's pasture is sold,1909-05-01,1909-05-01,T,Quentin Compson III,174,174,1910-06-02,1910-06-02,76,179,T,...sell Benjy's pasture...,F,F,T,F,F,F
13,Caddy and Herbert's wedding,1910-04-25,1910-04-25,T,Quentin Compson III,174,174,1910-06-02,1910-06-02,76,179,T,Mr and Mrs Jason...,T,T,T,F,F,F
22,Quentin commits suicide,1910-06-02,1910-06-02,T,Quentin Compson III,174,174,1910-06-02,1910-06-02,76,179,T,I will be dead in.,F,T,F,F,F,F
4,Patterson Affair,1908-08-01,1908-08-01,T,Quentin Compson III,175,175,1910-06-02,1910-06-02,76,179,T,...the Patterson boy...,T,F,T,F,F,F
3,Caddy wears perfume,1906-07-01,1906-07-01,T,Quentin Compson III,176,176,1910-06-02,1910-06-02,76,179,T,...perfume Benjy hated...,T,F,T,T,T,F
10,Quentin admits to incest,1909-08-31,1909-08-31,T,Quentin Compson III,176,176,1910-06-02,1910-06-02,76,179,T,...and he... (see R&P),T,T,F,F,F,F
10,Quentin admits to incest,1909-08-31,1909-08-31,T,Quentin Compson III,177,177,1910-06-02,1910-06-02,76,179,T,cause for alarm... (R&P),T,T,F,F,F,F
31,Jason receives Caddy's letter,1928-04-06,1928-04-06,T,Jason Compson,190,190,4-6-1928,4-6-1928,180,264,T,...her letter...,T,F,F,T,F,T
15,Benjy is castrated,1910-04-25,1910-04-25,T,Jason Compson,196,196,1928-04-06,1928-04-06,180,264,T,...geldings in the cavalry...,F,F,T,F,F,F
22,Quentin commits suicide,1910-06-02,1910-06-02,T,Jason Compson,196,196,1928-04-06,1928-04-06,180,264,T,...swim at night...,F,T,F,F,F,F
25,Quentin Jr. lives with Compsons,1911-08-01,1911-08-01,T,Jason Compson,196,196,1928-04-06,1928-04-06,180,264,T,sent Quentin home,T,F,F,T,F,T
26,Father's death,1912-03-01,1912-03-01,T,Jason Compson,196,196,1928-04-06,1928-04-06,180,264,T,...what water is.,F,F,T,T,T,T
5,Benjy's pasture is sold,1909-05-01,1909-05-01,T,Jason Compson,197,197,1928-04-06,1928-04-06,180,264,T,"""...sell something to...""",F,F,T,F,F,F
22,Quentin commits suicide,1910-06-02,1910-06-02,T,Jason Compson,197,197,1928-04-06,1928-04-06,180,264,T,"""...the two of them...""",F,T,F,F,F,F
26,Father's death,1912-03-01,1912-03-01,T,Jason Compson,197,197,1928-04-06,1928-04-06,180,264,T,...when he passed.,F,F,T,T,T,T
23,Herbert divorces Caddy,1911-07-01,1911-07-01,T,Jason Compson,198,198,1928-04-06,1928-04-06,180,264,T,didn't even see him,T,F,F,T,T,T
24,Jason loses Herbert's job,1911-07-02,1911-07-02,T,Jason Compson,198,198,1928-04-06,1928-04-06,180,264,T,..my job home...,F,F,F,T,F,T
25,Quentin Jr. lives with Compsons,1911-08-01,1911-08-01,T,Jason Compson,198,198,1928-04-06,1928-04-06,180,264,T,...brought my job home...,T,F,F,T,F,T
25,Quentin Jr. lives with Compsons,1911-08-01,1911-08-01,T,Jason Compson,199,199,1928-04-06,1928-04-06,180,264,T,...the suffering you've...,T,F,F,T,F,T
25,Quentin Jr. lives with Compsons,1911-08-01,1911-08-01,T,Jason Compson,200,200,1928-04-06,1928-04-06,180,264,T,Dilsey fixed the cradle,T,F,F,T,F,T
24,Jason loses Herbert's job,1911-07-02,1911-07-02,T,Jason Compson,202,202,1928-04-06,1928-04-06,180,264,T,"""Oh, that job.""",F,F,F,T,F,T
26,Father's death,1912-03-01,1912-03-01,T,Jason Compson,202,202,1928-04-06,1928-04-06,180,264,T,...throwing dirt into it...,F,F,T,T,T,T
22,Quentin commits suicide,1910-06-02,1910-06-02,T,Jason Compson,203,203,1928-04-06,1928-04-06,180,264,T,"""...him and Quentin...""",F,T,F,F,F,F
26,Father's death,1912-03-01,1912-03-01,T,Jason Compson,203,203,1928-04-06,1928-04-06,180,264,T,"""Why didn't they let me know?""",F,F,T,T,T,T
27,Caddy pays Jason to see Quentin Jr.,1912-06-01,1912-06-01,T,Jason Compson,203,203,1928-04-06,1928-04-06,180,264,T,"""...fifty dollars.""",T,F,F,T,F,T
27,Caddy pays Jason to see Quentin Jr.,1912-06-01,1912-06-01,T,Jason Compson,204,204,1928-04-06,1928-04-06,180,264,T,"""Yes,"" she says.",T,F,F,T,F,T
24,Jason loses Herbert's job,1911-07-02,1911-07-02,T,Jason Compson,205,205,1928-04-06,1928-04-06,180,264,T,...beat me out of a job...,F,F,F,T,F,T
27,Caddy pays Jason to see Quentin Jr.,1912-06-01,1912-06-01,T,Jason Compson,205,205,1928-04-06,1928-04-06,180,264,T,...counted the money...,T,F,F,T,F,T
24,Jason loses Herbert's job,1911-07-02,1911-07-02,T,Jason Compson,206,206,1928-04-06,1928-04-06,180,264,T,"""...cost me one job...""",F,F,F,T,F,T
28,Jason finds Caddy seeing Quentin Jr.,1912-09-01,1912-09-01,T,Jason Compson,207,207,1928-04-06,1928-04-06,180,264,T,"""...see her own baby.""",T,F,T,T,T,T
28,Jason finds Caddy seeing Quentin Jr.,1912-09-01,1912-09-01,T,Jason Compson,208,208,1928-04-06,1928-04-06,180,264,T,...I told her...,T,F,T,T,T,T
32,Quentin Jr. asks Jason for money,1928-04-06,1928-04-06,T,Jason Compson,212,212,4-6-1928,4-6-1928,180,264,T,"""Please, Jason...""",T,F,F,T,F,T
32,Quentin Jr. asks Jason for money,1928-04-06,1928-04-06,T,Jason Compson,213,213,4-6-1928,4-6-1928,180,264,T,"""She said she would..""",T,F,F,T,F,T
32,Quentin Jr. asks Jason for money,1928-04-06,1928-04-06,T,Jason Compson,214,214,4-6-1928,4-6-1928,180,264,T,"Jason, please please please.",T,F,F,T,F,T
32,Quentin Jr. asks Jason for money,1928-04-06,1928-04-06,T,Jason Compson,215,215,4-6-1928,4-6-1928,180,264,T,"""You know as much...""",T,F,F,T,F,T
33,Jason forges a check,1928-04-06,1928-04-06,T,Jason Compson,216,216,4-6-1928,4-6-1928,180,264,T,"""...fixed the check...""",F,F,F,T,F,T
34,Jason gives Mother forged check to burn,1928-04-06,1928-04-06,T,Jason Compson,218,218,4-6-1928,4-6-1928,180,264,T,She took the match...,F,F,F,T,F,F
34,Jason gives Mother forged check to burn,1928-04-06,1928-04-06,T,Jason Compson,219,219,4-6-1928,4-6-1928,180,264,T,"""...burning this...""",F,F,F,T,F,F
23,Herbert divorces Caddy,1911-07-01,1911-07-01,T,Jason Compson,220,220,1928-04-06,1928-04-06,180,264,T,Herbert threw her out,T,F,F,T,T,T
34,Jason gives Mother forged check to burn,1928-04-06,1928-04-06,T,Jason Compson,220,220,4-6-1928,4-6-1928,180,264,T,...watch them burn.,F,F,F,T,F,F
11,Herbert offers Jason a job,1910-03-01,1910-03-01,T,Quentin Compson III,221,221,1910-06-02,1910-06-02,180,264,T,...after his promise--,T,T,F,T,F,F
13,Caddy and Herbert's wedding,1910-04-25,1910-04-25,T,Jason Compson,221,221,1928-04-06,1928-04-06,180,264,T,...when she married...,T,T,T,F,F,F
22,Quentin commits suicide,1910-06-02,1910-06-02,T,Jason Compson,226,226,1928-04-06,1928-04-06,180,264,T,"""...they had to be taken.""",F,T,F,F,F,F
6,Caddy and Charlie have sex,1909-07-01,1909-07-01,T,Jason Compson,229,299,1928-04-06,1928-04-06,180,264,T,...one of them kissing...,T,F,T,F,F,F
35,Jason sees Quentin and man w/ red tie,1928-04-06,1928-04-06,T,Jason Compson,231,231,4-6-1928,4-6-1928,180,264,T,"""...and saw her.""",F,F,F,T,F,T
35,Jason sees Quentin and man w/ red tie,1928-04-06,1928-04-06,T,Jason Compson,232,232,4-6-1928,4-6-1928,180,264,T,...the red tie...,F,F,F,T,F,T
5,Benjy's pasture is sold,1909-05-01,1909-05-01,T,Jason Compson,233,233,1928-04-06,1928-04-06,180,264,T,Selling land to send...,F,F,T,F,F,F
22,Quentin commits suicide,1910-06-02,1910-06-02,T,Jason Compson,233,233,1928-04-06,1928-04-06,180,264,T,...drowned himself...,F,T,F,F,F,F
23,Herbert divorces Caddy,1911-07-01,1911-07-01,T,Jason Compson,233,233,1928-04-06,1928-04-06,180,264,T,...by her husband...,T,F,F,T,T,T
35,Jason sees Quentin and man w/ red tie,1928-04-06,1928-04-06,T,Jason Compson,233,233,4-6-1928,4-6-1928,180,264,T,She dodged out of...,F,F,F,T,F,T
36,Jason chases Quentin and man w/ red tie,1928-04-06,1928-04-06,T,Jason Compson,238,238,4-6-1928,4-6-1928,180,264,T,came to the first fork,F,F,F,T,F,T
37,Jason loses money at stock market,1928-04-06,1928-04-06,T,Jason Compson,243,243,4-6-1928,4-6-1928,180,264,T,"""...forty points down.""",F,F,F,T,F,F
30,Roskus dies,1915-07-01,1915-07-01,T,Jason Compson,251,251,4-6-1928,4-6-1928,180,264,T,...Roskus...died.,F,F,T,F,T,F
14,Benjy assaults Burgess girl,1910-04-25,1910-04-25,T,Jason Compson,253,253,1928-04-06,1928-04-06,180,264,T,...open gates...,T,F,T,T,F,F
15,Benjy is castrated,1910-04-25,1910-04-25,T,Jason Compson,253,253,1928-04-06,1928-04-06,180,264,T,...what they did to Ben...,F,F,T,F,F,F
22,Quentin commits suicide,1910-06-02,1910-06-02,T,Jason Compson,261,261,1928-04-06,1928-04-06,180,264,T,"I didn't dream that he...""",F,T,F,F,F,F
5,Benjy's pasture is sold,1909-05-01,1909-05-01,T,Jason Compson,262,262,1928-04-06,1928-04-06,180,264,T,"""...sell the land to...""",F,F,T,F,F,F
11,Herbert offers Jason a job,1910-03-01,1910-03-01,T,Quentin Compson III,262,262,1910-06-02,1910-06-02,180,264,T,"""...Herbert offered you...""",T,T,F,T,F,F
14,Benjy assaults Burgess girl,1910-04-25,1910-04-25,T,Jason Compson,263,263,1928-04-06,1928-04-06,180,264,T,...Mr Burgess...,T,F,T,T,F,F
15,Benjy is castrated,1910-04-25,1910-04-25,T,Jason Compson,263,263,1928-04-06,1928-04-06,180,264,T,...Great American Gelding...,F,F,T,F,F,F
42,Compsons see Quentin Jr. and money are gone,1928-04-08,1928-04-08,T,3rd-Person Narrator,280,280,,,265,321,T,"""Jason sprang up.""",F,F,T,T,T,T
42,Compsons see Quentin Jr. and money are gone,1928-04-08,1928-04-08,T,3rd-Person Narrator,281,281,,,265,321,T,"""She carry the key...?""",F,F,T,T,T,T
42,Compsons see Quentin Jr. and money are gone,1928-04-08,1928-04-08,T,3rd-Person Narrator,282,282,,,265,321,T,"""Something terrible...""",F,F,T,T,T,T
22,Quentin commits suicide,1910-06-02,1910-06-02,T,3rd-Person Narrator,283,283,,,265,321,T,"""Quentin left a note...""",F,T,F,F,F,F
42,Compsons see Quentin Jr. and money are gone,1928-04-08,1928-04-08,T,3rd-Person Narrator,283,283,,,265,321,T,Then he upended the box...,F,F,T,T,T,T
41,Quentin Jr. runs away,1928-04-07,1928-04-07,T,3rd-Person Narrator,284,284,,,265,321,T,Robbery.,F,F,T,F,F,T
42,Compsons see Quentin Jr. and money are gone,1928-04-08,1928-04-08,T,3rd-Person Narrator,284,284,,,265,321,T,...the box in his hands...,F,F,T,T,T,T
43,Benjy goes to Dilsey's church,1928-04-08,1928-04-08,T,3rd-Person Narrator,292,292,,,265,321,T,"""The church...""",F,F,T,F,T,F
43,Benjy goes to Dilsey's church,1928-04-08,1928-04-08,T,3rd-Person Narrator,293,293,,,265,321,T,The second man was...,F,F,T,F,T,F
43,Benjy goes to Dilsey's church,1928-04-08,1928-04-08,T,3rd-Person Narrator,294,294,,,265,321,T,...with a sort of...,F,F,T,F,T,F
43,Benjy goes to Dilsey's church,1928-04-08,1928-04-08,T,3rd-Person Narrator,295,295,,,265,321,T,...trascended its shabbiness...,F,F,T,F,T,F
43,Benjy goes to Dilsey's church,1928-04-08,1928-04-08,T,3rd-Person Narrator,296,296,,,265,321,T,...mopped his face.,F,F,T,F,T,F
43,Benjy goes to Dilsey's church,1928-04-08,1928-04-08,T,3rd-Person Narrator,297,297,,,265,321,T,Breddren!,F,F,T,F,T,F
22,Quentin commits suicide,1910-06-02,1910-06-02,T,3rd-Person Narrator,299,299,,,265,321,T,"""Even Quentin did that.""",F,T,F,F,F,F
41,Quentin Jr. runs away,1928-04-07,1928-04-07,T,3rd-Person Narrator,303,303,,,265,321,T,...has been robbed.,F,F,T,F,F,T
45,Sherriff refuses Jason help,1928-04-08,1928-04-08,T,3rd-Person Narrator,303,303,,,265,321,T,"""That'll do.""",F,F,F,T,F,T
24,Jason loses Herbert's job,1911-07-02,1911-07-02,T,3rd-Person Narrator,304,304,,,265,321,T,"""...cost me a job...""",F,F,F,T,F,T
41,Quentin Jr. runs away,1928-04-07,1928-04-07,T,3rd-Person Narrator,304,304,,,265,321,T,...recover my property...,F,F,T,F,F,T
45,Sherriff refuses Jason help,1928-04-08,1928-04-08,T,3rd-Person Narrator,304,304,,,265,321,T,"""That's it, Jason.""",F,F,F,T,F,T
46,Jason goes to Mottson,1928-04-08,1928-04-08,T,3rd-Person Narrator,305,305,,,265,321,T,"""...drove off.""",F,F,F,T,F,T
24,Jason loses Herbert's job,1911-07-02,1911-07-02,T,3rd-Person Narrator,306,306,,,265,321,T,...lose my job...,F,F,F,T,F,T
46,Jason goes to Mottson,1928-04-08,1928-04-08,T,3rd-Person Narrator,306,306,,,265,321,T,...and the owner...,F,F,F,T,F,T
24,Jason loses Herbert's job,1911-07-02,1911-07-02,T,3rd-Person Narrator,307,307,,,265,321,T,...the lost job...,F,F,F,T,F,T
41,Quentin Jr. runs away,1928-04-07,1928-04-07,T,3rd-Person Narrator,307,307,,,265,321,T,...outwitted by a woman...,F,F,T,F,F,T
46,Jason goes to Mottson,1928-04-08,1928-04-08,T,3rd-Person Narrator,307,307,,,265,321,T,When it was necessary...,F,F,F,T,F,T
46,Jason goes to Mottson,1928-04-08,1928-04-08,T,3rd-Person Narrator,308,308,,,265,321,T,...have to trust to...,F,F,F,T,F,T
41,Quentin Jr. runs away,1928-04-07,1928-04-07,T,3rd-Person Narrator,309,309,,,265,321,T,...robbed by Quentin...,F,F,T,F,F,T
46,Jason goes to Mottson,1928-04-08,1928-04-08,T,3rd-Person Narrator,309,309,,,265,321,T,...then what they did...,F,F,F,T,F,T
46,Jason goes to Mottson,1928-04-08,1928-04-08,T,3rd-Person Narrator,310,310,,,265,321,T,...yet so fatally...,F,F,F,T,F,T
46,Jason goes to Mottson,1928-04-08,1928-04-08,T,3rd-Person Narrator,311,311,,,265,321,T,...die seized him and he...,F,F,F,T,F,T
46,Jason goes to Mottson,1928-04-08,1928-04-08,T,3rd-Person Narrator,312,312,,,265,321,T,"""Yes. He said they...""",F,F,F,T,F,T
46,Jason goes to Mottson,1928-04-08,1928-04-08,T,3rd-Person Narrator,313,313,,,265,321,T,"""What'll you charge to...""",F,F,F,T,F,T
46,Jason goes to Mottson,1928-04-08,1928-04-08,T,3rd-Person Narrator,314,314,,,265,321,T,...were turning peacefully...,F,F,F,T,F,T
47,Jason attacks Luster,1928-04-08,1928-04-08,T,3rd-Person Narrator,320,320,,,265,321,T,"""Jason came jumping...""",F,F,T,T,F,F