Relative Order,Event Name,Start Date,End Date,Is Approximate?,Narrator,Start Page,End Page,Start Date TT,End Date TT,Start Page TT,End Page TT,Is Approximate TT?,Evidence,Participating Characters,Caddy,Quentin,Benjy,Jason,Dilsey,Quentin Jr.
1,Damuddy's funeral,1900-04-01,1900-04-01,T,Benjamin Compson,17,17,1928-04-07,1928-04-07,3,75,F,...and Roskus came...,"Benjy, Caddy, Dilsey, Jason, and Quentin",T,T,T,T,T,F
1,Damuddy's funeral,1900-04-01,1900-04-01,T,Benjamin Compson,18,18,1928-04-07,1928-04-07,3,75,F,"""I'm going to school...""","Benjy, Caddy, Dilsey, Jason, and Quentin",T,T,T,T,T,F
1,Damuddy's funeral,1900-04-01,1900-04-01,T,Benjamin Compson,19,19,1928-04-07,1928-04-07,3,75,F,"""Now I guess...""","Benjy, Caddy, Dilsey, Jason, and Quentin",T,T,T,T,T,F
1,Damuddy's funeral,1900-04-01,1900-04-01,T,Benjamin Compson,20,20,1928-04-07,1928-04-07,3,75,F,"""Are you going to...""","Benjy, Caddy, Dilsey, Jason, and Quentin",T,T,T,T,T,F
1,Damuddy's funeral,1900-04-01,1900-04-01,T,Benjamin Compson,22,22,1928-04-07,1928-04-07,3,75,F,At the top of the hill...,"Benjy, Caddy, Dilsey, Jason, and Quentin",T,T,T,T,T,F
1,Damuddy's funeral,1900-04-01,1900-04-01,T,Benjamin Compson,23,23,1928-04-07,1928-04-07,3,75,F,"""He'll make a wart...""","Benjy, Caddy, Dilsey, Jason, and Quentin",T,T,T,T,T,F
1,Damuddy's funeral,1900-04-01,1900-04-01,T,Benjamin Compson,24,24,1928-04-07,1928-04-07,3,75,F,"""They did.""","Benjy, Caddy, Dilsey, Jason, and Quentin",T,T,T,T,T,F
1,Damuddy's funeral,1900-04-01,1900-04-01,T,Benjamin Compson,25,25,1928-04-07,1928-04-07,3,75,F,"""You all hush, now.""","Benjy, Caddy, Dilsey, Jason, and Quentin",T,T,T,T,T,F
1,Damuddy's funeral,1900-04-01,1900-04-01,T,Benjamin Compson,26,26,1928-04-07,1928-04-07,3,75,F,"""It was somebody...""","Benjy, Caddy, Dilsey, Jason, and Quentin",T,T,T,T,T,F
1,Damuddy's funeral,1900-04-01,1900-04-01,T,Benjamin Compson,27,27,1928-04-07,1928-04-07,3,75,F,"""I'm going to tell...""","Benjy, Caddy, Dilsey, Jason, and Quentin",T,T,T,T,T,F
1,Damuddy's funeral,1900-04-01,1900-04-01,T,Benjamin Compson,28,28,1928-04-07,1928-04-07,3,75,F,"""I expect...""","Benjy, Caddy, Dilsey, Jason, and Quentin",T,T,T,T,T,F
1,Damuddy's funeral,1900-04-01,1900-04-01,T,Benjamin Compson,32,32,1928-04-07,1928-04-07,3,75,F,Frony and T.P...,"Benjy, Caddy, Dilsey, Jason, and Quentin",T,T,T,T,T,F
1,Damuddy's funeral,1900-04-01,1900-04-01,T,Benjamin Compson,33,33,1928-04-07,1928-04-07,3,75,F,"""They will if I say so...""","Benjy, Caddy, Dilsey, Jason, and Quentin",T,T,T,T,T,F
1,Damuddy's funeral,1900-04-01,1900-04-01,T,Benjamin Compson,35,35,1928-04-07,1928-04-07,3,75,F,"""Do you think...""","Benjy, Caddy, Dilsey, Jason, and Quentin",T,T,T,T,T,F
1,Damuddy's funeral,1900-04-01,1900-04-01,T,Benjamin Compson,36,36,1928-04-07,1928-04-07,3,75,F,"""You're a skizzard.""","Benjy, Caddy, Dilsey, Jason, and Quentin",T,T,T,T,T,F
1,Damuddy's funeral,1900-04-01,1900-04-01,T,Benjamin Compson,37,37,1928-04-07,1928-04-07,3,75,F,"""If I say you don't...""","Benjy, Caddy, Dilsey, Jason, and Quentin",T,T,T,T,T,F
1,Damuddy's funeral,1900-04-01,1900-04-01,T,Benjamin Compson,38,38,1928-04-07,1928-04-07,3,75,F,We stopped under...,"Benjy, Caddy, Dilsey, Jason, and Quentin",T,T,T,T,T,F
1,Damuddy's funeral,1900-04-01,1900-04-01,T,Benjamin Compson,39,39,1928-04-07,1928-04-07,3,75,F,"""How do you know.""","Benjy, Caddy, Dilsey, Jason, and Quentin",T,T,T,T,T,F
1,Damuddy's funeral,1900-04-01,1900-04-01,T,Benjamin Compson,44,44,1928-04-07,1928-04-07,3,75,F,Caddy smelled like trees.,"Benjy, Caddy, Dilsey, Jason, and Quentin",T,T,T,T,T,F
1,Damuddy's funeral,1900-04-01,1900-04-01,T,Benjamin Compson,45,45,1928-04-07,1928-04-07,3,75,F,We looked up into the...,"Benjy, Caddy, Dilsey, Jason, and Quentin",T,T,T,T,T,F
1,Damuddy's funeral,1900-04-01,1900-04-01,T,Benjamin Compson,46,46,1928-04-07,1928-04-07,3,75,F,"""Quentin's mad...""","Benjy, Caddy, Dilsey, Jason, and Quentin",T,T,T,T,T,F
1,Damuddy's funeral,1900-04-01,1900-04-01,T,Quentin Compson III,90,90,1910-06-02,1910-06-02,76,179,F,...Damuddy died.,"Benjy, Caddy, Dilsey, Jason, and Quentin",T,T,T,T,T,F
1,Damuddy's funeral,1900-04-01,1900-04-01,T,Quentin Compson III,100,100,1910-06-02,1910-06-02,76,179,F,Jason ran... (see R&P),"Benjy, Caddy, Dilsey, Jason, and Quentin",T,T,T,T,T,F
1,Damuddy's funeral,1900-04-01,1900-04-01,T,Quentin Compson III,101,101,1910-06-02,1910-06-02,76,179,F,"...on, his hands... (R&P)","Benjy, Caddy, Dilsey, Jason, and Quentin",T,T,T,T,T,F
1,Damuddy's funeral,1900-04-01,1900-04-01,T,Quentin Compson III,151,151,1910-06-02,1910-06-02,76,179,F,...damuddy died...,"Benjy, Caddy, Dilsey, Jason, and Quentin",T,T,T,T,T,F
1,Damuddy's funeral,1900-04-01,1900-04-01,T,Quentin Compson III,152,152,1910-06-02,1910-06-02,76,179,F,...drawers were muddy...,"Benjy, Caddy, Dilsey, Jason, and Quentin",T,T,T,T,T,F
2,Benjy's name change,1900-08-01,1900-08-01,T,Benjamin Compson,29,29,1928-04-07,1928-04-07,3,75,F,...changed his name...,"Benjy, Caddy, and Dilsey",T,F,T,F,T,F
2,Benjy's name change,1900-08-01,1900-08-01,T,Benjamin Compson,56,56,1928-04-07,1928-04-07,3,75,F,...his new name...,"Benjy, Caddy, and Dilsey",T,F,T,F,T,F
2,Benjy's name change,1900-08-01,1900-08-01,T,Benjamin Compson,57,57,1928-04-07,1928-04-07,3,75,F,I could hear the clock...,"Benjy, Caddy, and Dilsey",T,F,T,F,T,F
2,Benjy's name change,1900-08-01,1900-08-01,T,Benjamin Compson,58,58,1928-04-07,1928-04-07,3,75,F,That's right...,"Benjy, Caddy, and Dilsey",T,F,T,F,T,F
2,Benjy's name change,1900-08-01,1900-08-01,T,Benjamin Compson,61,61,1928-04-07,1928-04-07,3,75,F,Your name is Benjy...,"Benjy, Caddy, and Dilsey",T,F,T,F,T,F
2,Benjy's name change,1900-08-01,1900-08-01,T,Benjamin Compson,62,62,1928-04-07,1928-04-07,3,75,F,We could her the roof...,"Benjy, Caddy, and Dilsey",T,F,T,F,T,F
2,Benjy's name change,1900-08-01,1900-08-01,T,Benjamin Compson,63,63,1928-04-07,1928-04-07,3,75,F,"""Candace.""","Benjy, Caddy, and Dilsey",T,F,T,F,T,F
2,Benjy's name change,1900-08-01,1900-08-01,T,Benjamin Compson,64,64,1928-04-07,1928-04-07,3,75,F,It was bad enough...,"Benjy, Caddy, and Dilsey",T,F,T,F,T,F
2,Benjy's name change,1900-08-01,1900-08-01,T,Benjamin Compson,65,65,1928-04-07,1928-04-07,3,75,F,...but we could see...,"Benjy, Caddy, and Dilsey",T,F,T,F,T,F
2,Benjy's name change,1900-08-01,1900-08-01,T,Benjamin Compson,66,66,1928-04-07,1928-04-07,3,75,F,You can look at the fire...,"Benjy, Caddy, and Dilsey",T,F,T,F,T,F
2,Benjy's name change,1900-08-01,1900-08-01,T,Benjamin Compson,68,68,1928-04-07,1928-04-07,3,75,F,"Disley said, All right.","Benjy, Caddy, and Dilsey",T,F,T,F,T,F
2,Benjy's name change,1900-08-01,1900-08-01,T,Benjamin Compson,69,69,1928-04-07,1928-04-07,3,75,F,Your name Benjamin...,"Benjy, Caddy, and Dilsey",T,F,T,F,T,F
2,Benjy's name change,1900-08-01,1900-08-01,T,Benjamin Compson,70,70,1928-04-07,1928-04-07,3,75,F,...your name Benjamin...,"Benjy, Caddy, and Dilsey",T,F,T,F,T,F
2,Benjy's name change,1900-08-01,1900-08-01,T,Quentin Compson III,89,89,1910-06-02,1910-06-02,76,179,F,...that new name...,"Benjy, Caddy, and Dilsey",T,F,T,F,T,F
2,Benjy's name change,1900-08-01,1900-08-01,T,Quentin Compson III,170,170,1910-06-02,1910-06-02,76,179,F,Dilsey said it was...,"Benjy, Caddy, and Dilsey",T,F,T,F,T,F
3,Caddy wears perfume,1906-07-01,1906-07-01,T,Benjamin Compson,40,40,1928-04-07,1928-04-07,3,75,F,"Benjy, Caddy said...","Benjy, Caddy, Dilsey, and Jason",T,F,T,T,T,F
3,Caddy wears perfume,1906-07-01,1906-07-01,T,Benjamin Compson,41,41,1928-04-07,1928-04-07,3,75,F,"""He don't like that...""","Benjy, Caddy, Dilsey, and Jason",T,F,T,T,T,F
3,Caddy wears perfume,1906-07-01,1906-07-01,T,Benjamin Compson,42,42,1928-04-07,1928-04-07,3,75,F,"""Take him downstairs...""","Benjy, Caddy, Dilsey, and Jason",T,F,T,T,T,F
3,Caddy wears perfume,1906-07-01,1906-07-01,T,Benjamin Compson,43,43,1928-04-07,1928-04-07,3,75,F,...Dilsey took the bottle.,"Benjy, Caddy, Dilsey, and Jason",T,F,T,T,T,F
3,Caddy wears perfume,1906-07-01,1906-07-01,T,Quentin Compson III,176,176,1910-06-02,1910-06-02,3,75,F,...perfume Benjy hated...,"Benjy, Caddy, Dilsey, and Jason",T,F,T,T,T,F
4,Patterson Affair,1908-08-01,1908-08-01,F,Benjamin Compson,4,4,1928-04-07,1928-04-07,3,75,F,Caddy uncaught me,Benjy and Caddy,T,F,T,F,F,F
4,Patterson Affair,1908-08-01,1908-08-01,F,Benjamin Compson,5,5,1928-04-07,1928-04-07,3,75,F,Keep your hands...,Benjy and Caddy,T,F,T,F,F,F
4,Patterson Affair,1908-08-01,1908-08-01,F,Benjamin Compson,6,6,1928-04-07,1928-04-07,3,75,F,"""Yes, sir.""",Benjy and Caddy,T,F,T,F,F,F
4,Patterson Affair,1908-08-01,1908-08-01,F,Benjamin Compson,12,12,1928-04-07,1928-04-07,3,75,F,"""Keep your hands...""",Benjy and Caddy,T,F,T,F,F,F
4,Patterson Affair,1908-08-01,1908-08-01,F,Benjamin Compson,13,13,1928-04-07,1928-04-07,3,75,F,"""We can come back...""",Benjy and Caddy,T,F,T,F,F,F
4,Patterson Affair,1908-08-01,1908-08-01,F,Benjamin Compson,14,14,1928-04-07,1928-04-07,3,75,F,...reaching her hand.,Benjy and Caddy,T,F,T,F,F,F
4,Patterson Affair,1908-08-01,1908-08-01,F,Benjamin Compson,43,43,1928-04-07,1928-04-07,3,75,F,She smelled like trees.,Benjy and Caddy,T,F,T,F,F,F
4,Patterson Affair,1908-08-01,1908-08-01,F,Benjamin Compson,44,44,1928-04-07,1928-04-07,3,75,F,"""Et ego in arcadia...""",Benjy and Caddy,T,F,T,F,F,F
4,Patterson Affair,1908-08-01,1908-08-01,F,Quentin Compson III,175,175,1910-06-02,1910-06-02,76,179,F,...the Patterson boy...,Benjy and Caddy,T,F,T,F,F,F
5,Benjy's pasture is sold,1909-05-01,1909-05-01,T,Benjamin Compson,19,19,1928-04-07,1928-04-07,3,75,F,...own this pasture...,Benjy,F,F,T,F,F,F
5,Benjy's pasture is sold,1909-05-01,1909-05-01,T,Quentin Compson III,94,94,1910-06-02,1910-06-02,76,179,F,...sold Benjy's pasture...,Benjy,F,F,T,F,F,F
5,Benjy's pasture is sold,1909-05-01,1909-05-01,T,Quentin Compson III,102,102,1910-06-02,1910-06-02,76,179,F,...sold Benjy's pasture...,Benjy,F,F,T,F,F,F
5,Benjy's pasture is sold,1909-05-01,1909-05-01,T,Quentin Compson III,124,124,1910-06-02,1910-06-02,76,179,F,...sold the pasture...,Benjy,F,F,T,F,F,F
5,Benjy's pasture is sold,1909-05-01,1909-05-01,T,Quentin Compson III,174,174,1910-06-02,1910-06-02,76,179,F,...sell Benjy's pasture...,Benjy,F,F,T,F,F,F
5,Benjy's pasture is sold,1909-05-01,1909-05-01,T,Jason Compson,197,197,1928-04-06,1928-04-06,180,264,F,"""...sell something to...""",Benjy,F,F,T,F,F,F
5,Benjy's pasture is sold,1909-05-01,1909-05-01,T,Jason Compson,233,233,1928-04-06,1928-04-06,180,264,F,Selling land to send...,Benjy,F,F,T,F,F,F
5,Benjy's pasture is sold,1909-05-01,1909-05-01,T,Jason Compson,262,262,1928-04-06,1928-04-06,180,264,F,"""...sell the land to...""",Benjy,F,F,T,F,F,F
6,Caddy and Charlie have sex,1909-07-01,1909-07-01,T,Benjamin Compson,46,46,1928-04-07,1928-04-07,3,75,F,The kitchen was dark.,Benjy and Caddy,T,F,T,F,F,F
6,Caddy and Charlie have sex,1909-07-01,1909-07-01,T,Benjamin Compson,47,47,1928-04-07,1928-04-07,3,75,F,It was two now...,Benjy and Caddy,T,F,T,F,F,F
6,Caddy and Charlie have sex,1909-07-01,1909-07-01,T,Benjamin Compson,48,48,1928-04-07,1928-04-07,3,75,F,"""I'll have to take him...""",Benjy and Caddy,T,F,T,F,F,F
6,Caddy and Charlie have sex,1909-07-01,1909-07-01,T,Quentin Compson III,129,129,1910-06-02,1910-06-02,76,179,F,She would have told...,Benjy and Caddy,T,F,T,F,F,F
6,Caddy and Charlie have sex,1909-07-01,1909-07-01,T,Jason Compson,229,299,1928-04-06,1928-04-06,180,264,F,...one of them kissing...,Benjy and Caddy,T,F,T,F,F,F
7,Quentin sees Caddy and Dalton,1909-08-15,1909-08-15,T,Quentin Compson III,79,79,1910-06-02,1910-06-02,76,179,F,Dalton Ames.,Caddy and Quentin,T,T,F,F,F,F
7,Quentin sees Caddy and Dalton,1909-08-15,1909-08-15,T,Quentin Compson III,80,80,1910-06-02,1910-06-02,76,179,F,Dalton Ames.,Caddy and Quentin,T,T,F,F,F,F
7,Quentin sees Caddy and Dalton,1909-08-15,1909-08-15,T,Quentin Compson III,92,92,1910-06-02,1910-06-02,76,179,F,Dalton Ames.,Caddy and Quentin,T,T,F,F,F,F
7,Quentin sees Caddy and Dalton,1909-08-15,1909-08-15,T,Quentin Compson III,96,96,1910-06-02,1910-06-02,76,179,F,my daughter spied on,Caddy and Quentin,T,T,F,F,F,F
7,Quentin sees Caddy and Dalton,1909-08-15,1909-08-15,T,Quentin Compson III,105,105,1910-06-02,1910-06-02,76,179,F,Dalton Ames.,Caddy and Quentin,T,T,F,F,F,F
8,Quentin confronts Caddy,1909-08-16,1909-08-16,T,Quentin Compson III,92,92,1910-06-02,1910-06-02,76,179,F,Why won't you bring...,Caddy and Quentin,T,T,F,F,F,F
8,Quentin confronts Caddy,1909-08-16,1909-08-16,T,Quentin Compson III,112,112,1910-06-02,1910-06-02,76,179,F,Caddy,Caddy and Quentin,T,T,F,F,F,F
8,Quentin confronts Caddy,1909-08-16,1909-08-16,T,Quentin Compson III,113,113,1910-06-02,1910-06-02,76,179,F,You've got fever...,Caddy and Quentin,T,T,F,F,F,F
8,Quentin confronts Caddy,1909-08-16,1909-08-16,T,Quentin Compson III,147,147,1910-06-02,1910-06-02,76,179,F,...ever do that...,Caddy and Quentin,T,T,F,F,F,F
8,Quentin confronts Caddy,1909-08-16,1909-08-16,T,Quentin Compson III,148,148,1910-06-02,1910-06-02,76,179,F,...ever done that...,Caddy and Quentin,T,T,F,F,F,F
8,Quentin confronts Caddy,1909-08-16,1909-08-16,T,Quentin Compson III,149,149,1910-06-02,1910-06-02,76,179,F,Ill make you say we did,Caddy and Quentin,T,T,F,F,F,F
8,Quentin confronts Caddy,1909-08-16,1909-08-16,T,Quentin Compson III,150,150,1910-06-02,1910-06-02,76,179,F,did he make you...,Caddy and Quentin,T,T,F,F,F,F
8,Quentin confronts Caddy,1909-08-16,1909-08-16,T,Quentin Compson III,151,151,1910-06-02,1910-06-02,76,179,F,...nobody ever need know...,Caddy and Quentin,T,T,F,F,F,F
8,Quentin confronts Caddy,1909-08-16,1909-08-16,T,Quentin Compson III,152,152,1910-06-02,1910-06-02,76,179,F,I held the knife...,Caddy and Quentin,T,T,F,F,F,F
8,Quentin confronts Caddy,1909-08-16,1909-08-16,T,Quentin Compson III,153,153,1910-06-02,1910-06-02,76,179,F,what time is it,Caddy and Quentin,T,T,F,F,F,F
8,Quentin confronts Caddy,1909-08-16,1909-08-16,T,Quentin Compson III,154,154,1910-06-02,1910-06-02,76,179,F,come on,Caddy and Quentin,T,T,F,F,F,F
8,Quentin confronts Caddy,1909-08-16,1909-08-16,T,Quentin Compson III,155,155,1910-06-02,1910-06-02,76,179,F,whatre you going to do...,Caddy and Quentin,T,T,F,F,F,F
8,Quentin confronts Caddy,1909-08-16,1909-08-16,T,Quentin Compson III,156,156,1910-06-02,1910-06-02,76,179,F,its late you go on home,Caddy and Quentin,T,T,F,F,F,F
8,Quentin confronts Caddy,1909-08-16,1909-08-16,T,Quentin Compson III,157,157,1910-06-02,1910-06-02,76,179,F,you shut up shut up,Caddy and Quentin,T,T,F,F,F,F
8,Quentin confronts Caddy,1909-08-16,1909-08-16,T,Quentin Compson III,158,158,1910-06-02,1910-06-02,76,179,F,you shut up you shut up...,Caddy and Quentin,T,T,F,F,F,F
9,Quentin confronts Dalton,1909-08-17,1909-08-17,T,Quentin Compson III,79,79,1910-06-02,1910-06-02,76,179,F,...the pistol...,Quentin,F,T,F,F,F,F
9,Quentin confronts Dalton,1909-08-17,1909-08-17,T,Quentin Compson III,80,80,1910-06-02,1910-06-02,76,179,F,Dalton Ames.,Quentin,F,T,F,F,F,F
9,Quentin confronts Dalton,1909-08-17,1909-08-17,T,Quentin Compson III,92,92,1910-06-02,1910-06-02,76,179,F,Did you ever...?,Quentin,F,T,F,F,F,F
9,Quentin confronts Dalton,1909-08-17,1909-08-17,T,Quentin Compson III,158,158,1910-06-02,1910-06-02,76,179,F,Ive been looking for you...,Quentin,F,T,F,F,F,F
9,Quentin confronts Dalton,1909-08-17,1909-08-17,T,Quentin Compson III,159,159,1910-06-02,1910-06-02,76,179,F,she need my for anything now,Quentin,F,T,F,F,F,F
9,Quentin confronts Dalton,1909-08-17,1909-08-17,T,Quentin Compson III,160,160,1910-06-02,1910-06-02,76,179,F,what will you do...,Quentin,F,T,F,F,F,F
9,Quentin confronts Dalton,1909-08-17,1909-08-17,T,Quentin Compson III,161,161,1910-06-02,1910-06-02,76,179,F,you can hit it now,Quentin,F,T,F,F,F,F
9,Quentin confronts Dalton,1909-08-17,1909-08-17,T,Quentin Compson III,162,162,1910-06-02,1910-06-02,76,179,F,go on let me alone,Quentin,F,T,F,F,F,F
10,Quentin admits to incest,1909-08-31,1909-08-31,T,Quentin Compson III,77,77,1910-06-02,1910-06-02,76,179,F,I have committed incest,Caddy and Quentin,T,T,F,F,F,F
10,Quentin admits to incest,1909-08-31,1909-08-31,T,Quentin Compson III,79,79,1910-06-02,1910-06-02,76,179,F,I have committed incest,Caddy and Quentin,T,T,F,F,F,F
10,Quentin admits to incest,1909-08-31,1909-08-31,T,Quentin Compson III,95,95,1910-06-02,1910-06-02,76,179,F,I have committed,Caddy and Quentin,T,T,F,F,F,F
10,Quentin admits to incest,1909-08-31,1909-08-31,T,Quentin Compson III,148,148,1910-06-02,1910-06-02,76,179,F,I have committed,Caddy and Quentin,T,T,F,F,F,F
10,Quentin admits to incest,1909-08-31,1909-08-31,T,Quentin Compson III,176,176,1910-06-02,1910-06-02,76,179,F,...and he... (see R&P),Caddy and Quentin,T,T,F,F,F,F
10,Quentin admits to incest,1909-08-31,1909-08-31,T,Quentin Compson III,177,177,1910-06-02,1910-06-02,76,179,F,cause for alarm... (R&P),Caddy and Quentin,T,T,F,F,F,F
11,Herbert offers Jason a job,1910-03-01,1910-03-01,T,Quentin Compson III,93,93,1910-06-02,1910-06-02,76,179,F,...promised Jason,"Caddy, Jason, and Quentin",T,T,F,T,F,F
11,Herbert offers Jason a job,1910-03-01,1910-03-01,T,Quentin Compson III,94,94,1910-06-02,1910-06-02,76,179,F,...a splendid banker...,"Caddy, Jason, and Quentin",T,T,F,T,F,F
11,Herbert offers Jason a job,1910-03-01,1910-03-01,T,Quentin Compson III,221,221,1910-06-02,1910-06-02,76,179,F,...after his promise--,"Caddy, Jason, and Quentin",T,T,F,T,F,F
11,Herbert offers Jason a job,1910-03-01,1910-03-01,T,Quentin Compson III,262,262,1910-06-02,1910-06-02,76,179,F,"""...Herbert offered you...""","Caddy, Jason, and Quentin",T,T,F,T,F,F
12,Quentin confronts Herbert,1910-04-24,1910-04-24,F,Quentin Compson III,107,107,1910-06-02,1910-06-02,76,179,F,I saw you...,Caddy and Quentin,T,T,F,F,F,F
12,Quentin confronts Herbert,1910-04-24,1910-04-24,F,Quentin Compson III,108,108,1910-06-02,1910-06-02,76,179,F,...brother she kept...,Caddy and Quentin,T,T,F,F,F,F
12,Quentin confronts Herbert,1910-04-24,1910-04-24,F,Quentin Compson III,109,109,1910-06-02,1910-06-02,76,179,F,mother to do...,Caddy and Quentin,T,T,F,F,F,F
12,Quentin confronts Herbert,1910-04-24,1910-04-24,F,Quentin Compson III,110,110,1910-06-02,1910-06-02,76,179,F,thing and be damned...,Caddy and Quentin,T,T,F,F,F,F
12,Quentin confronts Herbert,1910-04-24,1910-04-24,F,Quentin Compson III,111,111,1910-06-02,1910-06-02,76,179,F,you around while...,Caddy and Quentin,T,T,F,F,F,F
12,Quentin confronts Herbert,1910-04-24,1910-04-24,F,Quentin Compson III,112,112,1910-06-02,1910-06-02,76,179,F,Quentin has shot...,Caddy and Quentin,T,T,F,F,F,F
12,Quentin confronts Herbert,1910-04-24,1910-04-24,F,Quentin Compson III,123,123,1910-06-02,1910-06-02,76,179,F,...pick a fight with him...,Caddy and Quentin,T,T,F,F,F,F
13,Caddy and Herbert's wedding,1910-04-25,1910-04-25,F,Benjamin Compson,20,20,1928-04-07,1928-04-07,3,75,F,"""Go on.""","Benjy, Caddy, and Quentin",T,T,T,F,F,F
13,Caddy and Herbert's wedding,1910-04-25,1910-04-25,F,Benjamin Compson,21,21,1928-04-07,1928-04-07,3,75,F,"""...the wedding.""","Benjy, Caddy, and Quentin",T,T,T,F,F,F
13,Caddy and Herbert's wedding,1910-04-25,1910-04-25,F,Benjamin Compson,22,22,1928-04-07,1928-04-07,3,75,F,"""Anywhere.""","Benjy, Caddy, and Quentin",T,T,T,F,F,F
13,Caddy and Herbert's wedding,1910-04-25,1910-04-25,F,Benjamin Compson,37,37,1928-04-07,1928-04-07,3,75,F,When we looked...,"Benjy, Caddy, and Quentin",T,T,T,F,F,F
13,Caddy and Herbert's wedding,1910-04-25,1910-04-25,F,Benjamin Compson,38,38,1928-04-07,1928-04-07,3,75,F,It tickled my nose...,"Benjy, Caddy, and Quentin",T,T,T,F,F,F
13,Caddy and Herbert's wedding,1910-04-25,1910-04-25,F,Benjamin Compson,39,39,1928-04-07,1928-04-07,3,75,F,I saw them,"Benjy, Caddy, and Quentin",T,T,T,F,F,F
13,Caddy and Herbert's wedding,1910-04-25,1910-04-25,F,Benjamin Compson,40,40,1928-04-07,1928-04-07,3,75,F,The moonlight...,"Benjy, Caddy, and Quentin",T,T,T,F,F,F
13,Caddy and Herbert's wedding,1910-04-25,1910-04-25,F,Benjamin Compson,51,51,1928-04-07,1928-04-07,3,75,F,...looked at the house.,"Benjy, Caddy, and Quentin",T,T,T,F,F,F
13,Caddy and Herbert's wedding,1910-04-25,1910-04-25,F,Quentin Compson III,77,77,1910-06-02,1910-06-02,3,75,F,...the marriage of.,"Benjy, Caddy, and Quentin",T,T,T,F,F,F
13,Caddy and Herbert's wedding,1910-04-25,1910-04-25,F,Quentin Compson III,81,81,1910-06-02,1910-06-02,3,75,F,...clutching her bridal...,"Benjy, Caddy, and Quentin",T,T,T,F,F,F
13,Caddy and Herbert's wedding,1910-04-25,1910-04-25,F,Quentin Compson III,93,93,1910-06-02,1910-06-02,3,75,F,Mr and Mrs Jason...,"Benjy, Caddy, and Quentin",T,T,T,F,F,F
13,Caddy and Herbert's wedding,1910-04-25,1910-04-25,F,Quentin Compson III,100,100,1910-06-02,1910-06-02,3,75,F,Lying on the ground...,"Benjy, Caddy, and Quentin",T,T,T,F,F,F
13,Caddy and Herbert's wedding,1910-04-25,1910-04-25,F,Quentin Compson III,174,174,1910-06-02,1910-06-02,3,75,F,Mr and Mrs Jason...,"Benjy, Caddy, and Quentin",T,T,T,F,F,F
13,Caddy and Herbert's wedding,1910-04-25,1910-04-25,F,Jason Compson,221,221,1928-04-06,1928-04-06,3,75,F,...when she married...,"Benjy, Caddy, and Quentin",T,T,T,F,F,F
14,Benjy assaults Burgess girl,1910-04-25,1910-04-25,F,Benjamin Compson,52,52,1928-04-07,1928-04-07,3,75,F,How did he get out,"Benjy, Caddy, and Jason",T,F,T,T,F,F
14,Benjy assaults Burgess girl,1910-04-25,1910-04-25,F,Benjamin Compson,53,53,1928-04-07,1928-04-07,3,75,F,They came on in the...,"Benjy, Caddy, and Jason",T,F,T,T,F,F
14,Benjy assaults Burgess girl,1910-04-25,1910-04-25,F,Jason Compson,253,253,1928-04-06,1928-04-06,3,75,F,...open gates...,"Benjy, Caddy, and Jason",T,F,T,T,F,F
14,Benjy assaults Burgess girl,1910-04-25,1910-04-25,F,Jason Compson,263,263,1928-04-06,1928-04-06,3,75,F,...Mr Burgess...,"Benjy, Caddy, and Jason",T,F,T,T,F,F
15,Benjy is castrated,1910-04-25,1910-04-25,F,Benjamin Compson,53,53,1928-04-07,1928-04-07,3,75,F,and the bright shapes,Benjy,F,F,T,F,F,F
15,Benjy is castrated,1910-04-25,1910-04-25,F,Jason Compson,196,196,1928-04-06,1928-04-06,3,75,F,...geldings in the cavalry...,Benjy,F,F,T,F,F,F
15,Benjy is castrated,1910-04-25,1910-04-25,F,Jason Compson,253,253,1928-04-06,1928-04-06,3,75,F,...what they did to Ben...,Benjy,F,F,T,F,F,F
15,Benjy is castrated,1910-04-25,1910-04-25,F,Jason Compson,263,263,1928-04-06,1928-04-06,3,75,F,...Great American Gelding...,Benjy,F,F,T,F,F,F
16,Quentin breaks his watch,1910-06-02,1910-06-02,F,Quentin Compson III,80,80,1910-06-02,1910-06-02,76,179,F,took up the watch,Quentin,F,T,F,F,F,F
16,Quentin breaks his watch,1910-06-02,1910-06-02,F,Quentin Compson III,84,84,1910-06-02,1910-06-02,76,179,F,"""I broke my watch.""",Quentin,F,T,F,F,F,F
17,Quentin mails suicide note to Father,1910-06-02,1910-06-02,F,Quentin Compson III,82,82,1910-06-02,1910-06-02,76,179,F,the one to Father,Quentin,F,T,F,F,F,F
18,Quentin gives suicide note to Deacon,1910-06-02,1910-06-02,F,Quentin Compson III,99,99,1910-06-02,1910-06-02,76,179,F,I took the letter,Quentin,F,T,F,F,F,F
19,Quentin finds little girl,1910-06-02,1910-06-02,F,Quentin Compson III,125,125,1910-06-02,1910-06-02,76,179,F,a little dirty child,Quentin,F,T,F,F,F,F
20,Quentin is arrested,1910-06-02,1910-06-02,F,Quentin Compson III,139,139,1910-06-02,1910-06-02,76,179,F,The man...,Quentin,F,T,F,F,F,F
20,Quentin is arrested,1910-06-02,1910-06-02,F,Quentin Compson III,140,140,1910-06-02,1910-06-02,76,179,F,"""...handcuff you?""",Quentin,F,T,F,F,F,F
20,Quentin is arrested,1910-06-02,1910-06-02,F,Quentin Compson III,141,141,1910-06-02,1910-06-02,76,179,F,We followed the path...,Quentin,F,T,F,F,F,F
20,Quentin is arrested,1910-06-02,1910-06-02,F,Quentin Compson III,142,142,1910-06-02,1910-06-02,76,179,F,"""...an officer of the law...""",Quentin,F,T,F,F,F,F
20,Quentin is arrested,1910-06-02,1910-06-02,F,Quentin Compson III,143,143,1910-06-02,1910-06-02,76,179,F,"""Order in the court.""",Quentin,F,T,F,F,F,F
20,Quentin is arrested,1910-06-02,1910-06-02,F,Quentin Compson III,144,144,1910-06-02,1910-06-02,76,179,F,"""Was she scared...?""",Quentin,F,T,F,F,F,F
20,Quentin is arrested,1910-06-02,1910-06-02,F,Quentin Compson III,145,145,1910-06-02,1910-06-02,76,179,F,"""Six dollars...""",Quentin,F,T,F,F,F,F
21,Quentin fights Gerald,1910-06-02,1910-06-02,F,Quentin Compson III,164,164,1910-06-02,1910-06-02,76,179,F,"""Did I hurt him any?""",Quentin,F,T,F,F,F,F
21,Quentin fights Gerald,1910-06-02,1910-06-02,F,Quentin Compson III,165,165,1910-06-02,1910-06-02,76,179,F,"""...fought him...""",Quentin,F,T,F,F,F,F
21,Quentin fights Gerald,1910-06-02,1910-06-02,F,Quentin Compson III,166,166,1910-06-02,1910-06-02,76,179,F,"""...hit that son of a bitch?""",Quentin,F,T,F,F,F,F
21,Quentin fights Gerald,1910-06-02,1910-06-02,F,Quentin Compson III,167,167,1910-06-02,1910-06-02,76,179,F,"""I'm sorry I hit him...""",Quentin,F,T,F,F,F,F
21,Quentin fights Gerald,1910-06-02,1910-06-02,F,Quentin Compson III,168,168,1910-06-02,1910-06-02,76,179,F,"""...I spoiled her party...""",Quentin,F,T,F,F,F,F
22,Quentin commits suicide,1910-06-02,1910-06-02,F,Benjamin Compson,29,29,1928-04-07,1918-04-07,76,179,F,...flat-iron...,Quentin,F,T,F,F,F,F
22,Quentin commits suicide,1910-06-02,1910-06-02,F,Quentin Compson III,80,80,1910-06-02,1910-06-02,76,179,F,...only the flat-iron...,Quentin,F,T,F,F,F,F
22,Quentin commits suicide,1910-06-02,1910-06-02,F,Quentin Compson III,116,116,1910-06-02,1910-06-02,76,179,F,...the flat-irons would...,Quentin,F,T,F,F,F,F
22,Quentin commits suicide,1910-06-02,1910-06-02,F,Quentin Compson III,174,174,1910-06-02,1910-06-02,76,179,F,I will be dead in.,Quentin,F,T,F,F,F,F
22,Quentin commits suicide,1910-06-02,1910-06-02,F,Jason Compson,196,196,1928-04-06,1928-04-06,180,264,F,...swim at night...,Quentin,F,T,F,F,F,F
22,Quentin commits suicide,1910-06-02,1910-06-02,F,Jason Compson,197,197,1928-04-06,1928-04-06,180,264,F,"""...the two of them...""",Quentin,F,T,F,F,F,F
22,Quentin commits suicide,1910-06-02,1910-06-02,F,Jason Compson,203,203,1928-04-06,1928-04-06,180,264,F,"""...him and Quentin...""",Quentin,F,T,F,F,F,F
22,Quentin commits suicide,1910-06-02,1910-06-02,F,Jason Compson,226,226,1928-04-06,1928-04-06,180,264,F,"""...they had to be taken.""",Quentin,F,T,F,F,F,F
22,Quentin commits suicide,1910-06-02,1910-06-02,F,Jason Compson,233,233,1928-04-06,1928-04-06,180,264,F,...drowned himself...,Quentin,F,T,F,F,F,F
22,Quentin commits suicide,1910-06-02,1910-06-02,F,Jason Compson,261,261,1928-04-06,1928-04-06,180,264,F,"I didn't dream that he...""",Quentin,F,T,F,F,F,F
22,Quentin commits suicide,1910-06-02,1910-06-02,F,3rd-Person Narrator,283,283,,,265,321,,"""Quentin left a note...""",Quentin,F,T,F,F,F,F
22,Quentin commits suicide,1910-06-02,1910-06-02,F,3rd-Person Narrator,299,299,,,265,321,,"""Even Quentin did that.""",Quentin,F,T,F,F,F,F
23,Herbert divorces Caddy,1911-07-01,1911-07-01,T,Jason Compson,198,198,1928-04-06,1928-04-06,180,264,F,didn't even see him,"Caddy, Dilsey, Jason, and Quentin Jr.",T,F,F,T,T,T
23,Herbert divorces Caddy,1911-07-01,1911-07-01,T,Jason Compson,220,220,1928-04-06,1928-04-06,180,264,F,Herbert threw her out,"Caddy, Dilsey, Jason, and Quentin Jr.",T,F,F,T,T,T
23,Herbert divorces Caddy,1911-07-01,1911-07-01,T,Jason Compson,233,233,1928-04-06,1928-04-06,180,264,F,...by her husband...,"Caddy, Dilsey, Jason, and Quentin Jr.",T,F,F,T,T,T
24,Jason loses Herbert's job,1911-07-02,1911-07-02,T,Jason Compson,198,198,1928-04-06,1928-04-06,180,264,F,..my job home...,Jason and Quentin Jr.,F,F,F,T,F,T
24,Jason loses Herbert's job,1911-07-02,1911-07-02,T,Jason Compson,202,202,1928-04-06,1928-04-06,180,264,F,"""Oh, that job.""",Jason and Quentin Jr.,F,F,F,T,F,T
24,Jason loses Herbert's job,1911-07-02,1911-07-02,T,Jason Compson,205,205,1928-04-06,1928-04-06,180,264,F,...beat me out of a job...,Jason and Quentin Jr.,F,F,F,T,F,T
24,Jason loses Herbert's job,1911-07-02,1911-07-02,T,Jason Compson,206,206,1928-04-06,1928-04-06,180,264,F,"""...cost me one job...""",Jason and Quentin Jr.,F,F,F,T,F,T
24,Jason loses Herbert's job,1911-07-02,1911-07-02,T,3rd-Person Narrator,304,304,,,265,321,,"""...cost me a job...""",Jason and Quentin Jr.,F,F,F,T,F,T
24,Jason loses Herbert's job,1911-07-02,1911-07-02,T,3rd-Person Narrator,306,306,,,265,321,,...lose my job...,Jason and Quentin Jr.,F,F,F,T,F,T
24,Jason loses Herbert's job,1911-07-02,1911-07-02,T,3rd-Person Narrator,307,307,,,265,321,,...the lost job...,Jason and Quentin Jr.,F,F,F,T,F,T
25,Quentin Jr. lives with Compsons,1911-08-01,1911-08-01,T,Jason Compson,196,196,1928-04-06,1928-04-06,180,264,F,sent Quentin home,"Caddy, Jason, and Quentin Jr.",T,F,F,T,F,T
25,Quentin Jr. lives with Compsons,1911-08-01,1911-08-01,T,Jason Compson,198,198,1928-04-06,1928-04-06,180,264,F,...brought my job home...,"Caddy, Jason, and Quentin Jr.",T,F,F,T,F,T
25,Quentin Jr. lives with Compsons,1911-08-01,1911-08-01,T,Jason Compson,199,199,1928-04-06,1928-04-06,180,264,F,...the suffering you've...,"Caddy, Jason, and Quentin Jr.",T,F,F,T,F,T
25,Quentin Jr. lives with Compsons,1911-08-01,1911-08-01,T,Jason Compson,200,200,1928-04-06,1928-04-06,180,264,F,Dilsey fixed the cradle,"Caddy, Jason, and Quentin Jr.",T,F,F,T,F,T
26,Father's death,1912-03-01,1912-03-01,T,Benjamin Compson,29,29,1928-04-07,1928-04-07,3,75,F,Taint no luck...,"Benjy, Dilsey, Jason, and Quentin Jr.",F,F,T,T,T,T
26,Father's death,1912-03-01,1912-03-01,T,Benjamin Compson,30,30,1928-04-07,1928-04-07,3,75,F,Take him and Quentin...,"Benjy, Dilsey, Jason, and Quentin Jr.",F,F,T,T,T,T
26,Father's death,1912-03-01,1912-03-01,T,Benjamin Compson,31,31,1928-04-07,1928-04-07,3,75,F,They were singing.,"Benjy, Dilsey, Jason, and Quentin Jr.",F,F,T,T,T,T
26,Father's death,1912-03-01,1912-03-01,T,Benjamin Compson,32,32,1928-04-07,1928-04-07,3,75,F,We looked around...,"Benjy, Dilsey, Jason, and Quentin Jr.",F,F,T,T,T,T
26,Father's death,1912-03-01,1912-03-01,T,Jason Compson,196,196,1928-04-06,1928-04-06,180,264,F,...what water is.,"Benjy, Dilsey, Jason, and Quentin Jr.",F,F,T,T,T,T
26,Father's death,1912-03-01,1912-03-01,T,Jason Compson,197,197,1928-04-06,1928-04-06,180,264,F,...when he passed.,"Benjy, Dilsey, Jason, and Quentin Jr.",F,F,T,T,T,T
26,Father's death,1912-03-01,1912-03-01,T,Jason Compson,202,202,1928-04-06,1928-04-06,180,264,F,...throwing dirt into it...,"Benjy, Dilsey, Jason, and Quentin Jr.",F,F,T,T,T,T
26,Father's death,1912-03-01,1912-03-01,T,Jason Compson,203,203,1928-04-06,1928-04-06,180,264,F,"""Why didn't they let me know?""","Benjy, Dilsey, Jason, and Quentin Jr.",F,F,T,T,T,T
27,Caddy pays Jason to see Quentin Jr.,1912-06-01,1912-06-01,T,Jason Compson,203,203,1928-04-06,1928-04-06,180,264,F,"""...fifty dollars.""","Caddy, Jason, and Quentin Jr.",T,F,F,T,F,T
27,Caddy pays Jason to see Quentin Jr.,1912-06-01,1912-06-01,T,Jason Compson,204,204,1928-04-06,1928-04-06,180,264,F,"""Yes,"" she says.","Caddy, Jason, and Quentin Jr.",T,F,F,T,F,T
27,Caddy pays Jason to see Quentin Jr.,1912-06-01,1912-06-01,T,Jason Compson,205,205,1928-04-06,1928-04-06,180,264,F,...counted the money...,"Caddy, Jason, and Quentin Jr.",T,F,F,T,F,T
28,Jason finds Caddy seeing Quentin Jr.,1912-09-01,1912-09-01,T,Jason Compson,207,207,1928-04-06,1928-04-06,180,264,F,"""...see her own baby.""","Benjy, Caddy, Dilsey, Jason, and Quentin Jr.",T,F,T,T,T,T
28,Jason finds Caddy seeing Quentin Jr.,1912-09-01,1912-09-01,T,Jason Compson,208,208,1928-04-06,1928-04-06,180,264,F,...I told her...,"Benjy, Caddy, Dilsey, Jason, and Quentin Jr.",T,F,T,T,T,T
29,Compsons visit cemetery w/o Jason,1912-10-01,1912-10-01,T,Benjamin Compson,9,9,1928-04-07,1928-04-07,3,75,F,"""Git in, now...""","Benjy, Dilsey, and Jason",F,F,T,T,T,F
29,Compsons visit cemetery w/o Jason,1912-10-01,1912-10-01,T,Benjamin Compson,10,10,1928-04-07,1928-04-07,3,75,F,...and Dilsey helped...,"Benjy, Dilsey, and Jason",F,F,T,T,T,F
29,Compsons visit cemetery w/o Jason,1912-10-01,1912-10-01,T,Benjamin Compson,11,11,1928-04-07,1928-04-07,3,75,F,"""...cemetery...""","Benjy, Dilsey, and Jason",F,F,T,T,T,F
29,Compsons visit cemetery w/o Jason,1912-10-01,1912-10-01,T,Benjamin Compson,12,12,1928-04-07,1928-04-07,3,75,F,"...Mother.""","Benjy, Dilsey, and Jason",F,F,T,T,T,F
30,Roskus dies,1915-07-01,1915-07-01,T,Benjamin Compson,33,33,1928-04-07,1928-04-07,3,75,F,Dilsey was moaning.,Benjy and Dilsey,F,F,T,F,T,F
30,Roskus dies,1915-07-01,1915-07-01,T,Jason Compson,251,251,1928-04-06,1928-04-06,180,264,F,...Roskus...died.,Benjy and Dilsey,F,F,T,F,T,F
31,Jason receives Caddy's letter,1928-04-06,1928-04-06,F,Jason Compson,190,190,1928-04-06,1928-04-06,180,264,F,...her letter...,"Caddy, Jason, and Quentin Jr.",T,F,F,T,F,T
32,Quentin Jr. asks Jason for money,1928-04-06,1928-04-06,F,Jason Compson,212,212,1928-04-06,1928-04-06,180,264,F,"""Please, Jason...""","Caddy, Jason, and Quentin Jr.",T,F,F,T,F,T
32,Quentin Jr. asks Jason for money,1928-04-06,1928-04-06,F,Jason Compson,213,213,1928-04-06,1928-04-06,180,264,F,"""She said she would..""","Caddy, Jason, and Quentin Jr.",T,F,F,T,F,T
32,Quentin Jr. asks Jason for money,1928-04-06,1928-04-06,F,Jason Compson,214,214,1928-04-06,1928-04-06,180,264,F,"Jason, please please please.","Caddy, Jason, and Quentin Jr.",T,F,F,T,F,T
32,Quentin Jr. asks Jason for money,1928-04-06,1928-04-06,F,Jason Compson,215,215,1928-04-06,1928-04-06,180,264,F,"""You know as much...""","Caddy, Jason, and Quentin Jr.",T,F,F,T,F,T
33,Jason forges a check,1928-04-06,1928-04-06,F,Jason Compson,216,216,1928-04-06,1928-04-06,180,264,F,"""...fixed the check...""",Jason and Quentin Jr.,F,F,F,T,F,T
34,Jason gives Mother forged check to burn,1928-04-06,1928-04-06,F,Jason Compson,218,218,1928-04-06,1928-04-06,180,264,F,She took the match...,Jason,F,F,F,T,F,F
34,Jason gives Mother forged check to burn,1928-04-06,1928-04-06,F,Jason Compson,219,219,1928-04-06,1928-04-06,180,264,F,"""...burning this...""",Jason,F,F,F,T,F,F
34,Jason gives Mother forged check to burn,1928-04-06,1928-04-06,F,Jason Compson,220,220,1928-04-06,1928-04-06,180,264,F,...watch them burn.,Jason,F,F,F,T,F,F
35,Jason sees Quentin and man w/ red tie,1928-04-06,1928-04-06,F,Jason Compson,231,231,1928-04-06,1928-04-06,180,264,F,"""...and saw her.""",Jason and Quentin Jr.,F,F,F,T,F,T
35,Jason sees Quentin and man w/ red tie,1928-04-06,1928-04-06,F,Jason Compson,232,232,1928-04-06,1928-04-06,180,264,F,...the red tie...,Jason and Quentin Jr.,F,F,F,T,F,T
35,Jason sees Quentin and man w/ red tie,1928-04-06,1928-04-06,F,Jason Compson,233,233,1928-04-06,1928-04-06,180,264,F,She dodged out of...,Jason and Quentin Jr.,F,F,F,T,F,T
36,Jason chases Quentin and man w/ red tie,1928-04-06,1928-04-06,F,Jason Compson,238,238,1928-04-06,1928-04-06,180,264,F,came to the first fork,Jason and Quentin Jr.,F,F,F,T,F,T
37,Jason loses money at stock market,1928-04-06,1928-04-06,F,Jason Compson,243,243,1928-04-06,1928-04-06,180,264,F,"""...forty points down.""",Jason,F,F,F,T,F,F
38,Luster looks for quarter,1928-04-07,1928-04-07,F,Benjamin Compson,3,3,1928-04-07,1928-04-07,3,75,F,"""...find that quarter...""",Benjy,F,F,T,F,F,F
38,Luster looks for quarter,1928-04-07,1928-04-07,F,Benjamin Compson,4,4,1928-04-07,1928-04-07,3,75,F,...aint no more...,Benjy,F,F,T,F,F,F
38,Luster looks for quarter,1928-04-07,1928-04-07,F,Benjamin Compson,6,6,1928-04-07,1928-04-07,3,75,F,What are you moaning...,Benjy,F,F,T,F,F,F
38,Luster looks for quarter,1928-04-07,1928-04-07,F,Benjamin Compson,9,9,1928-04-07,1928-04-07,3,75,F,Cant you shut up...,Benjy,F,F,T,F,F,F
38,Luster looks for quarter,1928-04-07,1928-04-07,F,Benjamin Compson,12,12,1928-04-07,1928-04-07,3,75,F,"Cry baby, Luster said.",Benjy,F,F,T,F,F,F
38,Luster looks for quarter,1928-04-07,1928-04-07,F,Benjamin Compson,14,14,1928-04-07,1928-04-07,3,75,F,"""They aint nothing...""",Benjy,F,F,T,F,F,F
38,Luster looks for quarter,1928-04-07,1928-04-07,F,Benjamin Compson,15,15,1928-04-07,1928-04-07,3,75,F,"""Come on here.""",Benjy,F,F,T,F,F,F
38,Luster looks for quarter,1928-04-07,1928-04-07,F,Benjamin Compson,16,16,1928-04-07,1928-04-07,3,75,F,Luster got into the...,Benjy,F,F,T,F,F,F
38,Luster looks for quarter,1928-04-07,1928-04-07,F,Benjamin Compson,17,17,1928-04-07,1928-04-07,3,75,F,...been at it all morning...,Benjy,F,F,T,F,F,F
38,Luster looks for quarter,1928-04-07,1928-04-07,F,Benjamin Compson,19,19,1928-04-07,1928-04-07,3,75,F,What is the matter...,Benjy,F,F,T,F,F,F
38,Luster looks for quarter,1928-04-07,1928-04-07,F,Benjamin Compson,20,20,1928-04-07,1928-04-07,3,75,F,See you all at the show...,Benjy,F,F,T,F,F,F
38,Luster looks for quarter,1928-04-07,1928-04-07,F,Benjamin Compson,32,32,1928-04-07,1928-04-07,3,75,F,"Come on, Luster said...",Benjy,F,F,T,F,F,F
38,Luster looks for quarter,1928-04-07,1928-04-07,F,Benjamin Compson,35,35,1928-04-07,1928-04-07,3,75,F,I had it when we...,Benjy,F,F,T,F,F,F
38,Luster looks for quarter,1928-04-07,1928-04-07,F,Benjamin Compson,46,46,1928-04-07,1928-04-07,3,75,F,Where you want to go...,Benjy,F,F,T,F,F,F
39,Benjy sees Quentin and man w/ red tie,1928-04-07,1928-04-07,F,Benjamin Compson,46,46,1928-04-07,1928-04-07,3,75,F,Quentin annd her beau,Benjy and Quentin Jr.,F,F,T,F,F,T
38,Luster looks for quarter,1928-04-07,1928-04-07,F,Benjamin Compson,48,48,1928-04-07,1928-04-07,3,75,F,I kept a telling you...,Benjy,F,F,T,F,F,F
39,Benjy sees Quentin and man w/ red tie,1928-04-07,1928-04-07,F,Benjamin Compson,48,48,1928-04-07,1928-04-07,3,75,F,He had a red tie.,Benjy and Quentin Jr.,F,F,T,F,F,T
38,Luster looks for quarter,1928-04-07,1928-04-07,F,Benjamin Compson,49,49,1928-04-07,1928-04-07,3,75,F,"""Shut your mouth.""",Benjy,F,F,T,F,F,F
38,Luster looks for quarter,1928-04-07,1928-04-07,F,Benjamin Compson,50,50,1928-04-07,1928-04-07,3,75,F,"""You aint talking to me.""",Benjy,F,F,T,F,F,F
38,Luster looks for quarter,1928-04-07,1928-04-07,F,Benjamin Compson,51,51,1928-04-07,1928-04-07,3,75,F,...looked at the house.,Benjy,F,F,T,F,F,F
38,Luster looks for quarter,1928-04-07,1928-04-07,F,Benjamin Compson,53,53,1928-04-07,1928-04-07,3,75,F,"Here, looney, Luster said.",Benjy,F,F,T,F,F,F
38,Luster looks for quarter,1928-04-07,1928-04-07,F,Benjamin Compson,54,54,1928-04-07,1928-04-07,3,75,F,"""I got that show...""",Benjy,F,F,T,F,F,F
38,Luster looks for quarter,1928-04-07,1928-04-07,F,Benjamin Compson,55,55,1928-04-07,1928-04-07,3,75,F,I tried to pick up the flowers.,Benjy,F,F,T,F,F,F
40,Luster and Benjy celebrate Benjy's birthday,1928-04-07,1928-04-07,F,Benjamin Compson,56,56,1928-04-07,1928-04-07,3,75,F,"""She set the cake...""",Benjy and Dilsey,F,F,T,F,T,F
40,Luster and Benjy celebrate Benjy's birthday,1928-04-07,1928-04-07,F,Benjamin Compson,57,57,1928-04-07,1928-04-07,3,75,F,...and eat this cake...,Benjy and Dilsey,F,F,T,F,T,F
40,Luster and Benjy celebrate Benjy's birthday,1928-04-07,1928-04-07,F,Benjamin Compson,58,58,1928-04-07,1928-04-07,3,75,F,...another piece of cake.,Benjy and Dilsey,F,F,T,F,T,F
41,Quentin Jr. runs away,1928-04-07,1928-04-07,F,Benjamin Compson,72,72,1928-04-07,1928-04-07,3,75,F,She smelled like trees,Benjy and Quentin Jr.,F,F,T,F,F,T
41,Quentin Jr. runs away,1928-04-07,1928-04-07,F,Benjamin Compson,74,74,1928-04-07,1928-04-07,3,75,F,...it came out...,Benjy and Quentin Jr.,F,F,T,F,F,T
41,Quentin Jr. runs away,1928-04-07,1928-04-07,F,3rd-Person Narrator,284,284,,,265,321,F,Robbery.,Benjy and Quentin Jr.,F,F,T,F,F,T
41,Quentin Jr. runs away,1928-04-07,1928-04-07,F,3rd-Person Narrator,303,303,,,265,321,F,...has been robbed.,Benjy and Quentin Jr.,F,F,T,F,F,T
41,Quentin Jr. runs away,1928-04-07,1928-04-07,F,3rd-Person Narrator,304,304,,,265,321,F,...recover my property...,Benjy and Quentin Jr.,F,F,T,F,F,T
41,Quentin Jr. runs away,1928-04-07,1928-04-07,F,3rd-Person Narrator,307,307,,,265,321,F,...outwitted by a woman...,Benjy and Quentin Jr.,F,F,T,F,F,T
41,Quentin Jr. runs away,1928-04-07,1928-04-07,F,3rd-Person Narrator,309,309,,,265,321,F,...robbed by Quentin...,Benjy and Quentin Jr.,F,F,T,F,F,T
42,Compsons see Quentin Jr. and money are gone,1928-04-08,1928-04-08,F,3rd-Person Narrator,280,280,,,265,321,F,"""Jason sprang up.""","Benjy, Dilsey, Jason, and Quentin Jr.",F,F,T,T,T,T
42,Compsons see Quentin Jr. and money are gone,1928-04-08,1928-04-08,F,3rd-Person Narrator,281,281,,,265,321,F,"""She carry the key...?""","Benjy, Dilsey, Jason, and Quentin Jr.",F,F,T,T,T,T
42,Compsons see Quentin Jr. and money are gone,1928-04-08,1928-04-08,F,3rd-Person Narrator,282,282,,,265,321,F,"""Something terrible...""","Benjy, Dilsey, Jason, and Quentin Jr.",F,F,T,T,T,T
42,Compsons see Quentin Jr. and money are gone,1928-04-08,1928-04-08,F,3rd-Person Narrator,283,283,,,265,321,F,Then he upended the box...,"Benjy, Dilsey, Jason, and Quentin Jr.",F,F,T,T,T,T
42,Compsons see Quentin Jr. and money are gone,1928-04-08,1928-04-08,F,3rd-Person Narrator,284,284,,,265,321,F,...the box in his hands...,"Benjy, Dilsey, Jason, and Quentin Jr.",F,F,T,T,T,T
43,Benjy goes to Dilsey's church,1928-04-08,1928-04-08,F,3rd-Person Narrator,292,292,,,265,321,F,"""The church...""",Benjy and Dilsey,F,F,T,F,T,F
43,Benjy goes to Dilsey's church,1928-04-08,1928-04-08,F,3rd-Person Narrator,293,293,,,265,321,F,The second man was...,Benjy and Dilsey,F,F,T,F,T,F
43,Benjy goes to Dilsey's church,1928-04-08,1928-04-08,F,3rd-Person Narrator,294,294,,,265,321,F,...with a sort of...,Benjy and Dilsey,F,F,T,F,T,F
43,Benjy goes to Dilsey's church,1928-04-08,1928-04-08,F,3rd-Person Narrator,295,295,,,265,321,F,...trascended its shabbiness...,Benjy and Dilsey,F,F,T,F,T,F
43,Benjy goes to Dilsey's church,1928-04-08,1928-04-08,F,3rd-Person Narrator,296,296,,,265,321,F,...mopped his face.,Benjy and Dilsey,F,F,T,F,T,F
43,Benjy goes to Dilsey's church,1928-04-08,1928-04-08,F,3rd-Person Narrator,297,297,,,265,321,F,Breddren!,Benjy and Dilsey,F,F,T,F,T,F
45,Sherriff refuses Jason help,1928-04-08,1928-04-08,F,3rd-Person Narrator,303,303,,,265,321,F,"""That'll do.""",Jason and Quentin Jr.,F,F,F,T,F,T
45,Sherriff refuses Jason help,1928-04-08,1928-04-08,F,3rd-Person Narrator,304,304,,,265,321,F,"""That's it, Jason.""",Jason and Quentin Jr.,F,F,F,T,F,T
46,Jason goes to Mottson,1928-04-08,1928-04-08,F,3rd-Person Narrator,305,305,,,265,321,F,"""...drove off.""",Jason and Quentin Jr.,F,F,F,T,F,T
46,Jason goes to Mottson,1928-04-08,1928-04-08,F,3rd-Person Narrator,306,306,,,265,321,F,...and the owner...,Jason and Quentin Jr.,F,F,F,T,F,T
46,Jason goes to Mottson,1928-04-08,1928-04-08,F,3rd-Person Narrator,307,307,,,265,321,F,When it was necessary...,Jason and Quentin Jr.,F,F,F,T,F,T
46,Jason goes to Mottson,1928-04-08,1928-04-08,F,3rd-Person Narrator,308,308,,,265,321,F,...have to trust to...,Jason and Quentin Jr.,F,F,F,T,F,T
46,Jason goes to Mottson,1928-04-08,1928-04-08,F,3rd-Person Narrator,309,309,,,265,321,F,...then what they did...,Jason and Quentin Jr.,F,F,F,T,F,T
46,Jason goes to Mottson,1928-04-08,1928-04-08,F,3rd-Person Narrator,310,310,,,265,321,F,...yet so fatally...,Jason and Quentin Jr.,F,F,F,T,F,T
46,Jason goes to Mottson,1928-04-08,1928-04-08,F,3rd-Person Narrator,311,311,,,265,321,F,...die seized him and he...,Jason and Quentin Jr.,F,F,F,T,F,T
46,Jason goes to Mottson,1928-04-08,1928-04-08,F,3rd-Person Narrator,312,312,,,265,321,F,"""Yes. He said they...""",Jason and Quentin Jr.,F,F,F,T,F,T
46,Jason goes to Mottson,1928-04-08,1928-04-08,F,3rd-Person Narrator,313,313,,,265,321,F,"""What'll you charge to...""",Jason and Quentin Jr.,F,F,F,T,F,T
46,Jason goes to Mottson,1928-04-08,1928-04-08,F,3rd-Person Narrator,314,314,,,265,321,F,...were turning peacefully...,Jason and Quentin Jr.,F,F,F,T,F,T
47,Jason attacks Luster,1928-04-08,1928-04-08,F,3rd-Person Narrator,320,320,,,265,321,F,"""Jason came jumping...""",Benjy and Jason,F,F,T,T,F,F
,,,,,,,,,,,,,,,,,,,,
,,,,,,,,,,,,,,,,,,,,
,,,,,,,,,,,,,,,,,,,,
,,,,,,,,,,,,,,,,,,,,
,,,,,,,,,,,,,,,,,,,,
,,,,,,,,,,,,,,,,,,,,
,,,,,,,,,,,,,,,,,,,,
,,,,,,,,,,,,,,,,,,,,
,,,,,,,,,,,,,,,,,,,,
,,,,,,,,,,,,,,,,,,,,
,,,,,,,,,,,,,,,,,,,,
,,,,,,,,,,,,,,,,,,,,
,,,,,,,,,,,,,,,,,,,,
,,,,,,,,,,,,,,,,,,,,
,,,,,,,,,,,,,,,,,,,,
,,,,,,,,,,,,,,,,,,,,
,,,,,,,,,,,,,,,,,,,,
,,,,,,,,,,,,,,,,,,,,
,,,,,,,,,,,,,,,,,,,,
,,,,,,,,,,,,,,,,,,,,
,,,,,,,,,,,,,,,,,,,,
,,,,,,,,,,,,,,,,,,,,
,,,,,,,,,,,,,,,,,,,,
,,,,,,,,,,,,,,,,,,,,
,,,,,,,,,,,,,,,,,,,,
,,,,,,,,,,,,,,,,,,,,
,,,,,,,,,,,,,,,,,,,,
,,,,,,,,,,,,,,,,,,,,
,,,,,,,,,,,,,,,,,,,,
,,,,,,,,,,,,,,,,,,,,
,,,,,,,,,,,,,,,,,,,,
,,,,,,,,,,,,,,,,,,,,
,,,,,,,,,,,,,,,,,,,,
,,,,,,,,,,,,,,,,,,,,
,,,,,,,,,,,,,,,,,,,,
,,,,,,,,,,,,,,,,,,,,
,,,,,,,,,,,,,,,,,,,,
,,,,,,,,,,,,,,,,,,,,
,,,,,,,,,,,,,,,,,,,,
,,,,,,,,,,,,,,,,,,,,
,,,,,,,,,,,,,,,,,,,,
,,,,,,,,,,,,,,,,,,,,
,,,,,,,,,,,,,,,,,,,,
,,,,,,,,,,,,,,,,,,,,
,,,,,,,,,,,,,,,,,,,,
,,,,,,,,,,,,,,,,,,,,
,,,,,,,,,,,,,,,,,,,,
,,,,,,,,,,,,,,,,,,,,
,,,,,,,,,,,,,,,,,,,,
,,,,,,,,,,,,,,,,,,,,
,,,,,,,,,,,,,,,,,,,,
,,,,,,,,,,,,,,,,,,,,
,,,,,,,,,,,,,,,,,,,,
,,,,,,,,,,,,,,,,,,,,
,,,,,,,,,,,,,,,,,,,,
,,,,,,,,,,,,,,,,,,,,
,,,,,,,,,,,,,,,,,,,,
,,,,,,,,,,,,,,,,,,,,
,,,,,,,,,,,,,,,,,,,,
,,,,,,,,,,,,,,,,,,,,
,,,,,,,,,,,,,,,,,,,,
,,,,,,,,,,,,,,,,,,,,
,,,,,,,,,,,,,,,,,,,,
,,,,,,,,,,,,,,,,,,,,
,,,,,,,,,,,,,,,,,,,,
,,,,,,,,,,,,,,,,,,,,
,,,,,,,,,,,,,,,,,,,,
,,,,,,,,,,,,,,,,,,,,
,,,,,,,,,,,,,,,,,,,,
,,,,,,,,,,,,,,,,,,,,
,,,,,,,,,,,,,,,,,,,,
,,,,,,,,,,,,,,,,,,,,
,,,,,,,,,,,,,,,,,,,,
,,,,,,,,,,,,,,,,,,,,
,,,,,,,,,,,,,,,,,,,,
,,,,,,,,,,,,,,,,,,,,
,,,,,,,,,,,,,,,,,,,,
,,,,,,,,,,,,,,,,,,,,
,,,,,,,,,,,,,,,,,,,,
,,,,,,,,,,,,,,,,,,,,
,,,,,,,,,,,,,,,,,,,,
,,,,,,,,,,,,,,,,,,,,
,,,,,,,,,,,,,,,,,,,,
,,,,,,,,,,,,,,,,,,,,
,,,,,,,,,,,,,,,,,,,,
,,,,,,,,,,,,,,,,,,,,
,,,,,,,,,,,,,,,,,,,,
,,,,,,,,,,,,,,,,,,,,
,,,,,,,,,,,,,,,,,,,,
,,,,,,,,,,,,,,,,,,,,
,,,,,,,,,,,,,,,,,,,,
,,,,,,,,,,,,,,,,,,,,
,,,,,,,,,,,,,,,,,,,,
,,,,,,,,,,,,,,,,,,,,
,,,,,,,,,,,,,,,,,,,,
,,,,,,,,,,,,,,,,,,,,
,,,,,,,,,,,,,,,,,,,,
,,,,,,,,,,,,,,,,,,,,
,,,,,,,,,,,,,,,,,,,,
,,,,,,,,,,,,,,,,,,,,
,,,,,,,,,,,,,,,,,,,,
,,,,,,,,,,,,,,,,,,,,
,,,,,,,,,,,,,,,,,,,,
,,,,,,,,,,,,,,,,,,,,
,,,,,,,,,,,,,,,,,,,,
,,,,,,,,,,,,,,,,,,,,
,,,,,,,,,,,,,,,,,,,,
,,,,,,,,,,,,,,,,,,,,
,,,,,,,,,,,,,,,,,,,,
,,,,,,,,,,,,,,,,,,,,
,,,,,,,,,,,,,,,,,,,,
,,,,,,,,,,,,,,,,,,,,
,,,,,,,,,,,,,,,,,,,,
,,,,,,,,,,,,,,,,,,,,
,,,,,,,,,,,,,,,,,,,,
,,,,,,,,,,,,,,,,,,,,
,,,,,,,,,,,,,,,,,,,,
,,,,,,,,,,,,,,,,,,,,
,,,,,,,,,,,,,,,,,,,,
,,,,,,,,,,,,,,,,,,,,
,,,,,,,,,,,,,,,,,,,,
,,,,,,,,,,,,,,,,,,,,
,,,,,,,,,,,,,,,,,,,,
,,,,,,,,,,,,,,,,,,,,
,,,,,,,,,,,,,,,,,,,,
,,,,,,,,,,,,,,,,,,,,
,,,,,,,,,,,,,,,,,,,,
,,,,,,,,,,,,,,,,,,,,
,,,,,,,,,,,,,,,,,,,,
,,,,,,,,,,,,,,,,,,,,
,,,,,,,,,,,,,,,,,,,,
,,,,,,,,,,,,,,,,,,,,
,,,,,,,,,,,,,,,,,,,,
,,,,,,,,,,,,,,,,,,,,
,,,,,,,,,,,,,,,,,,,,
,,,,,,,,,,,,,,,,,,,,
,,,,,,,,,,,,,,,,,,,,
,,,,,,,,,,,,,,,,,,,,
,,,,,,,,,,,,,,,,,,,,
,,,,,,,,,,,,,,,,,,,,
,,,,,,,,,,,,,,,,,,,,
,,,,,,,,,,,,,,,,,,,,
,,,,,,,,,,,,,,,,,,,,
,,,,,,,,,,,,,,,,,,,,
,,,,,,,,,,,,,,,,,,,,
,,,,,,,,,,,,,,,,,,,,
,,,,,,,,,,,,,,,,,,,,
,,,,,,,,,,,,,,,,,,,,
,,,,,,,,,,,,,,,,,,,,
,,,,,,,,,,,,,,,,,,,,
,,,,,,,,,,,,,,,,,,,,
,,,,,,,,,,,,,,,,,,,,
,,,,,,,,,,,,,,,,,,,,
,,,,,,,,,,,,,,,,,,,,
,,,,,,,,,,,,,,,,,,,,
,,,,,,,,,,,,,,,,,,,,
,,,,,,,,,,,,,,,,,,,,
,,,,,,,,,,,,,,,,,,,,
,,,,,,,,,,,,,,,,,,,,
,,,,,,,,,,,,,,,,,,,,
,,,,,,,,,,,,,,,,,,,,
,,,,,,,,,,,,,,,,,,,,
,,,,,,,,,,,,,,,,,,,,
,,,,,,,,,,,,,,,,,,,,
,,,,,,,,,,,,,,,,,,,,
,,,,,,,,,,,,,,,,,,,,
,,,,,,,,,,,,,,,,,,,,
,,,,,,,,,,,,,,,,,,,,
,,,,,,,,,,,,,,,,,,,,
,,,,,,,,,,,,,,,,,,,,
,,,,,,,,,,,,,,,,,,,,
,,,,,,,,,,,,,,,,,,,,
,,,,,,,,,,,,,,,,,,,,
,,,,,,,,,,,,,,,,,,,,
,,,,,,,,,,,,,,,,,,,,
,,,,,,,,,,,,,,,,,,,,
,,,,,,,,,,,,,,,,,,,,
,,,,,,,,,,,,,,,,,,,,
,,,,,,,,,,,,,,,,,,,,
,,,,,,,,,,,,,,,,,,,,
,,,,,,,,,,,,,,,,,,,,
,,,,,,,,,,,,,,,,,,,,
,,,,,,,,,,,,,,,,,,,,
,,,,,,,,,,,,,,,,,,,,
,,,,,,,,,,,,,,,,,,,,
,,,,,,,,,,,,,,,,,,,,
,,,,,,,,,,,,,,,,,,,,
,,,,,,,,,,,,,,,,,,,,
,,,,,,,,,,,,,,,,,,,,
,,,,,,,,,,,,,,,,,,,,
,,,,,,,,,,,,,,,,,,,,
,,,,,,,,,,,,,,,,,,,,
,,,,,,,,,,,,,,,,,,,,
,,,,,,,,,,,,,,,,,,,,
,,,,,,,,,,,,,,,,,,,,
,,,,,,,,,,,,,,,,,,,,
,,,,,,,,,,,,,,,,,,,,
,,,,,,,,,,,,,,,,,,,,
,,,,,,,,,,,,,,,,,,,,
,,,,,,,,,,,,,,,,,,,,
,,,,,,,,,,,,,,,,,,,,
,,,,,,,,,,,,,,,,,,,,
,,,,,,,,,,,,,,,,,,,,
,,,,,,,,,,,,,,,,,,,,
,,,,,,,,,,,,,,,,,,,,
,,,,,,,,,,,,,,,,,,,,
,,,,,,,,,,,,,,,,,,,,
,,,,,,,,,,,,,,,,,,,,
,,,,,,,,,,,,,,,,,,,,
,,,,,,,,,,,,,,,,,,,,
,,,,,,,,,,,,,,,,,,,,
,,,,,,,,,,,,,,,,,,,,
,,,,,,,,,,,,,,,,,,,,
,,,,,,,,,,,,,,,,,,,,
,,,,,,,,,,,,,,,,,,,,
,,,,,,,,,,,,,,,,,,,,
,,,,,,,,,,,,,,,,,,,,
,,,,,,,,,,,,,,,,,,,,
,,,,,,,,,,,,,,,,,,,,
,,,,,,,,,,,,,,,,,,,,
,,,,,,,,,,,,,,,,,,,,
,,,,,,,,,,,,,,,,,,,,
,,,,,,,,,,,,,,,,,,,,
,,,,,,,,,,,,,,,,,,,,
,,,,,,,,,,,,,,,,,,,,
,,,,,,,,,,,,,,,,,,,,
,,,,,,,,,,,,,,,,,,,,
,,,,,,,,,,,,,,,,,,,,
,,,,,,,,,,,,,,,,,,,,
,,,,,,,,,,,,,,,,,,,,
,,,,,,,,,,,,,,,,,,,,
,,,,,,,,,,,,,,,,,,,,
,,,,,,,,,,,,,,,,,,,,
,,,,,,,,,,,,,,,,,,,,
,,,,,,,,,,,,,,,,,,,,
,,,,,,,,,,,,,,,,,,,,
,,,,,,,,,,,,,,,,,,,,
,,,,,,,,,,,,,,,,,,,,
,,,,,,,,,,,,,,,,,,,,
,,,,,,,,,,,,,,,,,,,,
,,,,,,,,,,,,,,,,,,,,
,,,,,,,,,,,,,,,,,,,,
,,,,,,,,,,,,,,,,,,,,
,,,,,,,,,,,,,,,,,,,,
,,,,,,,,,,,,,,,,,,,,
,,,,,,,,,,,,,,,,,,,,
,,,,,,,,,,,,,,,,,,,,
,,,,,,,,,,,,,,,,,,,,
,,,,,,,,,,,,,,,,,,,,
,,,,,,,,,,,,,,,,,,,,
,,,,,,,,,,,,,,,,,,,,
,,,,,,,,,,,,,,,,,,,,
,,,,,,,,,,,,,,,,,,,,
,,,,,,,,,,,,,,,,,,,,
,,,,,,,,,,,,,,,,,,,,
,,,,,,,,,,,,,,,,,,,,
,,,,,,,,,,,,,,,,,,,,
,,,,,,,,,,,,,,,,,,,,
,,,,,,,,,,,,,,,,,,,,
,,,,,,,,,,,,,,,,,,,,
,,,,,,,,,,,,,,,,,,,,
,,,,,,,,,,,,,,,,,,,,
,,,,,,,,,,,,,,,,,,,,
,,,,,,,,,,,,,,,,,,,,
,,,,,,,,,,,,,,,,,,,,
,,,,,,,,,,,,,,,,,,,,
,,,,,,,,,,,,,,,,,,,,
,,,,,,,,,,,,,,,,,,,,
,,,,,,,,,,,,,,,,,,,,
,,,,,,,,,,,,,,,,,,,,
,,,,,,,,,,,,,,,,,,,,
,,,,,,,,,,,,,,,,,,,,
,,,,,,,,,,,,,,,,,,,,
,,,,,,,,,,,,,,,,,,,,
,,,,,,,,,,,,,,,,,,,,
,,,,,,,,,,,,,,,,,,,,
,,,,,,,,,,,,,,,,,,,,
,,,,,,,,,,,,,,,,,,,,
,,,,,,,,,,,,,,,,,,,,
,,,,,,,,,,,,,,,,,,,,
,,,,,,,,,,,,,,,,,,,,
,,,,,,,,,,,,,,,,,,,,
,,,,,,,,,,,,,,,,,,,,
,,,,,,,,,,,,,,,,,,,,
,,,,,,,,,,,,,,,,,,,,
,,,,,,,,,,,,,,,,,,,,
,,,,,,,,,,,,,,,,,,,,
,,,,,,,,,,,,,,,,,,,,
,,,,,,,,,,,,,,,,,,,,
,,,,,,,,,,,,,,,,,,,,
,,,,,,,,,,,,,,,,,,,,
,,,,,,,,,,,,,,,,,,,,
,,,,,,,,,,,,,,,,,,,,
,,,,,,,,,,,,,,,,,,,,
,,,,,,,,,,,,,,,,,,,,
,,,,,,,,,,,,,,,,,,,,
,,,,,,,,,,,,,,,,,,,,
,,,,,,,,,,,,,,,,,,,,
,,,,,,,,,,,,,,,,,,,,
,,,,,,,,,,,,,,,,,,,,
,,,,,,,,,,,,,,,,,,,,
,,,,,,,,,,,,,,,,,,,,
,,,,,,,,,,,,,,,,,,,,
,,,,,,,,,,,,,,,,,,,,
,,,,,,,,,,,,,,,,,,,,
,,,,,,,,,,,,,,,,,,,,
,,,,,,,,,,,,,,,,,,,,
,,,,,,,,,,,,,,,,,,,,
,,,,,,,,,,,,,,,,,,,,
,,,,,,,,,,,,,,,,,,,,
,,,,,,,,,,,,,,,,,,,,
,,,,,,,,,,,,,,,,,,,,
,,,,,,,,,,,,,,,,,,,,
,,,,,,,,,,,,,,,,,,,,
,,,,,,,,,,,,,,,,,,,,
,,,,,,,,,,,,,,,,,,,,
,,,,,,,,,,,,,,,,,,,,
,,,,,,,,,,,,,,,,,,,,
,,,,,,,,,,,,,,,,,,,,
,,,,,,,,,,,,,,,,,,,,
,,,,,,,,,,,,,,,,,,,,
,,,,,,,,,,,,,,,,,,,,
,,,,,,,,,,,,,,,,,,,,
,,,,,,,,,,,,,,,,,,,,
,,,,,,,,,,,,,,,,,,,,
,,,,,,,,,,,,,,,,,,,,
,,,,,,,,,,,,,,,,,,,,
,,,,,,,,,,,,,,,,,,,,
,,,,,,,,,,,,,,,,,,,,
,,,,,,,,,,,,,,,,,,,,
,,,,,,,,,,,,,,,,,,,,
,,,,,,,,,,,,,,,,,,,,
,,,,,,,,,,,,,,,,,,,,
,,,,,,,,,,,,,,,,,,,,
,,,,,,,,,,,,,,,,,,,,
,,,,,,,,,,,,,,,,,,,,
,,,,,,,,,,,,,,,,,,,,
,,,,,,,,,,,,,,,,,,,,
,,,,,,,,,,,,,,,,,,,,
,,,,,,,,,,,,,,,,,,,,
,,,,,,,,,,,,,,,,,,,,
,,,,,,,,,,,,,,,,,,,,
,,,,,,,,,,,,,,,,,,,,
,,,,,,,,,,,,,,,,,,,,
,,,,,,,,,,,,,,,,,,,,
,,,,,,,,,,,,,,,,,,,,
,,,,,,,,,,,,,,,,,,,,
,,,,,,,,,,,,,,,,,,,,
,,,,,,,,,,,,,,,,,,,,
,,,,,,,,,,,,,,,,,,,,
,,,,,,,,,,,,,,,,,,,,
,,,,,,,,,,,,,,,,,,,,
,,,,,,,,,,,,,,,,,,,,
,,,,,,,,,,,,,,,,,,,,
,,,,,,,,,,,,,,,,,,,,
,,,,,,,,,,,,,,,,,,,,
,,,,,,,,,,,,,,,,,,,,
,,,,,,,,,,,,,,,,,,,,
,,,,,,,,,,,,,,,,,,,,
,,,,,,,,,,,,,,,,,,,,
,,,,,,,,,,,,,,,,,,,,
,,,,,,,,,,,,,,,,,,,,
,,,,,,,,,,,,,,,,,,,,
,,,,,,,,,,,,,,,,,,,,
,,,,,,,,,,,,,,,,,,,,
,,,,,,,,,,,,,,,,,,,,
,,,,,,,,,,,,,,,,,,,,
,,,,,,,,,,,,,,,,,,,,
,,,,,,,,,,,,,,,,,,,,
,,,,,,,,,,,,,,,,,,,,
,,,,,,,,,,,,,,,,,,,,
,,,,,,,,,,,,,,,,,,,,
,,,,,,,,,,,,,,,,,,,,
,,,,,,,,,,,,,,,,,,,,
,,,,,,,,,,,,,,,,,,,,
,,,,,,,,,,,,,,,,,,,,
,,,,,,,,,,,,,,,,,,,,
,,,,,,,,,,,,,,,,,,,,
,,,,,,,,,,,,,,,,,,,,
,,,,,,,,,,,,,,,,,,,,
,,,,,,,,,,,,,,,,,,,,
,,,,,,,,,,,,,,,,,,,,
,,,,,,,,,,,,,,,,,,,,
,,,,,,,,,,,,,,,,,,,,
,,,,,,,,,,,,,,,,,,,,
,,,,,,,,,,,,,,,,,,,,
,,,,,,,,,,,,,,,,,,,,
,,,,,,,,,,,,,,,,,,,,
,,,,,,,,,,,,,,,,,,,,
,,,,,,,,,,,,,,,,,,,,
,,,,,,,,,,,,,,,,,,,,
,,,,,,,,,,,,,,,,,,,,
,,,,,,,,,,,,,,,,,,,,
,,,,,,,,,,,,,,,,,,,,
,,,,,,,,,,,,,,,,,,,,
,,,,,,,,,,,,,,,,,,,,
,,,,,,,,,,,,,,,,,,,,
,,,,,,,,,,,,,,,,,,,,
,,,,,,,,,,,,,,,,,,,,
,,,,,,,,,,,,,,,,,,,,
,,,,,,,,,,,,,,,,,,,,
,,,,,,,,,,,,,,,,,,,,
,,,,,,,,,,,,,,,,,,,,
,,,,,,,,,,,,,,,,,,,,
,,,,,,,,,,,,,,,,,,,,
,,,,,,,,,,,,,,,,,,,,
,,,,,,,,,,,,,,,,,,,,
,,,,,,,,,,,,,,,,,,,,
,,,,,,,,,,,,,,,,,,,,
,,,,,,,,,,,,,,,,,,,,
,,,,,,,,,,,,,,,,,,,,
,,,,,,,,,,,,,,,,,,,,
,,,,,,,,,,,,,,,,,,,,
,,,,,,,,,,,,,,,,,,,,
,,,,,,,,,,,,,,,,,,,,
,,,,,,,,,,,,,,,,,,,,
,,,,,,,,,,,,,,,,,,,,
,,,,,,,,,,,,,,,,,,,,
,,,,,,,,,,,,,,,,,,,,
,,,,,,,,,,,,,,,,,,,,
,,,,,,,,,,,,,,,,,,,,
,,,,,,,,,,,,,,,,,,,,
,,,,,,,,,,,,,,,,,,,,
,,,,,,,,,,,,,,,,,,,,
,,,,,,,,,,,,,,,,,,,,
,,,,,,,,,,,,,,,,,,,,
,,,,,,,,,,,,,,,,,,,,
,,,,,,,,,,,,,,,,,,,,
,,,,,,,,,,,,,,,,,,,,
,,,,,,,,,,,,,,,,,,,,
,,,,,,,,,,,,,,,,,,,,
,,,,,,,,,,,,,,,,,,,,
,,,,,,,,,,,,,,,,,,,,
,,,,,,,,,,,,,,,,,,,,
,,,,,,,,,,,,,,,,,,,,
,,,,,,,,,,,,,,,,,,,,
,,,,,,,,,,,,,,,,,,,,
,,,,,,,,,,,,,,,,,,,,
,,,,,,,,,,,,,,,,,,,,
,,,,,,,,,,,,,,,,,,,,
,,,,,,,,,,,,,,,,,,,,
,,,,,,,,,,,,,,,,,,,,
,,,,,,,,,,,,,,,,,,,,
,,,,,,,,,,,,,,,,,,,,
,,,,,,,,,,,,,,,,,,,,
,,,,,,,,,,,,,,,,,,,,
,,,,,,,,,,,,,,,,,,,,
,,,,,,,,,,,,,,,,,,,,
,,,,,,,,,,,,,,,,,,,,
,,,,,,,,,,,,,,,,,,,,
,,,,,,,,,,,,,,,,,,,,
,,,,,,,,,,,,,,,,,,,,
,,,,,,,,,,,,,,,,,,,,
,,,,,,,,,,,,,,,,,,,,
,,,,,,,,,,,,,,,,,,,,
,,,,,,,,,,,,,,,,,,,,
,,,,,,,,,,,,,,,,,,,,
,,,,,,,,,,,,,,,,,,,,
,,,,,,,,,,,,,,,,,,,,
,,,,,,,,,,,,,,,,,,,,
,,,,,,,,,,,,,,,,,,,,
,,,,,,,,,,,,,,,,,,,,
,,,,,,,,,,,,,,,,,,,,
,,,,,,,,,,,,,,,,,,,,
,,,,,,,,,,,,,,,,,,,,
,,,,,,,,,,,,,,,,,,,,
,,,,,,,,,,,,,,,,,,,,
,,,,,,,,,,,,,,,,,,,,
,,,,,,,,,,,,,,,,,,,,
,,,,,,,,,,,,,,,,,,,,
,,,,,,,,,,,,,,,,,,,,
,,,,,,,,,,,,,,,,,,,,
,,,,,,,,,,,,,,,,,,,,
,,,,,,,,,,,,,,,,,,,,
,,,,,,,,,,,,,,,,,,,,
,,,,,,,,,,,,,,,,,,,,
,,,,,,,,,,,,,,,,,,,,
,,,,,,,,,,,,,,,,,,,,
,,,,,,,,,,,,,,,,,,,,
,,,,,,,,,,,,,,,,,,,,
,,,,,,,,,,,,,,,,,,,,
,,,,,,,,,,,,,,,,,,,,
,,,,,,,,,,,,,,,,,,,,
,,,,,,,,,,,,,,,,,,,,
,,,,,,,,,,,,,,,,,,,,
,,,,,,,,,,,,,,,,,,,,
,,,,,,,,,,,,,,,,,,,,
,,,,,,,,,,,,,,,,,,,,
,,,,,,,,,,,,,,,,,,,,
,,,,,,,,,,,,,,,,,,,,
,,,,,,,,,,,,,,,,,,,,
,,,,,,,,,,,,,,,,,,,,
,,,,,,,,,,,,,,,,,,,,
,,,,,,,,,,,,,,,,,,,,
,,,,,,,,,,,,,,,,,,,,
,,,,,,,,,,,,,,,,,,,,
,,,,,,,,,,,,,,,,,,,,
,,,,,,,,,,,,,,,,,,,,
,,,,,,,,,,,,,,,,,,,,
,,,,,,,,,,,,,,,,,,,,
,,,,,,,,,,,,,,,,,,,,
,,,,,,,,,,,,,,,,,,,,
,,,,,,,,,,,,,,,,,,,,
,,,,,,,,,,,,,,,,,,,,
,,,,,,,,,,,,,,,,,,,,
,,,,,,,,,,,,,,,,,,,,
,,,,,,,,,,,,,,,,,,,,
,,,,,,,,,,,,,,,,,,,,
,,,,,,,,,,,,,,,,,,,,
,,,,,,,,,,,,,,,,,,,,
,,,,,,,,,,,,,,,,,,,,
,,,,,,,,,,,,,,,,,,,,
,,,,,,,,,,,,,,,,,,,,
,,,,,,,,,,,,,,,,,,,,
,,,,,,,,,,,,,,,,,,,,
,,,,,,,,,,,,,,,,,,,,
,,,,,,,,,,,,,,,,,,,,
,,,,,,,,,,,,,,,,,,,,
,,,,,,,,,,,,,,,,,,,,
,,,,,,,,,,,,,,,,,,,,
,,,,,,,,,,,,,,,,,,,,
,,,,,,,,,,,,,,,,,,,,
,,,,,,,,,,,,,,,,,,,,
,,,,,,,,,,,,,,,,,,,,
,,,,,,,,,,,,,,,,,,,,
,,,,,,,,,,,,,,,,,,,,
,,,,,,,,,,,,,,,,,,,,
,,,,,,,,,,,,,,,,,,,,
,,,,,,,,,,,,,,,,,,,,
,,,,,,,,,,,,,,,,,,,,
,,,,,,,,,,,,,,,,,,,,
,,,,,,,,,,,,,,,,,,,,
,,,,,,,,,,,,,,,,,,,,
,,,,,,,,,,,,,,,,,,,,
,,,,,,,,,,,,,,,,,,,,
,,,,,,,,,,,,,,,,,,,,
,,,,,,,,,,,,,,,,,,,,
,,,,,,,,,,,,,,,,,,,,
,,,,,,,,,,,,,,,,,,,,
,,,,,,,,,,,,,,,,,,,,
,,,,,,,,,,,,,,,,,,,,
,,,,,,,,,,,,,,,,,,,,
,,,,,,,,,,,,,,,,,,,,
,,,,,,,,,,,,,,,,,,,,
,,,,,,,,,,,,,,,,,,,,
,,,,,,,,,,,,,,,,,,,,
,,,,,,,,,,,,,,,,,,,,
,,,,,,,,,,,,,,,,,,,,
,,,,,,,,,,,,,,,,,,,,
,,,,,,,,,,,,,,,,,,,,
,,,,,,,,,,,,,,,,,,,,
,,,,,,,,,,,,,,,,,,,,
,,,,,,,,,,,,,,,,,,,,
,,,,,,,,,,,,,,,,,,,,
,,,,,,,,,,,,,,,,,,,,
,,,,,,,,,,,,,,,,,,,,
,,,,,,,,,,,,,,,,,,,,
,,,,,,,,,,,,,,,,,,,,
,,,,,,,,,,,,,,,,,,,,
,,,,,,,,,,,,,,,,,,,,
,,,,,,,,,,,,,,,,,,,,
,,,,,,,,,,,,,,,,,,,,
,,,,,,,,,,,,,,,,,,,,
,,,,,,,,,,,,,,,,,,,,
,,,,,,,,,,,,,,,,,,,,
,,,,,,,,,,,,,,,,,,,,
,,,,,,,,,,,,,,,,,,,,
,,,,,,,,,,,,,,,,,,,,
,,,,,,,,,,,,,,,,,,,,
,,,,,,,,,,,,,,,,,,,,
,,,,,,,,,,,,,,,,,,,,
,,,,,,,,,,,,,,,,,,,,
,,,,,,,,,,,,,,,,,,,,
,,,,,,,,,,,,,,,,,,,,
,,,,,,,,,,,,,,,,,,,,
,,,,,,,,,,,,,,,,,,,,
,,,,,,,,,,,,,,,,,,,,
,,,,,,,,,,,,,,,,,,,,
,,,,,,,,,,,,,,,,,,,,
,,,,,,,,,,,,,,,,,,,,
,,,,,,,,,,,,,,,,,,,,
,,,,,,,,,,,,,,,,,,,,
,,,,,,,,,,,,,,,,,,,,
,,,,,,,,,,,,,,,,,,,,
,,,,,,,,,,,,,,,,,,,,
,,,,,,,,,,,,,,,,,,,,
,,,,,,,,,,,,,,,,,,,,
,,,,,,,,,,,,,,,,,,,,
,,,,,,,,,,,,,,,,,,,,
,,,,,,,,,,,,,,,,,,,,
,,,,,,,,,,,,,,,,,,,,
,,,,,,,,,,,,,,,,,,,,
,,,,,,,,,,,,,,,,,,,,
,,,,,,,,,,,,,,,,,,,,
,,,,,,,,,,,,,,,,,,,,
,,,,,,,,,,,,,,,,,,,,
,,,,,,,,,,,,,,,,,,,,
,,,,,,,,,,,,,,,,,,,,
,,,,,,,,,,,,,,,,,,,,
,,,,,,,,,,,,,,,,,,,,
,,,,,,,,,,,,,,,,,,,,
,,,,,,,,,,,,,,,,,,,,
,,,,,,,,,,,,,,,,,,,,
,,,,,,,,,,,,,,,,,,,,
,,,,,,,,,,,,,,,,,,,,
,,,,,,,,,,,,,,,,,,,,
,,,,,,,,,,,,,,,,,,,,
,,,,,,,,,,,,,,,,,,,,
,,,,,,,,,,,,,,,,,,,,
,,,,,,,,,,,,,,,,,,,,
,,,,,,,,,,,,,,,,,,,,
,,,,,,,,,,,,,,,,,,,,
,,,,,,,,,,,,,,,,,,,,
,,,,,,,,,,,,,,,,,,,,
,,,,,,,,,,,,,,,,,,,,
,,,,,,,,,,,,,,,,,,,,
,,,,,,,,,,,,,,,,,,,,
,,,,,,,,,,,,,,,,,,,,
,,,,,,,,,,,,,,,,,,,,
,,,,,,,,,,,,,,,,,,,,
,,,,,,,,,,,,,,,,,,,,
,,,,,,,,,,,,,,,,,,,,
,,,,,,,,,,,,,,,,,,,,
,,,,,,,,,,,,,,,,,,,,
,,,,,,,,,,,,,,,,,,,,
,,,,,,,,,,,,,,,,,,,,
,,,,,,,,,,,,,,,,,,,,
,,,,,,,,,,,,,,,,,,,,
,,,,,,,,,,,,,,,,,,,,
,,,,,,,,,,,,,,,,,,,,
,,,,,,,,,,,,,,,,,,,,
,,,,,,,,,,,,,,,,,,,,
,,,,,,,,,,,,,,,,,,,,
,,,,,,,,,,,,,,,,,,,,
,,,,,,,,,,,,,,,,,,,,
,,,,,,,,,,,,,,,,,,,,
,,,,,,,,,,,,,,,,,,,,
,,,,,,,,,,,,,,,,,,,,
,,,,,,,,,,,,,,,,,,,,
,,,,,,,,,,,,,,,,,,,,
,,,,,,,,,,,,,,,,,,,,
,,,,,,,,,,,,,,,,,,,,
,,,,,,,,,,,,,,,,,,,,
,,,,,,,,,,,,,,,,,,,,
,,,,,,,,,,,,,,,,,,,,
,,,,,,,,,,,,,,,,,,,,
,,,,,,,,,,,,,,,,,,,,
,,,,,,,,,,,,,,,,,,,,
,,,,,,,,,,,,,,,,,,,,
,,,,,,,,,,,,,,,,,,,,
,,,,,,,,,,,,,,,,,,,,
,,,,,,,,,,,,,,,,,,,,
,,,,,,,,,,,,,,,,,,,,
,,,,,,,,,,,,,,,,,,,,
,,,,,,,,,,,,,,,,,,,,
,,,,,,,,,,,,,,,,,,,,
,,,,,,,,,,,,,,,,,,,,
,,,,,,,,,,,,,,,,,,,,
,,,,,,,,,,,,,,,,,,,,
,,,,,,,,,,,,,,,,,,,,
,,,,,,,,,,,,,,,,,,,,
,,,,,,,,,,,,,,,,,,,,
,,,,,,,,,,,,,,,,,,,,
,,,,,,,,,,,,,,,,,,,,
,,,,,,,,,,,,,,,,,,,,
,,,,,,,,,,,,,,,,,,,,
,,,,,,,,,,,,,,,,,,,,
,,,,,,,,,,,,,,,,,,,,
,,,,,,,,,,,,,,,,,,,,
,,,,,,,,,,,,,,,,,,,,
,,,,,,,,,,,,,,,,,,,,
,,,,,,,,,,,,,,,,,,,,
,,,,,,,,,,,,,,,,,,,,
,,,,,,,,,,,,,,,,,,,,
,,,,,,,,,,,,,,,,,,,,
,,,,,,,,,,,,,,,,,,,,
,,,,,,,,,,,,,,,,,,,,
,,,,,,,,,,,,,,,,,,,,
,,,,,,,,,,,,,,,,,,,,
,,,,,,,,,,,,,,,,,,,,
,,,,,,,,,,,,,,,,,,,,
,,,,,,,,,,,,,,,,,,,,
,,,,,,,,,,,,,,,,,,,,
,,,,,,,,,,,,,,,,,,,,
,,,,,,,,,,,,,,,,,,,,
,,,,,,,,,,,,,,,,,,,,
,,,,,,,,,,,,,,,,,,,,
,,,,,,,,,,,,,,,,,,,,
,,,,,,,,,,,,,,,,,,,,
,,,,,,,,,,,,,,,,,,,,
,,,,,,,,,,,,,,,,,,,,
,,,,,,,,,,,,,,,,,,,,
,,,,,,,,,,,,,,,,,,,,
,,,,,,,,,,,,,,,,,,,,
,,,,,,,,,,,,,,,,,,,,
,,,,,,,,,,,,,,,,,,,,
,,,,,,,,,,,,,,,,,,,,
,,,,,,,,,,,,,,,,,,,,
,,,,,,,,,,,,,,,,,,,,
,,,,,,,,,,,,,,,,,,,,
,,,,,,,,,,,,,,,,,,,,
,,,,,,,,,,,,,,,,,,,,
,,,,,,,,,,,,,,,,,,,,
,,,,,,,,,,,,,,,,,,,,
,,,,,,,,,,,,,,,,,,,,
,,,,,,,,,,,,,,,,,,,,
,,,,,,,,,,,,,,,,,,,,
,,,,,,,,,,,,,,,,,,,,
,,,,,,,,,,,,,,,,,,,,
,,,,,,,,,,,,,,,,,,,,
,,,,,,,,,,,,,,,,,,,,
,,,,,,,,,,,,,,,,,,,,
,,,,,,,,,,,,,,,,,,,,
,,,,,,,,,,,,,,,,,,,,
,,,,,,,,,,,,,,,,,,,,
,,,,,,,,,,,,,,,,,,,,
,,,,,,,,,,,,,,,,,,,,
,,,,,,,,,,,,,,,,,,,,
,,,,,,,,,,,,,,,,,,,,
,,,,,,,,,,,,,,,,,,,,
,,,,,,,,,,,,,,,,,,,,
,,,,,,,,,,,,,,,,,,,,
,,,,,,,,,,,,,,,,,,,,
,,,,,,,,,,,,,,,,,,,,
,,,,,,,,,,,,,,,,,,,,
,,,,,,,,,,,,,,,,,,,,
,,,,,,,,,,,,,,,,,,,,
,,,,,,,,,,,,,,,,,,,,
,,,,,,,,,,,,,,,,,,,,
,,,,,,,,,,,,,,,,,,,,
,,,,,,,,,,,,,,,,,,,,
,,,,,,,,,,,,,,,,,,,,
,,,,,,,,,,,,,,,,,,,,
,,,,,,,,,,,,,,,,,,,,
,,,,,,,,,,,,,,,,,,,,
,,,,,,,,,,,,,,,,,,,,
,,,,,,,,,,,,,,,,,,,,
,,,,,,,,,,,,,,,,,,,,
,,,,,,,,,,,,,,,,,,,,
,,,,,,,,,,,,,,,,,,,,
,,,,,,,,,,,,,,,,,,,,
,,,,,,,,,,,,,,,,,,,,
,,,,,,,,,,,,,,,,,,,,
,,,,,,,,,,,,,,,,,,,,
,,,,,,,,,,,,,,,,,,,,
,,,,,,,,,,,,,,,,,,,,
,,,,,,,,,,,,,,,,,,,,
,,,,,,,,,,,,,,,,,,,,
,,,,,,,,,,,,,,,,,,,,
,,,,,,,,,,,,,,,,,,,,
,,,,,,,,,,,,,,,,,,,,
,,,,,,,,,,,,,,,,,,,,
,,,,,,,,,,,,,,,,,,,,
,,,,,,,,,,,,,,,,,,,,
,,,,,,,,,,,,,,,,,,,,
,,,,,,,,,,,,,,,,,,,,
,,,,,,,,,,,,,,,,,,,,
,,,,,,,,,,,,,,,,,,,,
,,,,,,,,,,,,,,,,,,,,
,,,,,,,,,,,,,,,,,,,,
,,,,,,,,,,,,,,,,,,,,
,,,,,,,,,,,,,,,,,,,,
,,,,,,,,,,,,,,,,,,,,
,,,,,,,,,,,,,,,,,,,,
,,,,,,,,,,,,,,,,,,,,
,,,,,,,,,,,,,,,,,,,,
,,,,,,,,,,,,,,,,,,,,
,,,,,,,,,,,,,,,,,,,,
,,,,,,,,,,,,,,,,,,,,
,,,,,,,,,,,,,,,,,,,,
,,,,,,,,,,,,,,,,,,,,
,,,,,,,,,,,,,,,,,,,,
,,,,,,,,,,,,,,,,,,,,
,,,,,,,,,,,,,,,,,,,,
,,,,,,,,,,,,,,,,,,,,
,,,,,,,,,,,,,,,,,,,,
,,,,,,,,,,,,,,,,,,,,
,,,,,,,,,,,,,,,,,,,,
,,,,,,,,,,,,,,,,,,,,
,,,,,,,,,,,,,,,,,,,,
,,,,,,,,,,,,,,,,,,,,
,,,,,,,,,,,,,,,,,,,,
,,,,,,,,,,,,,,,,,,,,
,,,,,,,,,,,,,,,,,,,,
,,,,,,,,,,,,,,,,,,,,
,,,,,,,,,,,,,,,,,,,,
,,,,,,,,,,,,,,,,,,,,
,,,,,,,,,,,,,,,,,,,,
,,,,,,,,,,,,,,,,,,,,
,,,,,,,,,,,,,,,,,,,,
,,,,,,,,,,,,,,,,,,,,
,,,,,,,,,,,,,,,,,,,,
,,,,,,,,,,,,,,,,,,,,
,,,,,,,,,,,,,,,,,,,,
,,,,,,,,,,,,,,,,,,,,
,,,,,,,,,,,,,,,,,,,,
,,,,,,,,,,,,,,,,,,,,
,,,,,,,,,,,,,,,,,,,,
,,,,,,,,,,,,,,,,,,,,
,,,,,,,,,,,,,,,,,,,,
,,,,,,,,,,,,,,,,,,,,
,,,,,,,,,,,,,,,,,,,,
,,,,,,,,,,,,,,,,,,,,
,,,,,,,,,,,,,,,,,,,,
,,,,,,,,,,,,,,,,,,,,
,,,,,,,,,,,,,,,,,,,,
,,,,,,,,,,,,,,,,,,,,
,,,,,,,,,,,,,,,,,,,,
,,,,,,,,,,,,,,,,,,,,
,,,,,,,,,,,,,,,,,,,,
,,,,,,,,,,,,,,,,,,,,
,,,,,,,,,,,,,,,,,,,,
,,,,,,,,,,,,,,,,,,,,
,,,,,,,,,,,,,,,,,,,,
,,,,,,,,,,,,,,,,,,,,
,,,,,,,,,,,,,,,,,,,,
,,,,,,,,,,,,,,,,,,,,
,,,,,,,,,,,,,,,,,,,,
,,,,,,,,,,,,,,,,,,,,
,,,,,,,,,,,,,,,,,,,,
,,,,,,,,,,,,,,,,,,,,
,,,,,,,,,,,,,,,,,,,,
,,,,,,,,,,,,,,,,,,,,
,,,,,,,,,,,,,,,,,,,,
,,,,,,,,,,,,,,,,,,,,
,,,,,,,,,,,,,,,,,,,,
,,,,,,,,,,,,,,,,,,,,
,,,,,,,,,,,,,,,,,,,,
,,,,,,,,,,,,,,,,,,,,
,,,,,,,,,,,,,,,,,,,,
,,,,,,,,,,,,,,,,,,,,
,,,,,,,,,,,,,,,,,,,,
,,,,,,,,,,,,,,,,,,,,
,,,,,,,,,,,,,,,,,,,,
,,,,,,,,,,,,,,,,,,,,
,,,,,,,,,,,,,,,,,,,,
,,,,,,,,,,,,,,,,,,,,
,,,,,,,,,,,,,,,,,,,,
,,,,,,,,,,,,,,,,,,,,
,,,,,,,,,,,,,,,,,,,,
,,,,,,,,,,,,,,,,,,,,
,,,,,,,,,,,,,,,,,,,,
,,,,,,,,,,,,,,,,,,,,
,,,,,,,,,,,,,,,,,,,,
,,,,,,,,,,,,,,,,,,,,
,,,,,,,,,,,,,,,,,,,,
,,,,,,,,,,,,,,,,,,,,
,,,,,,,,,,,,,,,,,,,,
,,,,,,,,,,,,,,,,,,,,
,,,,,,,,,,,,,,,,,,,,
,,,,,,,,,,,,,,,,,,,,
,,,,,,,,,,,,,,,,,,,,
,,,,,,,,,,,,,,,,,,,,
,,,,,,,,,,,,,,,,,,,,
,,,,,,,,,,,,,,,,,,,,
,,,,,,,,,,,,,,,,,,,,
,,,,,,,,,,,,,,,,,,,,
,,,,,,,,,,,,,,,,,,,,
,,,,,,,,,,,,,,,,,,,,
,,,,,,,,,,,,,,,,,,,,
,,,,,,,,,,,,,,,,,,,,
,,,,,,,,,,,,,,,,,,,,
,,,,,,,,,,,,,,,,,,,,
,,,,,,,,,,,,,,,,,,,,
,,,,,,,,,,,,,,,,,,,,
,,,,,,,,,,,,,,,,,,,,
,,,,,,,,,,,,,,,,,,,,
,,,,,,,,,,,,,,,,,,,,
,,,,,,,,,,,,,,,,,,,,
,,,,,,,,,,,,,,,,,,,,
,,,,,,,,,,,,,,,,,,,,
,,,,,,,,,,,,,,,,,,,,
,,,,,,,,,,,,,,,,,,,,
,,,,,,,,,,,,,,,,,,,,
,,,,,,,,,,,,,,,,,,,,
,,,,,,,,,,,,,,,,,,,,
,,,,,,,,,,,,,,,,,,,,
,,,,,,,,,,,,,,,,,,,,
,,,,,,,,,,,,,,,,,,,,
,,,,,,,,,,,,,,,,,,,,
,,,,,,,,,,,,,,,,,,,,
,,,,,,,,,,,,,,,,,,,,
,,,,,,,,,,,,,,,,,,,,
,,,,,,,,,,,,,,,,,,,,
,,,,,,,,,,,,,,,,,,,,
,,,,,,,,,,,,,,,,,,,,
,,,,,,,,,,,,,,,,,,,,
,,,,,,,,,,,,,,,,,,,,
,,,,,,,,,,,,,,,,,,,,
,,,,,,,,,,,,,,,,,,,,
,,,,,,,,,,,,,,,,,,,,
,,,,,,,,,,,,,,,,,,,,
,,,,,,,,,,,,,,,,,,,,
,,,,,,,,,,,,,,,,,,,,
,,,,,,,,,,,,,,,,,,,,
,,,,,,,,,,,,,,,,,,,,
,,,,,,,,,,,,,,,,,,,,
,,,,,,,,,,,,,,,,,,,,
,,,,,,,,,,,,,,,,,,,,
,,,,,,,,,,,,,,,,,,,,
,,,,,,,,,,,,,,,,,,,,
,,,,,,,,,,,,,,,,,,,,
,,,,,,,,,,,,,,,,,,,,
,,,,,,,,,,,,,,,,,,,,
,,,,,,,,,,,,,,,,,,,,
,,,,,,,,,,,,,,,,,,,,
,,,,,,,,,,,,,,,,,,,,
,,,,,,,,,,,,,,,,,,,,
,,,,,,,,,,,,,,,,,,,,
,,,,,,,,,,,,,,,,,,,,
,,,,,,,,,,,,,,,,,,,,
,,,,,,,,,,,,,,,,,,,,
,,,,,,,,,,,,,,,,,,,,
,,,,,,,,,,,,,,,,,,,,
,,,,,,,,,,,,,,,,,,,,
,,,,,,,,,,,,,,,,,,,,
,,,,,,,,,,,,,,,,,,,,
,,,,,,,,,,,,,,,,,,,,
,,,,,,,,,,,,,,,,,,,,
,,,,,,,,,,,,,,,,,,,,
,,,,,,,,,,,,,,,,,,,,
,,,,,,,,,,,,,,,,,,,,
,,,,,,,,,,,,,,,,,,,,
,,,,,,,,,,,,,,,,,,,,
,,,,,,,,,,,,,,,,,,,,
,,,,,,,,,,,,,,,,,,,,
,,,,,,,,,,,,,,,,,,,,
,,,,,,,,,,,,,,,,,,,,
,,,,,,,,,,,,,,,,,,,,
,,,,,,,,,,,,,,,,,,,,
,,,,,,,,,,,,,,,,,,,,
,,,,,,,,,,,,,,,,,,,,
,,,,,,,,,,,,,,,,,,,,
,,,,,,,,,,,,,,,,,,,,
,,,,,,,,,,,,,,,,,,,,
,,,,,,,,,,,,,,,,,,,,
,,,,,,,,,,,,,,,,,,,,
,,,,,,,,,,,,,,,,,,,,
,,,,,,,,,,,,,,,,,,,,
,,,,,,,,,,,,,,,,,,,,
,,,,,,,,,,,,,,,,,,,,
,,,,,,,,,,,,,,,,,,,,
,,,,,,,,,,,,,,,,,,,,
,,,,,,,,,,,,,,,,,,,,
,,,,,,,,,,,,,,,,,,,,
,,,,,,,,,,,,,,,,,,,,
,,,,,,,,,,,,,,,,,,,,
,,,,,,,,,,,,,,,,,,,,
,,,,,,,,,,,,,,,,,,,,
,,,,,,,,,,,,,,,,,,,,
,,,,,,,,,,,,,,,,,,,,
