Relative Order,Event Name,Start Date,End Date,Is Approximate?,Narrator,Start Page,End Page,Start Date TT,End Date TT,Start Page TT,End Page TT,Is Approximate TT?,Evidence,Participating Characters,Aloyna ,Sophia ,Yegor,Olya,Valentina,Katya,Ksyusha,Lada,Natasha,Revmira ,Oksana,Marina,Chegga ,Lilia,Alla
1,Zavoyko Earthquake,1952-11-05,1952-11-05,F,3rd-person,5,5,,,,,,google ,,F,F,F,F,F,F,F,F,F,F,F,F,F,F,F
1,Zavoyko Earthquake,1952-11-05,1952-11-05,F,3rd-person,6,6,,,,,,google ,,F,F,F,F,F,F,F,F,F,F,F,F,F,F,F
1,Zavoyko Earthquake,1952-11-05,1952-11-05,F,3rd-person,7,7,,,,,,google ,,F,F,F,F,F,F,F,F,F,F,F,F,F,F,F
1,Zavoyko Earthquake,1952-11-05,1952-11-05,F,3rd-person,16,16,,,,,,google ,,F,F,F,F,F,F,F,F,F,F,F,F,F,F,F
2,Soviet Union Collapse,1991-08-18,1991-12-26,F,3rd-person,24,24,,,,,,google ,"Katya, Olya, Revmira, and Valentina",F,F,F,T,T,T,F,F,F,T,F,F,F,F,F
2,Soviet Union Collapse,1991-08-18,1991-12-26,F,3rd-person,39,39,,,,,,google ,"Katya, Olya, Revmira, and Valentina",F,F,F,T,T,T,F,F,F,T,F,F,F,F,F
2,Soviet Union Collapse,1991-08-18,1991-12-26,F,3rd-person,141,141,,,,,,google ,"Katya, Olya, Revmira, and Valentina",F,F,F,T,T,T,F,F,F,T,F,F,F,F,F
3,Lilia dissapears,2013-10-16,2013-10-16,T,3rd-person,73,73,,,,,,"Ksyusha describes Lilia as ""the Even girl who disappeared three years ago"" (73). According to her sister, Natasha, the disappearance occurred "" the fall before [Lilia] turned 19"" (113)",Lilia and Yegor,F,F,T,F,F,F,F,F,F,F,F,F,F,T,F
3,Lilia dissapears,2013-10-16,2013-10-16,T,3rd-person,74,74,,,,,,"Ksyusha describes Lilia as ""the Even girl who disappeared three years ago"" (73). According to her sister, Natasha, the disappearance occurred "" the fall before [Lilia] turned 19"" (113)",Lilia and Yegor,F,F,T,F,F,F,F,F,F,F,F,F,F,T,F
3,Lilia dissapears,2013-10-16,2013-10-16,T,3rd-person,75,75,,,,,,"Ksyusha describes Lilia as ""the Even girl who disappeared three years ago"" (73). According to her sister, Natasha, the disappearance occurred "" the fall before [Lilia] turned 19"" (113)",Lilia and Yegor,F,F,T,F,F,F,F,F,F,F,F,F,F,T,F
3,Lilia dissapears,2013-10-16,2013-10-16,T,3rd-person,80,80,,,,,,"Ksyusha describes Lilia as ""the Even girl who disappeared three years ago"" (73). According to her sister, Natasha, the disappearance occurred "" the fall before [Lilia] turned 19"" (113)",Lilia and Yegor,F,F,T,F,F,F,F,F,F,F,F,F,F,T,F
3,Lilia dissapears,2013-10-16,2013-10-16,T,3rd-person,109,109,,,,,,"Ksyusha describes Lilia as ""the Even girl who disappeared three years ago"" (73). According to her sister, Natasha, the disappearance occurred "" the fall before [Lilia] turned 19"" (113)",Lilia and Yegor,F,F,T,F,F,F,F,F,F,F,F,F,F,T,F
3,Lilia dissapears,2013-10-16,2013-10-16,T,3rd-person,111,111,,,,,,"Ksyusha describes Lilia as ""the Even girl who disappeared three years ago"" (73). According to her sister, Natasha, the disappearance occurred "" the fall before [Lilia] turned 19"" (113)",Lilia and Yegor,F,F,T,F,F,F,F,F,F,F,F,F,F,T,F
3,Lilia dissapears,2013-10-16,2013-10-16,T,3rd-person,112,112,,,,,,"Ksyusha describes Lilia as ""the Even girl who disappeared three years ago"" (73). According to her sister, Natasha, the disappearance occurred "" the fall before [Lilia] turned 19"" (113)",Lilia and Yegor,F,F,T,F,F,F,F,F,F,F,F,F,F,T,F
3,Lilia dissapears,2013-10-16,2013-10-16,T,3rd-person,113,113,,,,,,"Ksyusha describes Lilia as ""the Even girl who disappeared three years ago"" (73). According to her sister, Natasha, the disappearance occurred "" the fall before [Lilia] turned 19"" (113)",Lilia and Yegor,F,F,T,F,F,F,F,F,F,F,F,F,F,T,F
3,Lilia dissapears,2013-10-16,2013-10-16,T,3rd-person,114,114,,,,,,"Ksyusha describes Lilia as ""the Even girl who disappeared three years ago"" (73). According to her sister, Natasha, the disappearance occurred "" the fall before [Lilia] turned 19"" (113)",Lilia and Yegor,F,F,T,F,F,F,F,F,F,F,F,F,F,T,F
3,Lilia dissapears,2013-10-16,2013-10-16,T,3rd-person,115,115,,,,,,"Ksyusha describes Lilia as ""the Even girl who disappeared three years ago"" (73). According to her sister, Natasha, the disappearance occurred "" the fall before [Lilia] turned 19"" (113)",Lilia and Yegor,F,F,T,F,F,F,F,F,F,F,F,F,F,T,F
3,Lilia dissapears,2013-10-16,2013-10-16,T,3rd-person,119,119,,,,,,"Ksyusha describes Lilia as ""the Even girl who disappeared three years ago"" (73). According to her sister, Natasha, the disappearance occurred "" the fall before [Lilia] turned 19"" (113)",Lilia and Yegor,F,F,T,F,F,F,F,F,F,F,F,F,F,T,F
3,Lilia dissapears,2013-10-16,2013-10-16,T,3rd-person,122,122,,,,,,"Ksyusha describes Lilia as ""the Even girl who disappeared three years ago"" (73). According to her sister, Natasha, the disappearance occurred "" the fall before [Lilia] turned 19"" (113)",Lilia and Yegor,F,F,T,F,F,F,F,F,F,F,F,F,F,T,F
3,Lilia dissapears,2013-10-16,2013-10-16,T,3rd-person,123,123,,,,,,"Ksyusha describes Lilia as ""the Even girl who disappeared three years ago"" (73). According to her sister, Natasha, the disappearance occurred "" the fall before [Lilia] turned 19"" (113)",Lilia and Yegor,F,F,T,F,F,F,F,F,F,F,F,F,F,T,F
3,Lilia dissapears,2013-10-16,2013-10-16,T,3rd-person,126,126,,,,,,"Ksyusha describes Lilia as ""the Even girl who disappeared three years ago"" (73). According to her sister, Natasha, the disappearance occurred "" the fall before [Lilia] turned 19"" (113)",Lilia and Yegor,F,F,T,F,F,F,F,F,F,F,F,F,F,T,F
3,Lilia dissapears,2013-10-16,2013-10-16,T,3rd-person,127,127,,,,,,"Ksyusha describes Lilia as ""the Even girl who disappeared three years ago"" (73). According to her sister, Natasha, the disappearance occurred "" the fall before [Lilia] turned 19"" (113)",Lilia and Yegor,F,F,T,F,F,F,F,F,F,F,F,F,F,T,F
3,Lilia dissapears,2013-10-16,2013-10-16,T,3rd-person,128,128,,,,,,"Ksyusha describes Lilia as ""the Even girl who disappeared three years ago"" (73). According to her sister, Natasha, the disappearance occurred "" the fall before [Lilia] turned 19"" (113)",Lilia and Yegor,F,F,T,F,F,F,F,F,F,F,F,F,F,T,F
3,Lilia dissapears,2013-10-16,2013-10-16,T,3rd-person,130,130,,,,,,"Ksyusha describes Lilia as ""the Even girl who disappeared three years ago"" (73). According to her sister, Natasha, the disappearance occurred "" the fall before [Lilia] turned 19"" (113)",Lilia and Yegor,F,F,T,F,F,F,F,F,F,F,F,F,F,T,F
3,Lilia dissapears,2013-10-16,2013-10-16,T,3rd-person,131,131,,,,,,"Ksyusha describes Lilia as ""the Even girl who disappeared three years ago"" (73). According to her sister, Natasha, the disappearance occurred "" the fall before [Lilia] turned 19"" (113)",Lilia and Yegor,F,F,T,F,F,F,F,F,F,F,F,F,F,T,F
3,Lilia dissapears,2013-10-16,2013-10-16,T,3rd-person,134,134,,,,,,"Ksyusha describes Lilia as ""the Even girl who disappeared three years ago"" (73). According to her sister, Natasha, the disappearance occurred "" the fall before [Lilia] turned 19"" (113)",Lilia and Yegor,F,F,T,F,F,F,F,F,F,F,F,F,F,T,F
3,Lilia dissapears,2013-10-16,2013-10-16,T,3rd-person,135,135,,,,,,"Ksyusha describes Lilia as ""the Even girl who disappeared three years ago"" (73). According to her sister, Natasha, the disappearance occurred "" the fall before [Lilia] turned 19"" (113)",Lilia and Yegor,F,F,T,F,F,F,F,F,F,F,F,F,F,T,F
3,Lilia dissapears,2013-10-16,2013-10-16,T,3rd-person,136,136,,,,,,"Ksyusha describes Lilia as ""the Even girl who disappeared three years ago"" (73). According to her sister, Natasha, the disappearance occurred "" the fall before [Lilia] turned 19"" (113)",Lilia and Yegor,F,F,T,F,F,F,F,F,F,F,F,F,F,T,F
3,Lilia dissapears,2013-10-16,2013-10-16,T,3rd-person,152,152,,,,,,"Ksyusha describes Lilia as ""the Even girl who disappeared three years ago"" (73). According to her sister, Natasha, the disappearance occurred "" the fall before [Lilia] turned 19"" (113)",Lilia and Yegor,F,F,T,F,F,F,F,F,F,F,F,F,F,T,F
3,Lilia dissapears,2013-10-16,2013-10-16,T,3rd-person,159,159,,,,,,"Ksyusha describes Lilia as ""the Even girl who disappeared three years ago"" (73). According to her sister, Natasha, the disappearance occurred "" the fall before [Lilia] turned 19"" (113)",Lilia and Yegor,F,F,T,F,F,F,F,F,F,F,F,F,F,T,F
3,Lilia dissapears,2013-10-16,2013-10-16,T,3rd-person,161,161,,,,,,"Ksyusha describes Lilia as ""the Even girl who disappeared three years ago"" (73). According to her sister, Natasha, the disappearance occurred "" the fall before [Lilia] turned 19"" (113)",Lilia and Yegor,F,F,T,F,F,F,F,F,F,F,F,F,F,T,F
3,Lilia dissapears,2013-10-16,2013-10-16,T,3rd-person,163,163,,,,,,"Ksyusha describes Lilia as ""the Even girl who disappeared three years ago"" (73). According to her sister, Natasha, the disappearance occurred "" the fall before [Lilia] turned 19"" (113)",Lilia and Yegor,F,F,T,F,F,F,F,F,F,F,F,F,F,T,F
3,Lilia dissapears,2013-10-16,2013-10-16,T,3rd-person,164,164,,,,,,"Ksyusha describes Lilia as ""the Even girl who disappeared three years ago"" (73). According to her sister, Natasha, the disappearance occurred "" the fall before [Lilia] turned 19"" (113)",Lilia and Yegor,F,F,T,F,F,F,F,F,F,F,F,F,F,T,F
3,Lilia dissapears,2013-10-16,2013-10-16,T,3rd-person,223,223,,,,,,"Ksyusha describes Lilia as ""the Even girl who disappeared three years ago"" (73). According to her sister, Natasha, the disappearance occurred "" the fall before [Lilia] turned 19"" (113)",Lilia and Yegor,F,F,T,F,F,F,F,F,F,F,F,F,F,T,F
3,Lilia dissapears,2013-10-16,2013-10-16,T,3rd-person,224,224,,,,,,"Ksyusha describes Lilia as ""the Even girl who disappeared three years ago"" (73). According to her sister, Natasha, the disappearance occurred "" the fall before [Lilia] turned 19"" (113)",Lilia and Yegor,F,F,T,F,F,F,F,F,F,F,F,F,F,T,F
3,Lilia dissapears,2013-10-16,2013-10-16,T,3rd-person,229,229,,,,,,"Ksyusha describes Lilia as ""the Even girl who disappeared three years ago"" (73). According to her sister, Natasha, the disappearance occurred "" the fall before [Lilia] turned 19"" (113)",Lilia and Yegor,F,F,T,F,F,F,F,F,F,F,F,F,F,T,F
3,Lilia dissapears,2013-10-16,2013-10-16,T,3rd-person,232,232,,,,,,"Ksyusha describes Lilia as ""the Even girl who disappeared three years ago"" (73). According to her sister, Natasha, the disappearance occurred "" the fall before [Lilia] turned 19"" (113)",Lilia and Yegor,F,F,T,F,F,F,F,F,F,F,F,F,F,T,F
3,Lilia dissapears,2013-10-16,2013-10-16,T,3rd-person,233,233,,,,,,"Ksyusha describes Lilia as ""the Even girl who disappeared three years ago"" (73). According to her sister, Natasha, the disappearance occurred "" the fall before [Lilia] turned 19"" (113)",Lilia and Yegor,F,F,T,F,F,F,F,F,F,F,F,F,F,T,F
3,Lilia dissapears,2013-10-16,2013-10-16,T,3rd-person,234,234,,,,,,"Ksyusha describes Lilia as ""the Even girl who disappeared three years ago"" (73). According to her sister, Natasha, the disappearance occurred "" the fall before [Lilia] turned 19"" (113)",Lilia and Yegor,F,F,T,F,F,F,F,F,F,F,F,F,F,T,F
3,Lilia dissapears,2013-10-16,2013-10-16,T,3rd-person,235,235,,,,,,"Ksyusha describes Lilia as ""the Even girl who disappeared three years ago"" (73). According to her sister, Natasha, the disappearance occurred "" the fall before [Lilia] turned 19"" (113)",Lilia and Yegor,F,F,T,F,F,F,F,F,F,F,F,F,F,T,F
3,Lilia dissapears,2013-10-16,2013-10-16,T,3rd-person,236,236,,,,,,"Ksyusha describes Lilia as ""the Even girl who disappeared three years ago"" (73). According to her sister, Natasha, the disappearance occurred "" the fall before [Lilia] turned 19"" (113)",Lilia and Yegor,F,F,T,F,F,F,F,F,F,F,F,F,F,T,F
3,Lilia dissapears,2013-10-16,2013-10-16,T,3rd-person,237,237,,,,,,"Ksyusha describes Lilia as ""the Even girl who disappeared three years ago"" (73). According to her sister, Natasha, the disappearance occurred "" the fall before [Lilia] turned 19"" (113)",Lilia and Yegor,F,F,T,F,F,F,F,F,F,F,F,F,F,T,F
3,Lilia dissapears,2013-10-16,2013-10-16,T,3rd-person,238,238,,,,,,"Ksyusha describes Lilia as ""the Even girl who disappeared three years ago"" (73). According to her sister, Natasha, the disappearance occurred "" the fall before [Lilia] turned 19"" (113)",Lilia and Yegor,F,F,T,F,F,F,F,F,F,F,F,F,F,T,F
3,Lilia dissapears,2013-10-16,2013-10-16,T,3rd-person,239,239,,,,,,"Ksyusha describes Lilia as ""the Even girl who disappeared three years ago"" (73). According to her sister, Natasha, the disappearance occurred "" the fall before [Lilia] turned 19"" (113)",Lilia and Yegor,F,F,T,F,F,F,F,F,F,F,F,F,F,T,F
3,Lilia dissapears,2013-10-16,2013-10-16,T,3rd-person,240,240,,,,,,"Ksyusha describes Lilia as ""the Even girl who disappeared three years ago"" (73). According to her sister, Natasha, the disappearance occurred "" the fall before [Lilia] turned 19"" (113)",Lilia and Yegor,F,F,T,F,F,F,F,F,F,F,F,F,F,T,F
3,Lilia dissapears,2013-10-16,2013-10-16,T,3rd-person,244,244,,,,,,"Ksyusha describes Lilia as ""the Even girl who disappeared three years ago"" (73). According to her sister, Natasha, the disappearance occurred "" the fall before [Lilia] turned 19"" (113)",Lilia and Yegor,F,F,T,F,F,F,F,F,F,F,F,F,F,T,F
3,Lilia dissapears,2013-10-16,2013-10-16,T,3rd-person,245,245,,,,,,"Ksyusha describes Lilia as ""the Even girl who disappeared three years ago"" (73). According to her sister, Natasha, the disappearance occurred "" the fall before [Lilia] turned 19"" (113)",Lilia and Yegor,F,F,T,F,F,F,F,F,F,F,F,F,F,T,F
3,Lilia dissapears,2013-10-16,2013-10-16,T,3rd-person,246,246,,,,,,"Ksyusha describes Lilia as ""the Even girl who disappeared three years ago"" (73). According to her sister, Natasha, the disappearance occurred "" the fall before [Lilia] turned 19"" (113)",Lilia and Yegor,F,F,T,F,F,F,F,F,F,F,F,F,F,T,F
3,Lilia dissapears,2013-10-16,2013-10-16,T,3rd-person,248,248,,,,,,"Ksyusha describes Lilia as ""the Even girl who disappeared three years ago"" (73). According to her sister, Natasha, the disappearance occurred "" the fall before [Lilia] turned 19"" (113)",Lilia and Yegor,F,F,T,F,F,F,F,F,F,F,F,F,F,T,F
3,Lilia dissapears,2013-10-16,2013-10-16,T,3rd-person,249,249,,,,,,"Ksyusha describes Lilia as ""the Even girl who disappeared three years ago"" (73). According to her sister, Natasha, the disappearance occurred "" the fall before [Lilia] turned 19"" (113)",Lilia and Yegor,F,F,T,F,F,F,F,F,F,F,F,F,F,T,F
3,Lilia dissapears,2013-10-16,2013-10-16,T,3rd-person,251,251,,,,,,"Ksyusha describes Lilia as ""the Even girl who disappeared three years ago"" (73). According to her sister, Natasha, the disappearance occurred "" the fall before [Lilia] turned 19"" (113)",Lilia and Yegor,F,F,T,F,F,F,F,F,F,F,F,F,F,T,F
3,Lilia dissapears,2013-10-16,2013-10-16,T,3rd-person,252,252,,,,,,"Ksyusha describes Lilia as ""the Even girl who disappeared three years ago"" (73). According to her sister, Natasha, the disappearance occurred "" the fall before [Lilia] turned 19"" (113)",Lilia and Yegor,F,F,T,F,F,F,F,F,F,F,F,F,F,T,F
4,The Golosovsky Sisters are Kidnapped,2016-08-15,2016-08-15,T,3rd-person,10,10,,,,,,"In Yegor's car, Aloyna asks Yegor where he lives and he replies, ""You're going to see""(15)","Aloyna, Oksana, Sophia, and Yegor",T,T,T,F,F,F,F,F,F,F,T,F,F,F,F
4,The Golosovsky Sisters are Kidnapped,2016-08-15,2016-08-15,T,3rd-person,11,11,,,,,,"In Yegor's car, Aloyna asks Yegor where he lives and he replies, ""You're going to see""(15)","Aloyna, Oksana, Sophia, and Yegor",T,T,T,F,F,F,F,F,F,F,T,F,F,F,F
4,The Golosovsky Sisters are Kidnapped,2016-08-15,2016-08-15,T,3rd-person,12,12,,,,,,"In Yegor's car, Aloyna asks Yegor where he lives and he replies, ""You're going to see""(15)","Aloyna, Oksana, Sophia, and Yegor",T,T,T,F,F,F,F,F,F,F,T,F,F,F,F
4,The Golosovsky Sisters are Kidnapped,2016-08-15,2016-08-15,T,3rd-person,13,13,,,,,,"In Yegor's car, Aloyna asks Yegor where he lives and he replies, ""You're going to see""(15)","Aloyna, Oksana, Sophia, and Yegor",T,T,T,F,F,F,F,F,F,F,T,F,F,F,F
4,The Golosovsky Sisters are Kidnapped,2016-08-15,2016-08-15,T,3rd-person,14,14,,,,,,"In Yegor's car, Aloyna asks Yegor where he lives and he replies, ""You're going to see""(15)","Aloyna, Oksana, Sophia, and Yegor",T,T,T,F,F,F,F,F,F,F,T,F,F,F,F
4,The Golosovsky Sisters are Kidnapped,2016-08-15,2016-08-15,T,3rd-person,15,15,,,,,,"In Yegor's car, Aloyna asks Yegor where he lives and he replies, ""You're going to see""(15)","Aloyna, Oksana, Sophia, and Yegor",T,T,T,F,F,F,F,F,F,F,T,F,F,F,F
4,The Golosovsky Sisters are Kidnapped,2016-08-15,2016-08-15,T,3rd-person,16,16,,,,,,"In Yegor's car, Aloyna asks Yegor where he lives and he replies, ""You're going to see""(15)","Aloyna, Oksana, Sophia, and Yegor",T,T,T,F,F,F,F,F,F,F,T,F,F,F,F
4,The Golosovsky Sisters are Kidnapped,2016-08-15,2016-08-15,T,3rd-person,17,17,,,,,,"In Yegor's car, Aloyna asks Yegor where he lives and he replies, ""You're going to see""(15)","Aloyna, Oksana, Sophia, and Yegor",T,T,T,F,F,F,F,F,F,F,T,F,F,F,F
4,The Golosovsky Sisters are Kidnapped,2016-08-15,2016-08-15,T,3rd-person,18,18,,,,,,"In Yegor's car, Aloyna asks Yegor where he lives and he replies, ""You're going to see""(15)","Aloyna, Oksana, Sophia, and Yegor",T,T,T,F,F,F,F,F,F,F,T,F,F,F,F
4,The Golosovsky Sisters are Kidnapped,2016-08-15,2016-08-15,T,3rd-person,20,20,,,,,,"In Yegor's car, Aloyna asks Yegor where he lives and he replies, ""You're going to see""(15)","Aloyna, Oksana, Sophia, and Yegor",T,T,T,F,F,F,F,F,F,F,T,F,F,F,F
4,The Golosovsky Sisters are Kidnapped,2016-08-15,2016-08-15,T,3rd-person,24,24,,,,,,"In Yegor's car, Aloyna asks Yegor where he lives and he replies, ""You're going to see""(15)","Aloyna, Oksana, Sophia, and Yegor",T,T,T,F,F,F,F,F,F,F,T,F,F,F,F
4,The Golosovsky Sisters are Kidnapped,2016-08-15,2016-08-15,T,3rd-person,25,25,,,,,,"In Yegor's car, Aloyna asks Yegor where he lives and he replies, ""You're going to see""(15)","Aloyna, Oksana, Sophia, and Yegor",T,T,T,F,F,F,F,F,F,F,T,F,F,F,F
4,The Golosovsky Sisters are Kidnapped,2016-08-15,2016-08-15,T,3rd-person,26,26,,,,,,"In Yegor's car, Aloyna asks Yegor where he lives and he replies, ""You're going to see""(15)","Aloyna, Oksana, Sophia, and Yegor",T,T,T,F,F,F,F,F,F,F,T,F,F,F,F
4,The Golosovsky Sisters are Kidnapped,2016-08-15,2016-08-15,T,3rd-person,28,28,,,,,,"In Yegor's car, Aloyna asks Yegor where he lives and he replies, ""You're going to see""(15)","Aloyna, Oksana, Sophia, and Yegor",T,T,T,F,F,F,F,F,F,F,T,F,F,F,F
4,The Golosovsky Sisters are Kidnapped,2016-08-15,2016-08-15,T,3rd-person,29,29,,,,,,"In Yegor's car, Aloyna asks Yegor where he lives and he replies, ""You're going to see""(15)","Aloyna, Oksana, Sophia, and Yegor",T,T,T,F,F,F,F,F,F,F,T,F,F,F,F
4,The Golosovsky Sisters are Kidnapped,2016-08-15,2016-08-15,T,3rd-person,30,30,,,,,,"In Yegor's car, Aloyna asks Yegor where he lives and he replies, ""You're going to see""(15)","Aloyna, Oksana, Sophia, and Yegor",T,T,T,F,F,F,F,F,F,F,T,F,F,F,F
4,The Golosovsky Sisters are Kidnapped,2016-08-15,2016-08-15,T,3rd-person,31,31,,,,,,"In Yegor's car, Aloyna asks Yegor where he lives and he replies, ""You're going to see""(15)","Aloyna, Oksana, Sophia, and Yegor",T,T,T,F,F,F,F,F,F,F,T,F,F,F,F
4,The Golosovsky Sisters are Kidnapped,2016-08-15,2016-08-15,T,3rd-person,33,33,,,,,,"In Yegor's car, Aloyna asks Yegor where he lives and he replies, ""You're going to see""(15)","Aloyna, Oksana, Sophia, and Yegor",T,T,T,F,F,F,F,F,F,F,T,F,F,F,F
4,The Golosovsky Sisters are Kidnapped,2016-08-15,2016-08-15,T,3rd-person,35,35,,,,,,"In Yegor's car, Aloyna asks Yegor where he lives and he replies, ""You're going to see""(15)","Aloyna, Oksana, Sophia, and Yegor",T,T,T,F,F,F,F,F,F,F,T,F,F,F,F
4,The Golosovsky Sisters are Kidnapped,2016-08-15,2016-08-15,T,3rd-person,36,36,,,,,,"In Yegor's car, Aloyna asks Yegor where he lives and he replies, ""You're going to see""(15)","Aloyna, Oksana, Sophia, and Yegor",T,T,T,F,F,F,F,F,F,F,T,F,F,F,F
4,The Golosovsky Sisters are Kidnapped,2016-08-15,2016-08-15,T,3rd-person,37,37,,,,,,"In Yegor's car, Aloyna asks Yegor where he lives and he replies, ""You're going to see""(15)","Aloyna, Oksana, Sophia, and Yegor",T,T,T,F,F,F,F,F,F,F,T,F,F,F,F
4,The Golosovsky Sisters are Kidnapped,2016-08-15,2016-08-15,T,3rd-person,38,38,,,,,,"In Yegor's car, Aloyna asks Yegor where he lives and he replies, ""You're going to see""(15)","Aloyna, Oksana, Sophia, and Yegor",T,T,T,F,F,F,F,F,F,F,T,F,F,F,F
4,The Golosovsky Sisters are Kidnapped,2016-08-15,2016-08-15,T,3rd-person,40,40,,,,,,"In Yegor's car, Aloyna asks Yegor where he lives and he replies, ""You're going to see""(15)","Aloyna, Oksana, Sophia, and Yegor",T,T,T,F,F,F,F,F,F,F,T,F,F,F,F
4,The Golosovsky Sisters are Kidnapped,2016-08-15,2016-08-15,T,3rd-person,41,41,,,,,,"In Yegor's car, Aloyna asks Yegor where he lives and he replies, ""You're going to see""(15)","Aloyna, Oksana, Sophia, and Yegor",T,T,T,F,F,F,F,F,F,F,T,F,F,F,F
4,The Golosovsky Sisters are Kidnapped,2016-08-15,2016-08-15,T,3rd-person,42,42,,,,,,"In Yegor's car, Aloyna asks Yegor where he lives and he replies, ""You're going to see""(15)","Aloyna, Oksana, Sophia, and Yegor",T,T,T,F,F,F,F,F,F,F,T,F,F,F,F
4,The Golosovsky Sisters are Kidnapped,2016-08-15,2016-08-15,T,3rd-person,44,44,,,,,,"In Yegor's car, Aloyna asks Yegor where he lives and he replies, ""You're going to see""(15)","Aloyna, Oksana, Sophia, and Yegor",T,T,T,F,F,F,F,F,F,F,T,F,F,F,F
4,The Golosovsky Sisters are Kidnapped,2016-08-15,2016-08-15,T,3rd-person,46,46,,,,,,"In Yegor's car, Aloyna asks Yegor where he lives and he replies, ""You're going to see""(15)","Aloyna, Oksana, Sophia, and Yegor",T,T,T,F,F,F,F,F,F,F,T,F,F,F,F
4,The Golosovsky Sisters are Kidnapped,2016-08-15,2016-08-15,T,3rd-person,48,48,,,,,,"In Yegor's car, Aloyna asks Yegor where he lives and he replies, ""You're going to see""(15)","Aloyna, Oksana, Sophia, and Yegor",T,T,T,F,F,F,F,F,F,F,T,F,F,F,F
4,The Golosovsky Sisters are Kidnapped,2016-08-15,2016-08-15,T,3rd-person,51,51,,,,,,"In Yegor's car, Aloyna asks Yegor where he lives and he replies, ""You're going to see""(15)","Aloyna, Oksana, Sophia, and Yegor",T,T,T,F,F,F,F,F,F,F,T,F,F,F,F
4,The Golosovsky Sisters are Kidnapped,2016-08-15,2016-08-15,T,3rd-person,52,52,,,,,,"In Yegor's car, Aloyna asks Yegor where he lives and he replies, ""You're going to see""(15)","Aloyna, Oksana, Sophia, and Yegor",T,T,T,F,F,F,F,F,F,F,T,F,F,F,F
4,The Golosovsky Sisters are Kidnapped,2016-08-15,2016-08-15,T,3rd-person,53,53,,,,,,"In Yegor's car, Aloyna asks Yegor where he lives and he replies, ""You're going to see""(15)","Aloyna, Oksana, Sophia, and Yegor",T,T,T,F,F,F,F,F,F,F,T,F,F,F,F
4,The Golosovsky Sisters are Kidnapped,2016-08-15,2016-08-15,T,3rd-person,55,55,,,,,,"In Yegor's car, Aloyna asks Yegor where he lives and he replies, ""You're going to see""(15)","Aloyna, Oksana, Sophia, and Yegor",T,T,T,F,F,F,F,F,F,F,T,F,F,F,F
4,The Golosovsky Sisters are Kidnapped,2016-08-15,2016-08-15,T,3rd-person,60,60,,,,,,"In Yegor's car, Aloyna asks Yegor where he lives and he replies, ""You're going to see""(15)","Aloyna, Oksana, Sophia, and Yegor",T,T,T,F,F,F,F,F,F,F,T,F,F,F,F
4,The Golosovsky Sisters are Kidnapped,2016-08-15,2016-08-15,T,3rd-person,69,69,,,,,,"In Yegor's car, Aloyna asks Yegor where he lives and he replies, ""You're going to see""(15)","Aloyna, Oksana, Sophia, and Yegor",T,T,T,F,F,F,F,F,F,F,T,F,F,F,F
4,The Golosovsky Sisters are Kidnapped,2016-08-15,2016-08-15,T,3rd-person,73,73,,,,,,"In Yegor's car, Aloyna asks Yegor where he lives and he replies, ""You're going to see""(15)","Aloyna, Oksana, Sophia, and Yegor",T,T,T,F,F,F,F,F,F,F,T,F,F,F,F
4,The Golosovsky Sisters are Kidnapped,2016-08-15,2016-08-15,T,3rd-person,75,75,,,,,,"In Yegor's car, Aloyna asks Yegor where he lives and he replies, ""You're going to see""(15)","Aloyna, Oksana, Sophia, and Yegor",T,T,T,F,F,F,F,F,F,F,T,F,F,F,F
4,The Golosovsky Sisters are Kidnapped,2016-08-15,2016-08-15,T,3rd-person,84,84,,,,,,"In Yegor's car, Aloyna asks Yegor where he lives and he replies, ""You're going to see""(15)","Aloyna, Oksana, Sophia, and Yegor",T,T,T,F,F,F,F,F,F,F,T,F,F,F,F
4,The Golosovsky Sisters are Kidnapped,2016-08-15,2016-08-15,T,3rd-person,97,97,,,,,,"In Yegor's car, Aloyna asks Yegor where he lives and he replies, ""You're going to see""(15)","Aloyna, Oksana, Sophia, and Yegor",T,T,T,F,F,F,F,F,F,F,T,F,F,F,F
4,The Golosovsky Sisters are Kidnapped,2016-08-15,2016-08-15,T,3rd-person,105,105,,,,,,"In Yegor's car, Aloyna asks Yegor where he lives and he replies, ""You're going to see""(15)","Aloyna, Oksana, Sophia, and Yegor",T,T,T,F,F,F,F,F,F,F,T,F,F,F,F
4,The Golosovsky Sisters are Kidnapped,2016-08-15,2016-08-15,T,3rd-person,115,115,,,,,,"In Yegor's car, Aloyna asks Yegor where he lives and he replies, ""You're going to see""(15)","Aloyna, Oksana, Sophia, and Yegor",T,T,T,F,F,F,F,F,F,F,T,F,F,F,F
4,The Golosovsky Sisters are Kidnapped,2016-08-15,2016-08-15,T,3rd-person,121,121,,,,,,"In Yegor's car, Aloyna asks Yegor where he lives and he replies, ""You're going to see""(15)","Aloyna, Oksana, Sophia, and Yegor",T,T,T,F,F,F,F,F,F,F,T,F,F,F,F
4,The Golosovsky Sisters are Kidnapped,2016-08-15,2016-08-15,T,3rd-person,122,122,,,,,,"In Yegor's car, Aloyna asks Yegor where he lives and he replies, ""You're going to see""(15)","Aloyna, Oksana, Sophia, and Yegor",T,T,T,F,F,F,F,F,F,F,T,F,F,F,F
4,The Golosovsky Sisters are Kidnapped,2016-08-15,2016-08-15,T,3rd-person,123,123,,,,,,"In Yegor's car, Aloyna asks Yegor where he lives and he replies, ""You're going to see""(15)","Aloyna, Oksana, Sophia, and Yegor",T,T,T,F,F,F,F,F,F,F,T,F,F,F,F
4,The Golosovsky Sisters are Kidnapped,2016-08-15,2016-08-15,T,3rd-person,128,128,,,,,,"In Yegor's car, Aloyna asks Yegor where he lives and he replies, ""You're going to see""(15)","Aloyna, Oksana, Sophia, and Yegor",T,T,T,F,F,F,F,F,F,F,T,F,F,F,F
4,The Golosovsky Sisters are Kidnapped,2016-08-15,2016-08-15,T,3rd-person,134,134,,,,,,"In Yegor's car, Aloyna asks Yegor where he lives and he replies, ""You're going to see""(15)","Aloyna, Oksana, Sophia, and Yegor",T,T,T,F,F,F,F,F,F,F,T,F,F,F,F
4,The Golosovsky Sisters are Kidnapped,2016-08-15,2016-08-15,T,3rd-person,135,135,,,,,,"In Yegor's car, Aloyna asks Yegor where he lives and he replies, ""You're going to see""(15)","Aloyna, Oksana, Sophia, and Yegor",T,T,T,F,F,F,F,F,F,F,T,F,F,F,F
4,The Golosovsky Sisters are Kidnapped,2016-08-15,2016-08-15,T,3rd-person,143,143,,,,,,"In Yegor's car, Aloyna asks Yegor where he lives and he replies, ""You're going to see""(15)","Aloyna, Oksana, Sophia, and Yegor",T,T,T,F,F,F,F,F,F,F,T,F,F,F,F
4,The Golosovsky Sisters are Kidnapped,2016-08-15,2016-08-15,T,3rd-person,174,174,,,,,,"In Yegor's car, Aloyna asks Yegor where he lives and he replies, ""You're going to see""(15)","Aloyna, Oksana, Sophia, and Yegor",T,T,T,F,F,F,F,F,F,F,T,F,F,F,F
4,The Golosovsky Sisters are Kidnapped,2016-08-15,2016-08-15,T,3rd-person,178,178,,,,,,"In Yegor's car, Aloyna asks Yegor where he lives and he replies, ""You're going to see""(15)","Aloyna, Oksana, Sophia, and Yegor",T,T,T,F,F,F,F,F,F,F,T,F,F,F,F
4,The Golosovsky Sisters are Kidnapped,2016-08-15,2016-08-15,T,3rd-person,181,181,,,,,,"In Yegor's car, Aloyna asks Yegor where he lives and he replies, ""You're going to see""(15)","Aloyna, Oksana, Sophia, and Yegor",T,T,T,F,F,F,F,F,F,F,T,F,F,F,F
4,The Golosovsky Sisters are Kidnapped,2016-08-15,2016-08-15,T,3rd-person,182,182,,,,,,"In Yegor's car, Aloyna asks Yegor where he lives and he replies, ""You're going to see""(15)","Aloyna, Oksana, Sophia, and Yegor",T,T,T,F,F,F,F,F,F,F,T,F,F,F,F
4,The Golosovsky Sisters are Kidnapped,2016-08-15,2016-08-15,T,3rd-person,183,183,,,,,,"In Yegor's car, Aloyna asks Yegor where he lives and he replies, ""You're going to see""(15)","Aloyna, Oksana, Sophia, and Yegor",T,T,T,F,F,F,F,F,F,F,T,F,F,F,F
4,The Golosovsky Sisters are Kidnapped,2016-08-15,2016-08-15,T,3rd-person,187,187,,,,,,"In Yegor's car, Aloyna asks Yegor where he lives and he replies, ""You're going to see""(15)","Aloyna, Oksana, Sophia, and Yegor",T,T,T,F,F,F,F,F,F,F,T,F,F,F,F
4,The Golosovsky Sisters are Kidnapped,2016-08-15,2016-08-15,T,3rd-person,195,195,,,,,,"In Yegor's car, Aloyna asks Yegor where he lives and he replies, ""You're going to see""(15)","Aloyna, Oksana, Sophia, and Yegor",T,T,T,F,F,F,F,F,F,F,T,F,F,F,F
4,The Golosovsky Sisters are Kidnapped,2016-08-15,2016-08-15,T,3rd-person,196,196,,,,,,"In Yegor's car, Aloyna asks Yegor where he lives and he replies, ""You're going to see""(15)","Aloyna, Oksana, Sophia, and Yegor",T,T,T,F,F,F,F,F,F,F,T,F,F,F,F
4,The Golosovsky Sisters are Kidnapped,2016-08-15,2016-08-15,T,3rd-person,197,197,,,,,,"In Yegor's car, Aloyna asks Yegor where he lives and he replies, ""You're going to see""(15)","Aloyna, Oksana, Sophia, and Yegor",T,T,T,F,F,F,F,F,F,F,T,F,F,F,F
4,The Golosovsky Sisters are Kidnapped,2016-08-15,2016-08-15,T,3rd-person,198,198,,,,,,"In Yegor's car, Aloyna asks Yegor where he lives and he replies, ""You're going to see""(15)","Aloyna, Oksana, Sophia, and Yegor",T,T,T,F,F,F,F,F,F,F,T,F,F,F,F
4,The Golosovsky Sisters are Kidnapped,2016-08-15,2016-08-15,T,3rd-person,200,200,,,,,,"In Yegor's car, Aloyna asks Yegor where he lives and he replies, ""You're going to see""(15)","Aloyna, Oksana, Sophia, and Yegor",T,T,T,F,F,F,F,F,F,F,T,F,F,F,F
4,The Golosovsky Sisters are Kidnapped,2016-08-15,2016-08-15,T,3rd-person,203,203,,,,,,"In Yegor's car, Aloyna asks Yegor where he lives and he replies, ""You're going to see""(15)","Aloyna, Oksana, Sophia, and Yegor",T,T,T,F,F,F,F,F,F,F,T,F,F,F,F
4,The Golosovsky Sisters are Kidnapped,2016-08-15,2016-08-15,T,3rd-person,205,205,,,,,,"In Yegor's car, Aloyna asks Yegor where he lives and he replies, ""You're going to see""(15)","Aloyna, Oksana, Sophia, and Yegor",T,T,T,F,F,F,F,F,F,F,T,F,F,F,F
4,The Golosovsky Sisters are Kidnapped,2016-08-15,2016-08-15,T,3rd-person,206,206,,,,,,"In Yegor's car, Aloyna asks Yegor where he lives and he replies, ""You're going to see""(15)","Aloyna, Oksana, Sophia, and Yegor",T,T,T,F,F,F,F,F,F,F,T,F,F,F,F
4,The Golosovsky Sisters are Kidnapped,2016-08-15,2016-08-15,T,3rd-person,207,207,,,,,,"In Yegor's car, Aloyna asks Yegor where he lives and he replies, ""You're going to see""(15)","Aloyna, Oksana, Sophia, and Yegor",T,T,T,F,F,F,F,F,F,F,T,F,F,F,F
4,The Golosovsky Sisters are Kidnapped,2016-08-15,2016-08-15,T,3rd-person,210,210,,,,,,"In Yegor's car, Aloyna asks Yegor where he lives and he replies, ""You're going to see""(15)","Aloyna, Oksana, Sophia, and Yegor",T,T,T,F,F,F,F,F,F,F,T,F,F,F,F
4,The Golosovsky Sisters are Kidnapped,2016-08-15,2016-08-15,T,3rd-person,211,211,,,,,,"In Yegor's car, Aloyna asks Yegor where he lives and he replies, ""You're going to see""(15)","Aloyna, Oksana, Sophia, and Yegor",T,T,T,F,F,F,F,F,F,F,T,F,F,F,F
4,The Golosovsky Sisters are Kidnapped,2016-08-15,2016-08-15,T,3rd-person,214,214,,,,,,"In Yegor's car, Aloyna asks Yegor where he lives and he replies, ""You're going to see""(15)","Aloyna, Oksana, Sophia, and Yegor",T,T,T,F,F,F,F,F,F,F,T,F,F,F,F
4,The Golosovsky Sisters are Kidnapped,2016-08-15,2016-08-15,T,3rd-person,215,215,,,,,,"In Yegor's car, Aloyna asks Yegor where he lives and he replies, ""You're going to see""(15)","Aloyna, Oksana, Sophia, and Yegor",T,T,T,F,F,F,F,F,F,F,T,F,F,F,F
4,The Golosovsky Sisters are Kidnapped,2016-08-15,2016-08-15,T,3rd-person,216,216,,,,,,"In Yegor's car, Aloyna asks Yegor where he lives and he replies, ""You're going to see""(15)","Aloyna, Oksana, Sophia, and Yegor",T,T,T,F,F,F,F,F,F,F,T,F,F,F,F
4,The Golosovsky Sisters are Kidnapped,2016-08-15,2016-08-15,T,3rd-person,217,217,,,,,,"In Yegor's car, Aloyna asks Yegor where he lives and he replies, ""You're going to see""(15)","Aloyna, Oksana, Sophia, and Yegor",T,T,T,F,F,F,F,F,F,F,T,F,F,F,F
4,The Golosovsky Sisters are Kidnapped,2016-08-15,2016-08-15,T,3rd-person,220,220,,,,,,"In Yegor's car, Aloyna asks Yegor where he lives and he replies, ""You're going to see""(15)","Aloyna, Oksana, Sophia, and Yegor",T,T,T,F,F,F,F,F,F,F,T,F,F,F,F
4,The Golosovsky Sisters are Kidnapped,2016-08-15,2016-08-15,T,3rd-person,221,221,,,,,,"In Yegor's car, Aloyna asks Yegor where he lives and he replies, ""You're going to see""(15)","Aloyna, Oksana, Sophia, and Yegor",T,T,T,F,F,F,F,F,F,F,T,F,F,F,F
4,The Golosovsky Sisters are Kidnapped,2016-08-15,2016-08-15,T,3rd-person,223,223,,,,,,"In Yegor's car, Aloyna asks Yegor where he lives and he replies, ""You're going to see""(15)","Aloyna, Oksana, Sophia, and Yegor",T,T,T,F,F,F,F,F,F,F,T,F,F,F,F
4,The Golosovsky Sisters are Kidnapped,2016-08-15,2016-08-15,T,3rd-person,224,224,,,,,,"In Yegor's car, Aloyna asks Yegor where he lives and he replies, ""You're going to see""(15)","Aloyna, Oksana, Sophia, and Yegor",T,T,T,F,F,F,F,F,F,F,T,F,F,F,F
4,The Golosovsky Sisters are Kidnapped,2016-08-15,2016-08-15,T,3rd-person,225,225,,,,,,"In Yegor's car, Aloyna asks Yegor where he lives and he replies, ""You're going to see""(15)","Aloyna, Oksana, Sophia, and Yegor",T,T,T,F,F,F,F,F,F,F,T,F,F,F,F
4,The Golosovsky Sisters are Kidnapped,2016-08-15,2016-08-15,T,3rd-person,226,226,,,,,,"In Yegor's car, Aloyna asks Yegor where he lives and he replies, ""You're going to see""(15)","Aloyna, Oksana, Sophia, and Yegor",T,T,T,F,F,F,F,F,F,F,T,F,F,F,F
4,The Golosovsky Sisters are Kidnapped,2016-08-15,2016-08-15,T,3rd-person,227,227,,,,,,"In Yegor's car, Aloyna asks Yegor where he lives and he replies, ""You're going to see""(15)","Aloyna, Oksana, Sophia, and Yegor",T,T,T,F,F,F,F,F,F,F,T,F,F,F,F
4,The Golosovsky Sisters are Kidnapped,2016-08-15,2016-08-15,T,3rd-person,228,228,,,,,,"In Yegor's car, Aloyna asks Yegor where he lives and he replies, ""You're going to see""(15)","Aloyna, Oksana, Sophia, and Yegor",T,T,T,F,F,F,F,F,F,F,T,F,F,F,F
4,The Golosovsky Sisters are Kidnapped,2016-08-15,2016-08-15,T,3rd-person,229,229,,,,,,"In Yegor's car, Aloyna asks Yegor where he lives and he replies, ""You're going to see""(15)","Aloyna, Oksana, Sophia, and Yegor",T,T,T,F,F,F,F,F,F,F,T,F,F,F,F
4,The Golosovsky Sisters are Kidnapped,2016-08-15,2016-08-15,T,3rd-person,230,230,,,,,,"In Yegor's car, Aloyna asks Yegor where he lives and he replies, ""You're going to see""(15)","Aloyna, Oksana, Sophia, and Yegor",T,T,T,F,F,F,F,F,F,F,T,F,F,F,F
4,The Golosovsky Sisters are Kidnapped,2016-08-15,2016-08-15,T,3rd-person,231,231,,,,,,"In Yegor's car, Aloyna asks Yegor where he lives and he replies, ""You're going to see""(15)","Aloyna, Oksana, Sophia, and Yegor",T,T,T,F,F,F,F,F,F,F,T,F,F,F,F
4,The Golosovsky Sisters are Kidnapped,2016-08-15,2016-08-15,T,3rd-person,232,232,,,,,,"In Yegor's car, Aloyna asks Yegor where he lives and he replies, ""You're going to see""(15)","Aloyna, Oksana, Sophia, and Yegor",T,T,T,F,F,F,F,F,F,F,T,F,F,F,F
4,The Golosovsky Sisters are Kidnapped,2016-08-15,2016-08-15,T,3rd-person,233,233,,,,,,"In Yegor's car, Aloyna asks Yegor where he lives and he replies, ""You're going to see""(15)","Aloyna, Oksana, Sophia, and Yegor",T,T,T,F,F,F,F,F,F,F,T,F,F,F,F
4,The Golosovsky Sisters are Kidnapped,2016-08-15,2016-08-15,T,3rd-person,235,235,,,,,,"In Yegor's car, Aloyna asks Yegor where he lives and he replies, ""You're going to see""(15)","Aloyna, Oksana, Sophia, and Yegor",T,T,T,F,F,F,F,F,F,F,T,F,F,F,F
4,The Golosovsky Sisters are Kidnapped,2016-08-15,2016-08-15,T,3rd-person,236,236,,,,,,"In Yegor's car, Aloyna asks Yegor where he lives and he replies, ""You're going to see""(15)","Aloyna, Oksana, Sophia, and Yegor",T,T,T,F,F,F,F,F,F,F,T,F,F,F,F
4,The Golosovsky Sisters are Kidnapped,2016-08-15,2016-08-15,T,3rd-person,238,238,,,,,,"In Yegor's car, Aloyna asks Yegor where he lives and he replies, ""You're going to see""(15)","Aloyna, Oksana, Sophia, and Yegor",T,T,T,F,F,F,F,F,F,F,T,F,F,F,F
4,The Golosovsky Sisters are Kidnapped,2016-08-15,2016-08-15,T,3rd-person,239,239,,,,,,"In Yegor's car, Aloyna asks Yegor where he lives and he replies, ""You're going to see""(15)","Aloyna, Oksana, Sophia, and Yegor",T,T,T,F,F,F,F,F,F,F,T,F,F,F,F
4,The Golosovsky Sisters are Kidnapped,2016-08-15,2016-08-15,T,3rd-person,240,240,,,,,,"In Yegor's car, Aloyna asks Yegor where he lives and he replies, ""You're going to see""(15)","Aloyna, Oksana, Sophia, and Yegor",T,T,T,F,F,F,F,F,F,F,T,F,F,F,F
4,The Golosovsky Sisters are Kidnapped,2016-08-15,2016-08-15,T,3rd-person,243,243,,,,,,"In Yegor's car, Aloyna asks Yegor where he lives and he replies, ""You're going to see""(15)","Aloyna, Oksana, Sophia, and Yegor",T,T,T,F,F,F,F,F,F,F,T,F,F,F,F
4,The Golosovsky Sisters are Kidnapped,2016-08-15,2016-08-15,T,3rd-person,244,244,,,,,,"In Yegor's car, Aloyna asks Yegor where he lives and he replies, ""You're going to see""(15)","Aloyna, Oksana, Sophia, and Yegor",T,T,T,F,F,F,F,F,F,F,T,F,F,F,F
4,The Golosovsky Sisters are Kidnapped,2016-08-15,2016-08-15,T,3rd-person,249,249,,,,,,"In Yegor's car, Aloyna asks Yegor where he lives and he replies, ""You're going to see""(15)","Aloyna, Oksana, Sophia, and Yegor",T,T,T,F,F,F,F,F,F,F,T,F,F,F,F
4,The Golosovsky Sisters are Kidnapped,2016-08-15,2016-08-15,T,3rd-person,251,251,,,,,,"In Yegor's car, Aloyna asks Yegor where he lives and he replies, ""You're going to see""(15)","Aloyna, Oksana, Sophia, and Yegor",T,T,T,F,F,F,F,F,F,F,T,F,F,F,F
4,The Golosovsky Sisters are Kidnapped,2016-08-15,2016-08-15,T,3rd-person,252,252,,,,,,"In Yegor's car, Aloyna asks Yegor where he lives and he replies, ""You're going to see""(15)","Aloyna, Oksana, Sophia, and Yegor",T,T,T,F,F,F,F,F,F,F,T,F,F,F,F
,,,,,3rd-person,,,,,,,,,,,,,,,,,,,,,,,,
5,Oksana is Interviewed as Witness ,2016-08-15,2016-08-15,T,3rd-person,20,20,,,,,,"""Ryakhovsky interviewed Oksana at the police station in August"" (197)",Oksana,F,F,F,F,F,F,F,F,F,F,T,F,F,F,F
5,Oksana is Interviewed as Witness ,2016-08-15,2016-08-15,T,3rd-person,35,35,,,,,,"""Ryakhovsky interviewed Oksana at the police station in August"" (197)",Oksana,F,F,F,F,F,F,F,F,F,F,T,F,F,F,F
5,Oksana is Interviewed as Witness ,2016-08-15,2016-08-15,T,3rd-person,36,36,,,,,,"""Ryakhovsky interviewed Oksana at the police station in August"" (197)",Oksana,F,F,F,F,F,F,F,F,F,F,T,F,F,F,F
5,Oksana is Interviewed as Witness ,2016-08-15,2016-08-15,T,3rd-person,37,37,,,,,,"""Ryakhovsky interviewed Oksana at the police station in August"" (197)",Oksana,F,F,F,F,F,F,F,F,F,F,T,F,F,F,F
5,Oksana is Interviewed as Witness ,2016-08-15,2016-08-15,T,3rd-person,38,38,,,,,,"""Ryakhovsky interviewed Oksana at the police station in August"" (197)",Oksana,F,F,F,F,F,F,F,F,F,F,T,F,F,F,F
5,Oksana is Interviewed as Witness ,2016-08-15,2016-08-15,T,3rd-person,41,41,,,,,,"""Ryakhovsky interviewed Oksana at the police station in August"" (197)",Oksana,F,F,F,F,F,F,F,F,F,F,T,F,F,F,F
5,Oksana is Interviewed as Witness ,2016-08-15,2016-08-15,T,3rd-person,52,52,,,,,,"""Ryakhovsky interviewed Oksana at the police station in August"" (197)",Oksana,F,F,F,F,F,F,F,F,F,F,T,F,F,F,F
5,Oksana is Interviewed as Witness ,2016-08-15,2016-08-15,T,3rd-person,53,53,,,,,,"""Ryakhovsky interviewed Oksana at the police station in August"" (197)",Oksana,F,F,F,F,F,F,F,F,F,F,T,F,F,F,F
5,Oksana is Interviewed as Witness ,2016-08-15,2016-08-15,T,3rd-person,197,197,,,,,,"""Ryakhovsky interviewed Oksana at the police station in August"" (197)",Oksana,F,F,F,F,F,F,F,F,F,F,T,F,F,F,F
5,Oksana is Interviewed as Witness ,2016-08-15,2016-08-15,T,3rd-person,198,198,,,,,,"""Ryakhovsky interviewed Oksana at the police station in August"" (197)",Oksana,F,F,F,F,F,F,F,F,F,F,T,F,F,F,F
5,Oksana is Interviewed as Witness ,2016-08-15,2016-08-15,T,3rd-person,122,122,,,,,,"""Ryakhovsky interviewed Oksana at the police station in August"" (197)",Oksana,F,F,F,F,F,F,F,F,F,F,T,F,F,F,F
5,Oksana is Interviewed as Witness ,2016-08-15,2016-08-15,T,3rd-person,123,123,,,,,,"""Ryakhovsky interviewed Oksana at the police station in August"" (197)",Oksana,F,F,F,F,F,F,F,F,F,F,T,F,F,F,F
5,Oksana is Interviewed as Witness ,2016-08-15,2016-08-15,T,3rd-person,182,182,,,,,,"""Ryakhovsky interviewed Oksana at the police station in August"" (197)",Oksana,F,F,F,F,F,F,F,F,F,F,T,F,F,F,F
5,Oksana is Interviewed as Witness ,2016-08-15,2016-08-15,T,3rd-person,196,196,,,,,,"""Ryakhovsky interviewed Oksana at the police station in August"" (197)",Oksana,F,F,F,F,F,F,F,F,F,F,T,F,F,F,F
5,Oksana is Interviewed as Witness ,2016-08-15,2016-08-15,T,3rd-person,197,197,,,,,,"""Ryakhovsky interviewed Oksana at the police station in August"" (197)",Oksana,F,F,F,F,F,F,F,F,F,F,T,F,F,F,F
5,Oksana is Interviewed as Witness ,2016-08-15,2016-08-15,T,3rd-person,215,215,,,,,,"""Ryakhovsky interviewed Oksana at the police station in August"" (197)",Oksana,F,F,F,F,F,F,F,F,F,F,T,F,F,F,F
6,Olya and Diana stop being friends,2016-09-15,2016-09-15,T,3rd-person,22,22,,,,,,"On the phone, Valentina tells Olya that ""'Diana won't be able to talk to you outside of school.'"" (22)",Olya and Valentina,F,F,F,T,T,F,F,F,F,F,F,F,F,F,F
6,Olya and Diana stop being friends,2016-09-15,2016-09-15,T,3rd-person,23,23,,,,,,"On the phone, Valentina tells Olya that ""'Diana won't be able to talk to you outside of school.'"" (22)",Olya and Valentina,F,F,F,T,T,F,F,F,F,F,F,F,F,F,F
6,Olya and Diana stop being friends,2016-09-15,2016-09-15,T,3rd-person,26,26,,,,,,"On the phone, Valentina tells Olya that ""'Diana won't be able to talk to you outside of school.'"" (22)",Olya and Valentina,F,F,F,T,T,F,F,F,F,F,F,F,F,F,F
6,Olya and Diana stop being friends,2016-09-15,2016-09-15,T,3rd-person,23,23,,,,,,"On the phone, Valentina tells Olya that ""'Diana won't be able to talk to you outside of school.'"" (22)",Olya and Valentina,F,F,F,T,T,F,F,F,F,F,F,F,F,F,F
6,Olya and Diana stop being friends,2016-09-15,2016-09-15,T,3rd-person,28,28,,,,,,"On the phone, Valentina tells Olya that ""'Diana won't be able to talk to you outside of school.'"" (22)",Olya and Valentina,F,F,F,T,T,F,F,F,F,F,F,F,F,F,F
6,Olya and Diana stop being friends,2016-09-15,2016-09-15,T,3rd-person,29,29,,,,,,"On the phone, Valentina tells Olya that ""'Diana won't be able to talk to you outside of school.'"" (22)",Olya and Valentina,F,F,F,T,T,F,F,F,F,F,F,F,F,F,F
6,Olya and Diana stop being friends,2016-09-15,2016-09-15,T,3rd-person,30,30,,,,,,"On the phone, Valentina tells Olya that ""'Diana won't be able to talk to you outside of school.'"" (22)",Olya and Valentina,F,F,F,T,T,F,F,F,F,F,F,F,F,F,F
6,Olya and Diana stop being friends,2016-09-15,2016-09-15,T,3rd-person,31,31,,,,,,"On the phone, Valentina tells Olya that ""'Diana won't be able to talk to you outside of school.'"" (22)",Olya and Valentina,F,F,F,T,T,F,F,F,F,F,F,F,F,F,F
7,Ksyusha joins a dance troupe,2016-09-15,2016-09-15,T,3rd-person,60,60,,,,,,"Alisa decides to join a dance troupe ""in the middle of September"" (60).The ""next friday,"" Ruslan tells her ""go and do it then"" (64)",Ksyusha,F,F,F,F,F,F,T,F,F,F,F,F,F,F,F
7,Ksyusha joins a dance troupe,2016-09-15,2016-09-15,T,3rd-person,61,61,,,,,,"Alisa decides to join a dance troupe ""in the middle of September"" (60).The ""next friday,"" Ruslan tells her ""go and do it then"" (64)",Ksyusha,F,F,F,F,F,F,T,F,F,F,F,F,F,F,F
7,Ksyusha joins a dance troupe,2016-09-15,2016-09-15,T,3rd-person,62,62,,,,,,"Alisa decides to join a dance troupe ""in the middle of September"" (60).The ""next friday,"" Ruslan tells her ""go and do it then"" (64)",Ksyusha,F,F,F,F,F,F,T,F,F,F,F,F,F,F,F
7,Ksyusha joins a dance troupe,2016-09-15,2016-09-15,T,3rd-person,63,63,,,,,,"Alisa decides to join a dance troupe ""in the middle of September"" (60).The ""next friday,"" Ruslan tells her ""go and do it then"" (64)",Ksyusha,F,F,F,F,F,F,T,F,F,F,F,F,F,F,F
7,Ksyusha joins a dance troupe,2016-09-15,2016-09-15,T,3rd-person,64,64,,,,,,"Alisa decides to join a dance troupe ""in the middle of September"" (60).The ""next friday,"" Ruslan tells her ""go and do it then"" (64)",Ksyusha,F,F,F,F,F,F,T,F,F,F,F,F,F,F,F
7,Ksyusha joins a dance troupe,2016-09-15,2016-09-15,T,3rd-person,78,78,,,,,,"Alisa decides to join a dance troupe ""in the middle of September"" (60).The ""next friday,"" Ruslan tells her ""go and do it then"" (64)",Ksyusha,F,F,F,F,F,F,T,F,F,F,F,F,F,F,F
7,Ksyusha joins a dance troupe,2016-09-15,2016-09-15,T,3rd-person,83,83,,,,,,"Alisa decides to join a dance troupe ""in the middle of September"" (60).The ""next friday,"" Ruslan tells her ""go and do it then"" (64)",Ksyusha,F,F,F,F,F,F,T,F,F,F,F,F,F,F,F
8,Valentina goes to the hospital ,2016-11-15,2016-09-15,T,3rd-person,47,47,,,,,,"During Valentina's checkup, the doctor tells her that she ""will have to go to the hospital""(47).",Aloyna and Revmira,T,F,F,F,F,F,F,F,F,T,F,F,F,F,F
8,Valentina goes to the hospital ,2016-11-15,2016-09-15,T,3rd-person,48,48,,,,,,"During Valentina's checkup, the doctor tells her that she ""will have to go to the hospital""(47).",Aloyna and Revmira,T,F,F,F,F,F,F,F,F,T,F,F,F,F,F
8,Valentina goes to the hospital ,2016-11-15,2016-09-15,T,3rd-person,49,49,,,,,,"During Valentina's checkup, the doctor tells her that she ""will have to go to the hospital""(47).",Aloyna and Revmira,T,F,F,F,F,F,F,F,F,T,F,F,F,F,F
8,Valentina goes to the hospital ,2016-11-15,2016-09-15,T,3rd-person,50,50,,,,,,"During Valentina's checkup, the doctor tells her that she ""will have to go to the hospital""(47).",Aloyna and Revmira,T,F,F,F,F,F,F,F,F,T,F,F,F,F,F
8,Valentina goes to the hospital ,2016-11-15,2016-09-15,T,3rd-person,51,51,,,,,,"During Valentina's checkup, the doctor tells her that she ""will have to go to the hospital""(47).",Aloyna and Revmira,T,F,F,F,F,F,F,F,F,T,F,F,F,F,F
8,Valentina goes to the hospital ,2016-11-15,2016-09-15,T,3rd-person,52,52,,,,,,"During Valentina's checkup, the doctor tells her that she ""will have to go to the hospital""(47).",Aloyna and Revmira,T,F,F,F,F,F,F,F,F,T,F,F,F,F,F
8,Valentina goes to the hospital ,2016-11-15,2016-09-15,T,3rd-person,53,53,,,,,,"During Valentina's checkup, the doctor tells her that she ""will have to go to the hospital""(47).",Aloyna and Revmira,T,F,F,F,F,F,F,F,F,T,F,F,F,F,F
8,Valentina goes to the hospital ,2016-11-15,2016-09-15,T,3rd-person,54,54,,,,,,"During Valentina's checkup, the doctor tells her that she ""will have to go to the hospital""(47).",Aloyna and Revmira,T,F,F,F,F,F,F,F,F,T,F,F,F,F,F
8,Valentina goes to the hospital ,2016-11-15,2016-09-15,T,3rd-person,55,55,,,,,,"During Valentina's checkup, the doctor tells her that she ""will have to go to the hospital""(47).",Aloyna and Revmira,T,F,F,F,F,F,F,F,F,T,F,F,F,F,F
8,Valentina goes to the hospital ,2016-11-15,2016-09-15,T,3rd-person,56,56,,,,,,"During Valentina's checkup, the doctor tells her that she ""will have to go to the hospital""(47).",Aloyna and Revmira,T,F,F,F,F,F,F,F,F,T,F,F,F,F,F
8,Valentina goes to the hospital ,2016-11-15,2016-09-15,T,3rd-person,57,57,,,,,,"During Valentina's checkup, the doctor tells her that she ""will have to go to the hospital""(47).",Aloyna and Revmira,T,F,F,F,F,F,F,F,F,T,F,F,F,F,F
8,Valentina goes to the hospital ,2016-11-15,2016-09-15,T,3rd-person,58,58,,,,,,"During Valentina's checkup, the doctor tells her that she ""will have to go to the hospital""(47).",Aloyna and Revmira,T,F,F,F,F,F,F,F,F,T,F,F,F,F,F
8,Valentina goes to the hospital ,2016-11-15,2016-09-15,T,3rd-person,139,139,,,,,,"During Valentina's checkup, the doctor tells her that she ""will have to go to the hospital""(47).",Aloyna and Revmira,T,F,F,F,F,F,F,F,F,T,F,F,F,F,F
9,Eastern Winds Festival Announcement,2017-12-13,2017-12-13,T,3rd-person,85,85,,,,,,"Ksyusha relizes that the group will fly to the festival ""In less than two weeks"" (88)",Ksyusha,F,F,F,F,F,F,T,F,F,F,F,F,F,F,F
9,Eastern Winds Festival Announcement,2017-12-13,2017-12-13,T,3rd-person,86,86,,,,,,"Ksyusha relizes that the group will fly to the festival ""In less than two weeks"" (88)",Ksyusha,F,F,F,F,F,F,T,F,F,F,F,F,F,F,F
9,Eastern Winds Festival Announcement,2017-12-13,2017-12-13,T,3rd-person,87,87,,,,,,"Ksyusha relizes that the group will fly to the festival ""In less than two weeks"" (88)",Ksyusha,F,F,F,F,F,F,T,F,F,F,F,F,F,F,F
9,Eastern Winds Festival Announcement,2017-12-13,2017-12-13,T,3rd-person,89,89,,,,,,"Ksyusha relizes that the group will fly to the festival ""In less than two weeks"" (88)",Ksyusha,F,F,F,F,F,F,T,F,F,F,F,F,F,F,F
9,Eastern Winds Festival Announcement,2017-12-13,2017-12-13,T,3rd-person,91,91,,,,,,,Ksyusha,F,F,F,F,F,F,T,F,F,F,F,F,F,F,
10,New Years/Masha and Lada reconnect,2016-12-31,2016-12-31,F,3rd-person,98,98,,,,,," Masha arrives at the party and ""stretched her arm across the table to reach Lada's hand"" (98)",Lada and Yegor,F,F,T,F,F,F,F,T,F,F,F,F,F,F,F
10,New Years/Masha and Lada reconnect,2016-12-31,2016-12-31,F,3rd-person,97,97,,,,,," Masha arrives at the party and ""stretched her arm across the table to reach Lada's hand"" (98)",Lada and Yegor,F,F,T,F,F,F,F,T,F,F,F,F,F,F,F
10,New Years/Masha and Lada reconnect,2016-12-31,2016-12-31,F,3rd-person,99,99,,,,,," Masha arrives at the party and ""stretched her arm across the table to reach Lada's hand"" (98)",Lada and Yegor,F,F,T,F,F,F,F,T,F,F,F,F,F,F,F
10,New Years/Masha and Lada reconnect,2016-12-31,2016-12-31,F,3rd-person,100,100,,,,,," Masha arrives at the party and ""stretched her arm across the table to reach Lada's hand"" (98)",Lada and Yegor,F,F,T,F,F,F,F,T,F,F,F,F,F,F,F
10,New Years/Masha and Lada reconnect,2016-12-31,2016-12-31,F,3rd-person,101,101,,,,,," Masha arrives at the party and ""stretched her arm across the table to reach Lada's hand"" (98)",Lada and Yegor,F,F,T,F,F,F,F,T,F,F,F,F,F,F,F
10,New Years/Masha and Lada reconnect,2016-12-31,2016-12-31,F,3rd-person,102,102,,,,,," Masha arrives at the party and ""stretched her arm across the table to reach Lada's hand"" (98)",Lada and Yegor,F,F,T,F,F,F,F,T,F,F,F,F,F,F,F
10,New Years/Masha and Lada reconnect,2016-12-31,2016-12-31,F,3rd-person,103,103,,,,,," Masha arrives at the party and ""stretched her arm across the table to reach Lada's hand"" (98)",Lada and Yegor,F,F,T,F,F,F,F,T,F,F,F,F,F,F,F
10,New Years/Masha and Lada reconnect,2016-12-31,2016-12-31,F,3rd-person,104,104,,,,,," Masha arrives at the party and ""stretched her arm across the table to reach Lada's hand"" (98)",Lada and Yegor,F,F,T,F,F,F,F,T,F,F,F,F,F,F,F
10,New Years/Masha and Lada reconnect,2016-12-31,2016-12-31,F,3rd-person,105,105,,,,,," Masha arrives at the party and ""stretched her arm across the table to reach Lada's hand"" (98)",Lada and Yegor,F,F,T,F,F,F,F,T,F,F,F,F,F,F,F
10,New Years/Masha and Lada reconnect,2016-12-31,2016-12-31,F,3rd-person,106,106,,,,,," Masha arrives at the party and ""stretched her arm across the table to reach Lada's hand"" (98)",Lada and Yegor,F,F,T,F,F,F,F,T,F,F,F,F,F,F,F
10,New Years/Masha and Lada reconnect,2016-12-31,2016-12-31,F,3rd-person,176,176,,,,,," Masha arrives at the party and ""stretched her arm across the table to reach Lada's hand"" (98)",Lada and Yegor,F,F,T,F,F,F,F,T,F,F,F,F,F,F,F
11,Anfisa offends Natasha,2017-01-04,2017-01-04,T,3rd-person,129,129,,,,,," Anfisa says, ""I'm sorry if I offended you"" ((130). This takes place during the holidays when Natasha's family is staying with her ""until the eleventh"" which is ""another week"" (108).",Natasha,F,F,F,F,F,F,F,F,T,F,F,F,F,F,F
11,Anfisa offends Natasha,2017-01-04,2017-01-04,T,3rd-person,130,130,,,,,," Anfisa says, ""I'm sorry if I offended you"" ((130). This takes place during the holidays when Natasha's family is staying with her ""until the eleventh"" which is ""another week"" (108).",Natasha,F,F,F,F,F,F,F,F,T,F,F,F,F,F,F
11,Anfisa offends Natasha,2017-01-04,2017-01-04,T,3rd-person,,,,,,,," Anfisa says, ""I'm sorry if I offended you"" ((130). This takes place during the holidays when Natasha's family is staying with her ""until the eleventh"" which is ""another week"" (108).",Natasha,F,F,F,F,F,F,F,F,T,F,F,F,F,F,F
12,Artyom Dies on Mountain,2017-02-27,2017-02-27,F,3rd-person,141,141,,,,,,"The day Artyom dies, ""Revmira woke up knowing it was Feb. 27"" (133), which is a Sunday: ""today was Sunday"" (145). (The last time Feb 27 was on a Sunday was 2017, so we know the present events are between 2016 and 2017)",Revmira,F,F,F,F,F,F,F,F,F,T,F,F,F,F,F
12,Artyom Dies on Mountain,2017-02-27,2017-02-27,F,3rd-person,142,142,,,,,,"The day Artyom dies, ""Revmira woke up knowing it was Feb. 27"" (133), which is a Sunday: ""today was Sunday"" (145). (The last time Feb 27 was on a Sunday was 2017, so we know the present events are between 2016 and 2017)",Revmira,F,F,F,F,F,F,F,F,F,T,F,F,F,F,F
12,Artyom Dies on Mountain,2017-02-27,2017-02-27,F,3rd-person,143,143,,,,,,"The day Artyom dies, ""Revmira woke up knowing it was Feb. 27"" (133), which is a Sunday: ""today was Sunday"" (145). (The last time Feb 27 was on a Sunday was 2017, so we know the present events are between 2016 and 2017)",Revmira,F,F,F,F,F,F,F,F,F,T,F,F,F,F,F
12,Artyom Dies on Mountain,2017-02-27,2017-02-27,F,3rd-person,144,144,,,,,,"The day Artyom dies, ""Revmira woke up knowing it was Feb. 27"" (133), which is a Sunday: ""today was Sunday"" (145). (The last time Feb 27 was on a Sunday was 2017, so we know the present events are between 2016 and 2017)",Revmira,F,F,F,F,F,F,F,F,F,T,F,F,F,F,F
12,Artyom Dies on Mountain,2017-02-27,2017-02-27,F,3rd-person,145,145,,,,,,"The day Artyom dies, ""Revmira woke up knowing it was Feb. 27"" (133), which is a Sunday: ""today was Sunday"" (145). (The last time Feb 27 was on a Sunday was 2017, so we know the present events are between 2016 and 2017)",Revmira,F,F,F,F,F,F,F,F,F,T,F,F,F,F,F
12,Artyom Dies on Mountain,2017-02-27,2017-02-27,F,3rd-person,146,146,,,,,,"The day Artyom dies, ""Revmira woke up knowing it was Feb. 27"" (133), which is a Sunday: ""today was Sunday"" (145). (The last time Feb 27 was on a Sunday was 2017, so we know the present events are between 2016 and 2017)",Revmira,F,F,F,F,F,F,F,F,F,T,F,F,F,F,F
13,Nadia Leaves Chegga,2017-03-14,2017-03-14,T,3rd-person,147,147,,,,,,"Nadia has ""seven weeks"" vacation, which she uses to leave Chegga and stay in Esso with her parents. This time frame ""would take them into may."" (149)",Chegga,F,F,F,F,F,F,F,F,F,F,F,F,T,F,F
13,Nadia Leaves Chegga,2017-03-14,2017-03-14,T,3rd-person,148,148,,,,,,"Nadia has ""seven weeks"" vacation, which she uses to leave Chegga and stay in Esso with her parents. This time frame ""would take them into may."" (149)",Chegga,F,F,F,F,F,F,F,F,F,F,F,F,T,F,F
13,Nadia Leaves Chegga,2017-03-14,2017-03-14,T,3rd-person,153,153,,,,,,"Nadia has ""seven weeks"" vacation, which she uses to leave Chegga and stay in Esso with her parents. This time frame ""would take them into may."" (149)",Chegga,F,F,F,F,F,F,F,F,F,F,F,F,T,F,F
13,Nadia Leaves Chegga,2017-03-14,2017-03-14,T,3rd-person,154,154,,,,,,"Nadia has ""seven weeks"" vacation, which she uses to leave Chegga and stay in Esso with her parents. This time frame ""would take them into may."" (149)",Chegga,F,F,F,F,F,F,F,F,F,F,F,F,T,F,F
13,Nadia Leaves Chegga,2017-03-14,2017-03-14,T,3rd-person,155,155,,,,,,"Nadia has ""seven weeks"" vacation, which she uses to leave Chegga and stay in Esso with her parents. This time frame ""would take them into may."" (149)",Chegga,F,F,F,F,F,F,F,F,F,F,F,F,T,F,F
13,Nadia Leaves Chegga,2017-03-14,2017-03-14,T,3rd-person,159,159,,,,,,"Nadia has ""seven weeks"" vacation, which she uses to leave Chegga and stay in Esso with her parents. This time frame ""would take them into may."" (149)",Chegga,F,F,F,F,F,F,F,F,F,F,F,F,T,F,F
13,Nadia Leaves Chegga,2017-03-14,2017-03-14,T,3rd-person,162,162,,,,,,"Nadia has ""seven weeks"" vacation, which she uses to leave Chegga and stay in Esso with her parents. This time frame ""would take them into may."" (149)",Chegga,F,F,F,F,F,F,F,F,F,F,F,F,T,F,F
13,Nadia Leaves Chegga,2017-03-14,2017-03-14,T,3rd-person,163,163,,,,,,"Nadia has ""seven weeks"" vacation, which she uses to leave Chegga and stay in Esso with her parents. This time frame ""would take them into may."" (149)",Chegga,F,F,F,F,F,F,F,F,F,F,F,F,T,F,F
13,Nadia Leaves Chegga,2017-03-14,2017-03-14,T,3rd-person,164,164,,,,,,"Nadia has ""seven weeks"" vacation, which she uses to leave Chegga and stay in Esso with her parents. This time frame ""would take them into may."" (149)",Chegga,F,F,F,F,F,F,F,F,F,F,F,F,T,F,F
13,Nadia Leaves Chegga,2017-03-14,2017-03-14,T,3rd-person,165,165,,,,,,"Nadia has ""seven weeks"" vacation, which she uses to leave Chegga and stay in Esso with her parents. This time frame ""would take them into may."" (149)",Chegga,F,F,F,F,F,F,F,F,F,F,F,F,T,F,F
13,Nadia Leaves Chegga,2017-03-14,2017-03-14,T,3rd-person,170,170,,,,,,"Nadia has ""seven weeks"" vacation, which she uses to leave Chegga and stay in Esso with her parents. This time frame ""would take them into may."" (149)",Chegga,F,F,F,F,F,F,F,F,F,F,F,F,T,F,F
,,,,,3rd-person,,,,,,,,,,,,,,,,,,,,,,,,
14,Police find a body in the ocean ,2017-04-15,2017-04-15,T,3rd-person,178,178,,,,,,"Zoya's babysitter tells her that it was ""on the news this morning that the police found a body in the bay.""  (178)",,F,F,F,F,F,F,F,F,F,F,F,F,F,F,F
14,Police find a body in the ocean ,2017-04-15,2017-04-15,T,3rd-person,181,181,,,,,,"Zoya's babysitter tells her that it was ""on the news this morning that the police found a body in the bay.""  (178)",,F,F,F,F,F,F,F,F,F,F,F,F,F,F,F
14,Police find a body in the ocean ,2017-04-15,2017-04-15,T,3rd-person,182,182,,,,,,"Zoya's babysitter tells her that it was ""on the news this morning that the police found a body in the bay.""  (178)",,F,F,F,F,F,F,F,F,F,F,F,F,F,F,F
14,Police find a body in the ocean ,2017-04-15,2017-04-15,T,3rd-person,,,,,,,,"Zoya's babysitter tells her that it was ""on the news this morning that the police found a body in the bay.""  (178)",,F,F,F,F,F,F,F,F,F,F,F,F,F,F,F
15,Max/Oksana lose Maylish,2017-05-15,2017-05-15,T,3rd-person,190,190,,,,,,"Max apologizes to Oksana for loosing Maylish, and his excuse is that he ""couldn't figure out [Oksana's] locks'"" (193)",Katya and Oksana,F,F,F,F,F,T,F,F,F,F,T,F,F,F,F
15,Max/Oksana lose Maylish,2017-05-15,2017-05-15,T,3rd-person,191,191,,,,,,"Max apologizes to Oksana for loosing Maylish, and his excuse is that he ""couldn't figure out [Oksana's] locks'"" (193)",Katya and Oksana,F,F,F,F,F,T,F,F,F,F,T,F,F,F,F
15,Max/Oksana lose Maylish,2017-05-15,2017-05-15,T,3rd-person,192,192,,,,,,"Max apologizes to Oksana for loosing Maylish, and his excuse is that he ""couldn't figure out [Oksana's] locks'"" (193)",Katya and Oksana,F,F,F,F,F,T,F,F,F,F,T,F,F,F,F
15,Max/Oksana lose Maylish,2017-05-15,2017-05-15,T,3rd-person,193,193,,,,,,"Max apologizes to Oksana for loosing Maylish, and his excuse is that he ""couldn't figure out [Oksana's] locks'"" (193)",Katya and Oksana,F,F,F,F,F,T,F,F,F,F,T,F,F,F,F
15,Max/Oksana lose Maylish,2017-05-15,2017-05-15,T,3rd-person,194,194,,,,,,"Max apologizes to Oksana for loosing Maylish, and his excuse is that he ""couldn't figure out [Oksana's] locks'"" (193)",Katya and Oksana,F,F,F,F,F,T,F,F,F,F,T,F,F,F,F
15,Max/Oksana lose Maylish,2017-05-15,2017-05-15,T,3rd-person,195,195,,,,,,"Max apologizes to Oksana for loosing Maylish, and his excuse is that he ""couldn't figure out [Oksana's] locks'"" (193)",Katya and Oksana,F,F,F,F,F,T,F,F,F,F,T,F,F,F,F
15,Max/Oksana lose Maylish,2017-05-15,2017-05-15,T,3rd-person,196,196,,,,,,"Max apologizes to Oksana for loosing Maylish, and his excuse is that he ""couldn't figure out [Oksana's] locks'"" (193)",Katya and Oksana,F,F,F,F,F,T,F,F,F,F,T,F,F,F,F
15,Max/Oksana lose Maylish,2017-05-15,2017-05-15,T,3rd-person,197,197,,,,,,"Max apologizes to Oksana for loosing Maylish, and his excuse is that he ""couldn't figure out [Oksana's] locks'"" (193)",Katya and Oksana,F,F,F,F,F,T,F,F,F,F,T,F,F,F,F
15,Max/Oksana lose Maylish,2017-05-15,2017-05-15,T,3rd-person,198,198,,,,,,"Max apologizes to Oksana for loosing Maylish, and his excuse is that he ""couldn't figure out [Oksana's] locks'"" (193)",Katya and Oksana,F,F,F,F,F,T,F,F,F,F,T,F,F,F,F
15,Max/Oksana lose Maylish,2017-05-15,2017-05-15,T,3rd-person,199,199,,,,,,"Max apologizes to Oksana for loosing Maylish, and his excuse is that he ""couldn't figure out [Oksana's] locks'"" (193)",Katya and Oksana,F,F,F,F,F,T,F,F,F,F,T,F,F,F,F
15,Max/Oksana lose Maylish,2017-05-15,2017-05-15,T,3rd-person,200,200,,,,,,"Max apologizes to Oksana for loosing Maylish, and his excuse is that he ""couldn't figure out [Oksana's] locks'"" (193)",Katya and Oksana,F,F,F,F,F,T,F,F,F,F,T,F,F,F,F
15,Max/Oksana lose Maylish,2017-05-15,2017-05-15,T,3rd-person,201,201,,,,,,"Max apologizes to Oksana for loosing Maylish, and his excuse is that he ""couldn't figure out [Oksana's] locks'"" (193)",Katya and Oksana,F,F,F,F,F,T,F,F,F,F,T,F,F,F,F
15,Max/Oksana lose Maylish,2017-05-15,2017-05-15,T,3rd-person,202,202,,,,,,"Max apologizes to Oksana for loosing Maylish, and his excuse is that he ""couldn't figure out [Oksana's] locks'"" (193)",Katya and Oksana,F,F,F,F,F,T,F,F,F,F,T,F,F,F,F
15,Max/Oksana lose Maylish,2017-05-15,2017-05-15,T,3rd-person,203,203,,,,,,"Max apologizes to Oksana for loosing Maylish, and his excuse is that he ""couldn't figure out [Oksana's] locks'"" (193)",Katya and Oksana,F,F,F,F,F,T,F,F,F,F,T,F,F,F,F
15,Max/Oksana lose Maylish,2017-05-15,2017-05-15,T,3rd-person,,,,,,,,"Max apologizes to Oksana for loosing Maylish, and his excuse is that he ""couldn't figure out [Oksana's] locks'"" (193)",Katya and Oksana,F,F,F,F,F,T,F,F,F,F,T,F,F,F,F
16,Nurgenek festival ,2017-06-29,2017-06-30,F,3rd-person,208,238,,,,,,"Alla welcomes the solstice celebration which takes place ""on this final day of june"" (218)","Alla, Chegga, Ksyusha, and Natasha",F,F,F,F,F,F,T,F,T,F,F,F,T,F,T
16,Nurgenek festival ,2017-06-29,2017-06-30,F,3rd-person,209,209,,,,,,"Alla welcomes the solstice celebration which takes place ""on this final day of june"" (218)","Alla, Chegga, Ksyusha, and Natasha",F,F,F,F,F,F,T,F,T,F,F,F,T,F,T
16,Nurgenek festival ,2017-06-29,2017-06-30,F,3rd-person,210,210,,,,,,"Alla welcomes the solstice celebration which takes place ""on this final day of june"" (218)","Alla, Chegga, Ksyusha, and Natasha",F,F,F,F,F,F,T,F,T,F,F,F,T,F,T
16,Nurgenek festival ,2017-06-29,2017-06-30,F,3rd-person,211,211,,,,,,"Alla welcomes the solstice celebration which takes place ""on this final day of june"" (218)","Alla, Chegga, Ksyusha, and Natasha",F,F,F,F,F,F,T,F,T,F,F,F,T,F,T
16,Nurgenek festival ,2017-06-29,2017-06-30,F,3rd-person,212,212,,,,,,"Alla welcomes the solstice celebration which takes place ""on this final day of june"" (218)","Alla, Chegga, Ksyusha, and Natasha",F,F,F,F,F,F,T,F,T,F,F,F,T,F,T
16,Nurgenek festival ,2017-06-29,2017-06-30,F,3rd-person,213,213,,,,,,"Alla welcomes the solstice celebration which takes place ""on this final day of june"" (218)","Alla, Chegga, Ksyusha, and Natasha",F,F,F,F,F,F,T,F,T,F,F,F,T,F,T
16,Nurgenek festival ,2017-06-29,2017-06-30,F,3rd-person,214,214,,,,,,"Alla welcomes the solstice celebration which takes place ""on this final day of june"" (218)","Alla, Chegga, Ksyusha, and Natasha",F,F,F,F,F,F,T,F,T,F,F,F,T,F,T
16,Nurgenek festival ,2017-06-29,2017-06-30,F,3rd-person,215,215,,,,,,"Alla welcomes the solstice celebration which takes place ""on this final day of june"" (218)","Alla, Chegga, Ksyusha, and Natasha",F,F,F,F,F,F,T,F,T,F,F,F,T,F,T
16,Nurgenek festival ,2017-06-29,2017-06-30,F,3rd-person,216,216,,,,,,"Alla welcomes the solstice celebration which takes place ""on this final day of june"" (218)","Alla, Chegga, Ksyusha, and Natasha",F,F,F,F,F,F,T,F,T,F,F,F,T,F,T
16,Nurgenek festival ,2017-06-29,2017-06-30,F,3rd-person,217,217,,,,,,"Alla welcomes the solstice celebration which takes place ""on this final day of june"" (218)","Alla, Chegga, Ksyusha, and Natasha",F,F,F,F,F,F,T,F,T,F,F,F,T,F,T
16,Nurgenek festival ,2017-06-29,2017-06-30,F,3rd-person,218,218,,,,,,"Alla welcomes the solstice celebration which takes place ""on this final day of june"" (218)","Alla, Chegga, Ksyusha, and Natasha",F,F,F,F,F,F,T,F,T,F,F,F,T,F,T
16,Nurgenek festival ,2017-06-29,2017-06-30,F,3rd-person,219,219,,,,,,"Alla welcomes the solstice celebration which takes place ""on this final day of june"" (218)","Alla, Chegga, Ksyusha, and Natasha",F,F,F,F,F,F,T,F,T,F,F,F,T,F,T
16,Nurgenek festival ,2017-06-29,2017-06-30,F,3rd-person,220,220,,,,,,"Alla welcomes the solstice celebration which takes place ""on this final day of june"" (218)","Alla, Chegga, Ksyusha, and Natasha",F,F,F,F,F,F,T,F,T,F,F,F,T,F,T
16,Nurgenek festival ,2017-06-29,2017-06-30,F,3rd-person,221,221,,,,,,"Alla welcomes the solstice celebration which takes place ""on this final day of june"" (218)","Alla, Chegga, Ksyusha, and Natasha",F,F,F,F,F,F,T,F,T,F,F,F,T,F,T
16,Nurgenek festival ,2017-06-29,2017-06-30,F,3rd-person,222,222,,,,,,"Alla welcomes the solstice celebration which takes place ""on this final day of june"" (218)","Alla, Chegga, Ksyusha, and Natasha",F,F,F,F,F,F,T,F,T,F,F,F,T,F,T
16,Nurgenek festival ,2017-06-29,2017-06-30,F,3rd-person,223,223,,,,,,"Alla welcomes the solstice celebration which takes place ""on this final day of june"" (218)","Alla, Chegga, Ksyusha, and Natasha",F,F,F,F,F,F,T,F,T,F,F,F,T,F,T
16,Nurgenek festival ,2017-06-29,2017-06-30,F,3rd-person,224,224,,,,,,"Alla welcomes the solstice celebration which takes place ""on this final day of june"" (218)","Alla, Chegga, Ksyusha, and Natasha",F,F,F,F,F,F,T,F,T,F,F,F,T,F,T
16,Nurgenek festival ,2017-06-29,2017-06-30,F,3rd-person,225,225,,,,,,"Alla welcomes the solstice celebration which takes place ""on this final day of june"" (218)","Alla, Chegga, Ksyusha, and Natasha",F,F,F,F,F,F,T,F,T,F,F,F,T,F,T
16,Nurgenek festival ,2017-06-29,2017-06-30,F,3rd-person,226,226,,,,,,"Alla welcomes the solstice celebration which takes place ""on this final day of june"" (218)","Alla, Chegga, Ksyusha, and Natasha",F,F,F,F,F,F,T,F,T,F,F,F,T,F,T
16,Nurgenek festival ,2017-06-29,2017-06-30,F,3rd-person,227,227,,,,,,"Alla welcomes the solstice celebration which takes place ""on this final day of june"" (218)","Alla, Chegga, Ksyusha, and Natasha",F,F,F,F,F,F,T,F,T,F,F,F,T,F,T
16,Nurgenek festival ,2017-06-29,2017-06-30,F,3rd-person,228,228,,,,,,"Alla welcomes the solstice celebration which takes place ""on this final day of june"" (218)","Alla, Chegga, Ksyusha, and Natasha",F,F,F,F,F,F,T,F,T,F,F,F,T,F,T
16,Nurgenek festival ,2017-06-29,2017-06-30,F,3rd-person,229,229,,,,,,"Alla welcomes the solstice celebration which takes place ""on this final day of june"" (218)","Alla, Chegga, Ksyusha, and Natasha",F,F,F,F,F,F,T,F,T,F,F,F,T,F,T
16,Nurgenek festival ,2017-06-29,2017-06-30,F,3rd-person,230,230,,,,,,"Alla welcomes the solstice celebration which takes place ""on this final day of june"" (218)","Alla, Chegga, Ksyusha, and Natasha",F,F,F,F,F,F,T,F,T,F,F,F,T,F,T
16,Nurgenek festival ,2017-06-29,2017-06-30,F,3rd-person,231,231,,,,,,"Alla welcomes the solstice celebration which takes place ""on this final day of june"" (218)","Alla, Chegga, Ksyusha, and Natasha",F,F,F,F,F,F,T,F,T,F,F,F,T,F,T
16,Nurgenek festival ,2017-06-30,2017-07-01,F,3rd-person,232,232,,,,,,"Alla welcomes the solstice celebration which takes place ""on this final day of june"" (218)","Alla, Chegga, Ksyusha, and Natasha",F,F,F,F,F,F,T,F,T,F,F,F,T,F,T
16,Nurgenek festival ,2017-07-01,2017-07-02,F,3rd-person,233,233,,,,,,"Alla welcomes the solstice celebration which takes place ""on this final day of june"" (218)","Alla, Chegga, Ksyusha, and Natasha",F,F,F,F,F,F,T,F,T,F,F,F,T,F,T
16,Nurgenek festival ,2017-07-02,2017-07-03,F,3rd-person,234,234,,,,,,"Alla welcomes the solstice celebration which takes place ""on this final day of june"" (218)","Alla, Chegga, Ksyusha, and Natasha",F,F,F,F,F,F,T,F,T,F,F,F,T,F,T
16,Nurgenek festival ,2017-07-03,2017-07-04,F,3rd-person,235,235,,,,,,"Alla welcomes the solstice celebration which takes place ""on this final day of june"" (218)","Alla, Chegga, Ksyusha, and Natasha",F,F,F,F,F,F,T,F,T,F,F,F,T,F,T
16,Nurgenek festival ,2017-07-04,2017-07-05,F,3rd-person,236,236,,,,,,"Alla welcomes the solstice celebration which takes place ""on this final day of june"" (218)","Alla, Chegga, Ksyusha, and Natasha",F,F,F,F,F,F,T,F,T,F,F,F,T,F,T
16,Nurgenek festival ,2017-07-05,2017-07-06,F,3rd-person,237,237,,,,,,"Alla welcomes the solstice celebration which takes place ""on this final day of june"" (218)","Alla, Chegga, Ksyusha, and Natasha",F,F,F,F,F,F,T,F,T,F,F,F,T,F,T
16,Nurgenek festival ,2017-07-06,2017-07-07,F,3rd-person,238,238,,,,,,"Alla welcomes the solstice celebration which takes place ""on this final day of june"" (218)","Alla, Chegga, Ksyusha, and Natasha",F,F,F,F,F,F,T,F,T,F,F,F,T,F,T
17,Yegor's House Raid,2017-06-30,2017-06-30,F,3rd-person,238,246,,,,,,"Ryakhovsky tells Marina that the detectives will 'start organizing the flight...up to Esso'"" (246)","Chegga, Marina, and Natasha",F,F,F,F,F,F,F,F,T,F,F,T,T,F,F
17,Yegor's House Raid,2017-06-30,2017-06-30,F,3rd-person,239,239,,,,,,"Ryakhovsky tells Marina that the detectives will 'start organizing the flight...up to Esso'"" (246)","Chegga, Marina, and Natasha",F,F,F,F,F,F,F,F,T,F,F,T,T,F,F
17,Yegor's House Raid,2017-06-30,2017-06-30,F,3rd-person,240,240,,,,,,"Ryakhovsky tells Marina that the detectives will 'start organizing the flight...up to Esso'"" (246)","Chegga, Marina, and Natasha",F,F,F,F,F,F,F,F,T,F,F,T,T,F,F
17,Yegor's House Raid,2017-06-30,2017-06-30,F,3rd-person,241,241,,,,,,"Ryakhovsky tells Marina that the detectives will 'start organizing the flight...up to Esso'"" (246)","Chegga, Marina, and Natasha",F,F,F,F,F,F,F,F,T,F,F,T,T,F,F
17,Yegor's House Raid,2017-06-30,2017-06-30,F,3rd-person,242,242,,,,,,"Ryakhovsky tells Marina that the detectives will 'start organizing the flight...up to Esso'"" (246)","Chegga, Marina, and Natasha",F,F,F,F,F,F,F,F,T,F,F,T,T,F,F
17,Yegor's House Raid,2017-06-30,2017-06-30,F,3rd-person,243,243,,,,,,"Ryakhovsky tells Marina that the detectives will 'start organizing the flight...up to Esso'"" (246)","Chegga, Marina, and Natasha",F,F,F,F,F,F,F,F,T,F,F,T,T,F,F
17,Yegor's House Raid,2017-06-30,2017-06-30,F,3rd-person,244,244,,,,,,"Ryakhovsky tells Marina that the detectives will 'start organizing the flight...up to Esso'"" (246)","Chegga, Marina, and Natasha",F,F,F,F,F,F,F,F,T,F,F,T,T,F,F
17,Yegor's House Raid,2017-06-30,2017-06-30,F,3rd-person,245,245,,,,,,"Ryakhovsky tells Marina that the detectives will 'start organizing the flight...up to Esso'"" (246)","Chegga, Marina, and Natasha",F,F,F,F,F,F,F,F,T,F,F,T,T,F,F
17,Yegor's House Raid,2017-06-30,2017-06-30,F,3rd-person,246,246,,,,,,"Ryakhovsky tells Marina that the detectives will 'start organizing the flight...up to Esso'"" (246)","Chegga, Marina, and Natasha",F,F,F,F,F,F,F,F,T,F,F,T,T,F,F
17,Yegor's House Raid,2017-06-30,2017-06-30,F,3rd-person,247,247,,,,,,"Ryakhovsky tells Marina that the detectives will 'start organizing the flight...up to Esso'"" (246)","Chegga, Marina, and Natasha",F,F,F,F,F,F,F,F,T,F,F,T,T,F,F
17,Yegor's House Raid,2017-07-01,2017-07-01,F,3rd-person,248,248,,,,,,"Ryakhovsky tells Marina that the detectives will 'start organizing the flight...up to Esso'"" (246)","Chegga, Marina, and Natasha",F,F,F,F,F,F,F,F,T,F,F,T,T,F,F
18,Aloyna tells Sophia stories to calm her,2017-07-01,2017-07-01,F,Aloyna ,253,253,,,,,,"Aloyna says ""don't cry. Listen. Do you want to hear again about the girl with the golden slipper?"" (253)","Aloyna, Lilia, and Sophia",T,T,F,F,F,F,F,F,F,F,F,F,F,T,F
18,Aloyna tells Sophia stories to calm her,2017-07-01,2017-07-01,F,Aloyna ,254,254,,,,,,"Aloyna says ""don't cry. Listen. Do you want to hear again about the girl with the golden slipper?"" (253)","Aloyna, Lilia, and Sophia",T,T,F,F,F,F,F,F,F,F,F,F,F,T,F
18,Aloyna tells Sophia stories to calm her,2017-07-01,2017-07-01,F,Aloyna ,255,255,,,,,,"Aloyna says ""don't cry. Listen. Do you want to hear again about the girl with the golden slipper?"" (253)","Aloyna, Lilia, and Sophia",T,T,F,F,F,F,F,F,F,F,F,F,F,T,F
18,Aloyna tells Sophia stories to calm her,2017-07-01,2017-07-01,F,Aloyna ,256,256,,,,,,"Aloyna says ""don't cry. Listen. Do you want to hear again about the girl with the golden slipper?"" (253)","Aloyna, Lilia, and Sophia",T,T,F,F,F,F,F,F,F,F,F,F,F,T,F
