Relative Order,Event Name,Start Date,End Date,Is Approximate?,Narrator,Start Page,End Page,Start Date TT,End Date TT,Start Page TT,End Page TT,Is Approximate TT?,Evidence,Participating Characters,Scout,Jem,Dill,Atticus,Tom Robinson,Boo Radley
1,Dill arrives in Maycomb,1933-07-30,1933-07-30,T,Scout,3,3,1936-07-30,1936-07-30,3,376,T,...the summer Dill came to us,"Atticus, Dill, Jem, and Scout",T,T,T,T,F,F
1,Dill arrives in Maycomb,1933-07-30,1933-07-30,T,Scout,7,7,1936-07-30,1936-07-30,3,376,T,That was the summer Dill came to us.,"Atticus, Dill, Jem, and Scout",T,T,T,T,F,F
1,Dill arrives in Maycomb,1933-07-30,1933-07-30,T,Scout,8,8,1936-07-30,1936-07-30,3,376,T,"...instead, we found someone sitting looking at us.","Atticus, Dill, Jem, and Scout",T,T,T,T,F,F
1,Dill becomes interested in Boo Radley,1933-08-30,1933-08-31,T,Scout,3,3,1936-07-30,1936-07-30,3,376,T,...when Dill first gave us the idea of making Boo Radley come out.,"Boo Radley, Dill, Jem, and Scout",T,T,T,F,F,T
1,Dill becomes interested in Boo Radley,1933-08-30,1933-08-31,T,Scout,10,10,1936-07-30,1936-07-30,3,376,T,Dill gave us the idea of making Boo Radley come out,"Boo Radley, Dill, Jem, and Scout",T,T,T,F,F,T
1,Dill becomes interested in Boo Radley,1933-08-30,1933-08-31,T,Scout,15,15,1936-07-30,1936-07-30,3,376,T,"The more we told Dill about the Radleys, the more he wanted to know...","Boo Radley, Dill, Jem, and Scout",T,T,T,F,F,T
1,Dill becomes interested in Boo Radley,1933-08-30,1933-08-31,T,Scout,16,16,1936-07-30,1936-07-30,3,376,T,"""Let's try to make him come out,"" said Dill.","Boo Radley, Dill, Jem, and Scout",T,T,T,F,F,T
2,Jem invites Walter Cunningham to dinner,1933-05-09,1933-05-09,T,Scout,30,30,1936-07-30,1936-07-30,3,376,T,"""Come on home to dinner with us, Walter,"" he said.","Atticus, Jem, and Scout",T,T,F,T,F,F
3,Boo Radley leaves gifts in the tree,1934-04-15,1934-10-15,T,Scout,44,44,1936-07-30,1936-07-30,3,376,T,Some tinfoil was sticking in the knot-hole...,"Boo Radley, Jem, and Scout",T,T,F,F,F,T
3,Boo Radley leaves gifts in the tree,1934-04-15,1934-10-15,T,Scout,46,46,1936-07-30,1936-07-30,3,376,T,...and found myself pointing at another piece of tinfoil.,"Boo Radley, Jem, and Scout",T,T,F,F,F,T
3,Boo Radley leaves gifts in the tree,1934-04-15,1934-10-15,T,Scout,78,78,1936-07-30,1936-07-30,3,376,T,In its knot-hole rested a ball of gray twine.,"Boo Radley, Jem, and Scout",T,T,F,F,F,T
3,Boo Radley leaves gifts in the tree,1934-04-15,1934-10-15,T,Scout,79,79,1936-07-30,1936-07-30,3,376,T,...when our knot-hole stopped us again.,"Boo Radley, Jem, and Scout",T,T,F,F,F,T
3,Boo Radley leaves gifts in the tree,1934-04-15,1934-10-15,T,Scout,80,80,1936-07-30,1936-07-30,3,376,T,"One was the figure of a boy, the other wore a crude dress.","Boo Radley, Jem, and Scout",T,T,F,F,F,T
3,Boo Radley leaves gifts in the tree,1934-04-15,1934-10-15,T,Scout,81,81,1936-07-30,1936-07-30,3,376,T,The following week the knot-hole yielded a tarnished medal.,"Boo Radley, Jem, and Scout",T,T,F,F,F,T
3,Boo Radley leaves gifts in the tree,1934-04-15,1934-10-15,T,Scout,324,324,1936-07-30,1936-07-30,3,376,T,"Two Indian-head pennis, chewing gum, soap dolls, a rusty medal...","Boo Radley, Jem, and Scout",T,T,F,F,F,T
3,Boo Radley leaves gifts in the tree,1934-04-15,1934-10-15,T,Scout,373,373,1936-07-30,1936-07-30,3,376,T,He gave us two soap dolls...,"Boo Radley, Jem, and Scout",T,T,F,F,F,T
4,Mr. Radley shoots at Jem and Dill,1934-08-15,1934-08-15,T,Scout,71,71,1936-07-30,1936-07-30,3,376,T,...the roar of a shotgun shattered the neighbourhood.,"Dill, Jem, and Scout",T,T,T,F,F,F
4,Mr. Radley shoots at Jem and Dill,1934-08-15,1934-08-15,T,Scout,72,72,1936-07-30,1936-07-30,3,376,T,"""Mr. Radley shot at a N**** in his collard patch.""","Dill, Jem, and Scout",T,T,T,F,F,F
4,Mr. Radley fills the tree with cement,1934-10-15,1934-10-15,T,Scout,83,83,1936-07-30,1936-07-30,3,376,T,Someone had filled our knot-hole with cement.,Jem and Scout,T,T,F,F,F,F
5,Miss Maudie's houes catches fire,1934-11-30,1934-11-30,T,Scout,92,92,1936-07-30,1936-07-30,3,376,T,...we saw fire spewing from Miss Maudie's diningroom...,"Atticus, Boo Radley, Jem, and Scout",T,T,F,T,F,T
5,Miss Maudie's houes catches fire,1934-11-30,1934-11-30,T,Scout,93,93,1936-07-30,1936-07-30,3,376,T,The fire was well into the second floor and had eaten its way to the roof.,"Atticus, Boo Radley, Jem, and Scout",T,T,F,T,F,T
5,Miss Maudie's houes catches fire,1934-11-30,1934-11-30,T,Scout,94,94,1936-07-30,1936-07-30,3,376,T,The Abbottsville fire truck began pumping water on our house...,"Atticus, Boo Radley, Jem, and Scout",T,T,F,T,F,T
5,Miss Maudie's houes catches fire,1934-11-30,1934-11-30,T,Scout,95,95,1936-07-30,1936-07-30,3,376,T,...the Abbottsville truck departed...,"Atticus, Boo Radley, Jem, and Scout",T,T,F,T,F,T
5,Miss Maudie's houes catches fire,1934-11-30,1934-11-30,T,Scout,96,96,1936-07-30,1936-07-30,3,376,T,"""You were so busy looking t the fire...""","Atticus, Boo Radley, Jem, and Scout",T,T,F,T,F,T
5,Miss Maudie's houes catches fire,1934-11-30,1934-11-30,T,Scout,97,97,1936-07-30,1936-07-30,3,376,T,"""Thought of settin' fire to it a hundred times myself...""","Atticus, Boo Radley, Jem, and Scout",T,T,F,T,F,T
5,Miss Maudie's houes catches fire,1934-11-30,1934-11-30,T,Scout,374,374,1936-07-30,1936-07-30,3,376,T,...silhouetted against a blazing house.,"Atticus, Boo Radley, Jem, and Scout",T,T,F,T,F,T
6,Mayella is assaulted,1934-01-12,1934-01-12,T,Scout,117,117,1936-07-30,1936-07-30,3,376,T,"""The evidence boils down to you-did—I-didn't.""","Atticus, Scout, and Tom Robinson",T,F,F,T,T,F
6,Mayella is assaulted,1934-01-12,1934-01-12,T,Scout,164,164,1936-07-30,1936-07-30,3,376,T,"""Old Bob Ewell accused him of rapin' his girl and' had him arrested an' put in jail—""","Atticus, Scout, and Tom Robinson",T,F,F,T,T,F
6,Mayella is assaulted,1934-01-12,1934-01-12,T,Scout,223,223,1936-07-30,1936-07-30,3,376,T,"""Old Bob Ewell accused him of rapin' his girl and' had him arrested an' put in jail—""","Atticus, Scout, and Tom Robinson",T,F,F,T,T,F
6,Mayella is assaulted,1934-01-12,1934-01-12,T,Scout,224,224,1936-07-30,1936-07-30,3,376,T,"""She was mighty banged up.""","Atticus, Scout, and Tom Robinson",T,F,F,T,T,F
6,Mayella is assaulted,1934-01-12,1934-01-12,T,Scout,225,225,1936-07-30,1936-07-30,3,376,T,"""I remember now, she was bunged up on the right side of her face...""","Atticus, Scout, and Tom Robinson",T,F,F,T,T,F
6,Mayella is assaulted,1934-01-12,1934-01-12,T,Scout,226,226,1936-07-30,1936-07-30,3,376,T,"""...her arms were bruised, and she showed me her neck.""","Atticus, Scout, and Tom Robinson",T,F,F,T,T,F
6,Mayella is assaulted,1934-01-12,1934-01-12,T,Scout,230,230,1936-07-30,1936-07-30,3,376,T,"""...I heard Mayella screamin' like a stuck hog inside the house—""","Atticus, Scout, and Tom Robinson",T,F,F,T,T,F
6,Mayella is assaulted,1934-01-12,1934-01-12,T,Scout,231,231,1936-07-30,1936-07-30,3,376,T,"""Well, I was sayin' Mayella was screamin fit to beat Jesus—""","Atticus, Scout, and Tom Robinson",T,F,F,T,T,F
6,Mayella is assaulted,1934-01-12,1934-01-12,T,Scout,233,233,1936-07-30,1936-07-30,3,376,T,"""Yes, I did.""","Atticus, Scout, and Tom Robinson",T,F,F,T,T,F
6,Mayella is assaulted,1934-01-12,1934-01-12,T,Scout,234,234,1936-07-30,1936-07-30,3,376,T,"""I run in the house and she was lyin' on the floor squallin'—""","Atticus, Scout, and Tom Robinson",T,F,F,T,T,F
6,Mayella is assaulted,1934-01-12,1934-01-12,T,Scout,235,235,1936-07-30,1936-07-30,3,376,T,"""Do you agree with his description of Mayella's injuries?""","Atticus, Scout, and Tom Robinson",T,F,F,T,T,F
6,Mayella is assaulted,1934-01-12,1934-01-12,T,Scout,236,236,1936-07-30,1936-07-30,3,376,T,"""Her eye was blacked and she was mighty beat up.""","Atticus, Scout, and Tom Robinson",T,F,F,T,T,F
6,Mayella is assaulted,1934-01-12,1934-01-12,T,Scout,238,238,1936-07-30,1936-07-30,3,376,T,...Mr. Ewell could have beaten up Mayella.,"Atticus, Scout, and Tom Robinson",T,F,F,T,T,F
6,Mayella is assaulted,1934-01-12,1934-01-12,T,Scout,241,241,1936-07-30,1936-07-30,3,376,T,"""I fought'n'hollered, but he had me round the neck.""","Atticus, Scout, and Tom Robinson",T,F,F,T,T,F
6,Mayella is assaulted,1934-01-12,1934-01-12,T,Scout,242,242,1936-07-30,1936-07-30,3,376,T,"""You say you fought him off as hard as you could?""","Atticus, Scout, and Tom Robinson",T,F,F,T,T,F
6,Mayella is assaulted,1934-01-12,1934-01-12,T,Scout,247,247,1936-07-30,1936-07-30,3,376,T,"""Do you remember him beating you about the face?""","Atticus, Scout, and Tom Robinson",T,F,F,T,T,F
6,Mayella is assaulted,1934-01-12,1934-01-12,T,Scout,248,248,1936-07-30,1936-07-30,3,376,T,"""I mean yes I do, he hit me.""","Atticus, Scout, and Tom Robinson",T,F,F,T,T,F
6,Mayella is assaulted,1934-01-12,1934-01-12,T,Scout,249,249,1936-07-30,1936-07-30,3,376,T,"""It most certainly is.""","Atticus, Scout, and Tom Robinson",T,F,F,T,T,F
6,Mayella is assaulted,1934-01-12,1934-01-12,T,Scout,250,250,1936-07-30,1936-07-30,3,376,T,"""I said he hit me.""","Atticus, Scout, and Tom Robinson",T,F,F,T,T,F
6,Mayella is assaulted,1934-01-12,1934-01-12,T,Scout,251,251,1936-07-30,1936-07-30,3,376,T,"""Who beat you up? Tom Robinson or your father?""","Atticus, Scout, and Tom Robinson",T,F,F,T,T,F
6,Mayella is assaulted,1934-01-12,1934-01-12,T,Scout,260,260,1936-07-30,1936-07-30,3,376,T,"""Tom, did you rape Mayella Ewell?""","Atticus, Scout, and Tom Robinson",T,F,F,T,T,F
7,Atticus tells Scout he's defending Tom Robinson,1934-02-12,1934-02-12,T,Scout,100,100,1936-07-30,1936-07-30,3,376,T,"""I'm simply defending a N****""","Atticus, Scout, and Tom Robinson",T,F,F,T,T,F
7,Atticus tells Scout he's defending Tom Robinson,1934-02-12,1934-02-12,T,Scout,101,101,1936-07-30,1936-07-30,3,376,T,"""...every lawyer gets at least one case in his lifetime that affects him personally.""","Atticus, Scout, and Tom Robinson",T,F,F,T,T,F
7,Atticus tells Scout he's defending Tom Robinson,1934-02-12,1934-02-12,T,Scout,102,102,1936-07-30,1936-07-30,3,376,T,"""...no matter how bitter things get...""","Atticus, Scout, and Tom Robinson",T,F,F,T,T,F
8,Scout goes to Finch's Landing,1934-12-25,1934-12-25,T,Scout,102,102,1936-07-30,1936-07-30,3,376,T,Jem and I viewed Christmas with mixed feelings.,"Atticus, Jem, and Scout",T,T,F,T,F,F
8,Scout goes to Finch's Landing,1934-12-25,1934-12-25,T,Scout,103,103,1936-07-30,1936-07-30,3,376,T,No amount of sighing could induce Atticus to let us spend Christmas at home.,"Atticus, Jem, and Scout",T,T,F,T,F,F
8,Scout goes to Finch's Landing,1934-12-25,1934-12-25,T,Scout,104,104,1936-07-30,1936-07-30,3,376,T,"""What's i those packages?"" I asked him.","Atticus, Jem, and Scout",T,T,F,T,F,F
8,Scout goes to Finch's Landing,1934-12-25,1934-12-25,T,Scout,105,105,1936-07-30,1936-07-30,3,376,T,But at supper that evening...,"Atticus, Jem, and Scout",T,T,F,T,F,F
8,Scout goes to Finch's Landing,1934-12-25,1934-12-25,T,Scout,106,106,1936-07-30,1936-07-30,3,376,T,It took Atticus's courtroom voice to drag us away from the tree.,"Atticus, Jem, and Scout",T,T,F,T,F,F
8,Scout goes to Finch's Landing,1934-12-25,1934-12-25,T,Scout,107,107,1936-07-30,1936-07-30,3,376,T,There went with the house the usual legend about the Yankees...,"Atticus, Jem, and Scout",T,T,F,T,F,F
8,Scout goes to Finch's Landing,1934-12-25,1934-12-25,T,Scout,108,108,1936-07-30,1936-07-30,3,376,T,Aunt Alexandra was fanatical on the subject of my attire.,"Atticus, Jem, and Scout",T,T,F,T,F,F
8,Scout goes to Finch's Landing,1934-12-25,1934-12-25,T,Scout,109,109,1936-07-30,1936-07-30,3,376,T,"Afterwards, the adults made for the livingroom and sat around in a dazed condition.","Atticus, Jem, and Scout",T,T,F,T,F,F
8,Scout goes to Finch's Landing,1934-12-25,1934-12-25,T,Scout,110,110,1936-07-30,1936-07-30,3,376,T,"""Francis, that's not so!""","Atticus, Jem, and Scout",T,T,F,T,F,F
8,Scout goes to Finch's Landing,1934-12-25,1934-12-25,T,Scout,111,111,1936-07-30,1936-07-30,3,376,T,"Francis shot back into the kitchen, so I retired to the steps.","Atticus, Jem, and Scout",T,T,F,T,F,F
8,Scout goes to Finch's Landing,1934-12-25,1934-12-25,T,Scout,112,112,1936-07-30,1936-07-30,3,376,T,"This time, I split my knuckle to the bone on his front teeth.","Atticus, Jem, and Scout",T,T,F,T,F,F
9,Atticus shoots the mad dog,1935-02-14,1935-02-14,T,Scout,127,127,1936-07-30,1936-07-30,3,376,T,The rifled cracked.,"Atticus, Jem, and Scout",T,T,F,T,F,F
9,Atticus shoots the mad dog,1935-02-14,1935-02-14,T,Scout,128,128,1936-07-30,1936-07-30,3,376,T,"""You haven't forgot much, Mr. Finch. They say it never leaves you.""","Atticus, Jem, and Scout",T,T,F,T,F,F
9,Atticus shoots the mad dog,1935-02-14,1935-02-14,T,Scout,129,129,1936-07-30,1936-07-30,3,376,T,"""'d you see him, Scout?""","Atticus, Jem, and Scout",T,T,F,T,F,F
10,Scout and Jem read to Mrs. Dubose,1935-01-03,1935-05-31,T,Scout,140,140,1936-07-30,1936-07-30,3,376,T,"""Atticus,"" he said, ""she wants me to read to her.""",Jem and Scout,T,T,F,F,F,F
10,Scout and Jem read to Mrs. Dubose,1935-01-03,1935-05-31,T,Scout,141,141,1936-07-30,1936-07-30,3,376,T,...Jem and I climbed the steep front steps to Mrs. Dubose's house...,Jem and Scout,T,T,F,F,F,F
10,Scout and Jem read to Mrs. Dubose,1935-01-03,1935-05-31,T,Scout,142,142,1936-07-30,1936-07-30,3,376,T,Jem reopened Ivanhoe and began reading.,Jem and Scout,T,T,F,F,F,F
10,Scout and Jem read to Mrs. Dubose,1935-01-03,1935-05-31,T,Scout,143,143,1936-07-30,1936-07-30,3,376,T,Her mouth seemed to have a private existence of its own.,Jem and Scout,T,T,F,F,F,F
10,Scout and Jem read to Mrs. Dubose,1935-01-03,1935-05-31,T,Scout,144,144,1936-07-30,1936-07-30,3,376,T,The next afternoon at Mrs. Dubose's wa the same as the first...,Jem and Scout,T,T,F,F,F,F
10,Scout and Jem read to Mrs. Dubose,1935-01-03,1935-05-31,T,Scout,145,145,1936-07-30,1936-07-30,3,376,T,One afternoon a month later...,Jem and Scout,T,T,F,F,F,F
10,Scout and Jem read to Mrs. Dubose,1935-01-03,1935-05-31,T,Scout,146,146,1936-07-30,1936-07-30,3,376,T,The following week found us back at Mrs. Dubose's.,Jem and Scout,T,T,F,F,F,F
10,Scout and Jem read to Mrs. Dubose,1935-01-03,1935-05-31,T,Scout,147,147,1936-07-30,1936-07-30,3,376,T,"""I'm going down to Mrs. Dubose's for a while,"" he said.",Jem and Scout,T,T,F,F,F,F
10,Scout and Jem read to Mrs. Dubose,1935-01-03,1935-05-31,T,Scout,148,148,1936-07-30,1936-07-30,3,376,T,"""Most of the time you were reading to her...""",Jem and Scout,T,T,F,F,F,F
10,Scout and Jem read to Mrs. Dubose,1935-01-03,1935-05-31,T,Scout,149,149,1936-07-30,1936-07-30,3,376,T,"""...son, I told you that if you hadn't lost your head, I'd have made you go read to her.""",Jem and Scout,T,T,F,F,F,F
10,Scout and Jem go to Calpurnia's church,1935-07-30,1935-07-30,T,Scout,156,156,1936-07-30,1936-07-30,3,376,T,"""How'd you and Mister Jem like to come to church with me tomorrow?""",Jem and Scout,T,T,F,F,F,F
10,Scout and Jem go to Calpurnia's church,1935-07-30,1935-07-30,T,Scout,157,157,1936-07-30,1936-07-30,3,376,T,First Purchase African M.E. Church...,Jem and Scout,T,T,F,F,F,F
10,Scout and Jem go to Calpurnia's church,1935-07-30,1935-07-30,T,Scout,158,158,1936-07-30,1936-07-30,3,376,T,They parted and made a small pathway to the church door for us.,Jem and Scout,T,T,F,F,F,F
10,Scout and Jem go to Calpurnia's church,1935-07-30,1935-07-30,T,Scout,159,159,1936-07-30,1936-07-30,3,376,T,I agreed; they did not want us here.,Jem and Scout,T,T,F,F,F,F
10,Scout and Jem go to Calpurnia's church,1935-07-30,1935-07-30,T,Scout,160,160,1936-07-30,1936-07-30,3,376,T,"""We've got ours,"" he whispered.",Jem and Scout,T,T,F,F,F,F
10,Scout and Jem go to Calpurnia's church,1935-07-30,1935-07-30,T,Scout,161,161,1936-07-30,1936-07-30,3,376,T,Zeebo rose from his pew and walked down the center aisle...,Jem and Scout,T,T,F,F,F,F
10,Scout and Jem go to Calpurnia's church,1935-07-30,1935-07-30,T,Scout,162,162,1936-07-30,1936-07-30,3,376,T,His sermon was a forthright denunciation of sin...,Jem and Scout,T,T,F,F,F,F
10,Scout and Jem go to Calpurnia's church,1935-07-30,1935-07-30,T,Scout,163,163,1936-07-30,1936-07-30,3,376,T,The church was becoming stuffy...,Jem and Scout,T,T,F,F,F,F
10,Scout and Jem go to Calpurnia's church,1935-07-30,1935-07-30,T,Scout,164,164,1936-07-30,1936-07-30,3,376,T,"Jem echoed me, and we made our way homeward.",Jem and Scout,T,T,F,F,F,F
10,Scout and Jem go to Calpurnia's church,1935-07-30,1935-07-30,T,Scout,181,181,1936-07-30,1936-07-30,3,376,T,"""Well, I asked Calpurnia comin' fomr church that day...""",Jem and Scout,T,T,F,F,F,F
11,Aunt Alexandra arrives in Maycomb,1935-07-31,1935-07-31,T,Scout,169,169,1936-07-30,1936-07-30,3,376,T,"""...your father and I decided it was time I came to stay with you...""","Atticus, Jem, and Scout",T,T,F,T,F,F
11,Aunt Alexandra arrives in Maycomb,1935-07-31,1935-07-31,T,Scout,170,170,1936-07-30,1936-07-30,3,376,T,"""We decided that it would be best for you to have some feminine influence.""","Atticus, Jem, and Scout",T,T,F,T,F,F
11,Aunt Alexandra arrives in Maycomb,1935-07-31,1935-07-31,T,Scout,171,171,1936-07-30,1936-07-30,3,376,T,The remainder of the afternoon went by in the gentle gloom that descends...,"Atticus, Jem, and Scout",T,T,F,T,F,F
12,Dill returns to Maycomb,1935-01-08,1935-01-08,T,Scout,186,186,1936-07-30,1936-07-30,3,376,T,We watched Dill emerge by degrees.,"Atticus, Dill, Jem, and Scout",T,T,T,T,F,F
12,Dill returns to Maycomb,1935-01-08,1935-01-08,T,Scout,187,187,1936-07-30,1936-07-30,3,376,T,He walked the rest of the way.,"Atticus, Dill, Jem, and Scout",T,T,T,T,F,F
12,Dill returns to Maycomb,1935-01-08,1935-01-08,T,Scout,188,188,1936-07-30,1936-07-30,3,376,T,Beneath its sweat-streaked dirt Dill's face went white.,"Atticus, Dill, Jem, and Scout",T,T,T,T,F,F
12,Dill returns to Maycomb,1935-01-08,1935-01-08,T,Scout,189,189,1936-07-30,1936-07-30,3,376,T,"Dill ate, and ate, and ate.","Atticus, Dill, Jem, and Scout",T,T,T,T,F,F
13,Scout turns back Mr. Cunningham's mob,1935-08-14,1935-08-14,T,Scout,203,203,1936-07-30,1936-07-30,3,376,T,"""H-ey, Atticus!""","Atticus, Dill, Jem, Scout, and Tom Robinson",T,T,T,T,T,F
13,Scout turns back Mr. Cunningham's mob,1935-08-14,1935-08-14,T,Scout,204,204,1936-07-30,1936-07-30,3,376,T,"""Don't you touch him!""","Atticus, Dill, Jem, Scout, and Tom Robinson",T,T,T,T,T,F
13,Scout turns back Mr. Cunningham's mob,1935-08-14,1935-08-14,T,Scout,205,205,1936-07-30,1936-07-30,3,376,T,"""Don't you remember me, Mr. Cunningham?""","Atticus, Dill, Jem, Scout, and Tom Robinson",T,T,T,T,T,F
13,Scout turns back Mr. Cunningham's mob,1935-08-14,1935-08-14,T,Scout,206,206,1936-07-30,1936-07-30,3,376,T,"""I'll tell him you said hey, little lady,"" he said.","Atticus, Dill, Jem, Scout, and Tom Robinson",T,T,T,T,T,F
14,Tom Robinson's Trial,1935-08-15,1935-08-15,T,Scout,100,100,1936-07-30,1936-07-30,3,376,T,"""It's a peculiar case—it won't come to trial until after summer session.""","Atticus, Dill, Jem, Scout, and Tom Robinson",T,T,T,T,T,F
14,Tom Robinson's Trial,1935-08-15,1935-08-15,T,Scout,117,117,1936-07-30,1936-07-30,3,376,T,"""The jury couldn't possibly be expected...""","Atticus, Dill, Jem, Scout, and Tom Robinson",T,T,T,T,T,F
14,Tom Robinson's Trial,1935-08-15,1935-08-15,T,Scout,194,194,1936-07-30,1936-07-30,3,376,T,"""Trial'll probably be Monday.""","Atticus, Dill, Jem, Scout, and Tom Robinson",T,T,T,T,T,F
14,Tom Robinson's Trial,1935-08-15,1935-08-15,T,Scout,208,208,1936-07-30,1936-07-30,3,376,T,"""It'll all be over after tomorrow, maybe.""","Atticus, Dill, Jem, Scout, and Tom Robinson",T,T,T,T,T,F
14,Tom Robinson's Trial,1935-08-15,1935-08-15,T,Scout,222,222,1936-07-30,1936-07-30,3,376,T,"""Mr. Heck Tate's testifyin'.""","Atticus, Dill, Jem, Scout, and Tom Robinson",T,T,T,T,T,F
14,Tom Robinson's Trial,1935-08-15,1935-08-15,T,Scout,223,223,1936-07-30,1936-07-30,3,376,T,"""Could you say it to the jury, Mr. Tate?""","Atticus, Dill, Jem, Scout, and Tom Robinson",T,T,T,T,T,F
14,Tom Robinson's Trial,1935-08-15,1935-08-15,T,Scout,224,224,1936-07-30,1936-07-30,3,376,T,"""Did you call a doctor, Sheriff?""","Atticus, Dill, Jem, Scout, and Tom Robinson",T,T,T,T,T,F
14,Tom Robinson's Trial,1935-08-15,1935-08-15,T,Scout,225,225,1936-07-30,1936-07-30,3,376,T,"""Which eye?""","Atticus, Dill, Jem, Scout, and Tom Robinson",T,T,T,T,T,F
14,Tom Robinson's Trial,1935-08-15,1935-08-15,T,Scout,226,226,1936-07-30,1936-07-30,3,376,T,"""...her arms were bruised, and she showed me her neck.""","Atticus, Dill, Jem, Scout, and Tom Robinson",T,T,T,T,T,F
14,Tom Robinson's Trial,1935-08-15,1935-08-15,T,Scout,227,227,1936-07-30,1936-07-30,3,376,T,"""...Robert E. Lee Ewell!""","Atticus, Dill, Jem, Scout, and Tom Robinson",T,T,T,T,T,F
14,Tom Robinson's Trial,1935-08-15,1935-08-15,T,Scout,229,229,1936-07-30,1936-07-30,3,376,T,"""Mr. Robert Ewell?"" asked Mr. Gilmer.","Atticus, Dill, Jem, Scout, and Tom Robinson",T,T,T,T,T,F
14,Tom Robinson's Trial,1935-08-15,1935-08-15,T,Scout,230,230,1936-07-30,1936-07-30,3,376,T,"""Are you the father of Mayella Ewell?"" was the next question.","Atticus, Dill, Jem, Scout, and Tom Robinson",T,T,T,T,T,F
14,Tom Robinson's Trial,1935-08-15,1935-08-15,T,Scout,231,231,1936-07-30,1936-07-30,3,376,T,"""What time was it, Mr. Ewell?""","Atticus, Dill, Jem, Scout, and Tom Robinson",T,T,T,T,T,F
14,Tom Robinson's Trial,1935-08-15,1935-08-15,T,Scout,232,232,1936-07-30,1936-07-30,3,376,T,"""Aw hush. She doesn't understand it, REverend, she ain't nine yet.""","Atticus, Dill, Jem, Scout, and Tom Robinson",T,T,T,T,T,F
14,Tom Robinson's Trial,1935-08-15,1935-08-15,T,Scout,233,233,1936-07-30,1936-07-30,3,376,T,Mr. Ewell reminded me of a deaf-mute.,"Atticus, Dill, Jem, Scout, and Tom Robinson",T,T,T,T,T,F
14,Tom Robinson's Trial,1935-08-15,1935-08-15,T,Scout,234,234,1936-07-30,1936-07-30,3,376,T,"""Then what did you do?""","Atticus, Dill, Jem, Scout, and Tom Robinson",T,T,T,T,T,F
14,Tom Robinson's Trial,1935-08-15,1935-08-15,T,Scout,235,235,1936-07-30,1936-07-30,3,376,T,"""Didn't you think she should have had a doctor, immediately?""","Atticus, Dill, Jem, Scout, and Tom Robinson",T,T,T,T,T,F
14,Tom Robinson's Trial,1935-08-15,1935-08-15,T,Scout,236,236,1936-07-30,1936-07-30,3,376,T,"""You heard it again, Mr. Ewell?""","Atticus, Dill, Jem, Scout, and Tom Robinson",T,T,T,T,T,F
14,Tom Robinson's Trial,1935-08-15,1935-08-15,T,Scout,237,237,1936-07-30,1936-07-30,3,376,T,Atticus was reaching into the inside pocket of his coat.,"Atticus, Dill, Jem, Scout, and Tom Robinson",T,T,T,T,T,F
14,Tom Robinson's Trial,1935-08-15,1935-08-15,T,Scout,238,238,1936-07-30,1936-07-30,3,376,T,"""About your writing with your left hand, are you ambidexterous, Mr. Ewell?""","Atticus, Dill, Jem, Scout, and Tom Robinson",T,T,T,T,T,F
14,Tom Robinson's Trial,1935-08-15,1935-08-15,T,Scout,239,239,1936-07-30,1936-07-30,3,376,T,But someone was booming again.,"Atticus, Dill, Jem, Scout, and Tom Robinson",T,T,T,T,T,F
14,Tom Robinson's Trial,1935-08-15,1935-08-15,T,Scout,240,240,1936-07-30,1936-07-30,3,376,T,"""Which porch?""","Atticus, Dill, Jem, Scout, and Tom Robinson",T,T,T,T,T,F
14,Tom Robinson's Trial,1935-08-15,1935-08-15,T,Scout,241,241,1936-07-30,1936-07-30,3,376,T,Mayella pointed to Tom Robinson.,"Atticus, Dill, Jem, Scout, and Tom Robinson",T,T,T,T,T,F
14,Tom Robinson's Trial,1935-08-15,1935-08-15,T,Scout,242,242,1936-07-30,1936-07-30,3,376,T,"""I don't remember too good...""","Atticus, Dill, Jem, Scout, and Tom Robinson",T,T,T,T,T,F
14,Tom Robinson's Trial,1935-08-15,1935-08-15,T,Scout,243,243,1936-07-30,1936-07-30,3,376,T,"""Said I was nineteen, said it to the judge yonder.""","Atticus, Dill, Jem, Scout, and Tom Robinson",T,T,T,T,T,F
14,Tom Robinson's Trial,1935-08-15,1935-08-15,T,Scout,244,244,1936-07-30,1936-07-30,3,376,T,What on earth was her life like?,"Atticus, Dill, Jem, Scout, and Tom Robinson",T,T,T,T,T,F
14,Tom Robinson's Trial,1935-08-15,1935-08-15,T,Scout,245,245,1936-07-30,1936-07-30,3,376,T,The witness frowned as if puzzled.,"Atticus, Dill, Jem, Scout, and Tom Robinson",T,T,T,T,T,F
14,Tom Robinson's Trial,1935-08-15,1935-08-15,T,Scout,246,246,1936-07-30,1936-07-30,3,376,T,"""When he's—riled, has he ever beaten you?""","Atticus, Dill, Jem, Scout, and Tom Robinson",T,T,T,T,T,F
14,Tom Robinson's Trial,1935-08-15,1935-08-15,T,Scout,247,247,1936-07-30,1936-07-30,3,376,T,"""One did not's enough,"" said Atticus serenely.","Atticus, Dill, Jem, Scout, and Tom Robinson",T,T,T,T,T,F
14,Tom Robinson's Trial,1935-08-15,1935-08-15,T,Scout,248,248,1936-07-30,1936-07-30,3,376,T,"""No, I don't recollect if he hit me.""","Atticus, Dill, Jem, Scout, and Tom Robinson",T,T,T,T,T,F
14,Tom Robinson's Trial,1935-08-15,1935-08-15,T,Scout,249,249,1936-07-30,1936-07-30,3,376,T,"""Is this the man who raped you?""","Atticus, Dill, Jem, Scout, and Tom Robinson",T,T,T,T,T,F
14,Tom Robinson's Trial,1935-08-15,1935-08-15,T,Scout,250,250,1936-07-30,1936-07-30,3,376,T,"""Then he released your throat and hit you?""","Atticus, Dill, Jem, Scout, and Tom Robinson",T,T,T,T,T,F
14,Tom Robinson's Trial,1935-08-15,1935-08-15,T,Scout,251,251,1936-07-30,1936-07-30,3,376,T,"""Or didn't you scream until you saw your father in the window?""","Atticus, Dill, Jem, Scout, and Tom Robinson",T,T,T,T,T,F
14,Tom Robinson's Trial,1935-08-15,1935-08-15,T,Scout,252,252,1936-07-30,1936-07-30,3,376,T,"""It's time we all did. We'll take ten minutes.""","Atticus, Dill, Jem, Scout, and Tom Robinson",T,T,T,T,T,F
14,Tom Robinson's Trial,1935-08-15,1935-08-15,T,Scout,253,253,1936-07-30,1936-07-30,3,376,T,Presently Judge Taylor returned and climbed into his swivel chair.,"Atticus, Dill, Jem, Scout, and Tom Robinson",T,T,T,T,T,F
14,Tom Robinson's Trial,1935-08-15,1935-08-15,T,Scout,254,254,1936-07-30,1936-07-30,3,376,T,"Thomas Robinson reached around, ran his fingers under his left arm and lifted it.","Atticus, Dill, Jem, Scout, and Tom Robinson",T,T,T,T,T,F
14,Tom Robinson's Trial,1935-08-15,1935-08-15,T,Scout,255,255,1936-07-30,1936-07-30,3,376,T,Jem said Atticus was showing the jury that Tom had nothing to hide.,"Atticus, Dill, Jem, Scout, and Tom Robinson",T,T,T,T,T,F
14,Tom Robinson's Trial,1935-08-15,1935-08-15,T,Scout,256,256,1936-07-30,1936-07-30,3,376,T,"Judge Taylor instinctively reached for his gavel, but let his hand fall","Atticus, Dill, Jem, Scout, and Tom Robinson",T,T,T,T,T,F
14,Tom Robinson's Trial,1935-08-15,1935-08-15,T,Scout,257,257,1936-07-30,1936-07-30,3,376,T,"""No suh, Mr. Finch, I never did. I wouldn't do that, suh.""","Atticus, Dill, Jem, Scout, and Tom Robinson",T,T,T,T,T,F
14,Tom Robinson's Trial,1935-08-15,1935-08-15,T,Scout,258,258,1936-07-30,1936-07-30,3,376,T,"""It seemed real quiet like, an' I didn't quite know why.""","Atticus, Dill, Jem, Scout, and Tom Robinson",T,T,T,T,T,F
14,Tom Robinson's Trial,1935-08-15,1935-08-15,T,Scout,259,259,1936-07-30,1936-07-30,3,376,T,"""Not the same chiffarobe you busted up?"" asked Atticus.","Atticus, Dill, Jem, Scout, and Tom Robinson",T,T,T,T,T,F
14,Tom Robinson's Trial,1935-08-15,1935-08-15,T,Scout,260,260,1936-07-30,1936-07-30,3,376,T,"""Then what did she do?""","Atticus, Dill, Jem, Scout, and Tom Robinson",T,T,T,T,T,F
14,Tom Robinson's Trial,1935-08-15,1935-08-15,T,Scout,261,261,1936-07-30,1936-07-30,3,376,T,"""Tom, go back once more to Mr. Ewell,"" said Atticus.","Atticus, Dill, Jem, Scout, and Tom Robinson",T,T,T,T,T,F
14,Tom Robinson's Trial,1935-08-15,1935-08-15,T,Scout,262,262,1936-07-30,1936-07-30,3,376,T,"""Go ahead, Mr. Gilmer.""","Atticus, Dill, Jem, Scout, and Tom Robinson",T,T,T,T,T,F
14,Tom Robinson's Trial,1935-08-15,1935-08-15,T,Scout,263,263,1936-07-30,1936-07-30,3,376,T,"""Yes, suh, I reckon so.""","Atticus, Dill, Jem, Scout, and Tom Robinson",T,T,T,T,T,F
14,Tom Robinson's Trial,1935-08-15,1935-08-15,T,Scout,264,264,1936-07-30,1936-07-30,3,376,T,"""Yes, suh.""","Atticus, Dill, Jem, Scout, and Tom Robinson",T,T,T,T,T,F
14,Tom Robinson's Trial,1935-08-15,1935-08-15,T,Scout,265,265,1936-07-30,1936-07-30,3,376,T,"""If you had a clear conscience, why were you scared?""","Atticus, Dill, Jem, Scout, and Tom Robinson",T,T,T,T,T,F
14,Tom Robinson's Trial,1935-08-15,1935-08-15,T,Scout,266,266,1936-07-30,1936-07-30,3,376,T,"""Dill, that's his job.""","Atticus, Dill, Jem, Scout, and Tom Robinson",T,T,T,T,T,F
14,Tom Robinson's Trial,1935-08-15,1935-08-15,T,Scout,267,267,1936-07-30,1936-07-30,3,376,T,"""Come on round here, son, I got something that'll settle your stomach.""","Atticus, Dill, Jem, Scout, and Tom Robinson",T,T,T,T,T,F
14,Tom Robinson's Trial,1935-08-15,1935-08-15,T,Scout,268,268,1936-07-30,1936-07-30,3,376,T,"""That's all I drink, most of the time.""","Atticus, Dill, Jem, Scout, and Tom Robinson",T,T,T,T,T,F
14,Tom Robinson's Trial,1935-08-15,1935-08-15,T,Scout,269,269,1936-07-30,1936-07-30,3,376,T,"""Things haven't caught up with that one's instincts yet.""","Atticus, Dill, Jem, Scout, and Tom Robinson",T,T,T,T,T,F
14,Tom Robinson's Trial,1935-08-15,1935-08-15,T,Scout,270,270,1936-07-30,1936-07-30,3,376,T,Atticus was halfway through his speech to the jury.,"Atticus, Dill, Jem, Scout, and Tom Robinson",T,T,T,T,T,F
14,Tom Robinson's Trial,1935-08-15,1935-08-15,T,Scout,271,271,1936-07-30,1936-07-30,3,376,T,"Atticus put his hands in his pockets, and as he returned to the jury...","Atticus, Dill, Jem, Scout, and Tom Robinson",T,T,T,T,T,F
14,Tom Robinson's Trial,1935-08-15,1935-08-15,T,Scout,272,272,1936-07-30,1936-07-30,3,376,T,"""What was the evidence of her offense?""","Atticus, Dill, Jem, Scout, and Tom Robinson",T,T,T,T,T,F
14,Tom Robinson's Trial,1935-08-15,1935-08-15,T,Scout,273,273,1936-07-30,1936-07-30,3,376,T,"""And so a quiet, respectable, humble N****...""","Atticus, Dill, Jem, Scout, and Tom Robinson",T,T,T,T,T,F
14,Tom Robinson's Trial,1935-08-15,1935-08-15,T,Scout,274,274,1936-07-30,1936-07-30,3,376,T,"""I'm no idealist to believe firmly in the integrity of our courts and in the jury system...""","Atticus, Dill, Jem, Scout, and Tom Robinson",T,T,T,T,T,F
14,Tom Robinson's Trial,1935-08-15,1935-08-15,T,Scout,275,275,1936-07-30,1936-07-30,3,376,T,"""In the name of God, do your duty.""","Atticus, Dill, Jem, Scout, and Tom Robinson",T,T,T,T,T,F
14,Tom Robinson's Trial,1935-08-15,1935-08-15,T,Scout,276,276,1936-07-30,1936-07-30,3,376,T,"Judge Taylor saw her and said, ""It's Calpurnia, isn't it?""","Atticus, Dill, Jem, Scout, and Tom Robinson",T,T,T,T,T,F
14,Tom Robinson's Trial,1935-08-15,1935-08-15,T,Scout,277,277,1936-07-30,1936-07-30,3,376,T,"""You've been here all afternoon?""","Atticus, Dill, Jem, Scout, and Tom Robinson",T,T,T,T,T,F
14,Tom Robinson's Trial,1935-08-15,1935-08-15,T,Scout,278,278,1936-07-30,1936-07-30,3,376,T,Reverend Sykes had saved our places.,"Atticus, Dill, Jem, Scout, and Tom Robinson",T,T,T,T,T,F
14,Tom Robinson's Trial,1935-08-15,1935-08-15,T,Scout,279,279,1936-07-30,1936-07-30,3,376,T,"""They moved around some when the jury went out,"" said Reverend Sykes.","Atticus, Dill, Jem, Scout, and Tom Robinson",T,T,T,T,T,F
14,Tom Robinson's Trial,1935-08-15,1935-08-15,T,Scout,280,280,1936-07-30,1936-07-30,3,376,T,I looked down and saw Atticus strolling around...,"Atticus, Dill, Jem, Scout, and Tom Robinson",T,T,T,T,T,F
14,Tom Robinson's Trial,1935-08-15,1935-08-15,T,Scout,281,281,1936-07-30,1936-07-30,3,376,T,"""Ain't it a long time?""I asked him.","Atticus, Dill, Jem, Scout, and Tom Robinson",T,T,T,T,T,F
14,Tom Robinson's Trial,1935-08-15,1935-08-15,T,Scout,282,282,1936-07-30,1936-07-30,3,376,T,"""Guilty...guilty...guilty...guilty...""","Atticus, Dill, Jem, Scout, and Tom Robinson",T,T,T,T,T,F
14,Tom Robinson's Trial,1935-08-15,1935-08-15,T,Scout,283,283,1936-07-30,1936-07-30,3,376,T,"""Miss Jean Louise, stand up. Your father's passin'.""","Atticus, Dill, Jem, Scout, and Tom Robinson",T,T,T,T,T,F
14,Tom Robinson's Trial,1935-08-15,1935-08-15,T,Scout,331,331,1936-07-30,1936-07-30,3,376,T,...coming out of the courthouse that night...,"Atticus, Dill, Jem, Scout, and Tom Robinson",T,T,T,T,T,F
15,Mr. Ewell spits in Atticus' face,1935-08-22,1935-08-22,T,Scout,291,291,1936-07-30,1936-07-30,3,376,T,"""I wish Bob Ewell wouldn't chew tobacco,"" was all Atticus said about it.",Atticus,F,F,F,T,F,F
15,Mr. Ewell spits in Atticus' face,1935-08-22,1935-08-22,T,Scout,292,292,1936-07-30,1936-07-30,3,376,T,"""When a man says he's gonna get you, looks like he means it.""",Atticus,F,F,F,T,F,F
15,Mr. Ewell spits in Atticus' face,1935-08-22,1935-08-22,T,Scout,293,293,1936-07-30,1936-07-30,3,376,T,"""...Bob Ewell, he got it all out of his system that morning.""",Atticus,F,F,F,T,F,F
16,Scout attends Aunt Alexandra's missionary circle,1935-08-23,1935-08-23,T,Scout,305,305,1936-07-30,1936-07-30,3,376,T,Today Aunt Alexandra and her missionary circle...,Scout,T,F,F,F,F,F
16,Scout attends Aunt Alexandra's missionary circle,1935-08-23,1935-08-23,T,Scout,306,306,1936-07-30,1936-07-30,3,376,T,"Immediately thereafter, the ladies adjourned for refreshments.",Scout,T,F,F,F,F,F
16,Scout attends Aunt Alexandra's missionary circle,1935-08-23,1935-08-23,T,Scout,307,307,1936-07-30,1936-07-30,3,376,T,It was customary for every circle hostess to invite her neighbors for refreshments...,Scout,T,F,F,F,F,F
16,Scout attends Aunt Alexandra's missionary circle,1935-08-23,1935-08-23,T,Scout,308,308,1936-07-30,1936-07-30,3,376,T,"""Nome, I hadn't thought about it...""",Scout,T,F,F,F,F,F
16,Scout attends Aunt Alexandra's missionary circle,1935-08-23,1935-08-23,T,Scout,309,309,1936-07-30,1936-07-30,3,376,T,Mrs. Merriweather played her voice like an organ.,Scout,T,F,F,F,F,F
16,Scout attends Aunt Alexandra's missionary circle,1935-08-23,1935-08-23,T,Scout,310,310,1936-07-30,1936-07-30,3,376,T,Mrs. Merriweather turned back to her neighbor.,Scout,T,F,F,F,F,F
16,Scout attends Aunt Alexandra's missionary circle,1935-08-23,1935-08-23,T,Scout,311,311,1936-07-30,1936-07-30,3,376,T,I was reminded of the ancient little organ in the hapel at Finch's Landing.,Scout,T,F,F,F,F,F
16,Scout attends Aunt Alexandra's missionary circle,1935-08-23,1935-08-23,T,Scout,312,312,1936-07-30,1936-07-30,3,376,T,"""His food doesn't stick going down, does it?""",Scout,T,F,F,F,F,F
16,Scout attends Aunt Alexandra's missionary circle,1935-08-23,1935-08-23,T,Scout,313,313,1936-07-30,1936-07-30,3,376,T,But I was more at home in my father's world.,Scout,T,F,F,F,F,F
16,Scout attends Aunt Alexandra's missionary circle,1935-08-23,1935-08-23,T,Scout,314,314,1936-07-30,1936-07-30,3,376,T,The front door slammed and I heard Atticus's footsteps in the hall.,Scout,T,F,F,F,F,F
16,Scout attends Aunt Alexandra's missionary circle,1935-08-23,1935-08-23,T,Scout,315,315,1936-07-30,1936-07-30,3,376,T,Miss Maudie went to Calpurnia and united it.,Scout,T,F,F,F,F,F
16,Scout attends Aunt Alexandra's missionary circle,1935-08-23,1935-08-23,T,Scout,316,316,1936-07-30,1936-07-30,3,376,T,I heard Miss Maudie breathing...,Scout,T,F,F,F,F,F
16,Scout attends Aunt Alexandra's missionary circle,1935-08-23,1935-08-23,T,Scout,317,317,1936-07-30,1936-07-30,3,376,T,"""Stop that shaking,"" commanded Miss Maudie, and I stopped",Scout,T,F,F,F,F,F
16,Scout attends Aunt Alexandra's missionary circle,1935-08-23,1935-08-23,T,Scout,318,318,1936-07-30,1936-07-30,3,376,T,"After all, if Aunt could be a lady at a time like this, so could I.",Scout,T,F,F,F,F,F
17,Tom Robinson is killed,1935-08-30,1935-08-30,T,Scout,315,315,1936-07-30,1936-07-30,3,376,T,"""Tom's dead.""","Atticus, Scout, and Tom Robinson",T,F,F,T,T,F
17,Tom Robinson is killed,1935-08-30,1935-08-30,T,Scout,321,321,1936-07-30,1936-07-30,3,376,T,Atticus told them what had happened.,"Atticus, Scout, and Tom Robinson",T,F,F,T,T,F
17,Tom Robinson is killed,1935-08-30,1935-08-30,T,Scout,322,322,1936-07-30,1936-07-30,3,376,T,"To Maycomb, Tom's death was typical.","Atticus, Scout, and Tom Robinson",T,F,F,T,T,F
17,Tom Robinson is killed,1935-08-30,1935-08-30,T,Scout,323,323,1936-07-30,1936-07-30,3,376,T,He likened Tom's death...,"Atticus, Scout, and Tom Robinson",T,F,F,T,T,F
18,Helen Robinson learns of Tom's death,1935-08-31,1935-08-31,T,Scout,321,321,1936-07-30,1936-07-30,3,376,T,"Helen said, ""'evenin', Mr. Finch, won't you have a seat?""","Atticus, Dill, Jem, and Scout",T,T,T,T,F,F
18,Helen Robinson learns of Tom's death,1935-08-31,1935-08-31,T,Scout,322,322,1936-07-30,1936-07-30,3,376,T,"""Scout,"" said Dill, ""she just fell down in the dirt.""","Atticus, Dill, Jem, and Scout",T,T,T,T,F,F
19,WW2,1935-01-09,1935-01-09,T,Scout,327,327,1936-07-30,1936-07-30,3,376,T,"""...old Adolf Hitler has been after the Jews...""",Scout,T,F,F,F,F,F
19,WW2,1935-01-09,1935-01-09,T,Scout,329,329,1936-07-30,1936-07-30,3,376,T,...Elmer Davis would give us the latest on Hitler.,Scout,T,F,F,F,F,F
19,WW2,1935-01-09,1935-01-09,T,Scout,330,330,1936-07-30,1936-07-30,3,376,T,"Miss Gates said it was awful, Hitler doin' like he does...",Scout,T,F,F,F,F,F
20,Mr. Ewell infiltrates Judge Taylor's house,1935-01-08,1935-01-08,T,Scout,332,332,1936-07-30,1936-07-30,3,376,T,The second thing happened to Judge Taylor.,,F,F,F,F,F,F
20,Mr. Ewell infiltrates Judge Taylor's house,1935-01-08,1935-01-08,T,Scout,333,333,1936-07-30,1936-07-30,3,376,T,...the scratching noise was coming from the rear of the house.,,F,F,F,F,F,F
21,Mr. Deas convinces Mr. Ewell to leave Helen Robinson alone,1935-08-15,1935-08-15,T,Scout,333,333,1936-07-30,1936-07-30,3,376,T,"The third thing happened to Helen Robinson, Tom's widow.",,F,F,F,F,F,F
21,Mr. Deas convinces Mr. Ewell to leave Helen Robinson alone,1935-08-15,1935-08-15,T,Scout,334,334,1936-07-30,1936-07-30,3,376,T,"He walked her the short way, by the Ewells'.",,F,F,F,F,F,F
21,Mr. Deas convinces Mr. Ewell to leave Helen Robinson alone,1935-08-15,1935-08-15,T,Scout,335,335,1936-07-30,1936-07-30,3,376,T,Helen reported no further trouble.,,F,F,F,F,F,F
22,Pageant,1935-08-31,1935-08-31,F,Scout,338,338,1936-07-30,1936-07-30,3,376,T,...there would be a pageant for the grown-ups...,Jem and Scout,T,T,F,F,F,F
22,Pageant,1935-08-31,1935-08-31,F,Scout,339,339,1936-07-30,1936-07-30,3,376,T,...a pageant tonight...,Jem and Scout,T,T,F,F,F,F
22,Pageant,1935-08-31,1935-08-31,F,Scout,345,345,1936-07-30,1936-07-30,3,376,T,"""A pageant.""",Jem and Scout,T,T,F,F,F,F
22,Pageant,1935-08-31,1935-08-31,F,Scout,346,346,1936-07-30,1936-07-30,3,376,T,Mrs. Maycomb gave a thirty-minute description of Colonel Maycomb's exploits.,Jem and Scout,T,T,F,F,F,F
22,Pageant,1935-08-31,1935-08-31,F,Scout,347,347,1936-07-30,1936-07-30,3,376,T,...I had ruined her pageant.,Jem and Scout,T,T,F,F,F,F
23,Mr. Ewell attacks Jem and Scout; Boo Radley saves them,1935-08-31,1935-08-31,F,Scout,3,3,1936-07-30,1936-07-30,3,376,T,"When he was nearly thirteen, my brother Jem got his arm badly broken...","Boo Radley, Jem, and Scout",T,T,F,F,F,T
23,Mr. Ewell attacks Jem and Scout; Boo Radley saves them,1935-08-31,1935-08-31,F,Scout,351,351,1936-07-30,1936-07-30,3,376,T,"He was running, running towards us with no child's steps.","Boo Radley, Jem, and Scout",T,T,F,F,F,T
23,Mr. Ewell attacks Jem and Scout; Boo Radley saves them,1935-08-31,1935-08-31,F,Scout,352,352,1936-07-30,1936-07-30,3,376,T,He was carrying Jem.,"Boo Radley, Jem, and Scout",T,T,F,F,F,T
23,Mr. Ewell attacks Jem and Scout; Boo Radley saves them,1935-08-31,1935-08-31,F,Scout,353,353,1936-07-30,1936-07-30,3,376,T,"""Someone's been after my children.""","Boo Radley, Jem, and Scout",T,T,F,F,F,T
23,Mr. Ewell attacks Jem and Scout; Boo Radley saves them,1935-08-31,1935-08-31,F,Scout,356,356,1936-07-30,1936-07-30,3,376,T,The man who brought Jem in...,"Boo Radley, Jem, and Scout",T,T,F,F,F,T
23,Mr. Ewell attacks Jem and Scout; Boo Radley saves them,1935-08-31,1935-08-31,F,Scout,357,357,1936-07-30,1936-07-30,3,376,T,"Bob Ewell's [...] dead, Mr. Finch.","Boo Radley, Jem, and Scout",T,T,F,F,F,T
23,Mr. Ewell attacks Jem and Scout; Boo Radley saves them,1935-08-31,1935-08-31,F,Scout,358,358,1936-07-30,1936-07-30,3,376,T,"""He's dead all right,"" said Mr. Tate.","Boo Radley, Jem, and Scout",T,T,F,F,F,T
23,Mr. Ewell attacks Jem and Scout; Boo Radley saves them,1935-08-31,1935-08-31,F,Scout,361,361,1936-07-30,1936-07-30,3,376,T,...then somebody yanked Mr. Ewell down.,"Boo Radley, Jem, and Scout",T,T,F,F,F,T
23,Mr. Ewell attacks Jem and Scout; Boo Radley saves them,1935-08-31,1935-08-31,F,Scout,362,362,1936-07-30,1936-07-30,3,376,T,"""Somebody was staggerin' around and pantin' and...""","Boo Radley, Jem, and Scout",T,T,F,F,F,T
24,Scout meets Boo Radley,1935-08-31,1935-08-31,F,Scout,362,362,1936-07-30,1936-07-30,3,376,T,"As I said it, I half pointed to the man in the corner...","Atticus, Boo Radley, Jem, and Scout",T,T,F,T,F,T
24,Scout meets Boo Radley,1935-08-31,1935-08-31,F,Scout,363,363,1936-07-30,1936-07-30,3,376,T,"""Mr. Arthur, honey,"" said Atticus, gently correcting me.","Atticus, Boo Radley, Jem, and Scout",T,T,F,T,F,T
24,Scout meets Boo Radley,1935-08-31,1935-08-31,F,Scout,364,364,1936-07-30,1936-07-30,3,376,T,"""Come along, Mr. Arthur,"" I heard myself saying...","Atticus, Boo Radley, Jem, and Scout",T,T,F,T,F,T
25,Heck Tate concludes Mr. Ewell fell on his knife,1935-08-31,1935-08-31,F,Scout,366,366,1936-07-30,1936-07-30,3,376,T,"""Bob Ewell fell on his knife.""","Boo Radley, Jem, and Scout",T,T,F,F,F,T
25,Heck Tate concludes Mr. Ewell fell on his knife,1935-08-31,1935-08-31,F,Scout,367,367,1936-07-30,1936-07-30,3,376,T,"""He'd flung Jem down...""","Boo Radley, Jem, and Scout",T,T,F,F,F,T
25,Heck Tate concludes Mr. Ewell fell on his knife,1935-08-31,1935-08-31,F,Scout,368,368,1936-07-30,1936-07-30,3,376,T,"""God damn it, I'm not thinking of Jem!""","Boo Radley, Jem, and Scout",T,T,F,F,F,T
25,Heck Tate concludes Mr. Ewell fell on his knife,1935-08-31,1935-08-31,F,Scout,369,369,1936-07-30,1936-07-30,3,376,T,"""Your boy never stabbed Bob Ewell,"" he said slowly...","Boo Radley, Jem, and Scout",T,T,F,F,F,T
25,Heck Tate concludes Mr. Ewell fell on his knife,1935-08-31,1935-08-31,F,Scout,370,370,1936-07-30,1936-07-30,3,376,T,"""...Bob Ewell fell on his knife.""","Boo Radley, Jem, and Scout",T,T,F,F,F,T