Relative Order,Event Name,Start Date,End Date,Is Approximate?,Narrator,Start Page,End Page,Start Date TT,End Date TT,Start Page TT,End Page TT,Is Approximate TT?,Evidence,Participating Characters,Caddy,Quentin Compson III,Benjamin Compson,Jason Compson,Dilsey,Quentin Jr.
38,Luster looks for quarter,1928-04-07,1928-04-07,T,Benjamin Compson,3,3,1928-04-07,1928-04-07,3,75,T,"""...find that quarter...""",Benjamin Compson,F,F,T,F,F,F
4,Patterson Affair,1908-08-01,1908-08-01,T,Benjamin Compson,4,4,1928-04-07,1928-04-07,3,75,T,Caddy uncaught me,Benjamin Compson and Caddy,T,F,T,F,F,F
38,Luster looks for quarter,1928-04-07,1928-04-07,T,Benjamin Compson,4,4,1928-04-07,1928-04-07,3,75,T,...aint no more...,Benjamin Compson,F,F,T,F,F,F
4,Patterson Affair,1908-08-01,1908-08-01,T,Benjamin Compson,5,5,1928-04-07,1928-04-07,3,75,T,Keep your hands...,Benjamin Compson and Caddy,T,F,T,F,F,F
4,Patterson Affair,1908-08-01,1908-08-01,T,Benjamin Compson,6,6,1928-04-07,1928-04-07,3,75,T,"""Yes, sir.""",Benjamin Compson and Caddy,T,F,T,F,F,F
38,Luster looks for quarter,1928-04-07,1928-04-07,T,Benjamin Compson,6,6,1928-04-07,1928-04-07,3,75,T,What are you moaning...,Benjamin Compson,F,F,T,F,F,F
29,Compsons visit cemetery w/o Jason,1912-10-01,1912-10-01,T,Benjamin Compson,9,9,1928-04-07,1928-04-07,3,75,T,"""Git in, now...""","Benjamin Compson, Dilsey, and Jason Compson",F,F,T,T,T,F
38,Luster looks for quarter,1928-04-07,1928-04-07,T,Benjamin Compson,9,9,1928-04-07,1928-04-07,3,75,T,Cant you shut up...,Benjamin Compson,F,F,T,F,F,F
29,Compsons visit cemetery w/o Jason,1912-10-01,1912-10-01,T,Benjamin Compson,10,10,1928-04-07,1928-04-07,3,75,T,...and Dilsey helped...,"Benjamin Compson, Dilsey, and Jason Compson",F,F,T,T,T,F
29,Compsons visit cemetery w/o Jason,1912-10-01,1912-10-01,T,Benjamin Compson,11,11,1928-04-07,1928-04-07,3,75,T,"""...cemetery...""","Benjamin Compson, Dilsey, and Jason Compson",F,F,T,T,T,F
4,Patterson Affair,1908-08-01,1908-08-01,T,Benjamin Compson,12,12,1928-04-07,1928-04-07,3,75,T,"""Keep your hands...""",Benjamin Compson and Caddy,T,F,T,F,F,F
29,Compsons visit cemetery w/o Jason,1912-10-01,1912-10-01,T,Benjamin Compson,12,12,1928-04-07,1928-04-07,3,75,T,"...Mother.""","Benjamin Compson, Dilsey, and Jason Compson",F,F,T,T,T,F
38,Luster looks for quarter,1928-04-07,1928-04-07,T,Benjamin Compson,12,12,1928-04-07,1928-04-07,3,75,T,"Cry baby, Luster said.",Benjamin Compson,F,F,T,F,F,F
4,Patterson Affair,1908-08-01,1908-08-01,T,Benjamin Compson,13,13,1928-04-07,1928-04-07,3,75,T,"""We can come back...""",Benjamin Compson and Caddy,T,F,T,F,F,F
4,Patterson Affair,1908-08-01,1908-08-01,T,Benjamin Compson,14,14,1928-04-07,1928-04-07,3,75,T,...reaching her hand.,Benjamin Compson and Caddy,T,F,T,F,F,F
38,Luster looks for quarter,1928-04-07,1928-04-07,T,Benjamin Compson,14,14,1928-04-07,1928-04-07,3,75,T,"""They aint nothing...""",Benjamin Compson,F,F,T,F,F,F
38,Luster looks for quarter,1928-04-07,1928-04-07,T,Benjamin Compson,15,15,1928-04-07,1928-04-07,3,75,T,"""Come on here.""",Benjamin Compson,F,F,T,F,F,F
38,Luster looks for quarter,1928-04-07,1928-04-07,T,Benjamin Compson,16,16,1928-04-07,1928-04-07,3,75,T,Luster got into the...,Benjamin Compson,F,F,T,F,F,F
1,Damuddy's funeral,1900-04-01,1900-04-01,T,Benjamin Compson,17,17,1928-04-07,1928-04-07,3,75,T,...and Roskus came...,"Benjamin Compson, Caddy, Dilsey, Jason Compson, and Quentin Compson III",T,T,T,T,T,F
38,Luster looks for quarter,1928-04-07,1928-04-07,T,Benjamin Compson,17,17,1928-04-07,1928-04-07,3,75,T,...been at it all morning...,Benjamin Compson,F,F,T,F,F,F
1,Damuddy's funeral,1900-04-01,1900-04-01,T,Benjamin Compson,18,18,1928-04-07,1928-04-07,3,75,T,"""I'm going to school...""","Benjamin Compson, Caddy, Dilsey, Jason Compson, and Quentin Compson III",T,T,T,T,T,F
1,Damuddy's funeral,1900-04-01,1900-04-01,T,Benjamin Compson,19,19,1928-04-07,1928-04-07,3,75,T,"""Now I guess...""","Benjamin Compson, Caddy, Dilsey, Jason Compson, and Quentin Compson III",T,T,T,T,T,F
5,Benjy's pasture is sold,1909-05-01,1909-05-01,T,Benjamin Compson,19,19,1928-04-07,1928-04-07,3,75,T,...own this pasture...,Benjamin Compson,F,F,T,F,F,F
38,Luster looks for quarter,1928-04-07,1928-04-07,T,Benjamin Compson,19,19,1928-04-07,1928-04-07,3,75,T,What is the matter...,Benjamin Compson,F,F,T,F,F,F
1,Damuddy's funeral,1900-04-01,1900-04-01,T,Benjamin Compson,20,20,1928-04-07,1928-04-07,3,75,T,"""Are you going to...""","Benjamin Compson, Caddy, Dilsey, Jason Compson, and Quentin Compson III",T,T,T,T,T,F
13,Caddy and Herbert's wedding,1910-04-25,1910-04-25,T,Benjamin Compson,20,20,1928-04-07,1928-04-07,3,75,T,"""Go on.""","Benjamin Compson, Caddy, and Quentin Compson III",T,T,T,F,F,F
38,Luster looks for quarter,1928-04-07,1928-04-07,T,Benjamin Compson,20,20,1928-04-07,1928-04-07,3,75,T,See you all at the show...,Benjamin Compson,F,F,T,F,F,F
13,Caddy and Herbert's wedding,1910-04-25,1910-04-25,T,Benjamin Compson,21,21,1928-04-07,1928-04-07,3,75,T,"""...the wedding.""","Benjamin Compson, Caddy, and Quentin Compson III",T,T,T,F,F,F
1,Damuddy's funeral,1900-04-01,1900-04-01,T,Benjamin Compson,22,22,1928-04-07,1928-04-07,3,75,T,At the top of the hill...,"Benjamin Compson, Caddy, Dilsey, Jason Compson, and Quentin Compson III",T,T,T,T,T,F
13,Caddy and Herbert's wedding,1910-04-25,1910-04-25,T,Benjamin Compson,22,22,1928-04-07,1928-04-07,3,75,T,"""Anywhere.""","Benjamin Compson, Caddy, and Quentin Compson III",T,T,T,F,F,F
1,Damuddy's funeral,1900-04-01,1900-04-01,T,Benjamin Compson,23,23,1928-04-07,1928-04-07,3,75,T,"""He'll make a wart...""","Benjamin Compson, Caddy, Dilsey, Jason Compson, and Quentin Compson III",T,T,T,T,T,F
1,Damuddy's funeral,1900-04-01,1900-04-01,T,Benjamin Compson,24,24,1928-04-07,1928-04-07,3,75,T,"""They did.""","Benjamin Compson, Caddy, Dilsey, Jason Compson, and Quentin Compson III",T,T,T,T,T,F
1,Damuddy's funeral,1900-04-01,1900-04-01,T,Benjamin Compson,25,25,1928-04-07,1928-04-07,3,75,T,"""You all hush, now.""","Benjamin Compson, Caddy, Dilsey, Jason Compson, and Quentin Compson III",T,T,T,T,T,F
1,Damuddy's funeral,1900-04-01,1900-04-01,T,Benjamin Compson,26,26,1928-04-07,1928-04-07,3,75,T,"""It was somebody...""","Benjamin Compson, Caddy, Dilsey, Jason Compson, and Quentin Compson III",T,T,T,T,T,F
1,Damuddy's funeral,1900-04-01,1900-04-01,T,Benjamin Compson,27,27,1928-04-07,1928-04-07,3,75,T,"""I'm going to tell...""","Benjamin Compson, Caddy, Dilsey, Jason Compson, and Quentin Compson III",T,T,T,T,T,F
1,Damuddy's funeral,1900-04-01,1900-04-01,T,Benjamin Compson,28,28,1928-04-07,1928-04-07,3,75,T,"""I expect...""","Benjamin Compson, Caddy, Dilsey, Jason Compson, and Quentin Compson III",T,T,T,T,T,F
2,Benjy's name change,1900-08-01,1900-08-01,T,Benjamin Compson,29,29,1928-04-07,1928-04-07,3,75,T,...changed his name...,"Benjamin Compson, Caddy, and Dilsey",T,F,T,F,T,F
22,Quentin commits suicide,1910-06-02,1910-06-02,T,Benjamin Compson,29,29,1928-04-07,1928-04-07,3,75,T,...flat-iron...,Quentin Compson III,F,T,F,F,F,F
26,Father's death,1912-03-01,1912-03-01,T,Benjamin Compson,29,29,1928-04-07,1928-04-07,3,75,T,Taint no luck...,"Benjamin Compson, Dilsey, Jason Compson, and Quentin Jr.",F,F,T,T,T,T
26,Father's death,1912-03-01,1912-03-01,T,Benjamin Compson,30,30,1928-04-07,1928-04-07,3,75,T,Take him and Quentin...,"Benjamin Compson, Dilsey, Jason Compson, and Quentin Jr.",F,F,T,T,T,T
26,Father's death,1912-03-01,1912-03-01,T,Benjamin Compson,31,31,1928-04-07,1928-04-07,3,75,T,They were singing.,"Benjamin Compson, Dilsey, Jason Compson, and Quentin Jr.",F,F,T,T,T,T
1,Damuddy's funeral,1900-04-01,1900-04-01,T,Benjamin Compson,32,32,1928-04-07,1928-04-07,3,75,T,Frony and T.P...,"Benjamin Compson, Caddy, Dilsey, Jason Compson, and Quentin Compson III",T,T,T,T,T,F
26,Father's death,1912-03-01,1912-03-01,T,Benjamin Compson,32,32,1928-04-07,1928-04-07,3,75,T,We looked around...,"Benjamin Compson, Dilsey, Jason Compson, and Quentin Jr.",F,F,T,T,T,T
38,Luster looks for quarter,1928-04-07,1928-04-07,T,Benjamin Compson,32,32,1928-04-07,1928-04-07,3,75,T,"Come on, Luster said...",Benjamin Compson,F,F,T,F,F,F
1,Damuddy's funeral,1900-04-01,1900-04-01,T,Benjamin Compson,33,33,1928-04-07,1928-04-07,3,75,T,"""They will if I say so...""","Benjamin Compson, Caddy, Dilsey, Jason Compson, and Quentin Compson III",T,T,T,T,T,F
30,Roskus dies,1915-07-01,1915-07-01,T,Benjamin Compson,33,33,1928-04-07,1928-04-07,3,75,T,Dilsey was moaning.,Benjamin Compson and Dilsey,F,F,T,F,T,F
1,Damuddy's funeral,1900-04-01,1900-04-01,T,Benjamin Compson,35,35,1928-04-07,1928-04-07,3,75,T,"""Do you think...""","Benjamin Compson, Caddy, Dilsey, Jason Compson, and Quentin Compson III",T,T,T,T,T,F
38,Luster looks for quarter,1928-04-07,1928-04-07,T,Benjamin Compson,35,35,1928-04-07,1928-04-07,3,75,T,I had it when we...,Benjamin Compson,F,F,T,F,F,F
1,Damuddy's funeral,1900-04-01,1900-04-01,T,Benjamin Compson,36,36,1928-04-07,1928-04-07,3,75,T,"""You're a skizzard.""","Benjamin Compson, Caddy, Dilsey, Jason Compson, and Quentin Compson III",T,T,T,T,T,F
1,Damuddy's funeral,1900-04-01,1900-04-01,T,Benjamin Compson,37,37,1928-04-07,1928-04-07,3,75,T,"""If I say you don't...""","Benjamin Compson, Caddy, Dilsey, Jason Compson, and Quentin Compson III",T,T,T,T,T,F
13,Caddy and Herbert's wedding,1910-04-25,1910-04-25,T,Benjamin Compson,37,37,1928-04-07,1928-04-07,3,75,T,When we looked...,"Benjamin Compson, Caddy, and Quentin Compson III",T,T,T,F,F,F
1,Damuddy's funeral,1900-04-01,1900-04-01,T,Benjamin Compson,38,38,1928-04-07,1928-04-07,3,75,T,We stopped under...,"Benjamin Compson, Caddy, Dilsey, Jason Compson, and Quentin Compson III",T,T,T,T,T,F
13,Caddy and Herbert's wedding,1910-04-25,1910-04-25,T,Benjamin Compson,38,38,1928-04-07,1928-04-07,3,75,T,It tickled my nose...,"Benjamin Compson, Caddy, and Quentin Compson III",T,T,T,F,F,F
1,Damuddy's funeral,1900-04-01,1900-04-01,T,Benjamin Compson,39,39,1928-04-07,1928-04-07,3,75,T,"""How do you know.""","Benjamin Compson, Caddy, Dilsey, Jason Compson, and Quentin Compson III",T,T,T,T,T,F
13,Caddy and Herbert's wedding,1910-04-25,1910-04-25,T,Benjamin Compson,39,39,1928-04-07,1928-04-07,3,75,T,I saw them,"Benjamin Compson, Caddy, and Quentin Compson III",T,T,T,F,F,F
3,Caddy wears perfume,1906-07-01,1906-07-01,T,Benjamin Compson,40,40,1928-04-07,1928-04-07,3,75,T,"Benjy, Caddy said...","Benjamin Compson, Caddy, Dilsey, and Jason Compson",T,F,T,T,T,F
13,Caddy and Herbert's wedding,1910-04-25,1910-04-25,T,Benjamin Compson,40,40,1928-04-07,1928-04-07,3,75,T,The moonlight...,"Benjamin Compson, Caddy, and Quentin Compson III",T,T,T,F,F,F
3,Caddy wears perfume,1906-07-01,1906-07-01,T,Benjamin Compson,41,41,1928-04-07,1928-04-07,3,75,T,"""He don't like that...""","Benjamin Compson, Caddy, Dilsey, and Jason Compson",T,F,T,T,T,F
3,Caddy wears perfume,1906-07-01,1906-07-01,T,Benjamin Compson,42,42,1928-04-07,1928-04-07,3,75,T,"""Take him downstairs...""","Benjamin Compson, Caddy, Dilsey, and Jason Compson",T,F,T,T,T,F
3,Caddy wears perfume,1906-07-01,1906-07-01,T,Benjamin Compson,43,43,1928-04-07,1928-04-07,3,75,T,...Dilsey took the bottle.,"Benjamin Compson, Caddy, Dilsey, and Jason Compson",T,F,T,T,T,F
4,Patterson Affair,1908-08-01,1908-08-01,T,Benjamin Compson,43,43,1928-04-07,1928-04-07,3,75,T,She smelled like trees.,Benjamin Compson and Caddy,T,F,T,F,F,F
1,Damuddy's funeral,1900-04-01,1900-04-01,T,Benjamin Compson,44,44,1928-04-07,1928-04-07,3,75,T,Caddy smelled like trees.,"Benjamin Compson, Caddy, Dilsey, Jason Compson, and Quentin Compson III",T,T,T,T,T,F
4,Patterson Affair,1908-08-01,1908-08-01,T,Benjamin Compson,44,44,1928-04-07,1928-04-07,3,75,T,"""Et ego in arcadia...""",Benjamin Compson and Caddy,T,F,T,F,F,F
1,Damuddy's funeral,1900-04-01,1900-04-01,T,Benjamin Compson,45,45,1928-04-07,1928-04-07,3,75,T,We looked up into the...,"Benjamin Compson, Caddy, Dilsey, Jason Compson, and Quentin Compson III",T,T,T,T,T,F
1,Damuddy's funeral,1900-04-01,1900-04-01,T,Benjamin Compson,46,46,1928-04-07,1928-04-07,3,75,T,"""Quentin's mad...""","Benjamin Compson, Caddy, Dilsey, Jason Compson, and Quentin Compson III",T,T,T,T,T,F
6,Caddy and Charlie have sex,1909-07-01,1909-07-01,T,Benjamin Compson,46,46,1928-04-07,1928-04-07,3,75,T,The kitchen was dark.,Benjamin Compson and Caddy,T,F,T,F,F,F
38,Luster looks for quarter,1928-04-07,1928-04-07,T,Benjamin Compson,46,46,1928-04-07,1928-04-07,3,75,T,Where you want to go...,Benjamin Compson,F,F,T,F,F,F
39,Benjy sees Quentin and man w/ red tie,1928-04-07,1928-04-07,T,Benjamin Compson,46,46,1928-04-07,1928-04-07,3,75,T,Quentin annd her beau,Benjamin Compson and Quentin Jr.,F,F,T,F,F,T
6,Caddy and Charlie have sex,1909-07-01,1909-07-01,T,Benjamin Compson,47,47,1928-04-07,1928-04-07,3,75,T,It was two now...,Benjamin Compson and Caddy,T,F,T,F,F,F
6,Caddy and Charlie have sex,1909-07-01,1909-07-01,T,Benjamin Compson,48,48,1928-04-07,1928-04-07,3,75,T,"""I'll have to take him...""",Benjamin Compson and Caddy,T,F,T,F,F,F
38,Luster looks for quarter,1928-04-07,1928-04-07,T,Benjamin Compson,48,48,1928-04-07,1928-04-07,3,75,T,I kept a telling you...,Benjamin Compson,F,F,T,F,F,F
39,Benjy sees Quentin and man w/ red tie,1928-04-07,1928-04-07,T,Benjamin Compson,48,48,1928-04-07,1928-04-07,3,75,T,He had a red tie.,Benjamin Compson and Quentin Jr.,F,F,T,F,F,T
38,Luster looks for quarter,1928-04-07,1928-04-07,T,Benjamin Compson,49,49,1928-04-07,1928-04-07,3,75,T,"""Shut your mouth.""",Benjamin Compson,F,F,T,F,F,F
38,Luster looks for quarter,1928-04-07,1928-04-07,T,Benjamin Compson,50,50,1928-04-07,1928-04-07,3,75,T,"""You aint talking to me.""",Benjamin Compson,F,F,T,F,F,F
13,Caddy and Herbert's wedding,1910-04-25,1910-04-25,T,Benjamin Compson,51,51,1928-04-07,1928-04-07,3,75,T,...looked at the house.,"Benjamin Compson, Caddy, and Quentin Compson III",T,T,T,F,F,F
38,Luster looks for quarter,1928-04-07,1928-04-07,T,Benjamin Compson,51,51,1928-04-07,1928-04-07,3,75,T,...looked at the house.,Benjamin Compson,F,F,T,F,F,F
14,Benjy assaults Burgess girl,1910-04-25,1910-04-25,T,Benjamin Compson,52,52,1928-04-07,1928-04-07,3,75,T,How did he get out,"Benjamin Compson, Caddy, and Jason Compson",T,F,T,T,F,F
14,Benjy assaults Burgess girl,1910-04-25,1910-04-25,T,Benjamin Compson,53,53,1928-04-07,1928-04-07,3,75,T,They came on in the...,"Benjamin Compson, Caddy, and Jason Compson",T,F,T,T,F,F
15,Benjy is castrated,1910-04-25,1910-04-25,T,Benjamin Compson,53,53,1928-04-07,1928-04-07,3,75,T,and the bright shapes,Benjamin Compson,F,F,T,F,F,F
38,Luster looks for quarter,1928-04-07,1928-04-07,T,Benjamin Compson,53,53,1928-04-07,1928-04-07,3,75,T,"Here, looney, Luster said.",Benjamin Compson,F,F,T,F,F,F
38,Luster looks for quarter,1928-04-07,1928-04-07,T,Benjamin Compson,54,54,1928-04-07,1928-04-07,3,75,T,"""I got that show...""",Benjamin Compson,F,F,T,F,F,F
38,Luster looks for quarter,1928-04-07,1928-04-07,T,Benjamin Compson,55,55,1928-04-07,1928-04-07,3,75,T,I tried to pick up the flowers.,Benjamin Compson,F,F,T,F,F,F
2,Benjy's name change,1900-08-01,1900-08-01,T,Benjamin Compson,56,56,1928-04-07,1928-04-07,3,75,T,...his new name...,"Benjamin Compson, Caddy, and Dilsey",T,F,T,F,T,F
40,Luster and Benjy celebrate Benjy's birthday,1928-04-07,1928-04-07,T,Benjamin Compson,56,56,1928-04-07,1928-04-07,3,75,T,"""She set the cake...""",Benjamin Compson and Dilsey,F,F,T,F,T,F
2,Benjy's name change,1900-08-01,1900-08-01,T,Benjamin Compson,57,57,1928-04-07,1928-04-07,3,75,T,I could hear the clock...,"Benjamin Compson, Caddy, and Dilsey",T,F,T,F,T,F
40,Luster and Benjy celebrate Benjy's birthday,1928-04-07,1928-04-07,T,Benjamin Compson,57,57,1928-04-07,1928-04-07,3,75,T,...and eat this cake...,Benjamin Compson and Dilsey,F,F,T,F,T,F
2,Benjy's name change,1900-08-01,1900-08-01,T,Benjamin Compson,58,58,1928-04-07,1928-04-07,3,75,T,That's right...,"Benjamin Compson, Caddy, and Dilsey",T,F,T,F,T,F
40,Luster and Benjy celebrate Benjy's birthday,1928-04-07,1928-04-07,T,Benjamin Compson,58,58,1928-04-07,1928-04-07,3,75,T,...another piece of cake.,Benjamin Compson and Dilsey,F,F,T,F,T,F
2,Benjy's name change,1900-08-01,1900-08-01,T,Benjamin Compson,61,61,1928-04-07,1928-04-07,3,75,T,Your name is Benjy...,"Benjamin Compson, Caddy, and Dilsey",T,F,T,F,T,F
2,Benjy's name change,1900-08-01,1900-08-01,T,Benjamin Compson,62,62,1928-04-07,1928-04-07,3,75,T,We could her the roof...,"Benjamin Compson, Caddy, and Dilsey",T,F,T,F,T,F
2,Benjy's name change,1900-08-01,1900-08-01,T,Benjamin Compson,63,63,1928-04-07,1928-04-07,3,75,T,"""Candace.""","Benjamin Compson, Caddy, and Dilsey",T,F,T,F,T,F
2,Benjy's name change,1900-08-01,1900-08-01,T,Benjamin Compson,64,64,1928-04-07,1928-04-07,3,75,T,It was bad enough...,"Benjamin Compson, Caddy, and Dilsey",T,F,T,F,T,F
2,Benjy's name change,1900-08-01,1900-08-01,T,Benjamin Compson,65,65,1928-04-07,1928-04-07,3,75,T,...but we could see...,"Benjamin Compson, Caddy, and Dilsey",T,F,T,F,T,F
2,Benjy's name change,1900-08-01,1900-08-01,T,Benjamin Compson,66,66,1928-04-07,1928-04-07,3,75,T,You can look at the fire...,"Benjamin Compson, Caddy, and Dilsey",T,F,T,F,T,F
2,Benjy's name change,1900-08-01,1900-08-01,T,Benjamin Compson,68,68,1928-04-07,1928-04-07,3,75,T,"Disley said, All right.","Benjamin Compson, Caddy, and Dilsey",T,F,T,F,T,F
2,Benjy's name change,1900-08-01,1900-08-01,T,Benjamin Compson,69,69,1928-04-07,1928-04-07,3,75,T,Your name Benjamin...,"Benjamin Compson, Caddy, and Dilsey",T,F,T,F,T,F
2,Benjy's name change,1900-08-01,1900-08-01,T,Benjamin Compson,70,70,1928-04-07,1928-04-07,3,75,T,...your name Benjamin...,"Benjamin Compson, Caddy, and Dilsey",T,F,T,F,T,F
41,Quentin Jr. runs away,1928-04-07,1928-04-07,T,Benjamin Compson,72,72,1928-04-07,1928-04-07,3,75,T,She smelled like trees,Benjamin Compson and Quentin Jr.,F,F,T,F,F,T
41,Quentin Jr. runs away,1928-04-07,1928-04-07,T,Benjamin Compson,74,74,1928-04-07,1928-04-07,3,75,T,...it came out...,Benjamin Compson and Quentin Jr.,F,F,T,F,F,T
10,Quentin admits to incest,1909-08-31,1909-08-31,T,Quentin Compson III,77,77,1910-06-02,1910-06-02,76,179,T,I have committed incest,Caddy and Quentin Compson III,T,T,F,F,F,F
13,Caddy and Herbert's wedding,1910-04-25,1910-04-25,T,Quentin Compson III,77,77,1910-06-02,1910-06-02,76,179,T,...the marriage of.,"Benjamin Compson, Caddy, and Quentin Compson III",T,T,T,F,F,F
7,Quentin sees Caddy and Dalton,1909-08-15,1909-08-15,T,Quentin Compson III,79,79,1910-06-02,1910-06-02,76,179,T,Dalton Ames.,Caddy and Quentin Compson III,T,T,F,F,F,F
9,Quentin confronts Dalton,1909-08-17,1909-08-17,T,Quentin Compson III,79,79,1910-06-02,1910-06-02,76,179,T,...the pistol...,Quentin Compson III,F,T,F,F,F,F
10,Quentin admits to incest,1909-08-31,1909-08-31,T,Quentin Compson III,79,79,1910-06-02,1910-06-02,76,179,T,I have committed incest,Caddy and Quentin Compson III,T,T,F,F,F,F
7,Quentin sees Caddy and Dalton,1909-08-15,1909-08-15,T,Quentin Compson III,80,80,1910-06-02,1910-06-02,76,179,T,Dalton Ames.,Caddy and Quentin Compson III,T,T,F,F,F,F
9,Quentin confronts Dalton,1909-08-17,1909-08-17,T,Quentin Compson III,80,80,1910-06-02,1910-06-02,76,179,T,Dalton Ames.,Quentin Compson III,F,T,F,F,F,F
16,Quentin breaks his watch,1910-06-02,1910-06-02,T,Quentin Compson III,80,80,1910-06-02,1910-06-02,76,179,T,took up the watch,Quentin Compson III,F,T,F,F,F,F
22,Quentin commits suicide,1910-06-02,1910-06-02,T,Quentin Compson III,80,80,1910-06-02,1910-06-02,76,179,T,...only the flat-iron...,Quentin Compson III,F,T,F,F,F,F
13,Caddy and Herbert's wedding,1910-04-25,1910-04-25,T,Quentin Compson III,81,81,1910-06-02,1910-06-02,76,179,T,...clutching her bridal...,"Benjamin Compson, Caddy, and Quentin Compson III",T,T,T,F,F,F
17,Quentin mails suicide note to Father,1910-06-02,1910-06-02,T,Quentin Compson III,82,82,1910-06-02,1910-06-02,76,179,T,the one to Father,Quentin Compson III,F,T,F,F,F,F
16,Quentin breaks his watch,1910-06-02,1910-06-02,T,Quentin Compson III,84,84,1910-06-02,1910-06-02,76,179,T,"""I broke my watch.""",Quentin Compson III,F,T,F,F,F,F
2,Benjy's name change,1900-08-01,1900-08-01,T,Quentin Compson III,89,89,1910-06-02,1910-06-02,76,179,T,...that new name...,"Benjamin Compson, Caddy, and Dilsey",T,F,T,F,T,F
1,Damuddy's funeral,1900-04-01,1900-04-01,T,Quentin Compson III,90,90,1910-06-02,1910-06-02,76,179,T,...Damuddy died.,"Benjamin Compson, Caddy, Dilsey, Jason Compson, and Quentin Compson III",T,T,T,T,T,F
7,Quentin sees Caddy and Dalton,1909-08-15,1909-08-15,T,Quentin Compson III,92,92,1910-06-02,1910-06-02,76,179,T,Dalton Ames.,Caddy and Quentin Compson III,T,T,F,F,F,F
8,Quentin confronts Caddy,1909-08-16,1909-08-16,T,Quentin Compson III,92,92,1910-06-02,1910-06-02,76,179,T,Why won't you bring...,Caddy and Quentin Compson III,T,T,F,F,F,F
9,Quentin confronts Dalton,1909-08-17,1909-08-17,T,Quentin Compson III,92,92,1910-06-02,1910-06-02,76,179,T,Did you ever...?,Quentin Compson III,F,T,F,F,F,F
11,Herbert offers Jason a job,1910-03-01,1910-03-01,T,Quentin Compson III,93,93,1910-06-02,1910-06-02,76,179,T,...promised Jason,"Caddy, Jason Compson, and Quentin Compson III",T,T,F,T,F,F
13,Caddy and Herbert's wedding,1910-04-25,1910-04-25,T,Quentin Compson III,93,93,1910-06-02,1910-06-02,76,179,T,Mr and Mrs Jason...,"Benjamin Compson, Caddy, and Quentin Compson III",T,T,T,F,F,F
5,Benjy's pasture is sold,1909-05-01,1909-05-01,T,Quentin Compson III,94,94,1910-06-02,1910-06-02,76,179,T,...sold Benjy's pasture...,Benjamin Compson,F,F,T,F,F,F
11,Herbert offers Jason a job,1910-03-01,1910-03-01,T,Quentin Compson III,94,94,1910-06-02,1910-06-02,76,179,T,...a splendid banker...,"Caddy, Jason Compson, and Quentin Compson III",T,T,F,T,F,F
10,Quentin admits to incest,1909-08-31,1909-08-31,T,Quentin Compson III,95,95,1910-06-02,1910-06-02,76,179,T,I have committed,Caddy and Quentin Compson III,T,T,F,F,F,F
7,Quentin sees Caddy and Dalton,1909-08-15,1909-08-15,T,Quentin Compson III,96,96,1910-06-02,1910-06-02,76,179,T,my daughter spied on,Caddy and Quentin Compson III,T,T,F,F,F,F
18,Quentin gives suicide note to Deacon,1910-06-02,1910-06-02,T,Quentin Compson III,99,99,1910-06-02,1910-06-02,76,179,T,I took the letter,Quentin Compson III,F,T,F,F,F,F
1,Damuddy's funeral,1900-04-01,1900-04-01,T,Quentin Compson III,100,100,1910-06-02,1910-06-02,76,179,T,Jason ran... (see R&P),"Benjamin Compson, Caddy, Dilsey, Jason Compson, and Quentin Compson III",T,T,T,T,T,F
13,Caddy and Herbert's wedding,1910-04-25,1910-04-25,T,Quentin Compson III,100,100,1910-06-02,1910-06-02,76,179,T,Lying on the ground...,"Benjamin Compson, Caddy, and Quentin Compson III",T,T,T,F,F,F
1,Damuddy's funeral,1900-04-01,1900-04-01,T,Quentin Compson III,101,101,1910-06-02,1910-06-02,76,179,T,"...on, his hands... (R&P)","Benjamin Compson, Caddy, Dilsey, Jason Compson, and Quentin Compson III",T,T,T,T,T,F
5,Benjy's pasture is sold,1909-05-01,1909-05-01,T,Quentin Compson III,102,102,1910-06-02,1910-06-02,76,179,T,...sold Benjy's pasture...,Benjamin Compson,F,F,T,F,F,F
7,Quentin sees Caddy and Dalton,1909-08-15,1909-08-15,T,Quentin Compson III,105,105,1910-06-02,1910-06-02,76,179,T,Dalton Ames.,Caddy and Quentin Compson III,T,T,F,F,F,F
12,Quentin confronts Herbert,1910-04-24,1910-04-24,T,Quentin Compson III,107,107,1910-06-02,1910-06-02,76,179,T,I saw you...,Caddy and Quentin Compson III,T,T,F,F,F,F
12,Quentin confronts Herbert,1910-04-24,1910-04-24,T,Quentin Compson III,108,108,1910-06-02,1910-06-02,76,179,T,...brother she kept...,Caddy and Quentin Compson III,T,T,F,F,F,F
12,Quentin confronts Herbert,1910-04-24,1910-04-24,T,Quentin Compson III,109,109,1910-06-02,1910-06-02,76,179,T,mother to do...,Caddy and Quentin Compson III,T,T,F,F,F,F
12,Quentin confronts Herbert,1910-04-24,1910-04-24,T,Quentin Compson III,110,110,1910-06-02,1910-06-02,76,179,T,thing and be damned...,Caddy and Quentin Compson III,T,T,F,F,F,F
12,Quentin confronts Herbert,1910-04-24,1910-04-24,T,Quentin Compson III,111,111,1910-06-02,1910-06-02,76,179,T,you around while...,Caddy and Quentin Compson III,T,T,F,F,F,F
8,Quentin confronts Caddy,1909-08-16,1909-08-16,T,Quentin Compson III,112,112,1910-06-02,1910-06-02,76,179,T,Caddy,Caddy and Quentin Compson III,T,T,F,F,F,F
12,Quentin confronts Herbert,1910-04-24,1910-04-24,T,Quentin Compson III,112,112,1910-06-02,1910-06-02,76,179,T,Quentin has shot...,Caddy and Quentin Compson III,T,T,F,F,F,F
8,Quentin confronts Caddy,1909-08-16,1909-08-16,T,Quentin Compson III,113,113,1910-06-02,1910-06-02,76,179,T,You've got fever...,Caddy and Quentin Compson III,T,T,F,F,F,F
22,Quentin commits suicide,1910-06-02,1910-06-02,T,Quentin Compson III,116,116,1910-06-02,1910-06-02,76,179,T,...the flat-irons would...,Quentin Compson III,F,T,F,F,F,F
12,Quentin confronts Herbert,1910-04-24,1910-04-24,T,Quentin Compson III,123,123,1910-06-02,1910-06-02,76,179,T,...pick a fight with him...,Caddy and Quentin Compson III,T,T,F,F,F,F
5,Benjy's pasture is sold,1909-05-01,1909-05-01,T,Quentin Compson III,124,124,1910-06-02,1910-06-02,76,179,T,...sold the pasture...,Benjamin Compson,F,F,T,F,F,F
19,Quentin finds little girl,1910-06-02,1910-06-02,T,Quentin Compson III,125,125,1910-06-02,1910-06-02,76,179,T,a little dirty child,Quentin Compson III,F,T,F,F,F,F
6,Caddy and Charlie have sex,1909-07-01,1909-07-01,T,Quentin Compson III,129,129,1910-06-02,1910-06-02,76,179,T,She would have told...,Benjamin Compson and Caddy,T,F,T,F,F,F
20,Quentin is arrested,1910-06-02,1910-06-02,T,Quentin Compson III,139,139,1910-06-02,1910-06-02,76,179,T,The man...,Quentin Compson III,F,T,F,F,F,F
20,Quentin is arrested,1910-06-02,1910-06-02,T,Quentin Compson III,140,140,1910-06-02,1910-06-02,76,179,T,"""...handcuff you?""",Quentin Compson III,F,T,F,F,F,F
20,Quentin is arrested,1910-06-02,1910-06-02,T,Quentin Compson III,141,141,1910-06-02,1910-06-02,76,179,T,We followed the path...,Quentin Compson III,F,T,F,F,F,F
20,Quentin is arrested,1910-06-02,1910-06-02,T,Quentin Compson III,142,142,1910-06-02,1910-06-02,76,179,T,"""...an officer of the law...""",Quentin Compson III,F,T,F,F,F,F
20,Quentin is arrested,1910-06-02,1910-06-02,T,Quentin Compson III,143,143,1910-06-02,1910-06-02,76,179,T,"""Order in the court.""",Quentin Compson III,F,T,F,F,F,F
20,Quentin is arrested,1910-06-02,1910-06-02,T,Quentin Compson III,144,144,1910-06-02,1910-06-02,76,179,T,"""Was she scared...?""",Quentin Compson III,F,T,F,F,F,F
20,Quentin is arrested,1910-06-02,1910-06-02,T,Quentin Compson III,145,145,1910-06-02,1910-06-02,76,179,T,"""Six dollars...""",Quentin Compson III,F,T,F,F,F,F
8,Quentin confronts Caddy,1909-08-16,1909-08-16,T,Quentin Compson III,147,147,1910-06-02,1910-06-02,76,179,T,...ever do that...,Caddy and Quentin Compson III,T,T,F,F,F,F
8,Quentin confronts Caddy,1909-08-16,1909-08-16,T,Quentin Compson III,148,148,1910-06-02,1910-06-02,76,179,T,...ever done that...,Caddy and Quentin Compson III,T,T,F,F,F,F
10,Quentin admits to incest,1909-08-31,1909-08-31,T,Quentin Compson III,148,148,1910-06-02,1910-06-02,76,179,T,I have committed,Caddy and Quentin Compson III,T,T,F,F,F,F
8,Quentin confronts Caddy,1909-08-16,1909-08-16,T,Quentin Compson III,149,149,1910-06-02,1910-06-02,76,179,T,Ill make you say we did,Caddy and Quentin Compson III,T,T,F,F,F,F
8,Quentin confronts Caddy,1909-08-16,1909-08-16,T,Quentin Compson III,150,150,1910-06-02,1910-06-02,76,179,T,did he make you...,Caddy and Quentin Compson III,T,T,F,F,F,F
1,Damuddy's funeral,1900-04-01,1900-04-01,T,Quentin Compson III,151,151,1910-06-02,1910-06-02,76,179,T,...damuddy died...,"Benjamin Compson, Caddy, Dilsey, Jason Compson, and Quentin Compson III",T,T,T,T,T,F
8,Quentin confronts Caddy,1909-08-16,1909-08-16,T,Quentin Compson III,151,151,1910-06-02,1910-06-02,76,179,T,...nobody ever need know...,Caddy and Quentin Compson III,T,T,F,F,F,F
1,Damuddy's funeral,1900-04-01,1900-04-01,T,Quentin Compson III,152,152,1910-06-02,1910-06-02,76,179,T,...drawers were muddy...,"Benjamin Compson, Caddy, Dilsey, Jason Compson, and Quentin Compson III",T,T,T,T,T,F
8,Quentin confronts Caddy,1909-08-16,1909-08-16,T,Quentin Compson III,152,152,1910-06-02,1910-06-02,76,179,T,I held the knife...,Caddy and Quentin Compson III,T,T,F,F,F,F
8,Quentin confronts Caddy,1909-08-16,1909-08-16,T,Quentin Compson III,153,153,1910-06-02,1910-06-02,76,179,T,what time is it,Caddy and Quentin Compson III,T,T,F,F,F,F
8,Quentin confronts Caddy,1909-08-16,1909-08-16,T,Quentin Compson III,154,154,1910-06-02,1910-06-02,76,179,T,come on,Caddy and Quentin Compson III,T,T,F,F,F,F
8,Quentin confronts Caddy,1909-08-16,1909-08-16,T,Quentin Compson III,155,155,1910-06-02,1910-06-02,76,179,T,whatre you going to do...,Caddy and Quentin Compson III,T,T,F,F,F,F
8,Quentin confronts Caddy,1909-08-16,1909-08-16,T,Quentin Compson III,156,156,1910-06-02,1910-06-02,76,179,T,its late you go on home,Caddy and Quentin Compson III,T,T,F,F,F,F
8,Quentin confronts Caddy,1909-08-16,1909-08-16,T,Quentin Compson III,157,157,1910-06-02,1910-06-02,76,179,T,you shut up shut up,Caddy and Quentin Compson III,T,T,F,F,F,F
8,Quentin confronts Caddy,1909-08-16,1909-08-16,T,Quentin Compson III,158,158,1910-06-02,1910-06-02,76,179,T,you shut up you shut up...,Caddy and Quentin Compson III,T,T,F,F,F,F
9,Quentin confronts Dalton,1909-08-17,1909-08-17,T,Quentin Compson III,158,158,1910-06-02,1910-06-02,76,179,T,Ive been looking for you...,Quentin Compson III,F,T,F,F,F,F
9,Quentin confronts Dalton,1909-08-17,1909-08-17,T,Quentin Compson III,159,159,1910-06-02,1910-06-02,76,179,T,she need my for anything now,Quentin Compson III,F,T,F,F,F,F
9,Quentin confronts Dalton,1909-08-17,1909-08-17,T,Quentin Compson III,160,160,1910-06-02,1910-06-02,76,179,T,what will you do...,Quentin Compson III,F,T,F,F,F,F
9,Quentin confronts Dalton,1909-08-17,1909-08-17,T,Quentin Compson III,161,161,1910-06-02,1910-06-02,76,179,T,you can hit it now,Quentin Compson III,F,T,F,F,F,F
9,Quentin confronts Dalton,1909-08-17,1909-08-17,T,Quentin Compson III,162,162,1910-06-02,1910-06-02,76,179,T,go on let me alone,Quentin Compson III,F,T,F,F,F,F
21,Quentin fights Gerald,1910-06-02,1910-06-02,T,Quentin Compson III,164,164,1910-06-02,1910-06-02,76,179,T,"""Did I hurt him any?""",Quentin Compson III,F,T,F,F,F,F
21,Quentin fights Gerald,1910-06-02,1910-06-02,T,Quentin Compson III,165,165,1910-06-02,1910-06-02,76,179,T,"""...fought him...""",Quentin Compson III,F,T,F,F,F,F
21,Quentin fights Gerald,1910-06-02,1910-06-02,T,Quentin Compson III,166,166,1910-06-02,1910-06-02,76,179,T,"""...hit that son of a bitch?""",Quentin Compson III,F,T,F,F,F,F
21,Quentin fights Gerald,1910-06-02,1910-06-02,T,Quentin Compson III,167,167,1910-06-02,1910-06-02,76,179,T,"""I'm sorry I hit him...""",Quentin Compson III,F,T,F,F,F,F
21,Quentin fights Gerald,1910-06-02,1910-06-02,T,Quentin Compson III,168,168,1910-06-02,1910-06-02,76,179,T,"""...I spoiled her party...""",Quentin Compson III,F,T,F,F,F,F
2,Benjy's name change,1900-08-01,1900-08-01,T,Quentin Compson III,170,170,1910-06-02,1910-06-02,76,179,T,Dilsey said it was...,"Benjamin Compson, Caddy, and Dilsey",T,F,T,F,T,F
5,Benjy's pasture is sold,1909-05-01,1909-05-01,T,Quentin Compson III,174,174,1910-06-02,1910-06-02,76,179,T,...sell Benjy's pasture...,Benjamin Compson,F,F,T,F,F,F
13,Caddy and Herbert's wedding,1910-04-25,1910-04-25,T,Quentin Compson III,174,174,1910-06-02,1910-06-02,76,179,T,Mr and Mrs Jason...,"Benjamin Compson, Caddy, and Quentin Compson III",T,T,T,F,F,F
22,Quentin commits suicide,1910-06-02,1910-06-02,T,Quentin Compson III,174,174,1910-06-02,1910-06-02,76,179,T,I will be dead in.,Quentin Compson III,F,T,F,F,F,F
4,Patterson Affair,1908-08-01,1908-08-01,T,Quentin Compson III,175,175,1910-06-02,1910-06-02,76,179,T,...the Patterson boy...,Benjamin Compson and Caddy,T,F,T,F,F,F
3,Caddy wears perfume,1906-07-01,1906-07-01,T,Quentin Compson III,176,176,1910-06-02,1910-06-02,76,179,T,...perfume Benjy hated...,"Benjamin Compson, Caddy, Dilsey, and Jason Compson",T,F,T,T,T,F
10,Quentin admits to incest,1909-08-31,1909-08-31,T,Quentin Compson III,176,176,1910-06-02,1910-06-02,76,179,T,...and he... (see R&P),Caddy and Quentin Compson III,T,T,F,F,F,F
10,Quentin admits to incest,1909-08-31,1909-08-31,T,Quentin Compson III,177,177,1910-06-02,1910-06-02,76,179,T,cause for alarm... (R&P),Caddy and Quentin Compson III,T,T,F,F,F,F
31,Jason receives Caddy's letter,1928-04-06,1928-04-06,T,Jason Compson,190,190,1928-04-06,1928-04-06,180,264,T,...her letter...,"Caddy, Jason Compson, and Quentin Jr.",T,F,F,T,F,T
15,Benjy is castrated,1910-04-25,1910-04-25,T,Jason Compson,196,196,1928-04-06,1928-04-06,180,264,T,...geldings in the cavalry...,Benjamin Compson,F,F,T,F,F,F
22,Quentin commits suicide,1910-06-02,1910-06-02,T,Jason Compson,196,196,1928-04-06,1928-04-06,180,264,T,...swim at night...,Quentin Compson III,F,T,F,F,F,F
25,Quentin Jr. lives with Compsons,1911-08-01,1911-08-01,T,Jason Compson,196,196,1928-04-06,1928-04-06,180,264,T,sent Quentin home,"Caddy, Jason Compson, and Quentin Jr.",T,F,F,T,F,T
26,Father's death,1912-03-01,1912-03-01,T,Jason Compson,196,196,1928-04-06,1928-04-06,180,264,T,...what water is.,"Benjamin Compson, Dilsey, Jason Compson, and Quentin Jr.",F,F,T,T,T,T
5,Benjy's pasture is sold,1909-05-01,1909-05-01,T,Jason Compson,197,197,1928-04-06,1928-04-06,180,264,T,"""...sell something to...""",Benjamin Compson,F,F,T,F,F,F
22,Quentin commits suicide,1910-06-02,1910-06-02,T,Jason Compson,197,197,1928-04-06,1928-04-06,180,264,T,"""...the two of them...""",Quentin Compson III,F,T,F,F,F,F
26,Father's death,1912-03-01,1912-03-01,T,Jason Compson,197,197,1928-04-06,1928-04-06,180,264,T,...when he passed.,"Benjamin Compson, Dilsey, Jason Compson, and Quentin Jr.",F,F,T,T,T,T
23,Herbert divorces Caddy,1911-07-01,1911-07-01,T,Jason Compson,198,198,1928-04-06,1928-04-06,180,264,T,didn't even see him,"Caddy, Dilsey, Jason Compson, and Quentin Jr.",T,F,F,T,T,T
24,Jason loses Herbert's job,1911-07-02,1911-07-02,T,Jason Compson,198,198,1928-04-06,1928-04-06,180,264,T,..my job home...,Jason Compson and Quentin Jr.,F,F,F,T,F,T
25,Quentin Jr. lives with Compsons,1911-08-01,1911-08-01,T,Jason Compson,198,198,1928-04-06,1928-04-06,180,264,T,...brought my job home...,"Caddy, Jason Compson, and Quentin Jr.",T,F,F,T,F,T
25,Quentin Jr. lives with Compsons,1911-08-01,1911-08-01,T,Jason Compson,199,199,1928-04-06,1928-04-06,180,264,T,...the suffering you've...,"Caddy, Jason Compson, and Quentin Jr.",T,F,F,T,F,T
25,Quentin Jr. lives with Compsons,1911-08-01,1911-08-01,T,Jason Compson,200,200,1928-04-06,1928-04-06,180,264,T,Dilsey fixed the cradle,"Caddy, Jason Compson, and Quentin Jr.",T,F,F,T,F,T
24,Jason loses Herbert's job,1911-07-02,1911-07-02,T,Jason Compson,202,202,1928-04-06,1928-04-06,180,264,T,"""Oh, that job.""",Jason Compson and Quentin Jr.,F,F,F,T,F,T
26,Father's death,1912-03-01,1912-03-01,T,Jason Compson,202,202,1928-04-06,1928-04-06,180,264,T,...throwing dirt into it...,"Benjamin Compson, Dilsey, Jason Compson, and Quentin Jr.",F,F,T,T,T,T
22,Quentin commits suicide,1910-06-02,1910-06-02,T,Jason Compson,203,203,1928-04-06,1928-04-06,180,264,T,"""...him and Quentin...""",Quentin Compson III,F,T,F,F,F,F
26,Father's death,1912-03-01,1912-03-01,T,Jason Compson,203,203,1928-04-06,1928-04-06,180,264,T,"""Why didn't they let me know?""","Benjamin Compson, Dilsey, Jason Compson, and Quentin Jr.",F,F,T,T,T,T
27,Caddy pays Jason to see Quentin Jr.,1912-06-01,1912-06-01,T,Jason Compson,203,203,1928-04-06,1928-04-06,180,264,T,"""...fifty dollars.""","Caddy, Jason Compson, and Quentin Jr.",T,F,F,T,F,T
27,Caddy pays Jason to see Quentin Jr.,1912-06-01,1912-06-01,T,Jason Compson,204,204,1928-04-06,1928-04-06,180,264,T,"""Yes,"" she says.","Caddy, Jason Compson, and Quentin Jr.",T,F,F,T,F,T
24,Jason loses Herbert's job,1911-07-02,1911-07-02,T,Jason Compson,205,205,1928-04-06,1928-04-06,180,264,T,...beat me out of a job...,Jason Compson and Quentin Jr.,F,F,F,T,F,T
27,Caddy pays Jason to see Quentin Jr.,1912-06-01,1912-06-01,T,Jason Compson,205,205,1928-04-06,1928-04-06,180,264,T,...counted the money...,"Caddy, Jason Compson, and Quentin Jr.",T,F,F,T,F,T
24,Jason loses Herbert's job,1911-07-02,1911-07-02,T,Jason Compson,206,206,1928-04-06,1928-04-06,180,264,T,"""...cost me one job...""",Jason Compson and Quentin Jr.,F,F,F,T,F,T
28,Jason finds Caddy seeing Quentin Jr.,1912-09-01,1912-09-01,T,Jason Compson,207,207,1928-04-06,1928-04-06,180,264,T,"""...see her own baby.""","Benjamin Compson, Caddy, Dilsey, Jason Compson, and Quentin Jr.",T,F,T,T,T,T
28,Jason finds Caddy seeing Quentin Jr.,1912-09-01,1912-09-01,T,Jason Compson,208,208,1928-04-06,1928-04-06,180,264,T,...I told her...,"Benjamin Compson, Caddy, Dilsey, Jason Compson, and Quentin Jr.",T,F,T,T,T,T
32,Quentin Jr. asks Jason for money,1928-04-06,1928-04-06,T,Jason Compson,212,212,1928-04-06,1928-04-06,180,264,T,"""Please, Jason...""","Caddy, Jason Compson, and Quentin Jr.",T,F,F,T,F,T
32,Quentin Jr. asks Jason for money,1928-04-06,1928-04-06,T,Jason Compson,213,213,1928-04-06,1928-04-06,180,264,T,"""She said she would..""","Caddy, Jason Compson, and Quentin Jr.",T,F,F,T,F,T
32,Quentin Jr. asks Jason for money,1928-04-06,1928-04-06,T,Jason Compson,214,214,1928-04-06,1928-04-06,180,264,T,"Jason, please please please.","Caddy, Jason Compson, and Quentin Jr.",T,F,F,T,F,T
32,Quentin Jr. asks Jason for money,1928-04-06,1928-04-06,T,Jason Compson,215,215,1928-04-06,1928-04-06,180,264,T,"""You know as much...""","Caddy, Jason Compson, and Quentin Jr.",T,F,F,T,F,T
33,Jason forges a check,1928-04-06,1928-04-06,T,Jason Compson,216,216,1928-04-06,1928-04-06,180,264,T,"""...fixed the check...""",Jason Compson and Quentin Jr.,F,F,F,T,F,T
34,Jason gives Mother forged check to burn,1928-04-06,1928-04-06,T,Jason Compson,218,218,1928-04-06,1928-04-06,180,264,T,She took the match...,Jason Compson,F,F,F,T,F,F
34,Jason gives Mother forged check to burn,1928-04-06,1928-04-06,T,Jason Compson,219,219,1928-04-06,1928-04-06,180,264,T,"""...burning this...""",Jason Compson,F,F,F,T,F,F
23,Herbert divorces Caddy,1911-07-01,1911-07-01,T,Jason Compson,220,220,1928-04-06,1928-04-06,180,264,T,Herbert threw her out,"Caddy, Dilsey, Jason Compson, and Quentin Jr.",T,F,F,T,T,T
34,Jason gives Mother forged check to burn,1928-04-06,1928-04-06,T,Jason Compson,220,220,1928-04-06,1928-04-06,180,264,T,...watch them burn.,Jason Compson,F,F,F,T,F,F
11,Herbert offers Jason a job,1910-03-01,1910-03-01,T,Jason Compson,221,221,1928-04-06,1928-04-06,180,264,T,...after his promise--,"Caddy, Jason Compson, and Quentin Compson III",T,T,F,T,F,F
13,Caddy and Herbert's wedding,1910-04-25,1910-04-25,T,Jason Compson,221,221,1928-04-06,1928-04-06,180,264,T,...when she married...,"Benjamin Compson, Caddy, and Quentin Compson III",T,T,T,F,F,F
22,Quentin commits suicide,1910-06-02,1910-06-02,T,Jason Compson,226,226,1928-04-06,1928-04-06,180,264,T,"""...they had to be taken.""",Quentin Compson III,F,T,F,F,F,F
6,Caddy and Charlie have sex,1909-07-01,1909-07-01,T,Jason Compson,229,299,1928-04-06,1928-04-06,180,264,T,...one of them kissing...,Benjamin Compson and Caddy,T,F,T,F,F,F
35,Jason sees Quentin and man w/ red tie,1928-04-06,1928-04-06,T,Jason Compson,231,231,1928-04-06,1928-04-06,180,264,T,"""...and saw her.""",Jason Compson and Quentin Jr.,F,F,F,T,F,T
35,Jason sees Quentin and man w/ red tie,1928-04-06,1928-04-06,T,Jason Compson,232,232,1928-04-06,1928-04-06,180,264,T,...the red tie...,Jason Compson and Quentin Jr.,F,F,F,T,F,T
5,Benjy's pasture is sold,1909-05-01,1909-05-01,T,Jason Compson,233,233,1928-04-06,1928-04-06,180,264,T,Selling land to send...,Benjamin Compson,F,F,T,F,F,F
22,Quentin commits suicide,1910-06-02,1910-06-02,T,Jason Compson,233,233,1928-04-06,1928-04-06,180,264,T,...drowned himself...,Quentin Compson III,F,T,F,F,F,F
23,Herbert divorces Caddy,1911-07-01,1911-07-01,T,Jason Compson,233,233,1928-04-06,1928-04-06,180,264,T,...by her husband...,"Caddy, Dilsey, Jason Compson, and Quentin Jr.",T,F,F,T,T,T
35,Jason sees Quentin and man w/ red tie,1928-04-06,1928-04-06,T,Jason Compson,233,233,1928-04-06,1928-04-06,180,264,T,She dodged out of...,Jason Compson and Quentin Jr.,F,F,F,T,F,T
36,Jason chases Quentin and man w/ red tie,1928-04-06,1928-04-06,T,Jason Compson,238,238,1928-04-06,1928-04-06,180,264,T,came to the first fork,Jason Compson and Quentin Jr.,F,F,F,T,F,T
37,Jason loses money at stock market,1928-04-06,1928-04-06,T,Jason Compson,243,243,1928-04-06,1928-04-06,180,264,T,"""...forty points down.""",Jason Compson,F,F,F,T,F,F
30,Roskus dies,1915-07-01,1915-07-01,T,Jason Compson,251,251,1928-04-06,1928-04-06,180,264,T,...Roskus...died.,Benjamin Compson and Dilsey,F,F,T,F,T,F
14,Benjy assaults Burgess girl,1910-04-25,1910-04-25,T,Jason Compson,253,253,1928-04-06,1928-04-06,180,264,T,...open gates...,"Benjamin Compson, Caddy, and Jason Compson",T,F,T,T,F,F
15,Benjy is castrated,1910-04-25,1910-04-25,T,Jason Compson,253,253,1928-04-06,1928-04-06,180,264,T,...what they did to Ben...,Benjamin Compson,F,F,T,F,F,F
22,Quentin commits suicide,1910-06-02,1910-06-02,T,Jason Compson,261,261,1928-04-06,1928-04-06,180,264,T,"I didn't dream that he...""",Quentin Compson III,F,T,F,F,F,F
5,Benjy's pasture is sold,1909-05-01,1909-05-01,T,Jason Compson,262,262,1928-04-06,1928-04-06,180,264,T,"""...sell the land to...""",Benjamin Compson,F,F,T,F,F,F
11,Herbert offers Jason a job,1910-03-01,1910-03-01,T,Jason Compson,262,262,1928-04-06,1928-04-06,180,264,T,"""...Herbert offered to...""","Caddy, Jason Compson, and Quentin Compson III",T,T,F,T,F,F
14,Benjy assaults Burgess girl,1910-04-25,1910-04-25,T,Jason Compson,263,263,1928-04-06,1928-04-06,180,264,T,...Mr Burgess...,"Benjamin Compson, Caddy, and Jason Compson",T,F,T,T,F,F
15,Benjy is castrated,1910-04-25,1910-04-25,T,Jason Compson,263,263,1928-04-06,1928-04-06,180,264,T,...Great American Gelding...,Benjamin Compson,F,F,T,F,F,F
42,Compsons see Quentin Jr. and money are gone,1928-04-08,1928-04-08,T,3rd-Person Narrator,280,280,,,265,321,T,"""Jason sprang up.""","Benjamin Compson, Dilsey, Jason Compson, and Quentin Jr.",F,F,T,T,T,T
42,Compsons see Quentin Jr. and money are gone,1928-04-08,1928-04-08,T,3rd-Person Narrator,281,281,,,265,321,T,"""She carry the key...?""","Benjamin Compson, Dilsey, Jason Compson, and Quentin Jr.",F,F,T,T,T,T
42,Compsons see Quentin Jr. and money are gone,1928-04-08,1928-04-08,T,3rd-Person Narrator,282,282,,,265,321,T,"""Something terrible...""","Benjamin Compson, Dilsey, Jason Compson, and Quentin Jr.",F,F,T,T,T,T
22,Quentin commits suicide,1910-06-02,1910-06-02,T,3rd-Person Narrator,283,283,,,265,321,T,"""Quentin left a note...""",Quentin Compson III,F,T,F,F,F,F
42,Compsons see Quentin Jr. and money are gone,1928-04-08,1928-04-08,T,3rd-Person Narrator,283,283,,,265,321,T,Then he upended the box...,"Benjamin Compson, Dilsey, Jason Compson, and Quentin Jr.",F,F,T,T,T,T
41,Quentin Jr. runs away,1928-04-07,1928-04-07,T,3rd-Person Narrator,284,284,,,265,321,T,Robbery.,Benjamin Compson and Quentin Jr.,F,F,T,F,F,T
42,Compsons see Quentin Jr. and money are gone,1928-04-08,1928-04-08,T,3rd-Person Narrator,284,284,,,265,321,T,...the box in his hands...,"Benjamin Compson, Dilsey, Jason Compson, and Quentin Jr.",F,F,T,T,T,T
43,Benjy goes to Dilsey's church,1928-04-08,1928-04-08,T,3rd-Person Narrator,292,292,,,265,321,T,"""The church...""",Benjamin Compson and Dilsey,F,F,T,F,T,F
43,Benjy goes to Dilsey's church,1928-04-08,1928-04-08,T,3rd-Person Narrator,293,293,,,265,321,T,The second man was...,Benjamin Compson and Dilsey,F,F,T,F,T,F
43,Benjy goes to Dilsey's church,1928-04-08,1928-04-08,T,3rd-Person Narrator,294,294,,,265,321,T,...with a sort of...,Benjamin Compson and Dilsey,F,F,T,F,T,F
43,Benjy goes to Dilsey's church,1928-04-08,1928-04-08,T,3rd-Person Narrator,295,295,,,265,321,T,...trascended its shabbiness...,Benjamin Compson and Dilsey,F,F,T,F,T,F
43,Benjy goes to Dilsey's church,1928-04-08,1928-04-08,T,3rd-Person Narrator,296,296,,,265,321,T,...mopped his face.,Benjamin Compson and Dilsey,F,F,T,F,T,F
43,Benjy goes to Dilsey's church,1928-04-08,1928-04-08,T,3rd-Person Narrator,297,297,,,265,321,T,Breddren!,Benjamin Compson and Dilsey,F,F,T,F,T,F
22,Quentin commits suicide,1910-06-02,1910-06-02,T,3rd-Person Narrator,299,299,,,265,321,T,"""Even Quentin did that.""",Quentin Compson III,F,T,F,F,F,F
41,Quentin Jr. runs away,1928-04-07,1928-04-07,T,3rd-Person Narrator,303,303,,,265,321,T,...has been robbed.,Benjamin Compson and Quentin Jr.,F,F,T,F,F,T
45,Sherriff refuses Jason help,1928-04-08,1928-04-08,T,3rd-Person Narrator,303,303,,,265,321,T,"""That'll do.""",Jason Compson and Quentin Jr.,F,F,F,T,F,T
24,Jason loses Herbert's job,1911-07-02,1911-07-02,T,3rd-Person Narrator,304,304,,,265,321,T,"""...cost me a job...""",Jason Compson and Quentin Jr.,F,F,F,T,F,T
41,Quentin Jr. runs away,1928-04-07,1928-04-07,T,3rd-Person Narrator,304,304,,,265,321,T,...recover my property...,Benjamin Compson and Quentin Jr.,F,F,T,F,F,T
45,Sherriff refuses Jason help,1928-04-08,1928-04-08,T,3rd-Person Narrator,304,304,,,265,321,T,"""That's it, Jason.""",Jason Compson and Quentin Jr.,F,F,F,T,F,T
46,Jason goes to Mottson,1928-04-08,1928-04-08,T,3rd-Person Narrator,305,305,,,265,321,T,"""...drove off.""",Jason Compson and Quentin Jr.,F,F,F,T,F,T
24,Jason loses Herbert's job,1911-07-02,1911-07-02,T,3rd-Person Narrator,306,306,,,265,321,T,...lose my job...,Jason Compson and Quentin Jr.,F,F,F,T,F,T
46,Jason goes to Mottson,1928-04-08,1928-04-08,T,3rd-Person Narrator,306,306,,,265,321,T,...and the owner...,Jason Compson and Quentin Jr.,F,F,F,T,F,T
24,Jason loses Herbert's job,1911-07-02,1911-07-02,T,3rd-Person Narrator,307,307,,,265,321,T,...the lost job...,Jason Compson and Quentin Jr.,F,F,F,T,F,T
41,Quentin Jr. runs away,1928-04-07,1928-04-07,T,3rd-Person Narrator,307,307,,,265,321,T,...outwitted by a woman...,Benjamin Compson and Quentin Jr.,F,F,T,F,F,T
46,Jason goes to Mottson,1928-04-08,1928-04-08,T,3rd-Person Narrator,307,307,,,265,321,T,When it was necessary...,Jason Compson and Quentin Jr.,F,F,F,T,F,T
46,Jason goes to Mottson,1928-04-08,1928-04-08,T,3rd-Person Narrator,308,308,,,265,321,T,...have to trust to...,Jason Compson and Quentin Jr.,F,F,F,T,F,T
41,Quentin Jr. runs away,1928-04-07,1928-04-07,T,3rd-Person Narrator,309,309,,,265,321,T,...robbed by Quentin...,Benjamin Compson and Quentin Jr.,F,F,T,F,F,T
46,Jason goes to Mottson,1928-04-08,1928-04-08,T,3rd-Person Narrator,309,309,,,265,321,T,...then what they did...,Jason Compson and Quentin Jr.,F,F,F,T,F,T
46,Jason goes to Mottson,1928-04-08,1928-04-08,T,3rd-Person Narrator,310,310,,,265,321,T,...yet so fatally...,Jason Compson and Quentin Jr.,F,F,F,T,F,T
46,Jason goes to Mottson,1928-04-08,1928-04-08,T,3rd-Person Narrator,311,311,,,265,321,T,...die seized him and he...,Jason Compson and Quentin Jr.,F,F,F,T,F,T
46,Jason goes to Mottson,1928-04-08,1928-04-08,T,3rd-Person Narrator,312,312,,,265,321,T,"""Yes. He said they...""",Jason Compson and Quentin Jr.,F,F,F,T,F,T
46,Jason goes to Mottson,1928-04-08,1928-04-08,T,3rd-Person Narrator,313,313,,,265,321,T,"""What'll you charge to...""",Jason Compson and Quentin Jr.,F,F,F,T,F,T
46,Jason goes to Mottson,1928-04-08,1928-04-08,T,3rd-Person Narrator,314,314,,,265,321,T,...were turning peacefully...,Jason Compson and Quentin Jr.,F,F,F,T,F,T
47,Jason attacks Luster,1928-04-08,1928-04-08,T,3rd-Person Narrator,320,320,,,265,321,T,"""Jason came jumping...""",Benjamin Compson and Jason Compson,F,F,T,T,F,F