source,target,Character 1,Character 2,type,weight,startPage,category
66,69,Rafaela Cortés,Gabriel Balboa,Directed,1,4,Exchange
69,66,Gabriel Balboa,Rafaela Cortés,Directed,1,4,Exchange
66,69,Rafaela Cortés,Gabriel Balboa,Directed,1,5,Exchange
69,66,Gabriel Balboa,Rafaela Cortés,Directed,1,5,Exchange
69,66,Gabriel Balboa,Rafaela Cortés,Directed,1,6,Exchange
66,69,Rafaela Cortés,Gabriel Balboa,Directed,1,6,Exchange
69,66,Gabriel Balboa,Rafaela Cortés,Directed,1,7,Exchange
143,145,Doña Maria,Sol,Directed,1,7,Exchange
66,143,Rafaela Cortés,Doña Maria,Directed,1,7,Exchange
143,66,Doña Maria,Rafaela Cortés,Directed,1,7,Exchange
145,143,Sol,Doña Maria,Directed,1,7,Exchange
66,69,Rafaela Cortés,Gabriel Balboa,Directed,1,7,Exchange
66,143,Rafaela Cortés,Doña Maria,Directed,1,8,Exchange
156,143,Lupe,Doña Maria,Directed,1,8,Exchange
143,66,Doña Maria,Rafaela Cortés,Directed,1,8,Exchange
143,156,Doña Maria,Lupe,Directed,1,8,Exchange
143,66,Doña Maria,Rafaela Cortés,Directed,1,9,Exchange
66,143,Rafaela Cortés,Doña Maria,Directed,1,9,Exchange
69,66,Gabriel Balboa,Rafaela Cortés,Directed,1,10,Exchange
66,69,Rafaela Cortés,Gabriel Balboa,Directed,1,10,Exchange
66,143,Rafaela Cortés,Doña Maria,Directed,1,11,Exchange
143,66,Doña Maria,Rafaela Cortés,Directed,1,11,Exchange
145,66,Sol,Rafaela Cortés,Directed,1,13,Exchange
66,145,Rafaela Cortés,Sol,Directed,1,13,Exchange
145,66,Sol,Rafaela Cortés,Directed,1,14,Exchange
66,145,Rafaela Cortés,Sol,Directed,1,14,Exchange
159,98,Car Jacker (mentioned in Bobby's intro),Bobby Ngu,Directed,1,14,Exchange
98,159,Bobby Ngu,Car Jacker (mentioned in Bobby's intro),Directed,1,14,Exchange
66,145,Rafaela Cortés,Sol,Directed,1,15,Exchange
145,66,Sol,Rafaela Cortés,Directed,1,15,Exchange
161,166,Bobby's Brother,Refugee Camp Guards,Directed,1,16,Exchange
166,98,Refugee Camp Guards,Bobby Ngu,Directed,1,16,Exchange
209,98,nighttime guard,Bobby Ngu,Directed,1,16,Exchange
166,161,Refugee Camp Guards,Bobby's Brother,Directed,1,16,Exchange
162,98,Bobby's Father,Bobby Ngu,Directed,1,16,Exchange
161,98,Bobby's Brother,Bobby Ngu,Directed,1,16,Exchange
145,66,Sol,Rafaela Cortés,Directed,1,16,Exchange
98,166,Bobby Ngu,Refugee Camp Guards,Directed,1,16,Exchange
66,145,Rafaela Cortés,Sol,Directed,1,16,Exchange
98,209,Bobby Ngu,nighttime guard,Directed,1,16,Exchange
98,162,Bobby Ngu,Bobby's Father,Directed,1,16,Exchange
98,161,Bobby Ngu,Bobby's Brother,Directed,1,16,Exchange
162,98,Bobby's Father,Bobby Ngu,Directed,1,17,Exchange
98,162,Bobby Ngu,Bobby's Father,Directed,1,17,Exchange
66,98,Rafaela Cortés,Bobby Ngu,Directed,1,17,Exchange
66,145,Rafaela Cortés,Sol,Directed,1,17,Exchange
98,66,Bobby Ngu,Rafaela Cortés,Directed,1,17,Exchange
145,66,Sol,Rafaela Cortés,Directed,1,17,Exchange
162,98,Bobby's Father,Bobby Ngu,Directed,1,18,Exchange
72,69,Emi,Gabriel Balboa,Directed,1,18,Exchange
98,162,Bobby Ngu,Bobby's Father,Directed,1,18,Exchange
69,72,Gabriel Balboa,Emi,Directed,1,18,Exchange
69,72,Gabriel Balboa,Emi,Directed,1,19,Exchange
72,69,Emi,Gabriel Balboa,Directed,1,19,Exchange
69,72,Gabriel Balboa,Emi,Directed,1,20,Exchange
72,69,Emi,Gabriel Balboa,Directed,1,20,Exchange
69,72,Gabriel Balboa,Emi,Directed,1,21,Exchange
184,72,Emi's Mother,Emi,Directed,1,21,Exchange
72,69,Emi,Gabriel Balboa,Directed,1,21,Exchange
72,184,Emi,Emi's Mother,Directed,1,21,Exchange
72,184,Emi,Emi's Mother,Directed,1,22,Exchange
184,72,Emi's Mother,Emi,Directed,1,22,Exchange
72,69,Emi,Gabriel Balboa,Directed,1,22,Exchange
69,72,Gabriel Balboa,Emi,Directed,1,22,Exchange
72,69,Emi,Gabriel Balboa,Directed,1,23,Exchange
69,66,Gabriel Balboa,Rafaela Cortés,Directed,1,23,Exchange
69,72,Gabriel Balboa,Emi,Directed,1,23,Exchange
66,69,Rafaela Cortés,Gabriel Balboa,Directed,1,23,Exchange
69,72,Gabriel Balboa,Emi,Directed,1,24,Exchange
72,215,Emi,person on the phone,Directed,1,24,Exchange
72,69,Emi,Gabriel Balboa,Directed,1,24,Exchange
215,72,person on the phone,Emi,Directed,1,24,Exchange
72,69,Emi,Gabriel Balboa,Directed,1,25,Exchange
87,824,Buzzworm,l'il punk,Directed,1,25,Exchange
824,87,l'il punk,Buzzworm,Directed,1,25,Exchange
69,72,Gabriel Balboa,Emi,Directed,1,25,Exchange
87,824,Buzzworm,l'il punk,Directed,1,26,Exchange
824,87,l'il punk,Buzzworm,Directed,1,26,Exchange
87,189,Buzzworm,Unnamed members of L.A. Underclass,Directed,1,27,Exchange
189,87,Unnamed members of L.A. Underclass,Buzzworm,Directed,1,27,Exchange
190,191,Cisco,Cisco's dealer,Directed,1,28,Exchange
87,189,Buzzworm,Unnamed members of L.A. Underclass,Directed,1,28,Exchange
191,190,Cisco's dealer,Cisco,Directed,1,28,Exchange
189,87,Unnamed members of L.A. Underclass,Buzzworm,Directed,1,28,Exchange
194,87,Buzzworm's friend Kwon,Buzzworm,Directed,1,29,Exchange
87,194,Buzzworm,Buzzworm's friend Kwon,Directed,1,29,Exchange
189,87,Unnamed members of L.A. Underclass,Buzzworm,Directed,1,29,Exchange
87,189,Buzzworm,Unnamed members of L.A. Underclass,Directed,1,29,Exchange
87,196,Buzzworm,L.A. Suburbanites,Directed,1,30,Exchange
196,87,L.A. Suburbanites,Buzzworm,Directed,1,30,Exchange
196,87,L.A. Suburbanites,Buzzworm,Directed,1,31,Exchange
87,196,Buzzworm,L.A. Suburbanites,Directed,1,31,Exchange
87,825,Buzzworm,other kids,Directed,1,32,Exchange
825,87,other kids,Buzzworm,Directed,1,32,Exchange
825,87,other kids,Buzzworm,Directed,1,33,Exchange
87,825,Buzzworm,other kids,Directed,1,33,Exchange
77,69,Editor Four (38),Gabriel Balboa,Directed,1,38,Exchange
69,72,Gabriel Balboa,Emi,Directed,1,38,Exchange
69,77,Gabriel Balboa,Editor Four (38),Directed,1,38,Exchange
73,69,Terry,Gabriel Balboa,Directed,1,38,Exchange
69,73,Gabriel Balboa,Terry,Directed,1,38,Exchange
72,69,Emi,Gabriel Balboa,Directed,1,38,Exchange
72,69,Emi,Gabriel Balboa,Directed,1,39,Exchange
69,72,Gabriel Balboa,Emi,Directed,1,39,Exchange
69,72,Gabriel Balboa,Emi,Directed,1,40,Exchange
72,69,Emi,Gabriel Balboa,Directed,1,40,Exchange
69,72,Gabriel Balboa,Emi,Directed,1,41,Exchange
69,87,Gabriel Balboa,Buzzworm,Directed,1,41,Exchange
87,69,Buzzworm,Gabriel Balboa,Directed,1,41,Exchange
72,69,Emi,Gabriel Balboa,Directed,1,41,Exchange
69,87,Gabriel Balboa,Buzzworm,Directed,1,42,Exchange
87,69,Buzzworm,Gabriel Balboa,Directed,1,42,Exchange
87,69,Buzzworm,Gabriel Balboa,Directed,1,43,Exchange
68,87,Manzanar Murakami,Buzzworm,Directed,1,43,Exchange
87,68,Buzzworm,Manzanar Murakami,Directed,1,43,Exchange
69,87,Gabriel Balboa,Buzzworm,Directed,1,43,Exchange
69,87,Gabriel Balboa,Buzzworm,Directed,1,44,Exchange
87,69,Buzzworm,Gabriel Balboa,Directed,1,44,Exchange
69,72,Gabriel Balboa,Emi,Directed,1,45,Exchange
66,69,Rafaela Cortés,Gabriel Balboa,Directed,1,45,Exchange
72,69,Emi,Gabriel Balboa,Directed,1,45,Exchange
69,66,Gabriel Balboa,Rafaela Cortés,Directed,1,45,Exchange
124,123,performance goer (48),Gabriel Garcia Márquez,Directed,1,48,Exchange
102,70,"""the masses"" (48)",Arcangel/El Gran Mojado,Directed,1,48,Exchange
70,108,Arcangel/El Gran Mojado,El General Stroessner,Directed,1,48,Exchange
70,103,Arcangel/El Gran Mojado,Che Guevara,Directed,1,48,Exchange
118,70,Archbishop Romero,Arcangel/El Gran Mojado,Directed,1,48,Exchange
70,112,Arcangel/El Gran Mojado,Vargas Llosa,Directed,1,48,Exchange
105,70,Pelé,Arcangel/El Gran Mojado,Directed,1,48,Exchange
106,70,Pinochet,Arcangel/El Gran Mojado,Directed,1,48,Exchange
119,70,Porfirio Díaz,Arcangel/El Gran Mojado,Directed,1,48,Exchange
70,107,Arcangel/El Gran Mojado,Allende,Directed,1,48,Exchange
123,70,Gabriel Garcia Márquez,Arcangel/El Gran Mojado,Directed,1,48,Exchange
70,115,Arcangel/El Gran Mojado,Sandino,Directed,1,48,Exchange
70,109,Arcangel/El Gran Mojado,Pablo Escobar,Directed,1,48,Exchange
115,70,Sandino,Arcangel/El Gran Mojado,Directed,1,48,Exchange
120,70,Fidel Castro,Arcangel/El Gran Mojado,Directed,1,48,Exchange
103,70,Che Guevara,Arcangel/El Gran Mojado,Directed,1,48,Exchange
116,70,Borges,Arcangel/El Gran Mojado,Directed,1,48,Exchange
70,106,Arcangel/El Gran Mojado,Pinochet,Directed,1,48,Exchange
70,105,Arcangel/El Gran Mojado,Pelé,Directed,1,48,Exchange
70,119,Arcangel/El Gran Mojado,Porfirio Díaz,Directed,1,48,Exchange
110,70,The DEA,Arcangel/El Gran Mojado,Directed,1,48,Exchange
114,70,Tachito Somoza,Arcangel/El Gran Mojado,Directed,1,48,Exchange
107,70,Allende,Arcangel/El Gran Mojado,Directed,1,48,Exchange
113,70,Fujimori,Arcangel/El Gran Mojado,Directed,1,48,Exchange
70,118,Arcangel/El Gran Mojado,Archbishop Romero,Directed,1,48,Exchange
70,121,Arcangel/El Gran Mojado,Arcangel's torturers,Directed,1,48,Exchange
70,122,Arcangel/El Gran Mojado,Arcangel's inmates,Directed,1,48,Exchange
109,70,Pablo Escobar,Arcangel/El Gran Mojado,Directed,1,48,Exchange
70,117,Arcangel/El Gran Mojado,Neruda,Directed,1,48,Exchange
70,102,Arcangel/El Gran Mojado,"""the masses"" (48)",Directed,1,48,Exchange
70,111,Arcangel/El Gran Mojado,Noriega,Directed,1,48,Exchange
111,70,Noriega,Arcangel/El Gran Mojado,Directed,1,48,Exchange
117,70,Neruda,Arcangel/El Gran Mojado,Directed,1,48,Exchange
70,110,Arcangel/El Gran Mojado,The DEA,Directed,1,48,Exchange
70,114,Arcangel/El Gran Mojado,Tachito Somoza,Directed,1,48,Exchange
108,70,El General Stroessner,Arcangel/El Gran Mojado,Directed,1,48,Exchange
104,70,Eva Péron,Arcangel/El Gran Mojado,Directed,1,48,Exchange
70,116,Arcangel/El Gran Mojado,Borges,Directed,1,48,Exchange
70,120,Arcangel/El Gran Mojado,Fidel Castro,Directed,1,48,Exchange
121,70,Arcangel's torturers,Arcangel/El Gran Mojado,Directed,1,48,Exchange
122,70,Arcangel's inmates,Arcangel/El Gran Mojado,Directed,1,48,Exchange
70,113,Arcangel/El Gran Mojado,Fujimori,Directed,1,48,Exchange
70,123,Arcangel/El Gran Mojado,Gabriel Garcia Márquez,Directed,1,48,Exchange
70,104,Arcangel/El Gran Mojado,Eva Péron,Directed,1,48,Exchange
112,70,Vargas Llosa,Arcangel/El Gran Mojado,Directed,1,48,Exchange
70,130,Arcangel/El Gran Mojado,"""young man"" (50)",Directed,1,50,Exchange
130,70,"""young man"" (50)",Arcangel/El Gran Mojado,Directed,1,50,Exchange
70,139,Arcangel/El Gran Mojado,"""children and passerby"" (51)",Directed,1,51,Exchange
139,70,"""children and passerby"" (51)",Arcangel/El Gran Mojado,Directed,1,51,Exchange
269,270,Driver of red Porsche,Passenger in red Porsche,Directed,1,55,Exchange
270,269,Passenger in red Porsche,Driver of red Porsche,Directed,1,55,Exchange
72,69,Emi,Gabriel Balboa,Directed,1,58,Exchange
69,72,Gabriel Balboa,Emi,Directed,1,58,Exchange
72,464,Emi,Luey the Cameraman,Directed,1,59,Exchange
466,72,Kerry the Technician,Emi,Directed,1,59,Exchange
69,72,Gabriel Balboa,Emi,Directed,1,59,Exchange
72,69,Emi,Gabriel Balboa,Directed,1,59,Exchange
72,466,Emi,Kerry the Technician,Directed,1,59,Exchange
464,72,Luey the Cameraman,Emi,Directed,1,59,Exchange
69,72,Gabriel Balboa,Emi,Directed,1,60,Exchange
72,464,Emi,Luey the Cameraman,Directed,1,60,Exchange
464,72,Luey the Cameraman,Emi,Directed,1,60,Exchange
72,69,Emi,Gabriel Balboa,Directed,1,60,Exchange
72,466,Emi,Kerry the Technician,Directed,1,60,Exchange
466,72,Kerry the Technician,Emi,Directed,1,60,Exchange
69,72,Gabriel Balboa,Emi,Directed,1,61,Exchange
72,83,Emi,Gabriel Balboa's mother,Directed,1,61,Exchange
83,72,Gabriel Balboa's mother,Emi,Directed,1,61,Exchange
72,69,Emi,Gabriel Balboa,Directed,1,61,Exchange
69,72,Gabriel Balboa,Emi,Directed,1,62,Exchange
72,69,Emi,Gabriel Balboa,Directed,1,62,Exchange
66,149,Rafaela Cortés,Rodriguez,Directed,1,63,Exchange
149,66,Rodriguez,Rafaela Cortés,Directed,1,63,Exchange
66,143,Rafaela Cortés,Doña Maria,Directed,1,64,Exchange
143,66,Doña Maria,Rafaela Cortés,Directed,1,64,Exchange
149,66,Rodriguez,Rafaela Cortés,Directed,1,64,Exchange
66,149,Rafaela Cortés,Rodriguez,Directed,1,64,Exchange
66,143,Rafaela Cortés,Doña Maria,Directed,1,65,Exchange
143,66,Doña Maria,Rafaela Cortés,Directed,1,65,Exchange
98,66,Bobby Ngu,Rafaela Cortés,Directed,1,65,Exchange
66,98,Rafaela Cortés,Bobby Ngu,Directed,1,65,Exchange
143,66,Doña Maria,Rafaela Cortés,Directed,1,66,Exchange
66,143,Rafaela Cortés,Doña Maria,Directed,1,66,Exchange
145,66,Sol,Rafaela Cortés,Directed,1,67,Exchange
145,143,Sol,Doña Maria,Directed,1,67,Exchange
66,145,Rafaela Cortés,Sol,Directed,1,67,Exchange
143,66,Doña Maria,Rafaela Cortés,Directed,1,67,Exchange
143,145,Doña Maria,Sol,Directed,1,67,Exchange
66,143,Rafaela Cortés,Doña Maria,Directed,1,67,Exchange
223,66,Hotel Manager,Rafaela Cortés,Directed,1,68,Exchange
145,66,Sol,Rafaela Cortés,Directed,1,68,Exchange
66,145,Rafaela Cortés,Sol,Directed,1,68,Exchange
66,223,Rafaela Cortés,Hotel Manager,Directed,1,68,Exchange
66,223,Rafaela Cortés,Hotel Manager,Directed,1,69,Exchange
145,66,Sol,Rafaela Cortés,Directed,1,69,Exchange
66,145,Rafaela Cortés,Sol,Directed,1,69,Exchange
223,66,Hotel Manager,Rafaela Cortés,Directed,1,69,Exchange
66,145,Rafaela Cortés,Sol,Directed,1,70,Exchange
145,66,Sol,Rafaela Cortés,Directed,1,70,Exchange
70,279,Arcangel/El Gran Mojado,man with stalled truck,Directed,1,72,Exchange
278,272,occupants of houses,people in car jam (55),Directed,1,72,Exchange
272,278,people in car jam (55),occupants of houses,Directed,1,72,Exchange
280,279,merchants,man with stalled truck,Directed,1,72,Exchange
70,278,Arcangel/El Gran Mojado,occupants of houses,Directed,1,72,Exchange
278,70,occupants of houses,Arcangel/El Gran Mojado,Directed,1,72,Exchange
279,280,man with stalled truck,merchants,Directed,1,72,Exchange
281,70,young boy (73),Arcangel/El Gran Mojado,Directed,1,73,Exchange
272,70,people in car jam (55),Arcangel/El Gran Mojado,Directed,1,73,Exchange
70,281,Arcangel/El Gran Mojado,young boy (73),Directed,1,73,Exchange
70,272,Arcangel/El Gran Mojado,people in car jam (55),Directed,1,73,Exchange
70,282,Arcangel/El Gran Mojado,someone (74),Directed,1,74,Exchange
282,70,someone (74),Arcangel/El Gran Mojado,Directed,1,74,Exchange
277,70,woman in dream,Arcangel/El Gran Mojado,Directed,1,75,Exchange
70,277,Arcangel/El Gran Mojado,woman in dream,Directed,1,75,Exchange
337,146,La Migra (Border patrol),Pepe Cortés,Directed,1,76,Exchange
146,337,Pepe Cortés,La Migra (Border patrol),Directed,1,76,Exchange
98,229,Bobby Ngu,People from Tijuana,Directed,1,77,Exchange
98,146,Bobby Ngu,Pepe Cortés,Directed,1,77,Exchange
146,98,Pepe Cortés,Bobby Ngu,Directed,1,77,Exchange
229,98,People from Tijuana,Bobby Ngu,Directed,1,77,Exchange
146,98,Pepe Cortés,Bobby Ngu,Directed,1,78,Exchange
98,232,Bobby Ngu,Celia Oh,Directed,1,78,Exchange
232,98,Celia Oh,Bobby Ngu,Directed,1,78,Exchange
98,146,Bobby Ngu,Pepe Cortés,Directed,1,78,Exchange
98,237,Bobby Ngu,Worker on the phone,Directed,1,79,Exchange
232,98,Celia Oh,Bobby Ngu,Directed,1,79,Exchange
98,232,Bobby Ngu,Celia Oh,Directed,1,79,Exchange
237,98,Worker on the phone,Bobby Ngu,Directed,1,79,Exchange
238,98,v Boys,Bobby Ngu,Directed,1,79,Exchange
66,98,Rafaela Cortés,Bobby Ngu,Directed,1,79,Exchange
98,238,Bobby Ngu,v Boys,Directed,1,79,Exchange
98,66,Bobby Ngu,Rafaela Cortés,Directed,1,79,Exchange
238,98,v Boys,Bobby Ngu,Directed,1,80,Exchange
98,66,Bobby Ngu,Rafaela Cortés,Directed,1,80,Exchange
98,238,Bobby Ngu,v Boys,Directed,1,80,Exchange
66,98,Rafaela Cortés,Bobby Ngu,Directed,1,80,Exchange
249,248,Woman at Neighbourhood meeting,City Bureaucrats,Directed,1,82,Exchange
248,249,City Bureaucrats,Woman at Neighbourhood meeting,Directed,1,82,Exchange
249,248,Woman at Neighbourhood meeting,City Bureaucrats,Directed,1,83,Exchange
248,249,City Bureaucrats,Woman at Neighbourhood meeting,Directed,1,83,Exchange
87,251,Buzzworm,Margarita,Directed,1,84,Exchange
189,87,Unnamed members of L.A. Underclass,Buzzworm,Directed,1,84,Exchange
87,189,Buzzworm,Unnamed members of L.A. Underclass,Directed,1,84,Exchange
251,87,Margarita,Buzzworm,Directed,1,84,Exchange
251,87,Margarita,Buzzworm,Directed,1,85,Exchange
87,251,Buzzworm,Margarita,Directed,1,85,Exchange
256,87,The kid who survived / dies,Buzzworm,Directed,1,85,Exchange
87,256,Buzzworm,The kid who survived / dies,Directed,1,85,Exchange
87,256,Buzzworm,The kid who survived / dies,Directed,1,86,Exchange
256,87,The kid who survived / dies,Buzzworm,Directed,1,86,Exchange
72,69,Emi,Gabriel Balboa,Directed,1,87,Exchange
69,95,Gabriel Balboa,Corazon Juarez,Directed,1,87,Exchange
285,69,airport anouncer,Gabriel Balboa,Directed,1,87,Exchange
95,286,Corazon Juarez,man with briefcase,Directed,1,87,Exchange
286,95,man with briefcase,Corazon Juarez,Directed,1,87,Exchange
69,285,Gabriel Balboa,airport anouncer,Directed,1,87,Exchange
87,69,Buzzworm,Gabriel Balboa,Directed,1,87,Exchange
69,87,Gabriel Balboa,Buzzworm,Directed,1,87,Exchange
285,95,airport anouncer,Corazon Juarez,Directed,1,87,Exchange
95,69,Corazon Juarez,Gabriel Balboa,Directed,1,87,Exchange
95,285,Corazon Juarez,airport anouncer,Directed,1,87,Exchange
69,72,Gabriel Balboa,Emi,Directed,1,87,Exchange
69,72,Gabriel Balboa,Emi,Directed,1,88,Exchange
72,69,Emi,Gabriel Balboa,Directed,1,88,Exchange
291,69,"""a CHP"" (89)",Gabriel Balboa,Directed,1,89,Exchange
289,95,hospital aide,Corazon Juarez,Directed,1,89,Exchange
72,291,Emi,"""a CHP"" (89)",Directed,1,89,Exchange
69,72,Gabriel Balboa,Emi,Directed,1,89,Exchange
289,69,hospital aide,Gabriel Balboa,Directed,1,89,Exchange
290,69,nurse at station,Gabriel Balboa,Directed,1,89,Exchange
69,291,Gabriel Balboa,"""a CHP"" (89)",Directed,1,89,Exchange
72,69,Emi,Gabriel Balboa,Directed,1,89,Exchange
69,290,Gabriel Balboa,nurse at station,Directed,1,89,Exchange
95,289,Corazon Juarez,hospital aide,Directed,1,89,Exchange
291,72,"""a CHP"" (89)",Emi,Directed,1,89,Exchange
69,289,Gabriel Balboa,hospital aide,Directed,1,89,Exchange
72,69,Emi,Gabriel Balboa,Directed,1,90,Exchange
95,72,Corazon Juarez,Emi,Directed,1,90,Exchange
272,192,people in car jam (55),LAPD,Directed,1,90,Exchange
69,72,Gabriel Balboa,Emi,Directed,1,90,Exchange
192,272,LAPD,people in car jam (55),Directed,1,90,Exchange
72,95,Emi,Corazon Juarez,Directed,1,90,Exchange
69,87,Gabriel Balboa,Buzzworm,Directed,1,91,Exchange
69,72,Gabriel Balboa,Emi,Directed,1,91,Exchange
72,321,Emi,bureaucrats in parking violations (91),Directed,1,91,Exchange
321,72,bureaucrats in parking violations (91),Emi,Directed,1,91,Exchange
72,69,Emi,Gabriel Balboa,Directed,1,91,Exchange
69,87,Gabriel Balboa,Buzzworm,Directed,1,92,Exchange
87,69,Buzzworm,Gabriel Balboa,Directed,1,92,Exchange
98,259,Bobby Ngu,The Snakehead,Directed,1,99,Exchange
259,98,The Snakehead,Bobby Ngu,Directed,1,99,Exchange
259,98,The Snakehead,Bobby Ngu,Directed,1,100,Exchange
98,259,Bobby Ngu,The Snakehead,Directed,1,100,Exchange
259,98,The Snakehead,Bobby Ngu,Directed,1,101,Exchange
98,259,Bobby Ngu,The Snakehead,Directed,1,101,Exchange
87,189,Buzzworm,Unnamed members of L.A. Underclass,Directed,1,103,Exchange
87,302,Buzzworm,coroner,Directed,1,104,Exchange
305,87,The Dead Boy's Crew,Buzzworm,Directed,1,104,Exchange
301,87,Mother of the dead boy,Buzzworm,Directed,1,104,Exchange
87,301,Buzzworm,Mother of the dead boy,Directed,1,104,Exchange
302,87,coroner,Buzzworm,Directed,1,104,Exchange
87,305,Buzzworm,The Dead Boy's Crew,Directed,1,104,Exchange
87,309,Buzzworm,Walkman Kid,Directed,1,105,Exchange
87,305,Buzzworm,The Dead Boy's Crew,Directed,1,105,Exchange
309,87,Walkman Kid,Buzzworm,Directed,1,105,Exchange
305,87,The Dead Boy's Crew,Buzzworm,Directed,1,105,Exchange
309,87,Walkman Kid,Buzzworm,Directed,1,106,Exchange
307,251,Margarita's Family,Margarita,Directed,1,106,Exchange
87,309,Buzzworm,Walkman Kid,Directed,1,106,Exchange
68,87,Manzanar Murakami,Buzzworm,Directed,1,107,Exchange
87,68,Buzzworm,Manzanar Murakami,Directed,1,107,Exchange
69,68,Gabriel Balboa,Manzanar Murakami,Directed,1,108,Exchange
87,69,Buzzworm,Gabriel Balboa,Directed,1,108,Exchange
69,87,Gabriel Balboa,Buzzworm,Directed,1,108,Exchange
87,68,Buzzworm,Manzanar Murakami,Directed,1,108,Exchange
68,69,Manzanar Murakami,Gabriel Balboa,Directed,1,108,Exchange
68,87,Manzanar Murakami,Buzzworm,Directed,1,108,Exchange
87,68,Buzzworm,Manzanar Murakami,Directed,1,109,Exchange
68,87,Manzanar Murakami,Buzzworm,Directed,1,109,Exchange
87,68,Buzzworm,Manzanar Murakami,Directed,1,110,Exchange
68,87,Manzanar Murakami,Buzzworm,Directed,1,110,Exchange
69,87,Gabriel Balboa,Buzzworm,Directed,1,111,Exchange
87,69,Buzzworm,Gabriel Balboa,Directed,1,111,Exchange
72,69,Emi,Gabriel Balboa,Directed,1,111,Exchange
69,72,Gabriel Balboa,Emi,Directed,1,111,Exchange
72,69,Emi,Gabriel Balboa,Directed,1,112,Exchange
69,72,Gabriel Balboa,Emi,Directed,1,112,Exchange
87,69,Buzzworm,Gabriel Balboa,Directed,1,113,Exchange
72,69,Emi,Gabriel Balboa,Directed,1,113,Exchange
69,87,Gabriel Balboa,Buzzworm,Directed,1,113,Exchange
69,72,Gabriel Balboa,Emi,Directed,1,113,Exchange
315,87,"""They"" (Organ Traffickers)",Buzzworm,Directed,1,114,Exchange
69,87,Gabriel Balboa,Buzzworm,Directed,1,114,Exchange
66,145,Rafaela Cortés,Sol,Directed,1,114,Exchange
145,66,Sol,Rafaela Cortés,Directed,1,114,Exchange
87,315,Buzzworm,"""They"" (Organ Traffickers)",Directed,1,114,Exchange
87,69,Buzzworm,Gabriel Balboa,Directed,1,114,Exchange
158,312,Hernando (Dona Maria's son),person on the phone with Hernando,Directed,1,115,Exchange
66,143,Rafaela Cortés,Doña Maria,Directed,1,115,Exchange
312,158,person on the phone with Hernando,Hernando (Dona Maria's son),Directed,1,115,Exchange
143,66,Doña Maria,Rafaela Cortés,Directed,1,115,Exchange
145,66,Sol,Rafaela Cortés,Directed,1,115,Exchange
66,145,Rafaela Cortés,Sol,Directed,1,115,Exchange
145,143,Sol,Doña Maria,Directed,1,116,Exchange
312,158,person on the phone with Hernando,Hernando (Dona Maria's son),Directed,1,116,Exchange
66,143,Rafaela Cortés,Doña Maria,Directed,1,116,Exchange
66,145,Rafaela Cortés,Sol,Directed,1,116,Exchange
158,312,Hernando (Dona Maria's son),person on the phone with Hernando,Directed,1,116,Exchange
143,66,Doña Maria,Rafaela Cortés,Directed,1,116,Exchange
143,145,Doña Maria,Sol,Directed,1,116,Exchange
145,66,Sol,Rafaela Cortés,Directed,1,116,Exchange
145,143,Sol,Doña Maria,Directed,1,117,Exchange
158,312,Hernando (Dona Maria's son),person on the phone with Hernando,Directed,1,117,Exchange
143,145,Doña Maria,Sol,Directed,1,117,Exchange
66,143,Rafaela Cortés,Doña Maria,Directed,1,117,Exchange
312,158,person on the phone with Hernando,Hernando (Dona Maria's son),Directed,1,117,Exchange
143,66,Doña Maria,Rafaela Cortés,Directed,1,117,Exchange
312,158,person on the phone with Hernando,Hernando (Dona Maria's son),Directed,1,118,Exchange
66,158,Rafaela Cortés,Hernando (Dona Maria's son),Directed,1,118,Exchange
158,312,Hernando (Dona Maria's son),person on the phone with Hernando,Directed,1,118,Exchange
158,66,Hernando (Dona Maria's son),Rafaela Cortés,Directed,1,118,Exchange
72,69,Emi,Gabriel Balboa,Directed,1,123,Exchange
69,72,Gabriel Balboa,Emi,Directed,1,123,Exchange
353,72,Hiro (The Sushimaker),Emi,Directed,1,124,Exchange
69,72,Gabriel Balboa,Emi,Directed,1,124,Exchange
72,69,Emi,Gabriel Balboa,Directed,1,124,Exchange
353,69,Hiro (The Sushimaker),Gabriel Balboa,Directed,1,124,Exchange
69,353,Gabriel Balboa,Hiro (The Sushimaker),Directed,1,124,Exchange
72,353,Emi,Hiro (The Sushimaker),Directed,1,124,Exchange
354,72,A Green-type from Colorado,Emi,Directed,1,124,Exchange
72,354,Emi,A Green-type from Colorado,Directed,1,124,Exchange
353,72,Hiro (The Sushimaker),Emi,Directed,1,125,Exchange
353,69,Hiro (The Sushimaker),Gabriel Balboa,Directed,1,125,Exchange
69,72,Gabriel Balboa,Emi,Directed,1,125,Exchange
72,69,Emi,Gabriel Balboa,Directed,1,125,Exchange
69,353,Gabriel Balboa,Hiro (The Sushimaker),Directed,1,125,Exchange
72,353,Emi,Hiro (The Sushimaker),Directed,1,125,Exchange
69,72,Gabriel Balboa,Emi,Directed,1,126,Exchange
72,69,Emi,Gabriel Balboa,Directed,1,126,Exchange
72,69,Emi,Gabriel Balboa,Directed,1,127,Exchange
72,381,Emi,Japanophile Woman,Directed,1,127,Exchange
69,72,Gabriel Balboa,Emi,Directed,1,127,Exchange
381,72,Japanophile Woman,Emi,Directed,1,127,Exchange
69,72,Gabriel Balboa,Emi,Directed,1,128,Exchange
381,353,Japanophile Woman,Hiro (The Sushimaker),Directed,1,128,Exchange
353,72,Hiro (The Sushimaker),Emi,Directed,1,128,Exchange
381,72,Japanophile Woman,Emi,Directed,1,128,Exchange
353,381,Hiro (The Sushimaker),Japanophile Woman,Directed,1,128,Exchange
72,353,Emi,Hiro (The Sushimaker),Directed,1,128,Exchange
72,69,Emi,Gabriel Balboa,Directed,1,128,Exchange
72,381,Emi,Japanophile Woman,Directed,1,128,Exchange
69,72,Gabriel Balboa,Emi,Directed,1,129,Exchange
69,353,Gabriel Balboa,Hiro (The Sushimaker),Directed,1,129,Exchange
353,72,Hiro (The Sushimaker),Emi,Directed,1,129,Exchange
353,381,Hiro (The Sushimaker),Japanophile Woman,Directed,1,129,Exchange
381,72,Japanophile Woman,Emi,Directed,1,129,Exchange
381,353,Japanophile Woman,Hiro (The Sushimaker),Directed,1,129,Exchange
72,353,Emi,Hiro (The Sushimaker),Directed,1,129,Exchange
72,381,Emi,Japanophile Woman,Directed,1,129,Exchange
353,69,Hiro (The Sushimaker),Gabriel Balboa,Directed,1,129,Exchange
72,69,Emi,Gabriel Balboa,Directed,1,129,Exchange
70,531,Arcangel/El Gran Mojado,Cantina waiter,Directed,1,130,Exchange
531,70,Cantina waiter,Arcangel/El Gran Mojado,Directed,1,130,Exchange
541,541,Cockfighters,Cockfighters,Directed,1,131,Exchange
70,531,Arcangel/El Gran Mojado,Cantina waiter,Directed,1,131,Exchange
531,70,Cantina waiter,Arcangel/El Gran Mojado,Directed,1,131,Exchange
541,541,Cockfighters,Cockfighters,Directed,1,132,Exchange
545,419,cockfight crowd,El Gran Mojado,Directed,1,132,Exchange
419,547,El Gran Mojado,someone in cockfight crowd,Directed,1,132,Exchange
547,545,someone in cockfight crowd,cockfight crowd,Directed,1,132,Exchange
547,419,someone in cockfight crowd,El Gran Mojado,Directed,1,132,Exchange
419,545,El Gran Mojado,cockfight crowd,Directed,1,132,Exchange
545,547,cockfight crowd,someone in cockfight crowd,Directed,1,132,Exchange
419,545,El Gran Mojado,cockfight crowd,Directed,1,133,Exchange
545,419,cockfight crowd,El Gran Mojado,Directed,1,133,Exchange
545,545,cockfight crowd,cockfight crowd,Directed,1,134,Exchange
419,545,El Gran Mojado,cockfight crowd,Directed,1,134,Exchange
545,419,cockfight crowd,El Gran Mojado,Directed,1,134,Exchange
410,391,Talk Show Tiffany,Talk Radio Stations,Directed,1,140,Exchange
391,410,Talk Radio Stations,Talk Show Tiffany,Directed,1,140,Exchange
391,410,Talk Radio Stations,Talk Show Tiffany,Directed,1,141,Exchange
410,391,Talk Show Tiffany,Talk Radio Stations,Directed,1,141,Exchange
149,70,Rodriguez,Arcangel/El Gran Mojado,Directed,1,142,Exchange
70,149,Arcangel/El Gran Mojado,Rodriguez,Directed,1,142,Exchange
70,149,Arcangel/El Gran Mojado,Rodriguez,Directed,1,143,Exchange
149,562,Rodriguez,Rodriguez's middle son,Directed,1,143,Exchange
562,149,Rodriguez's middle son,Rodriguez,Directed,1,143,Exchange
149,70,Rodriguez,Arcangel/El Gran Mojado,Directed,1,143,Exchange
70,149,Arcangel/El Gran Mojado,Rodriguez,Directed,1,144,Exchange
149,70,Rodriguez,Arcangel/El Gran Mojado,Directed,1,144,Exchange
70,583,Arcangel/El Gran Mojado,Eduardo Galeano,Directed,1,145,Exchange
149,70,Rodriguez,Arcangel/El Gran Mojado,Directed,1,145,Exchange
70,149,Arcangel/El Gran Mojado,Rodriguez,Directed,1,145,Exchange
583,70,Eduardo Galeano,Arcangel/El Gran Mojado,Directed,1,145,Exchange
149,70,Rodriguez,Arcangel/El Gran Mojado,Directed,1,146,Exchange
563,149,Rodriguez's oldest son,Rodriguez,Directed,1,146,Exchange
70,149,Arcangel/El Gran Mojado,Rodriguez,Directed,1,146,Exchange
149,563,Rodriguez,Rodriguez's oldest son,Directed,1,146,Exchange
563,149,Rodriguez's oldest son,Rodriguez,Directed,1,147,Exchange
149,563,Rodriguez,Rodriguez's oldest son,Directed,1,147,Exchange
145,66,Sol,Rafaela Cortés,Directed,1,148,Exchange
143,66,Doña Maria,Rafaela Cortés,Directed,1,148,Exchange
66,143,Rafaela Cortés,Doña Maria,Directed,1,148,Exchange
66,145,Rafaela Cortés,Sol,Directed,1,148,Exchange
145,66,Sol,Rafaela Cortés,Directed,1,149,Exchange
143,66,Doña Maria,Rafaela Cortés,Directed,1,149,Exchange
66,145,Rafaela Cortés,Sol,Directed,1,149,Exchange
66,143,Rafaela Cortés,Doña Maria,Directed,1,149,Exchange
66,69,Rafaela Cortés,Gabriel Balboa,Directed,1,150,Exchange
149,224,Rodriguez,The Orange,Directed,1,150,Exchange
69,66,Gabriel Balboa,Rafaela Cortés,Directed,1,150,Exchange
224,149,The Orange,Rodriguez,Directed,1,150,Exchange
69,66,Gabriel Balboa,Rafaela Cortés,Directed,1,151,Exchange
66,69,Rafaela Cortés,Gabriel Balboa,Directed,1,151,Exchange
69,66,Gabriel Balboa,Rafaela Cortés,Directed,1,152,Exchange
70,224,Arcangel/El Gran Mojado,The Orange,Directed,1,152,Exchange
66,145,Rafaela Cortés,Sol,Directed,1,152,Exchange
66,70,Rafaela Cortés,Arcangel/El Gran Mojado,Directed,1,152,Exchange
66,69,Rafaela Cortés,Gabriel Balboa,Directed,1,152,Exchange
70,66,Arcangel/El Gran Mojado,Rafaela Cortés,Directed,1,152,Exchange
224,70,The Orange,Arcangel/El Gran Mojado,Directed,1,152,Exchange
145,66,Sol,Rafaela Cortés,Directed,1,152,Exchange
66,145,Rafaela Cortés,Sol,Directed,1,153,Exchange
145,66,Sol,Rafaela Cortés,Directed,1,153,Exchange
70,66,Arcangel/El Gran Mojado,Rafaela Cortés,Directed,1,153,Exchange
70,224,Arcangel/El Gran Mojado,The Orange,Directed,1,153,Exchange
224,70,The Orange,Arcangel/El Gran Mojado,Directed,1,153,Exchange
66,70,Rafaela Cortés,Arcangel/El Gran Mojado,Directed,1,153,Exchange
69,66,Gabriel Balboa,Rafaela Cortés,Directed,1,154,Exchange
70,66,Arcangel/El Gran Mojado,Rafaela Cortés,Directed,1,154,Exchange
66,69,Rafaela Cortés,Gabriel Balboa,Directed,1,154,Exchange
66,70,Rafaela Cortés,Arcangel/El Gran Mojado,Directed,1,154,Exchange
87,189,Buzzworm,Unnamed members of L.A. Underclass,Directed,1,155,Exchange
69,72,Gabriel Balboa,Emi,Directed,1,155,Exchange
87,69,Buzzworm,Gabriel Balboa,Directed,1,155,Exchange
72,69,Emi,Gabriel Balboa,Directed,1,155,Exchange
189,87,Unnamed members of L.A. Underclass,Buzzworm,Directed,1,155,Exchange
69,87,Gabriel Balboa,Buzzworm,Directed,1,155,Exchange
69,87,Gabriel Balboa,Buzzworm,Directed,1,156,Exchange
189,87,Unnamed members of L.A. Underclass,Buzzworm,Directed,1,156,Exchange
87,602,Buzzworm,guy singing like Pavarotti,Directed,1,156,Exchange
87,189,Buzzworm,Unnamed members of L.A. Underclass,Directed,1,156,Exchange
602,87,guy singing like Pavarotti,Buzzworm,Directed,1,156,Exchange
87,69,Buzzworm,Gabriel Balboa,Directed,1,156,Exchange
69,87,Gabriel Balboa,Buzzworm,Directed,1,157,Exchange
69,68,Gabriel Balboa,Manzanar Murakami,Directed,1,157,Exchange
87,69,Buzzworm,Gabriel Balboa,Directed,1,157,Exchange
68,69,Manzanar Murakami,Gabriel Balboa,Directed,1,157,Exchange
69,87,Gabriel Balboa,Buzzworm,Directed,1,158,Exchange
87,69,Buzzworm,Gabriel Balboa,Directed,1,158,Exchange
98,832,Bobby Ngu,Somebody (159),Directed,1,159,Exchange
832,98,Somebody (159),Bobby Ngu,Directed,1,159,Exchange
98,69,Bobby Ngu,Gabriel Balboa,Directed,1,160,Exchange
69,98,Gabriel Balboa,Bobby Ngu,Directed,1,160,Exchange
98,69,Bobby Ngu,Gabriel Balboa,Directed,1,161,Exchange
69,98,Gabriel Balboa,Bobby Ngu,Directed,1,161,Exchange
72,69,Emi,Gabriel Balboa,Directed,1,162,Exchange
69,72,Gabriel Balboa,Emi,Directed,1,162,Exchange
72,69,Emi,Gabriel Balboa,Directed,1,163,Exchange
69,72,Gabriel Balboa,Emi,Directed,1,163,Exchange
72,69,Emi,Gabriel Balboa,Directed,1,164,Exchange
69,72,Gabriel Balboa,Emi,Directed,1,164,Exchange
72,69,Emi,Gabriel Balboa,Directed,1,165,Exchange
72,451,Emi,Evelyn,Directed,1,165,Exchange
69,72,Gabriel Balboa,Emi,Directed,1,165,Exchange
87,72,Buzzworm,Emi,Directed,1,165,Exchange
69,87,Gabriel Balboa,Buzzworm,Directed,1,165,Exchange
87,69,Buzzworm,Gabriel Balboa,Directed,1,165,Exchange
451,72,Evelyn,Emi,Directed,1,165,Exchange
72,87,Emi,Buzzworm,Directed,1,165,Exchange
72,87,Emi,Buzzworm,Directed,1,166,Exchange
466,72,Kerry the Technician,Emi,Directed,1,166,Exchange
72,464,Emi,Luey the Cameraman,Directed,1,166,Exchange
464,72,Luey the Cameraman,Emi,Directed,1,166,Exchange
465,72,Kay Torres - On-Scene Reporter,Emi,Directed,1,166,Exchange
87,72,Buzzworm,Emi,Directed,1,166,Exchange
72,465,Emi,Kay Torres - On-Scene Reporter,Directed,1,166,Exchange
69,87,Gabriel Balboa,Buzzworm,Directed,1,166,Exchange
72,466,Emi,Kerry the Technician,Directed,1,166,Exchange
69,72,Gabriel Balboa,Emi,Directed,1,166,Exchange
72,69,Emi,Gabriel Balboa,Directed,1,166,Exchange
87,69,Buzzworm,Gabriel Balboa,Directed,1,166,Exchange
72,466,Emi,Kerry the Technician,Directed,1,167,Exchange
466,72,Kerry the Technician,Emi,Directed,1,167,Exchange
466,69,Kerry the Technician,Gabriel Balboa,Directed,1,167,Exchange
69,87,Gabriel Balboa,Buzzworm,Directed,1,167,Exchange
466,87,Kerry the Technician,Buzzworm,Directed,1,167,Exchange
72,69,Emi,Gabriel Balboa,Directed,1,167,Exchange
72,464,Emi,Luey the Cameraman,Directed,1,167,Exchange
69,466,Gabriel Balboa,Kerry the Technician,Directed,1,167,Exchange
69,72,Gabriel Balboa,Emi,Directed,1,167,Exchange
87,69,Buzzworm,Gabriel Balboa,Directed,1,167,Exchange
87,466,Buzzworm,Kerry the Technician,Directed,1,167,Exchange
87,72,Buzzworm,Emi,Directed,1,167,Exchange
72,87,Emi,Buzzworm,Directed,1,167,Exchange
464,72,Luey the Cameraman,Emi,Directed,1,167,Exchange
608,200,Homeless trader (169),The NewsNow Van,Directed,1,169,Exchange
200,608,The NewsNow Van,Homeless trader (169),Directed,1,169,Exchange
621,620,Lover Two,Lover One,Directed,1,171,Exchange
615,614,L.A. citizens,AQMD,Directed,1,171,Exchange
614,615,AQMD,L.A. citizens,Directed,1,171,Exchange
620,621,Lover One,Lover Two,Directed,1,171,Exchange
72,87,Emi,Buzzworm,Directed,1,175,Exchange
87,72,Buzzworm,Emi,Directed,1,175,Exchange
470,72,NewsNow Realtime on the internet,Emi,Directed,1,176,Exchange
72,470,Emi,NewsNow Realtime on the internet,Directed,1,176,Exchange
464,87,Luey the Cameraman,Buzzworm,Directed,1,177,Exchange
464,466,Luey the Cameraman,Kerry the Technician,Directed,1,177,Exchange
466,464,Kerry the Technician,Luey the Cameraman,Directed,1,177,Exchange
72,466,Emi,Kerry the Technician,Directed,1,177,Exchange
470,72,NewsNow Realtime on the internet,Emi,Directed,1,177,Exchange
87,464,Buzzworm,Luey the Cameraman,Directed,1,177,Exchange
466,72,Kerry the Technician,Emi,Directed,1,177,Exchange
72,470,Emi,NewsNow Realtime on the internet,Directed,1,177,Exchange
87,472,Buzzworm,"Smokey, Pick-n-save, and Pollyanna",Directed,1,177,Exchange
72,470,Emi,NewsNow Realtime on the internet,Directed,1,178,Exchange
476,72,Mona,Emi,Directed,1,178,Exchange
72,466,Emi,Kerry the Technician,Directed,1,178,Exchange
470,72,NewsNow Realtime on the internet,Emi,Directed,1,178,Exchange
474,72,Audience Members ch. 29,Emi,Directed,1,178,Exchange
72,87,Emi,Buzzworm,Directed,1,178,Exchange
466,72,Kerry the Technician,Emi,Directed,1,178,Exchange
87,72,Buzzworm,Emi,Directed,1,178,Exchange
72,476,Emi,Mona,Directed,1,178,Exchange
835,474,Guest on the right (ch.. 29),Audience Members ch. 29,Directed,1,179,Exchange
72,87,Emi,Buzzworm,Directed,1,179,Exchange
834,835,Guest in the middle (ch.29),Guest on the right (ch.. 29),Directed,1,179,Exchange
87,72,Buzzworm,Emi,Directed,1,179,Exchange
833,835,Guest to the left (ch. 29),Guest on the right (ch.. 29),Directed,1,179,Exchange
835,833,Guest on the right (ch.. 29),Guest to the left (ch. 29),Directed,1,179,Exchange
72,69,Emi,Gabriel Balboa,Directed,1,179,Exchange
87,835,Buzzworm,Guest on the right (ch.. 29),Directed,1,179,Exchange
87,833,Buzzworm,Guest to the left (ch. 29),Directed,1,179,Exchange
474,835,Audience Members ch. 29,Guest on the right (ch.. 29),Directed,1,179,Exchange
835,87,Guest on the right (ch.. 29),Buzzworm,Directed,1,179,Exchange
833,474,Guest to the left (ch. 29),Audience Members ch. 29,Directed,1,179,Exchange
833,87,Guest to the left (ch. 29),Buzzworm,Directed,1,179,Exchange
835,834,Guest on the right (ch.. 29),Guest in the middle (ch.29),Directed,1,179,Exchange
69,72,Gabriel Balboa,Emi,Directed,1,179,Exchange
834,474,Guest in the middle (ch.29),Audience Members ch. 29,Directed,1,179,Exchange
474,834,Audience Members ch. 29,Guest in the middle (ch.29),Directed,1,179,Exchange
474,833,Audience Members ch. 29,Guest to the left (ch. 29),Directed,1,179,Exchange
474,472,Audience Members ch. 29,"Smokey, Pick-n-save, and Pollyanna",Directed,1,179,Exchange
834,87,Guest in the middle (ch.29),Buzzworm,Directed,1,179,Exchange
87,834,Buzzworm,Guest in the middle (ch.29),Directed,1,179,Exchange
472,474,"Smokey, Pick-n-save, and Pollyanna",Audience Members ch. 29,Directed,1,179,Exchange
472,474,"Smokey, Pick-n-save, and Pollyanna",Audience Members ch. 29,Directed,1,180,Exchange
72,69,Emi,Gabriel Balboa,Directed,1,180,Exchange
87,833,Buzzworm,Guest to the left (ch. 29),Directed,1,180,Exchange
834,835,Guest in the middle (ch.29),Guest on the right (ch.. 29),Directed,1,180,Exchange
474,472,Audience Members ch. 29,"Smokey, Pick-n-save, and Pollyanna",Directed,1,180,Exchange
835,87,Guest on the right (ch.. 29),Buzzworm,Directed,1,180,Exchange
835,834,Guest on the right (ch.. 29),Guest in the middle (ch.29),Directed,1,180,Exchange
474,833,Audience Members ch. 29,Guest to the left (ch. 29),Directed,1,180,Exchange
834,474,Guest in the middle (ch.29),Audience Members ch. 29,Directed,1,180,Exchange
87,834,Buzzworm,Guest in the middle (ch.29),Directed,1,180,Exchange
474,835,Audience Members ch. 29,Guest on the right (ch.. 29),Directed,1,180,Exchange
87,835,Buzzworm,Guest on the right (ch.. 29),Directed,1,180,Exchange
474,834,Audience Members ch. 29,Guest in the middle (ch.29),Directed,1,180,Exchange
833,835,Guest to the left (ch. 29),Guest on the right (ch.. 29),Directed,1,180,Exchange
833,87,Guest to the left (ch. 29),Buzzworm,Directed,1,180,Exchange
835,833,Guest on the right (ch.. 29),Guest to the left (ch. 29),Directed,1,180,Exchange
833,474,Guest to the left (ch. 29),Audience Members ch. 29,Directed,1,180,Exchange
834,87,Guest in the middle (ch.29),Buzzworm,Directed,1,180,Exchange
69,72,Gabriel Balboa,Emi,Directed,1,180,Exchange
835,474,Guest on the right (ch.. 29),Audience Members ch. 29,Directed,1,180,Exchange
66,70,Rafaela Cortés,Arcangel/El Gran Mojado,Directed,1,182,Exchange
70,66,Arcangel/El Gran Mojado,Rafaela Cortés,Directed,1,182,Exchange
70,66,Arcangel/El Gran Mojado,Rafaela Cortés,Directed,1,183,Exchange
66,70,Rafaela Cortés,Arcangel/El Gran Mojado,Directed,1,183,Exchange
66,70,Rafaela Cortés,Arcangel/El Gran Mojado,Directed,1,184,Exchange
70,66,Arcangel/El Gran Mojado,Rafaela Cortés,Directed,1,184,Exchange
66,145,Rafaela Cortés,Sol,Directed,1,185,Exchange
70,488,Arcangel/El Gran Mojado,Bus passengers,Directed,1,185,Exchange
70,145,Arcangel/El Gran Mojado,Sol,Directed,1,185,Exchange
145,70,Sol,Arcangel/El Gran Mojado,Directed,1,185,Exchange
70,66,Arcangel/El Gran Mojado,Rafaela Cortés,Directed,1,185,Exchange
488,70,Bus passengers,Arcangel/El Gran Mojado,Directed,1,185,Exchange
66,158,Rafaela Cortés,Hernando (Dona Maria's son),Directed,1,185,Exchange
158,66,Hernando (Dona Maria's son),Rafaela Cortés,Directed,1,185,Exchange
66,70,Rafaela Cortés,Arcangel/El Gran Mojado,Directed,1,185,Exchange
158,66,Hernando (Dona Maria's son),Rafaela Cortés,Directed,1,186,Exchange
70,488,Arcangel/El Gran Mojado,Bus passengers,Directed,1,186,Exchange
70,224,Arcangel/El Gran Mojado,The Orange,Directed,1,186,Exchange
145,224,Sol,The Orange,Directed,1,186,Exchange
224,145,The Orange,Sol,Directed,1,186,Exchange
488,70,Bus passengers,Arcangel/El Gran Mojado,Directed,1,186,Exchange
66,158,Rafaela Cortés,Hernando (Dona Maria's son),Directed,1,186,Exchange
70,145,Arcangel/El Gran Mojado,Sol,Directed,1,186,Exchange
476,87,Mona,Buzzworm,Directed,1,186,Exchange
87,476,Buzzworm,Mona,Directed,1,186,Exchange
145,70,Sol,Arcangel/El Gran Mojado,Directed,1,186,Exchange
491,87,"""Homey on the other end"" (187)",Buzzworm,Directed,1,187,Exchange
87,491,Buzzworm,"""Homey on the other end"" (187)",Directed,1,187,Exchange
87,491,Buzzworm,"""Homey on the other end"" (187)",Directed,1,188,Exchange
491,87,"""Homey on the other end"" (187)",Buzzworm,Directed,1,188,Exchange
87,72,Buzzworm,Emi,Directed,1,189,Exchange
87,466,Buzzworm,Kerry the Technician,Directed,1,189,Exchange
72,87,Emi,Buzzworm,Directed,1,189,Exchange
72,466,Emi,Kerry the Technician,Directed,1,190,Exchange
72,87,Emi,Buzzworm,Directed,1,190,Exchange
87,72,Buzzworm,Emi,Directed,1,190,Exchange
466,72,Kerry the Technician,Emi,Directed,1,190,Exchange
87,72,Buzzworm,Emi,Directed,1,191,Exchange
502,503,Mara Sadat,Cadillac Occupant,Directed,1,191,Exchange
503,502,Cadillac Occupant,Mara Sadat,Directed,1,191,Exchange
72,87,Emi,Buzzworm,Directed,1,191,Exchange
72,87,Emi,Buzzworm,Directed,1,192,Exchange
69,623,Gabriel Balboa,Kathleen Welna,Directed,1,192,Exchange
87,72,Buzzworm,Emi,Directed,1,192,Exchange
623,69,Kathleen Welna,Gabriel Balboa,Directed,1,192,Exchange
69,315,Gabriel Balboa,"""They"" (Organ Traffickers)",Directed,1,193,Exchange
315,69,"""They"" (Organ Traffickers)",Gabriel Balboa,Directed,1,193,Exchange
69,72,Gabriel Balboa,Emi,Directed,1,194,Exchange
72,69,Emi,Gabriel Balboa,Directed,1,194,Exchange
143,69,Doña Maria,Gabriel Balboa,Directed,1,195,Exchange
69,143,Gabriel Balboa,Doña Maria,Directed,1,195,Exchange
72,69,Emi,Gabriel Balboa,Directed,1,195,Exchange
69,432,Gabriel Balboa,Subcomandante Marcos,Directed,1,195,Exchange
69,72,Gabriel Balboa,Emi,Directed,1,195,Exchange
432,69,Subcomandante Marcos,Gabriel Balboa,Directed,1,195,Exchange
72,69,Emi,Gabriel Balboa,Directed,1,196,Exchange
69,72,Gabriel Balboa,Emi,Directed,1,196,Exchange
145,70,Sol,Arcangel/El Gran Mojado,Directed,1,196,Exchange
70,145,Arcangel/El Gran Mojado,Sol,Directed,1,196,Exchange
70,145,Arcangel/El Gran Mojado,Sol,Directed,1,197,Exchange
145,70,Sol,Arcangel/El Gran Mojado,Directed,1,197,Exchange
70,638,Arcangel/El Gran Mojado,border guard (198),Directed,1,198,Exchange
638,70,border guard (198),Arcangel/El Gran Mojado,Directed,1,198,Exchange
638,70,border guard (198),Arcangel/El Gran Mojado,Directed,1,199,Exchange
70,638,Arcangel/El Gran Mojado,border guard (198),Directed,1,199,Exchange
638,70,border guard (198),Arcangel/El Gran Mojado,Directed,1,200,Exchange
70,638,Arcangel/El Gran Mojado,border guard (198),Directed,1,200,Exchange
98,225,Bobby Ngu,Xiayue,Directed,1,202,Exchange
225,98,Xiayue,Bobby Ngu,Directed,1,202,Exchange
98,225,Bobby Ngu,Xiayue,Directed,1,203,Exchange
225,98,Xiayue,Bobby Ngu,Directed,1,203,Exchange
681,682,Beauty,Beast,Directed,1,204,Exchange
685,686,Julio Iglesias,Thousands of Iglesias fans,Directed,1,204,Exchange
682,681,Beast,Beauty,Directed,1,204,Exchange
686,685,Thousands of Iglesias fans,Julio Iglesias,Directed,1,204,Exchange
98,518,Bobby Ngu,Border patrol officer,Directed,1,204,Exchange
518,225,Border patrol officer,Xiayue,Directed,1,204,Exchange
721,720,Wadsworth audience,Stomp performers,Directed,1,205,Exchange
705,706,Gawkers,Market sellers (205),Directed,1,205,Exchange
687,689,Robert McNeil,The Greek audience,Directed,1,205,Exchange
688,689,The Jubilee Choir,The Greek audience,Directed,1,205,Exchange
688,687,The Jubilee Choir,Robert McNeil,Directed,1,205,Exchange
689,688,The Greek audience,The Jubilee Choir,Directed,1,205,Exchange
699,698,Central Library attendees,Andrei Codrescu,Directed,1,205,Exchange
687,688,Robert McNeil,The Jubilee Choir,Directed,1,205,Exchange
719,718,Japan America Theatre worker,Qris,Directed,1,205,Exchange
719,717,Japan America Theatre worker,Chris,Directed,1,205,Exchange
720,721,Stomp performers,Wadsworth audience,Directed,1,205,Exchange
710,711,Japanese American actors,Santa Anita Racetrack crowd,Directed,1,205,Exchange
711,710,Santa Anita Racetrack crowd,Japanese American actors,Directed,1,205,Exchange
706,705,Market sellers (205),Gawkers,Directed,1,205,Exchange
718,719,Qris,Japan America Theatre worker,Directed,1,205,Exchange
689,687,The Greek audience,Robert McNeil,Directed,1,205,Exchange
698,699,Andrei Codrescu,Central Library attendees,Directed,1,205,Exchange
717,719,Chris,Japan America Theatre worker,Directed,1,205,Exchange
70,722,Arcangel/El Gran Mojado,Northern People,Directed,1,211,Exchange
488,722,Bus passengers,Northern People,Directed,1,211,Exchange
722,488,Northern People,Bus passengers,Directed,1,211,Exchange
722,70,Northern People,Arcangel/El Gran Mojado,Directed,1,211,Exchange
488,70,Bus passengers,Arcangel/El Gran Mojado,Directed,1,211,Exchange
70,488,Arcangel/El Gran Mojado,Bus passengers,Directed,1,211,Exchange
722,145,Northern People,Sol,Directed,1,212,Exchange
70,722,Arcangel/El Gran Mojado,Northern People,Directed,1,212,Exchange
70,488,Arcangel/El Gran Mojado,Bus passengers,Directed,1,212,Exchange
722,488,Northern People,Bus passengers,Directed,1,212,Exchange
145,722,Sol,Northern People,Directed,1,212,Exchange
488,70,Bus passengers,Arcangel/El Gran Mojado,Directed,1,212,Exchange
722,70,Northern People,Arcangel/El Gran Mojado,Directed,1,212,Exchange
488,722,Bus passengers,Northern People,Directed,1,212,Exchange
732,70,the Spider Woman,Arcangel/El Gran Mojado,Directed,1,213,Exchange
224,70,The Orange,Arcangel/El Gran Mojado,Directed,1,213,Exchange
722,70,Northern People,Arcangel/El Gran Mojado,Directed,1,213,Exchange
734,70,Young mother (213),Arcangel/El Gran Mojado,Directed,1,213,Exchange
736,70,Old man (213),Arcangel/El Gran Mojado,Directed,1,213,Exchange
735,70,Young man (213),Arcangel/El Gran Mojado,Directed,1,213,Exchange
145,722,Sol,Northern People,Directed,1,213,Exchange
70,733,Arcangel/El Gran Mojado,Poor man on street (213),Directed,1,213,Exchange
70,224,Arcangel/El Gran Mojado,The Orange,Directed,1,213,Exchange
70,732,Arcangel/El Gran Mojado,the Spider Woman,Directed,1,213,Exchange
70,722,Arcangel/El Gran Mojado,Northern People,Directed,1,213,Exchange
733,70,Poor man on street (213),Arcangel/El Gran Mojado,Directed,1,213,Exchange
70,736,Arcangel/El Gran Mojado,Old man (213),Directed,1,213,Exchange
70,734,Arcangel/El Gran Mojado,Young mother (213),Directed,1,213,Exchange
70,735,Arcangel/El Gran Mojado,Young man (213),Directed,1,213,Exchange
722,145,Northern People,Sol,Directed,1,213,Exchange
722,488,Northern People,Bus passengers,Directed,1,213,Exchange
488,722,Bus passengers,Northern People,Directed,1,213,Exchange
87,561,Buzzworm,Car Show Caller,Directed,1,214,Exchange
87,836,Buzzworm,Retsek (0f Frank and Retsek of KPFK The Car Show),Directed,1,214,Exchange
87,521,Buzzworm,Frank (0f Frank and Retsek of KPFK The Car Show),Directed,1,214,Exchange
224,145,The Orange,Sol,Directed,1,214,Exchange
145,224,Sol,The Orange,Directed,1,214,Exchange
87,561,Buzzworm,Car Show Caller,Directed,1,215,Exchange
68,87,Manzanar Murakami,Buzzworm,Directed,1,215,Exchange
87,68,Buzzworm,Manzanar Murakami,Directed,1,215,Exchange
87,68,Buzzworm,Manzanar Murakami,Directed,1,216,Exchange
68,87,Manzanar Murakami,Buzzworm,Directed,1,216,Exchange
540,530,Brother in a '78 Pontiac,Mayor of L.A.,Directed,1,217,Exchange
539,189,Politicos,Unnamed members of L.A. Underclass,Directed,1,217,Exchange
837,87,Mother with two year old (217),Buzzworm,Directed,1,217,Exchange
87,839,Buzzworm,one of the entourage (217),Directed,1,217,Exchange
838,530,Neighbour (217),Mayor of L.A.,Directed,1,217,Exchange
540,840,Brother in a '78 Pontiac,Chief (217),Directed,1,217,Exchange
87,540,Buzzworm,Brother in a '78 Pontiac,Directed,1,217,Exchange
87,838,Buzzworm,Neighbour (217),Directed,1,217,Exchange
837,840,Mother with two year old (217),Chief (217),Directed,1,217,Exchange
837,530,Mother with two year old (217),Mayor of L.A.,Directed,1,217,Exchange
540,87,Brother in a '78 Pontiac,Buzzworm,Directed,1,217,Exchange
838,87,Neighbour (217),Buzzworm,Directed,1,217,Exchange
839,530,one of the entourage (217),Mayor of L.A.,Directed,1,217,Exchange
839,840,one of the entourage (217),Chief (217),Directed,1,217,Exchange
189,539,Unnamed members of L.A. Underclass,Politicos,Directed,1,217,Exchange
839,87,one of the entourage (217),Buzzworm,Directed,1,217,Exchange
87,837,Buzzworm,Mother with two year old (217),Directed,1,217,Exchange
539,189,Politicos,Unnamed members of L.A. Underclass,Directed,1,218,Exchange
842,530,another brother 2,Mayor of L.A.,Directed,1,218,Exchange
189,539,Unnamed members of L.A. Underclass,Politicos,Directed,1,218,Exchange
841,840,another brother 1,Chief (217),Directed,1,218,Exchange
843,530,Another brother 3,Mayor of L.A.,Directed,1,218,Exchange
841,530,another brother 1,Mayor of L.A.,Directed,1,218,Exchange
842,840,another brother 2,Chief (217),Directed,1,218,Exchange
840,843,Chief (217),Another brother 3,Directed,1,218,Exchange
843,840,Another brother 3,Chief (217),Directed,1,218,Exchange
87,145,Buzzworm,Sol,Directed,1,219,Exchange
224,87,The Orange,Buzzworm,Directed,1,219,Exchange
546,87,The Orange Mob,Buzzworm,Directed,1,219,Exchange
87,546,Buzzworm,The Orange Mob,Directed,1,219,Exchange
87,224,Buzzworm,The Orange,Directed,1,219,Exchange
66,158,Rafaela Cortés,Hernando (Dona Maria's son),Directed,1,220,Exchange
158,66,Hernando (Dona Maria's son),Rafaela Cortés,Directed,1,220,Exchange
87,546,Buzzworm,The Orange Mob,Directed,1,220,Exchange
546,87,The Orange Mob,Buzzworm,Directed,1,220,Exchange
158,66,Hernando (Dona Maria's son),Rafaela Cortés,Directed,1,221,Exchange
66,158,Rafaela Cortés,Hernando (Dona Maria's son),Directed,1,221,Exchange
69,72,Gabriel Balboa,Emi,Directed,1,222,Exchange
72,69,Emi,Gabriel Balboa,Directed,1,222,Exchange
66,69,Rafaela Cortés,Gabriel Balboa,Directed,1,223,Exchange
69,66,Gabriel Balboa,Rafaela Cortés,Directed,1,223,Exchange
69,66,Gabriel Balboa,Rafaela Cortés,Directed,1,224,Exchange
66,69,Rafaela Cortés,Gabriel Balboa,Directed,1,224,Exchange
85,69,Gabriel Balboa's family,Gabriel Balboa,Directed,1,224,Exchange
69,85,Gabriel Balboa,Gabriel Balboa's family,Directed,1,224,Exchange
69,66,Gabriel Balboa,Rafaela Cortés,Directed,1,225,Exchange
143,66,Doña Maria,Rafaela Cortés,Directed,1,225,Exchange
66,69,Rafaela Cortés,Gabriel Balboa,Directed,1,225,Exchange
66,143,Rafaela Cortés,Doña Maria,Directed,1,225,Exchange
72,69,Emi,Gabriel Balboa,Directed,1,226,Exchange
69,143,Gabriel Balboa,Doña Maria,Directed,1,226,Exchange
69,72,Gabriel Balboa,Emi,Directed,1,226,Exchange
69,66,Gabriel Balboa,Rafaela Cortés,Directed,1,226,Exchange
66,69,Rafaela Cortés,Gabriel Balboa,Directed,1,226,Exchange
143,66,Doña Maria,Rafaela Cortés,Directed,1,226,Exchange
66,143,Rafaela Cortés,Doña Maria,Directed,1,226,Exchange
143,69,Doña Maria,Gabriel Balboa,Directed,1,226,Exchange
72,69,Emi,Gabriel Balboa,Directed,1,227,Exchange
156,69,Lupe,Gabriel Balboa,Directed,1,227,Exchange
69,72,Gabriel Balboa,Emi,Directed,1,227,Exchange
69,156,Gabriel Balboa,Lupe,Directed,1,227,Exchange
98,225,Bobby Ngu,Xiayue,Directed,1,228,Exchange
143,69,Doña Maria,Gabriel Balboa,Directed,1,228,Exchange
69,143,Gabriel Balboa,Doña Maria,Directed,1,228,Exchange
225,98,Xiayue,Bobby Ngu,Directed,1,228,Exchange
98,225,Bobby Ngu,Xiayue,Directed,1,229,Exchange
225,98,Xiayue,Bobby Ngu,Directed,1,229,Exchange
225,98,Xiayue,Bobby Ngu,Directed,1,230,Exchange
98,225,Bobby Ngu,Xiayue,Directed,1,230,Exchange
225,98,Xiayue,Bobby Ngu,Directed,1,231,Exchange
98,69,Bobby Ngu,Gabriel Balboa,Directed,1,231,Exchange
69,98,Gabriel Balboa,Bobby Ngu,Directed,1,231,Exchange
98,225,Bobby Ngu,Xiayue,Directed,1,231,Exchange
98,225,Bobby Ngu,Xiayue,Directed,1,232,Exchange
98,225,Bobby Ngu,Xiayue,Directed,1,233,Exchange
72,87,Emi,Buzzworm,Directed,1,234,Exchange
87,72,Buzzworm,Emi,Directed,1,234,Exchange
72,87,Emi,Buzzworm,Directed,1,235,Exchange
87,72,Buzzworm,Emi,Directed,1,235,Exchange
72,87,Emi,Buzzworm,Directed,1,236,Exchange
72,466,Emi,Kerry the Technician,Directed,1,236,Exchange
87,466,Buzzworm,Kerry the Technician,Directed,1,236,Exchange
87,72,Buzzworm,Emi,Directed,1,236,Exchange
72,87,Emi,Buzzworm,Directed,1,237,Exchange
87,72,Buzzworm,Emi,Directed,1,237,Exchange
87,466,Buzzworm,Kerry the Technician,Directed,1,237,Exchange
189,68,Unnamed members of L.A. Underclass,Manzanar Murakami,Directed,1,240,Exchange
68,189,Manzanar Murakami,Unnamed members of L.A. Underclass,Directed,1,240,Exchange
69,766,Gabriel Balboa,Travel agent,Directed,1,243,Exchange
766,69,Travel agent,Gabriel Balboa,Directed,1,243,Exchange
69,767,Gabriel Balboa,Brokerage Agent,Directed,1,244,Exchange
767,69,Brokerage Agent,Gabriel Balboa,Directed,1,244,Exchange
69,156,Gabriel Balboa,Lupe,Directed,1,244,Exchange
156,69,Lupe,Gabriel Balboa,Directed,1,244,Exchange
69,72,Gabriel Balboa,Emi,Directed,1,246,Exchange
72,69,Emi,Gabriel Balboa,Directed,1,246,Exchange
69,773,Gabriel Balboa,Illegal Organ Receivers,Directed,1,247,Exchange
771,69,"""source"" (247)",Gabriel Balboa,Directed,1,247,Exchange
69,72,Gabriel Balboa,Emi,Directed,1,247,Exchange
773,773,Illegal Organ Receivers,Illegal Organ Receivers,Directed,1,247,Exchange
69,771,Gabriel Balboa,"""source"" (247)",Directed,1,247,Exchange
72,69,Emi,Gabriel Balboa,Directed,1,247,Exchange
773,69,Illegal Organ Receivers,Gabriel Balboa,Directed,1,247,Exchange
87,466,Buzzworm,Kerry the Technician,Directed,1,249,Exchange
87,72,Buzzworm,Emi,Directed,1,249,Exchange
72,87,Emi,Buzzworm,Directed,1,249,Exchange
87,847,Buzzworm,NewsNow Engineer,Directed,1,249,Exchange
466,847,Kerry the Technician,NewsNow Engineer,Directed,1,249,Exchange
72,87,Emi,Buzzworm,Directed,1,250,Exchange
466,847,Kerry the Technician,NewsNow Engineer,Directed,1,250,Exchange
87,72,Buzzworm,Emi,Directed,1,250,Exchange
87,847,Buzzworm,NewsNow Engineer,Directed,1,250,Exchange
87,72,Buzzworm,Emi,Directed,1,251,Exchange
466,847,Kerry the Technician,NewsNow Engineer,Directed,1,251,Exchange
87,847,Buzzworm,NewsNow Engineer,Directed,1,251,Exchange
72,87,Emi,Buzzworm,Directed,1,251,Exchange
72,87,Emi,Buzzworm,Directed,1,252,Exchange
466,847,Kerry the Technician,NewsNow Engineer,Directed,1,252,Exchange
87,72,Buzzworm,Emi,Directed,1,252,Exchange
143,66,Doña Maria,Rafaela Cortés,Directed,1,252,Exchange
66,143,Rafaela Cortés,Doña Maria,Directed,1,252,Exchange
87,847,Buzzworm,NewsNow Engineer,Directed,1,252,Exchange
224,98,The Orange,Bobby Ngu,Directed,1,253,Exchange
66,98,Rafaela Cortés,Bobby Ngu,Directed,1,253,Exchange
98,66,Bobby Ngu,Rafaela Cortés,Directed,1,253,Exchange
66,224,Rafaela Cortés,The Orange,Directed,1,253,Exchange
98,224,Bobby Ngu,The Orange,Directed,1,253,Exchange
224,66,The Orange,Rafaela Cortés,Directed,1,253,Exchange
66,143,Rafaela Cortés,Doña Maria,Directed,1,253,Exchange
143,66,Doña Maria,Rafaela Cortés,Directed,1,253,Exchange
66,98,Rafaela Cortés,Bobby Ngu,Directed,1,254,Exchange
98,224,Bobby Ngu,The Orange,Directed,1,254,Exchange
224,98,The Orange,Bobby Ngu,Directed,1,254,Exchange
66,224,Rafaela Cortés,The Orange,Directed,1,254,Exchange
224,66,The Orange,Rafaela Cortés,Directed,1,254,Exchange
98,66,Bobby Ngu,Rafaela Cortés,Directed,1,254,Exchange
87,68,Buzzworm,Manzanar Murakami,Directed,1,255,Exchange
68,87,Manzanar Murakami,Buzzworm,Directed,1,255,Exchange
776,70,Audience/Crowd (Ch 47),Arcangel/El Gran Mojado,Directed,1,256,Exchange
70,776,Arcangel/El Gran Mojado,Audience/Crowd (Ch 47),Directed,1,256,Exchange
420,776,SUPERNAFTA,Audience/Crowd (Ch 47),Directed,1,257,Exchange
776,420,Audience/Crowd (Ch 47),SUPERNAFTA,Directed,1,257,Exchange
785,784,fan 2 (258),fan 1 (258),Directed,1,258,Exchange
419,776,El Gran Mojado,Audience/Crowd (Ch 47),Directed,1,258,Exchange
784,785,fan 1 (258),fan 2 (258),Directed,1,258,Exchange
776,419,Audience/Crowd (Ch 47),El Gran Mojado,Directed,1,258,Exchange
419,776,El Gran Mojado,Audience/Crowd (Ch 47),Directed,1,259,Exchange
776,419,Audience/Crowd (Ch 47),El Gran Mojado,Directed,1,259,Exchange
419,776,El Gran Mojado,Audience/Crowd (Ch 47),Directed,1,260,Exchange
776,419,Audience/Crowd (Ch 47),El Gran Mojado,Directed,1,260,Exchange
419,776,El Gran Mojado,Audience/Crowd (Ch 47),Directed,1,261,Exchange
776,419,Audience/Crowd (Ch 47),El Gran Mojado,Directed,1,261,Exchange
419,98,El Gran Mojado,Bobby Ngu,Directed,1,261,Exchange
98,419,Bobby Ngu,El Gran Mojado,Directed,1,261,Exchange
98,145,Bobby Ngu,Sol,Directed,1,266,Exchange
145,98,Sol,Bobby Ngu,Directed,1,266,Exchange
98,815,Bobby Ngu,Scalper,Directed,1,266,Exchange
815,98,Scalper,Bobby Ngu,Directed,1,266,Exchange
224,145,The Orange,Sol,Directed,1,266,Exchange
145,224,Sol,The Orange,Directed,1,266,Exchange
98,224,Bobby Ngu,The Orange,Directed,1,266,Exchange
98,419,Bobby Ngu,El Gran Mojado,Directed,1,266,Exchange
98,66,Bobby Ngu,Rafaela Cortés,Directed,1,267,Exchange
66,98,Rafaela Cortés,Bobby Ngu,Directed,1,267,Exchange
224,145,The Orange,Sol,Directed,1,267,Exchange
66,224,Rafaela Cortés,The Orange,Directed,1,267,Exchange
66,145,Rafaela Cortés,Sol,Directed,1,267,Exchange
98,145,Bobby Ngu,Sol,Directed,1,267,Exchange
98,224,Bobby Ngu,The Orange,Directed,1,267,Exchange
145,98,Sol,Bobby Ngu,Directed,1,267,Exchange
224,66,The Orange,Rafaela Cortés,Directed,1,267,Exchange
98,776,Bobby Ngu,Audience/Crowd (Ch 47),Directed,1,267,Exchange
145,66,Sol,Rafaela Cortés,Directed,1,267,Exchange
145,224,Sol,The Orange,Directed,1,267,Exchange
66,224,Rafaela Cortés,The Orange,Directed,1,268,Exchange
224,145,The Orange,Sol,Directed,1,268,Exchange
145,224,Sol,The Orange,Directed,1,268,Exchange
66,145,Rafaela Cortés,Sol,Directed,1,268,Exchange
98,776,Bobby Ngu,Audience/Crowd (Ch 47),Directed,1,268,Exchange
98,224,Bobby Ngu,The Orange,Directed,1,268,Exchange
145,66,Sol,Rafaela Cortés,Directed,1,268,Exchange
224,66,The Orange,Rafaela Cortés,Directed,1,268,Exchange
