-- MySQL dump 10.13  Distrib 8.0.36, for Linux (x86_64)
--
-- Host: persimmon.hcmc.uvic.ca    Database: narratives_tt
-- ------------------------------------------------------
-- Server version	8.0.36

/*!40101 SET @OLD_CHARACTER_SET_CLIENT=@@CHARACTER_SET_CLIENT */;
/*!40101 SET @OLD_CHARACTER_SET_RESULTS=@@CHARACTER_SET_RESULTS */;
/*!40101 SET @OLD_COLLATION_CONNECTION=@@COLLATION_CONNECTION */;
/*!50503 SET NAMES utf8mb4 */;
/*!40103 SET @OLD_TIME_ZONE=@@TIME_ZONE */;
/*!40103 SET TIME_ZONE='+00:00' */;
/*!40014 SET @OLD_UNIQUE_CHECKS=@@UNIQUE_CHECKS, UNIQUE_CHECKS=0 */;
/*!40014 SET @OLD_FOREIGN_KEY_CHECKS=@@FOREIGN_KEY_CHECKS, FOREIGN_KEY_CHECKS=0 */;
/*!40101 SET @OLD_SQL_MODE=@@SQL_MODE, SQL_MODE='NO_AUTO_VALUE_ON_ZERO' */;
/*!40111 SET @OLD_SQL_NOTES=@@SQL_NOTES, SQL_NOTES=0 */;

--
-- Table structure for table `characters`
--

DROP TABLE IF EXISTS `characters`;
/*!40101 SET @saved_cs_client     = @@character_set_client */;
/*!50503 SET character_set_client = utf8mb4 */;
CREATE TABLE `characters` (
  `character_id` int NOT NULL AUTO_INCREMENT,
  `character_name` varchar(50) CHARACTER SET utf8mb3 COLLATE utf8mb3_unicode_ci NOT NULL,
  PRIMARY KEY (`character_id`)
) ENGINE=InnoDB AUTO_INCREMENT=389 DEFAULT CHARSET=utf8mb3 COLLATE=utf8mb3_unicode_ci;
/*!40101 SET character_set_client = @saved_cs_client */;

--
-- Dumping data for table `characters`
--

LOCK TABLES `characters` WRITE;
/*!40000 ALTER TABLE `characters` DISABLE KEYS */;
INSERT INTO `characters` VALUES (0,'[NULL]'),(66,'Tony Loneman'),(67,'Dene Oxendene'),(68,'Mario'),(69,'Maxine'),(70,'Tony Loneman\'s Mother'),(71,'Karen'),(72,'MF Doom'),(73,'Tony Loneman\'s Father'),(74,'Louise Erdrich'),(75,'\"white boy in the Kangol hat\"'),(76,'Carlos'),(77,'Octavio Gomez'),(78,'Josefina'),(79,'Kid on the bus'),(80,'Bill Davis'),(81,'Calvin Johnson'),(82,'Jacquie Red Feather'),(83,'Orvil Red Feather'),(84,'Big Oakland Powwow'),(85,'Opal Viola Victoria Bear Shield'),(86,'Edwin Black'),(87,'Daniel Gonzales'),(88,'Blue'),(89,'Thomas Frank'),(90,'Kevin Farley'),(91,'Radiohead'),(92,'Lucas'),(93,'Norma'),(94,'Stanley Kubrick'),(95,'Rob'),(96,'Gertrude Stein'),(97,'\"Old white lady\" (grant judge)'),(98,'\"black guy...with a white beard\" (grant judge)'),(99,'\"middle-aged black guy\" (2) (grant judge)'),(100,'\"middle-aged white lady\" (1) (grant judge)'),(101,'\"middle-aged white lady\" (2) (grant judge)'),(102,'\"youngish Hispanic guy\" (grant judge)'),(103,'\"An Indian...woman\" (grant judge)'),(104,'\"An older guy who\'s...Native\" (grant judge)'),(105,'Victoria (Vicky)'),(106,'\"vet on the bus\"'),(107,'Vet on the bus'),(108,'Vida Blue'),(109,'Catfish Hunter'),(110,'Reggie Jackson'),(111,'Charlie Finley'),(112,'Opal Viola Victoria Bear Shield\'s Father'),(113,'Jacquie Red Feather\'s Father'),(114,'Opal the Medicine Woman'),(115,'Two Shoes'),(116,'Alcatraz'),(117,'Person stabbed by Bill Davis'),(118,'Hunter S. Thompson'),(119,'Oscar Zeta Acosta'),(120,'F. Scott Fitzgerald'),(121,'Ernest Hemingway'),(122,'Raymond Carver'),(123,'William Faulkner'),(124,'Ken Kesey'),(126,'Richard Brautigan'),(127,'Jack London'),(128,'Stephen King'),(129,'Elmore Leonard'),(130,'Oakland Athletics'),(131,'San Francisco Giants'),(132,'San Francisco sports teams'),(133,'Oakland Raiders'),(134,'The white men'),(135,'The Indians'),(136,'Person who left IPod on bus'),(137,'\"some homies\"'),(139,'Texas Rangers'),(141,'Old guy on the bus'),(142,'Bus driver'),(143,'Cannabis supplier'),(144,'Sixty-three casualties of Loma Prieta Earthquake'),(145,'Sonny'),(146,'Maggie'),(147,'Charles'),(148,'Calvin Johnson\'s Mom'),(149,'Calvin Johnson\'s Dad'),(151,'Sloth (The Goonies)'),(152,'Florencia'),(154,'Loother Red Feather'),(155,'Lony Red Feather'),(156,'\"old Indian guy in a baseball cap\"'),(157,'Kids in school'),(158,'Men in military uniforms'),(159,'Younger men'),(160,'\"two big old Indian women\"'),(161,'Group of teenagers'),(162,'\"the adults\"'),(163,'Creator'),(164,'\"Pig-brained men\"'),(165,'Columbus'),(166,'Teddy Roosevelt'),(168,'Manny Gonzales'),(169,'\"two hundred or so people\"'),(170,'First speaker'),(171,'A few youth'),(172,'Harold'),(173,'\"Sea of white faces\"'),(174,'Doctors'),(175,'The coroner'),(176,'Sixto'),(177,'Bears'),(178,'Harvey'),(179,'Rocky'),(180,'Rocky\'s Dad'),(182,'U.S Government'),(183,'\"Older men\" (at Alcatraz)'),(184,'Police Officers'),(185,'Ronald'),(186,'Trickster Spider (Veho)'),(187,'\"the white man\"'),(188,'Postgame crew'),(189,'Jamie Red Feather'),(192,'\"two [wearing] baseball caps\"'),(193,'Adriana'),(194,'Adriana\'s brother'),(195,'Abortion resource'),(196,'Edwin Black\'s Fake Self'),(197,'Edwin Black\'s Fake Self\'s girlfriend'),(198,'Edwin Black\'s Fake Self\'s mom'),(199,'Edwin Black\'s Fake Self\'s dad'),(200,'Johnny Depp'),(201,'Homer Simpson'),(202,'Jesus'),(203,'DefeKate Moss'),(204,'Obama'),(207,'Old guy'),(208,'Families'),(209,'Old guy\'s brother'),(212,'God'),(214,'Powwow Dancer on TV'),(215,'A Tribe Called Red'),(216,'The neighbors'),(217,'Woman in the car'),(218,'people from foster care'),(219,'People from group homes'),(220,'Otis Redding'),(221,'Smokey Robinson'),(222,'Lucas\'s sister'),(223,'Indian Head (\'\'test pattern Indian\")'),(224,'Social worker'),(225,'Ronald McDonald'),(226,'tiger-striped pitbull'),(227,'A yelling man'),(228,'Octavio Gomez\'s Father'),(229,'Josefina\'s Father'),(230,'Josefina\'s Mother'),(231,'Josefina\'s love interest'),(232,'Josefina\'s Uncle'),(233,'Junior'),(234,'Octavio Gomez\'s Mother'),(235,'Sylvia'),(236,'Manny & Daniel\'s Dad'),(238,'CPS worker'),(239,'Powwow singers'),(240,'Chance the Rapper'),(241,'Eminem'),(242,'Earl Sweatshirt'),(243,'Beethoven'),(244,'People at the Powwow'),(245,'Security Guard'),(246,'Kids on field trips'),(247,'Rich people'),(248,'Powwow Committee'),(249,'Participants in Dene\'s Film'),(250,'Natives'),(251,'A Bird'),(252,'Octavio Gomez\'s Grandfather'),(253,'Mario Brothers (Nintendo)'),(254,'Badger'),(257,'Manny & Daniel\'s Mother'),(258,'The guys'),(259,'Vunderkode'),(260,'\"some hipster\"'),(261,'\"white boys\"'),(262,'Guy in the bleachers'),(263,'Ancestors'),(264,'Twin brothers'),(265,'Girlfriend of one of the twins'),(267,'Tall Whites'),(268,'Men in the locker room'),(269,'\"huge Indian guy\"'),(270,'Powwow Dancers'),(272,'People on the train'),(273,'Older white woman'),(274,'Paul'),(275,'Paul\'s Dad'),(276,'Blue\'s Adoptive Mom'),(277,'Blue\'s Adoptive Dad'),(278,'Geraldine'),(279,'Geraldine\'s Grandmother'),(280,'Hector'),(281,'\"some crazy white woman\"'),(282,'\"another white woman\"'),(283,'dead woman\'s baby'),(284,'\"those men\" (who kill women)'),(285,'Old woman in the greyhound station'),(286,'Thomas Frank\'s Mother'),(287,'Thomas Frank\'s Grandmother'),(288,'Thomas Frank\'s Father'),(289,'Thomas Frank\'s Sisters'),(290,'Holy Ghost'),(291,'James Hampton'),(292,'Thomas Frank\'s Uncle'),(293,'Bobby Big Medicine'),(294,'Southern Moon (Drum Group)'),(295,'Northern Moon (Drum Group)'),(298,'Thomas Frank\'s Father\'s Grandparents'),(299,'Thomas Frank\'s Father\'s Great Grandmother'),(300,'Evangelicals'),(301,'Jim'),(302,'Bat'),(303,'DeLonna'),(304,'Prayer circle'),(305,'people'),(306,'Darren Aronofsky'),(307,'The Crowd'),(308,'Drum Groups'),(309,'Vendors'),(310,'Phil'),(311,'John'),(312,'A couple of John\'s friends'),(313,'Squatters'),(314,'Hipsters'),(315,'Corporate Tech Nerds'),(317,'Phil\'s Grandfather'),(318,'Record keepers'),(319,'Powwows'),(321,'Phil\'s family'),(322,'Blue\'s friend'),(323,'White people'),(324,'Massasoit'),(325,'Colonizers/colonists'),(326,'ninety of Massasoit\'s men'),(327,'Metacomet/ King Philip'),(328,'Wamsutta'),(329,'Plymouth court'),(330,'Benjamin Church'),(331,'John Alderman'),(332,'Pequot'),(333,'Massachusetts Bay Colony'),(334,'Wampanoag Indians'),(335,'Plymouth colony'),(336,'John Rollin Ridge'),(337,'Joaquin Murieta'),(338,'Texas Rangers (government)'),(339,'Three Fingered Jack'),(340,'Americans'),(341,'Husband (in the Rolling Head story)'),(342,'Wife (in the Rolling Head story)'),(343,'Daughter (in the Rolling Head story)'),(344,'Son (in the Rolling Head story)'),(345,'water monster'),(346,'Rolling Head'),(347,'Mel Gibson'),(348,'Mexicans'),(349,'Kevin Costner'),(350,'John Wayne'),(351,'Indigenous people'),(352,'Iron Eyes Cody'),(353,'Narrator of One Flew over the Cuckoo\'s Nest'),(354,'Colonel John Chivington'),(355,'Storey (Baseball Bat)'),(356,'Drug Dealers'),(357,'Waitress at Denny\'s'),(358,'Sports Announcers'),(361,'\"Person whose lap [Thomas] is in\"'),(362,'\"Someone\" from Vietnam War'),(363,'\"five or six Indians\"'),(364,'Two orderlies'),(365,'Someone with a stretcher'),(366,'Two nurses'),(367,'Optimus Prime'),(368,'Saddam Hussein'),(369,'Muslims'),(370,'Young people'),(371,'Old people'),(372,'Forefathers'),(373,'People drowning'),(374,'People on board'),(375,'Someone on the yacht'),(376,'Someone\'s father'),(377,'Someone else on the yacht'),(378,'Hired thugs'),(379,'Children'),(381,'Watchers'),(382,'Victims'),(383,'Shooters'),(385,'\"unknown artist\"'),(386,'\"men behind the bus\"'),(387,'Edwin\'s 660 Facebook Friends');
/*!40000 ALTER TABLE `characters` ENABLE KEYS */;
UNLOCK TABLES;

--
-- Table structure for table `containerLevels`
--

DROP TABLE IF EXISTS `containerLevels`;
/*!40101 SET @saved_cs_client     = @@character_set_client */;
/*!50503 SET character_set_client = utf8mb4 */;
CREATE TABLE `containerLevels` (
  `containerLevel_id` int NOT NULL AUTO_INCREMENT,
  `containerLevel_term` varchar(100) CHARACTER SET utf8mb3 COLLATE utf8mb3_unicode_ci NOT NULL,
  PRIMARY KEY (`containerLevel_id`)
) ENGINE=InnoDB AUTO_INCREMENT=5 DEFAULT CHARSET=utf8mb3 COLLATE=utf8mb3_unicode_ci;
/*!40101 SET character_set_client = @saved_cs_client */;

--
-- Dumping data for table `containerLevels`
--

LOCK TABLES `containerLevels` WRITE;
/*!40000 ALTER TABLE `containerLevels` DISABLE KEYS */;
INSERT INTO `containerLevels` VALUES (0,'level 1 (section)'),(1,'level 2 (sub-section)'),(2,'level 3 (sub-sub-section)'),(3,'level 4 (sub-sub-sub-section)'),(4,'level 5 (sub-sub-sub-sub-section)');
/*!40000 ALTER TABLE `containerLevels` ENABLE KEYS */;
UNLOCK TABLES;

--
-- Table structure for table `embeddedContainerTypes`
--

DROP TABLE IF EXISTS `embeddedContainerTypes`;
/*!40101 SET @saved_cs_client     = @@character_set_client */;
/*!50503 SET character_set_client = utf8mb4 */;
CREATE TABLE `embeddedContainerTypes` (
  `embeddedContainerType_id` int NOT NULL AUTO_INCREMENT,
  `embeddedContainerType_term` varchar(50) CHARACTER SET utf8mb3 COLLATE utf8mb3_unicode_ci NOT NULL,
  PRIMARY KEY (`embeddedContainerType_id`)
) ENGINE=InnoDB AUTO_INCREMENT=9 DEFAULT CHARSET=utf8mb3 COLLATE=utf8mb3_unicode_ci;
/*!40101 SET character_set_client = @saved_cs_client */;

--
-- Dumping data for table `embeddedContainerTypes`
--

LOCK TABLES `embeddedContainerTypes` WRITE;
/*!40000 ALTER TABLE `embeddedContainerTypes` DISABLE KEYS */;
INSERT INTO `embeddedContainerTypes` VALUES (0,'[NULL]'),(1,'Diary'),(2,'Letter'),(3,'Novel'),(4,'Oral Story'),(5,'Poem'),(6,'Play'),(7,'Short story'),(8,'Creative non-fiction');
/*!40000 ALTER TABLE `embeddedContainerTypes` ENABLE KEYS */;
UNLOCK TABLES;

--
-- Table structure for table `isReciprocals`
--

DROP TABLE IF EXISTS `isReciprocals`;
/*!40101 SET @saved_cs_client     = @@character_set_client */;
/*!50503 SET character_set_client = utf8mb4 */;
CREATE TABLE `isReciprocals` (
  `isReciprocal_id` int NOT NULL AUTO_INCREMENT,
  `isReciprocal_text` varchar(32) CHARACTER SET utf8mb3 COLLATE utf8mb3_unicode_ci NOT NULL,
  PRIMARY KEY (`isReciprocal_id`)
) ENGINE=InnoDB AUTO_INCREMENT=2 DEFAULT CHARSET=utf8mb3 COLLATE=utf8mb3_unicode_ci;
/*!40101 SET character_set_client = @saved_cs_client */;

--
-- Dumping data for table `isReciprocals`
--

LOCK TABLES `isReciprocals` WRITE;
/*!40000 ALTER TABLE `isReciprocals` DISABLE KEYS */;
INSERT INTO `isReciprocals` VALUES (0,'FALSE isReciprocal'),(1,'TRUE isReciprocal');
/*!40000 ALTER TABLE `isReciprocals` ENABLE KEYS */;
UNLOCK TABLES;

--
-- Table structure for table `menExs`
--

DROP TABLE IF EXISTS `menExs`;
/*!40101 SET @saved_cs_client     = @@character_set_client */;
/*!50503 SET character_set_client = utf8mb4 */;
CREATE TABLE `menExs` (
  `menEx_id` int NOT NULL AUTO_INCREMENT,
  `menEx_menOrEx_id_fk` int DEFAULT NULL,
  `menEx_character1_id_fk` int NOT NULL,
  `menEx_character2_id_fk` int NOT NULL,
  `menEx_narrContainer_id_fk` int NOT NULL,
  `menEx_isReciprocal_id_fk` int NOT NULL,
  `menEx_startPage` int NOT NULL,
  `menEx_endPage` int DEFAULT NULL,
  PRIMARY KEY (`menEx_id`),
  KEY `menEx_narrContainer_id_fk` (`menEx_narrContainer_id_fk`),
  KEY `menEx_menOrEx_id_fk` (`menEx_menOrEx_id_fk`),
  KEY `menEx_character1_id_fk` (`menEx_character1_id_fk`),
  KEY `menEx_character2_id_fk` (`menEx_character2_id_fk`),
  KEY `menEx_isReciprocal_id_fk` (`menEx_isReciprocal_id_fk`),
  KEY `menEx_startPage_fk` (`menEx_startPage`),
  KEY `menEx_endPage_fk` (`menEx_endPage`),
  CONSTRAINT `menExs_ibfk_1` FOREIGN KEY (`menEx_menOrEx_id_fk`) REFERENCES `menOrExs` (`menOrEx_id`) ON DELETE RESTRICT ON UPDATE CASCADE,
  CONSTRAINT `menExs_ibfk_2` FOREIGN KEY (`menEx_character1_id_fk`) REFERENCES `characters` (`character_id`) ON DELETE RESTRICT ON UPDATE CASCADE,
  CONSTRAINT `menExs_ibfk_3` FOREIGN KEY (`menEx_character2_id_fk`) REFERENCES `characters` (`character_id`) ON DELETE RESTRICT ON UPDATE CASCADE,
  CONSTRAINT `menExs_ibfk_4` FOREIGN KEY (`menEx_isReciprocal_id_fk`) REFERENCES `isReciprocals` (`isReciprocal_id`) ON DELETE RESTRICT ON UPDATE CASCADE,
  CONSTRAINT `menExs_ibfk_5` FOREIGN KEY (`menEx_narrContainer_id_fk`) REFERENCES `narrContainers` (`narrContainer_id`) ON DELETE RESTRICT ON UPDATE CASCADE
) ENGINE=InnoDB AUTO_INCREMENT=1707 DEFAULT CHARSET=utf8mb3 COLLATE=utf8mb3_unicode_ci;
/*!40101 SET character_set_client = @saved_cs_client */;

--
-- Dumping data for table `menExs`
--

LOCK TABLES `menExs` WRITE;
/*!40000 ALTER TABLE `menExs` DISABLE KEYS */;
INSERT INTO `menExs` VALUES (186,2,66,68,82,1,15,15),(187,2,66,69,82,1,15,15),(188,0,66,70,82,1,15,16),(189,2,66,71,82,1,17,17),(190,0,66,68,82,1,17,17),(191,2,66,69,82,1,17,18),(192,1,66,72,82,0,18,18),(193,2,66,70,82,1,19,19),(194,1,66,73,82,0,19,19),(195,2,66,69,82,1,19,19),(196,2,66,69,82,1,20,21),(197,1,66,74,83,0,20,20),(198,1,69,74,82,0,20,21),(200,2,66,75,82,1,21,21),(201,2,66,76,82,1,21,21),(202,0,66,77,82,1,21,22),(203,2,66,77,82,1,22,22),(204,0,77,78,82,1,22,22),(205,1,66,78,82,0,22,22),(206,0,66,69,82,1,22,22),(207,2,66,77,82,1,23,26),(208,0,66,69,82,1,23,23),(209,0,66,69,82,1,24,24),(210,0,67,79,83,1,28,28),(211,1,77,84,82,0,24,24),(212,1,66,84,82,0,24,24),(213,1,77,84,82,0,25,26),(214,1,66,84,82,0,25,26),(215,0,67,90,83,1,29,29),(216,1,67,91,83,0,29,29),(217,0,67,92,83,1,29,30),(218,2,67,93,83,1,30,31),(219,2,93,92,83,1,30,31),(220,2,67,92,83,1,30,33),(221,1,92,94,83,0,31,31),(222,0,92,85,83,1,32,32),(223,1,67,85,83,0,32,32),(224,0,92,93,83,1,32,32),(225,0,67,93,83,1,33,33),(226,2,67,93,83,1,34,36),(227,2,67,92,83,1,36,37),(228,2,67,95,83,1,37,39),(229,1,95,96,83,0,38,38),(230,1,67,96,83,0,38,39),(231,2,67,102,83,1,39,41),(232,2,67,97,83,1,39,41),(233,2,67,101,83,1,39,41),(234,2,67,100,83,1,39,41),(235,2,67,99,83,1,39,41),(236,2,67,98,83,1,39,41),(237,2,67,104,83,1,39,41),(238,2,67,103,83,1,39,41),(239,2,104,67,83,1,40,40),(240,2,98,67,83,1,41,42),(241,2,97,67,83,1,42,42),(242,2,67,93,83,1,43,43),(243,0,67,92,83,1,43,44),(244,0,93,92,83,1,43,44),(245,0,85,82,100,1,45,45),(246,2,105,85,100,1,45,46),(247,2,105,82,100,1,45,46),(249,0,80,71,84,1,82,82),(250,0,80,86,84,1,82,84),(251,2,80,71,84,1,83,84),(252,1,80,107,84,0,84,84),(253,1,80,108,84,0,85,85),(254,1,80,109,84,0,85,85),(255,1,80,110,84,0,85,85),(256,1,80,111,84,0,85,85),(257,1,85,112,100,0,46,46),(258,1,85,113,100,0,46,46),(259,2,85,105,100,1,46,46),(260,1,85,114,100,0,46,46),(261,0,85,115,100,1,46,47),(262,2,85,105,100,1,47,47),(263,2,82,105,100,1,47,47),(264,2,85,105,100,1,48,48),(265,1,105,116,100,0,48,48),(266,1,85,116,100,0,48,48),(267,2,85,82,100,1,49,49),(268,2,105,85,100,1,49,49),(269,2,105,82,100,1,49,49),(270,2,80,117,84,1,85,85),(271,1,80,118,84,0,85,85),(272,1,80,119,84,0,85,85),(273,1,80,120,84,0,85,85),(274,1,80,121,84,0,85,85),(275,1,80,122,84,0,85,85),(276,1,80,123,84,0,85,85),(277,1,80,124,84,0,85,85),(279,1,80,126,84,0,85,85),(280,1,80,127,84,0,86,86),(281,1,80,128,84,0,86,86),(282,1,80,129,84,0,86,86),(283,1,80,130,84,0,84,86),(284,1,80,132,84,0,85,85),(285,1,80,133,84,0,85,85),(286,2,130,131,84,1,86,86),(287,1,66,134,82,0,18,18),(288,1,69,134,82,0,18,18),(289,2,135,134,82,1,18,18),(290,2,66,137,82,1,20,20),(291,2,66,261,82,1,21,22),(292,1,66,139,82,0,24,24),(293,1,69,139,82,0,24,24),(294,1,66,130,82,0,24,24),(295,1,69,130,82,0,24,24),(296,1,67,103,83,0,28,28),(297,1,67,104,83,0,28,28),(298,1,67,98,83,0,28,28),(299,1,67,99,83,0,28,28),(300,1,67,100,83,0,28,28),(301,1,67,101,83,1,28,28),(302,1,67,97,83,0,28,28),(303,1,67,102,83,0,28,28),(304,0,67,141,83,0,29,29),(305,0,67,142,83,1,30,30),(307,1,67,103,83,0,33,33),(308,1,67,104,83,0,33,33),(309,1,67,98,83,0,33,33),(310,1,67,99,83,0,33,33),(311,1,67,100,83,0,33,33),(312,1,67,101,83,0,33,33),(313,1,67,97,83,0,33,33),(314,1,67,102,83,0,33,33),(315,0,67,92,83,1,34,34),(316,0,69,92,83,1,34,34),(317,0,67,143,83,1,35,35),(318,0,67,93,83,1,37,37),(319,0,92,93,83,1,37,37),(320,1,103,92,83,0,40,40),(321,1,104,92,83,0,40,40),(322,1,98,92,83,0,40,40),(323,1,99,92,83,0,40,40),(324,1,100,92,83,0,40,40),(325,1,101,92,83,0,40,40),(326,1,97,92,83,0,40,40),(327,1,102,92,83,0,40,40),(328,1,105,134,100,0,46,46),(329,1,85,134,100,0,46,46),(330,1,80,144,84,0,86,86),(331,2,81,145,85,1,88,89),(332,2,81,146,85,1,88,89),(333,2,81,76,85,1,89,97),(334,2,81,147,85,1,89,97),(335,2,146,76,85,1,89,89),(336,0,146,147,85,1,88,88),(337,2,146,147,85,1,89,89),(338,2,145,76,85,1,89,89),(339,2,145,147,85,1,89,89),(340,0,81,149,85,1,88,88),(341,0,81,148,85,1,88,89),(342,0,146,149,85,1,88,88),(343,0,146,148,85,1,88,89),(344,0,147,146,85,1,90,90),(345,0,147,77,85,1,90,92),(346,0,76,77,85,1,90,92),(347,0,81,77,85,1,90,92),(348,0,81,148,85,1,91,91),(349,0,147,148,85,1,91,91),(350,1,76,148,85,0,91,91),(351,2,81,77,85,1,93,97),(352,2,76,77,85,1,93,97),(353,2,147,77,85,1,93,97),(354,0,81,84,85,0,95,96),(355,0,77,84,85,0,95,96),(356,0,76,84,85,0,95,96),(360,1,81,151,85,0,96,96),(361,2,82,152,86,1,98,99),(362,0,105,85,86,1,99,99),(363,0,82,85,86,1,99,100),(364,0,82,112,93,1,99,99),(365,0,82,113,86,1,99,99),(366,0,105,113,86,1,99,99),(367,0,105,112,86,1,99,99),(368,0,85,112,86,1,99,99),(369,2,82,85,86,1,100,101),(370,1,82,83,86,0,100,101),(371,1,82,155,86,0,100,100),(372,0,82,105,86,1,99,101),(373,0,85,105,86,1,99,100),(374,1,82,154,86,0,100,100),(375,2,85,157,100,1,46,46),(376,0,85,158,100,1,49,49),(377,0,105,158,100,1,49,49),(378,0,158,116,100,0,49,49),(379,1,85,159,100,1,49,49),(380,0,159,116,100,1,49,49),(381,1,85,160,100,1,49,49),(382,2,105,160,100,1,49,49),(383,0,160,116,100,1,49,49),(384,1,85,161,100,1,50,50),(385,0,161,116,100,1,50,50),(386,2,82,161,100,1,50,50),(387,0,85,162,100,1,50,50),(388,0,162,116,100,1,50,50),(389,2,85,105,100,1,50,50),(390,2,85,115,100,1,50,52),(391,0,85,161,100,1,50,50),(392,0,85,82,100,1,50,50),(393,0,115,116,100,1,50,51),(394,0,115,163,100,1,51,51),(395,0,85,163,100,1,51,51),(396,1,85,325,100,0,51,51),(397,1,115,325,100,0,51,51),(398,1,85,165,100,0,51,51),(399,1,115,165,100,0,51,51),(400,1,85,166,100,0,51,51),(401,1,115,166,100,0,51,51),(402,1,80,353,84,0,85,85),(403,0,77,87,85,1,95,95),(404,0,77,168,85,1,95,95),(405,0,168,87,85,1,95,95),(406,0,147,168,85,1,95,95),(407,0,147,87,85,1,95,95),(408,0,76,87,85,1,95,95),(409,0,76,168,85,1,95,95),(410,1,82,169,86,1,103,105),(411,2,170,82,86,0,103,105),(412,0,170,171,86,1,103,104),(413,1,82,171,86,0,103,104),(414,2,170,169,86,0,103,105),(415,1,169,171,86,0,103,104),(416,0,170,172,86,1,104,104),(417,1,169,172,86,0,104,104),(418,1,82,172,86,0,104,104),(420,1,170,173,86,1,103,103),(421,1,82,173,86,0,103,103),(422,1,169,173,86,0,103,103),(423,0,82,174,86,1,105,105),(424,0,82,175,86,1,105,105),(425,2,105,85,86,1,106,106),(426,2,105,82,86,1,106,106),(427,1,82,83,86,0,106,107),(428,1,82,155,86,0,106,107),(429,1,82,154,86,0,106,107),(430,0,71,86,84,1,82,83),(431,2,147,76,85,1,89,97),(432,0,77,176,85,1,94,94),(433,1,147,176,85,0,94,94),(434,1,76,176,85,0,94,94),(435,2,76,66,85,1,96,96),(436,2,81,66,85,1,96,96),(437,2,147,66,85,1,96,96),(438,2,82,85,86,1,106,107),(439,2,166,177,100,1,51,51),(440,1,115,177,100,0,51,51),(441,2,165,135,100,1,51,51),(442,0,115,135,100,0,51,51),(443,0,85,135,100,1,50,51),(444,0,85,105,100,1,52,52),(445,0,115,105,100,1,52,52),(446,1,115,166,100,0,52,52),(447,1,85,166,100,0,52,52),(448,0,115,177,100,0,52,52),(449,1,85,177,100,0,52,52),(450,0,166,177,100,1,52,52),(451,2,85,82,100,1,52,53),(452,2,82,178,100,1,52,52),(453,1,85,178,100,0,52,52),(454,2,85,179,100,1,53,54),(455,0,179,116,100,0,53,53),(456,0,179,180,100,1,53,53),(457,0,179,178,100,1,53,53),(458,1,85,180,100,0,53,53),(459,1,85,178,100,0,53,53),(460,1,180,116,100,0,53,53),(461,1,178,116,100,0,53,53),(462,1,179,182,100,0,53,53),(463,1,180,182,100,0,53,53),(464,1,85,182,100,0,53,53),(465,2,179,161,100,1,53,53),(466,0,85,161,100,1,53,53),(467,2,85,82,100,1,54,54),(468,0,179,161,100,1,54,55),(469,0,85,161,100,1,54,55),(470,1,85,184,100,0,54,54),(471,2,161,183,100,1,54,55),(472,2,85,183,100,1,54,55),(473,2,82,178,100,1,55,55),(474,2,85,179,100,1,55,55),(475,2,82,85,100,1,56,56),(476,2,82,178,100,1,56,56),(477,0,85,178,100,1,56,56),(478,0,85,105,100,1,56,56),(479,0,82,105,100,1,56,56),(480,2,85,105,100,1,57,58),(481,2,105,82,100,1,57,57),(482,1,85,182,100,0,57,58),(483,1,105,182,100,0,57,58),(484,0,85,115,100,1,58,58),(485,0,185,105,100,1,58,59),(486,0,185,85,100,1,58,59),(487,0,185,82,100,1,58,59),(488,1,185,174,100,0,59,59),(489,0,105,174,100,1,59,59),(490,1,112,174,100,0,59,59),(491,1,82,174,100,0,59,59),(492,1,85,116,100,0,59,59),(493,2,85,82,100,1,59,60),(494,0,85,105,100,1,59,59),(495,0,105,186,86,1,106,106),(496,1,82,186,86,0,106,106),(497,1,85,186,86,0,106,106),(498,0,80,188,84,1,81,81),(499,2,86,106,84,1,84,84),(500,1,80,106,84,1,84,84),(501,1,71,106,84,1,83,83),(502,0,147,149,85,1,88,88),(503,0,147,148,85,1,88,88),(504,0,147,145,85,1,90,90),(505,0,76,145,85,1,90,90),(506,0,83,155,86,1,107,107),(507,0,83,154,86,1,107,107),(508,0,154,155,86,1,107,107),(509,0,85,83,86,1,106,107),(510,0,85,155,86,1,106,107),(511,0,85,154,86,1,106,107),(512,0,82,189,86,1,105,107),(513,0,82,105,86,1,107,107),(514,0,85,105,86,1,107,107),(516,2,82,178,93,1,108,115),(517,2,82,85,86,1,108,109),(518,2,82,192,86,1,108,113),(519,2,178,192,86,1,108,113),(520,0,82,116,86,0,108,110),(521,0,85,116,86,0,108,108),(522,0,178,116,86,0,108,110),(523,0,85,83,86,1,109,109),(524,0,85,155,86,1,109,109),(525,0,85,154,86,1,109,109),(526,0,85,178,86,1,108,109),(527,1,82,83,86,0,109,109),(528,1,82,155,86,0,109,109),(529,1,82,154,86,0,109,109),(530,1,192,116,86,0,110,110),(531,0,82,105,100,1,59,59),(532,0,82,178,100,1,60,60),(533,0,85,178,100,1,60,60),(534,0,82,193,100,1,60,60),(535,0,82,194,100,1,60,60),(536,1,85,193,100,1,60,60),(537,1,85,194,100,0,60,60),(538,0,193,194,100,1,60,60),(539,1,193,195,100,0,60,60),(540,1,82,195,100,0,60,60),(541,1,85,195,100,0,60,60),(542,0,194,195,100,1,60,60),(543,0,82,185,100,1,60,60),(544,0,85,185,100,1,60,60),(545,0,85,105,100,0,60,60),(546,0,82,105,100,0,60,60),(547,0,86,196,101,0,63,63),(548,0,86,197,101,0,63,63),(549,0,86,198,101,0,63,63),(550,0,86,199,101,0,63,63),(551,0,196,197,101,1,63,63),(552,0,196,198,101,1,63,63),(553,0,196,199,101,1,63,63),(554,0,86,71,101,1,64,64),(555,0,86,80,101,1,64,64),(556,0,71,80,101,1,64,64),(557,1,86,200,101,0,64,64),(558,0,86,201,101,0,65,65),(559,0,86,202,101,0,65,65),(560,0,86,80,101,1,66,66),(561,0,86,71,101,1,66,66),(562,0,86,71,101,1,66,66),(563,1,86,203,101,0,66,66),(564,2,71,86,101,1,67,67),(565,0,86,71,101,1,68,68),(566,1,86,178,101,0,69,69),(567,0,86,71,101,1,69,69),(568,2,86,178,101,1,69,71),(569,0,178,71,101,1,69,70),(570,1,86,204,101,0,72,72),(571,0,82,105,86,1,110,110),(572,0,178,105,86,1,110,110),(573,1,192,105,86,0,110,110),(574,0,82,185,86,1,110,110),(575,0,85,185,86,1,110,110),(576,1,192,185,86,0,110,110),(577,1,178,185,86,0,110,110),(578,1,82,88,86,0,110,110),(579,1,192,88,86,0,110,110),(580,1,178,88,86,0,110,110),(581,0,82,189,86,1,110,110),(582,1,178,189,86,0,110,110),(583,1,192,189,86,0,110,110),(584,1,82,155,86,0,110,110),(585,1,82,154,86,0,110,110),(586,1,82,83,86,0,110,110),(587,0,189,155,86,1,110,110),(588,0,189,154,86,1,110,110),(589,0,189,83,86,1,110,110),(590,1,192,155,86,0,110,110),(591,1,178,155,86,0,110,110),(592,1,178,154,86,1,110,110),(593,1,178,83,86,0,110,110),(594,2,82,178,86,1,108,115),(595,2,82,207,86,1,108,113),(596,2,178,207,86,1,108,113),(597,0,207,208,86,1,111,111),(598,1,192,208,86,0,111,111),(599,1,178,208,86,0,111,111),(600,1,82,208,86,0,111,111),(601,0,207,209,86,1,111,111),(606,1,178,209,86,0,111,111),(607,1,192,209,86,0,111,111),(608,1,82,209,86,0,111,111),(609,0,82,116,86,0,111,112),(610,0,178,116,86,0,111,112),(611,0,82,179,86,1,111,112),(612,2,178,179,86,1,111,112),(613,0,105,178,86,1,111,112),(614,0,105,179,86,1,111,112),(616,2,180,179,86,1,112,112),(617,2,180,178,86,1,112,112),(618,0,82,180,86,1,112,112),(620,0,105,116,86,0,111,112),(621,0,179,116,86,0,111,112),(622,0,180,116,86,0,111,112),(623,1,207,116,86,0,110,110),(627,1,178,84,86,0,113,114),(628,1,82,84,86,0,113,114),(629,1,82,116,86,0,113,113),(630,1,178,116,86,0,113,113),(631,0,178,86,86,1,113,113),(632,1,82,86,86,0,113,113),(633,1,178,88,86,0,113,114),(634,1,207,88,86,0,110,110),(635,1,207,189,86,0,110,110),(636,1,82,88,86,0,113,114),(637,1,178,155,86,0,114,114),(638,1,178,154,86,0,114,114),(639,1,178,83,86,0,114,114),(640,1,82,155,86,0,114,114),(641,1,82,154,86,0,114,114),(642,1,82,83,86,0,114,114),(643,1,82,155,86,0,117,117),(644,1,82,154,86,0,117,117),(645,1,82,83,86,0,117,117),(646,0,85,154,86,1,117,117),(647,0,85,155,86,1,117,117),(648,0,85,83,86,1,117,117),(649,2,82,85,86,1,117,117),(650,2,83,85,87,1,118,120),(651,0,155,85,87,1,118,119),(652,0,154,85,87,1,118,119),(653,0,85,82,87,1,120,120),(654,1,83,82,87,0,120,120),(655,1,155,82,87,0,120,120),(656,1,154,82,87,0,120,120),(657,0,82,189,87,1,120,120),(658,0,83,189,87,1,120,120),(659,0,155,189,87,1,120,120),(660,0,154,189,87,1,120,120),(661,0,85,189,87,1,120,120),(662,0,155,157,87,1,120,120),(663,1,85,157,87,0,120,120),(664,1,83,157,87,0,120,120),(665,1,154,157,87,0,120,120),(666,2,154,85,87,1,120,120),(667,2,155,85,87,1,120,120),(668,0,83,85,87,1,121,121),(669,2,83,214,87,0,121,121),(670,0,83,155,87,1,122,124),(671,0,83,154,87,1,122,124),(672,2,154,155,87,1,122,122),(673,2,83,67,87,1,122,124),(674,1,67,154,87,0,123,124),(675,1,67,155,87,0,123,124),(676,0,93,92,83,1,34,37),(677,2,86,71,101,1,72,77),(678,0,71,80,101,1,72,73),(679,0,86,80,101,1,72,73),(680,0,71,80,101,1,75,75),(681,0,86,80,101,1,75,75),(682,1,71,84,101,0,76,76),(683,1,86,84,101,0,76,76),(684,1,86,215,101,0,77,77),(686,0,85,154,102,1,159,160),(687,0,85,155,102,1,159,160),(688,2,85,83,102,1,159,160),(689,0,85,216,102,1,161,161),(690,2,85,217,102,1,161,161),(691,0,85,185,102,1,161,161),(692,0,85,105,102,0,161,161),(693,1,85,218,102,0,161,161),(694,1,85,219,102,0,161,161),(695,1,85,220,102,0,162,162),(696,1,85,221,102,0,162,162),(697,2,85,83,102,1,162,163),(698,0,85,105,102,1,163,163),(699,2,85,92,102,1,163,164),(700,0,92,222,102,1,164,164),(701,1,85,222,102,1,164,164),(702,2,85,155,102,1,164,165),(703,2,85,83,102,1,164,165),(704,2,85,154,102,1,164,165),(705,2,83,155,102,1,164,165),(706,2,154,155,102,1,164,165),(707,2,83,154,102,1,164,165),(708,1,85,105,102,0,165,165),(709,2,85,82,102,1,165,166),(710,0,85,185,102,1,165,165),(711,0,82,185,102,1,165,165),(712,2,85,185,102,1,166,167),(713,2,82,185,102,1,166,167),(714,2,85,82,102,1,166,167),(715,1,85,105,102,0,166,166),(716,1,82,105,102,0,166,166),(717,0,85,115,102,0,166,166),(718,2,223,85,102,1,167,167),(719,2,223,82,102,1,167,167),(720,1,85,105,102,0,167,167),(721,1,82,105,102,0,167,167),(722,2,224,85,102,1,167,167),(723,2,224,82,102,1,167,167),(724,2,85,92,102,1,167,170),(725,1,92,225,102,0,168,168),(726,1,85,225,102,0,168,168),(727,1,92,185,102,0,169,170),(728,0,85,185,102,0,160,170),(729,2,85,226,102,1,170,170),(730,2,227,226,102,1,170,170),(731,1,85,227,102,0,170,170),(732,2,77,78,103,1,171,173),(733,0,77,228,103,1,171,172),(734,0,78,228,103,1,171,172),(735,0,78,176,103,1,172,172),(736,0,77,176,103,1,172,172),(737,2,78,229,103,1,172,173),(738,1,77,229,103,0,172,173),(739,2,78,230,103,1,172,173),(740,1,77,230,103,0,172,173),(741,2,229,230,103,1,172,173),(742,0,78,231,103,1,172,173),(743,1,229,231,103,0,172,172),(744,1,230,231,103,0,172,172),(745,1,77,231,103,0,172,172),(746,0,78,232,103,1,173,173),(747,1,77,232,103,0,173,173),(748,0,77,228,103,1,174,174),(749,0,77,233,103,1,174,175),(750,0,77,176,103,1,174,176),(751,0,77,234,103,1,174,175),(752,0,233,176,103,1,174,175),(753,0,233,228,103,1,174,174),(754,0,176,228,103,1,174,174),(755,0,234,233,103,1,174,175),(756,0,234,176,103,1,174,175),(757,2,77,78,103,1,175,175),(758,0,78,168,103,1,175,175),(759,0,78,87,103,1,175,175),(760,2,235,78,103,1,175,175),(761,0,77,235,103,1,175,176),(762,2,77,168,103,1,175,178),(763,2,77,87,103,1,175,178),(764,0,77,236,103,1,175,176),(765,0,168,236,103,1,175,175),(766,0,87,236,103,1,175,175),(767,0,78,234,103,1,175,175),(768,2,236,235,103,1,176,176),(769,2,168,236,103,1,176,176),(770,0,87,235,103,1,176,176),(771,2,83,155,87,1,120,120),(772,2,83,154,87,1,120,120),(773,2,154,155,86,1,120,120),(774,2,154,155,87,1,122,122),(775,0,154,155,87,1,118,119),(776,0,154,155,87,1,123,124),(777,0,83,155,87,1,118,119),(778,0,83,154,87,1,118,119),(779,1,67,189,87,0,122,124),(780,0,83,189,87,1,122,124),(781,0,154,189,87,1,122,124),(782,0,155,189,87,1,122,124),(783,2,83,184,87,1,124,124),(784,2,155,184,87,1,124,124),(785,2,154,184,87,1,124,124),(786,1,184,189,87,0,124,124),(787,2,238,184,87,1,124,124),(788,1,67,184,87,0,124,124),(789,2,83,238,87,1,124,124),(790,2,155,238,87,1,124,124),(791,2,154,238,87,1,124,124),(792,1,67,238,87,0,124,124),(793,1,238,189,87,0,124,124),(794,2,184,85,87,1,124,124),(795,2,238,85,87,1,124,124),(796,1,67,112,87,0,123,124),(797,0,83,85,87,1,123,124),(798,0,155,85,87,1,123,124),(799,0,154,85,87,1,123,124),(800,1,67,85,87,0,123,124),(801,2,83,155,87,1,126,133),(802,2,83,154,87,1,125,133),(803,2,154,155,87,1,126,133),(804,2,83,186,87,1,125,125),(807,0,83,85,87,1,126,126),(808,0,155,85,87,1,125,125),(809,2,83,239,87,0,126,126),(810,1,154,240,87,0,126,126),(811,1,154,241,87,0,126,126),(812,1,154,242,87,0,126,126),(813,1,83,240,87,0,126,126),(814,1,83,241,87,0,126,126),(815,1,83,242,87,0,126,126),(816,1,155,240,87,0,126,126),(817,1,155,241,87,0,126,126),(818,1,155,242,87,0,126,126),(819,1,83,243,87,0,127,127),(820,1,155,243,87,0,127,127),(821,1,154,243,87,0,127,127),(824,1,155,186,87,0,127,129),(825,1,154,186,87,0,125,125),(826,0,83,186,87,1,127,129),(827,1,154,186,87,0,127,129),(828,2,83,85,87,0,128,128),(829,1,83,84,87,0,128,130),(830,1,155,84,87,0,128,130),(831,1,154,84,87,0,128,130),(832,0,155,85,87,1,128,129),(833,0,154,85,87,1,128,129),(834,0,83,85,87,1,129,129),(835,1,83,130,87,0,130,130),(836,1,83,133,87,0,130,130),(837,0,83,85,87,1,131,133),(838,0,155,85,87,1,131,133),(839,0,154,85,87,1,131,133),(840,1,83,244,87,1,131,132),(841,1,155,244,87,1,131,132),(842,1,154,244,87,1,131,132),(843,1,83,130,87,0,132,132),(844,2,155,245,87,1,133,133),(845,2,83,245,87,1,133,133),(846,2,154,245,87,1,133,133),(847,1,83,246,87,0,133,133),(848,1,155,246,87,0,133,133),(849,1,154,246,87,0,133,133),(850,1,83,247,87,0,133,133),(851,1,154,247,87,0,133,133),(852,1,155,247,87,0,133,133),(853,2,66,245,95,1,142,142),(854,1,66,84,95,0,142,143),(855,1,81,84,96,0,144,146),(856,1,86,84,96,0,144,146),(857,1,88,84,96,0,144,146),(858,1,89,84,96,0,145,145),(859,2,81,86,96,1,144,146),(860,2,81,88,96,1,144,146),(861,2,86,88,96,1,144,146),(862,0,88,146,96,1,145,145),(863,0,81,146,96,1,145,145),(864,1,81,133,96,0,145,145),(865,1,88,133,96,0,145,145),(866,0,81,248,96,1,144,146),(867,0,88,248,96,1,144,144),(868,0,86,248,96,1,144,144),(869,2,81,89,96,1,145,145),(870,2,86,89,96,1,145,145),(871,2,88,89,96,1,145,145),(872,0,89,248,96,1,145,145),(873,2,86,248,96,0,145,146),(874,2,88,248,96,0,145,146),(875,0,86,178,96,1,146,146),(876,1,88,178,96,0,146,146),(877,1,81,178,96,0,146,146),(878,1,248,178,96,0,146,146),(879,2,67,248,96,0,146,146),(880,2,67,88,96,1,146,146),(881,0,81,67,96,1,146,146),(882,2,86,67,96,1,146,146),(883,0,67,88,97,1,147,147),(884,2,67,81,97,1,147,150),(885,0,81,88,97,1,147,147),(886,0,81,149,97,1,148,148),(887,0,81,148,97,1,148,148),(888,1,67,149,97,0,148,148),(889,1,67,148,97,0,148,148),(890,0,81,250,97,1,148,149),(891,0,67,250,97,1,148,149),(892,0,67,249,97,1,149,149),(893,0,81,249,97,0,149,149),(894,0,81,146,97,1,149,149),(895,0,146,88,97,1,149,149),(896,0,67,88,97,1,149,149),(897,1,67,146,97,0,149,149),(898,0,67,93,97,1,149,150),(900,2,168,236,103,1,177,177),(901,2,235,236,103,1,177,177),(902,0,77,235,103,1,177,177),(903,0,168,235,103,1,177,177),(904,0,77,168,103,1,177,177),(906,2,77,236,103,1,177,177),(907,2,235,77,103,1,178,178),(908,0,235,78,103,1,178,178),(909,2,77,87,103,1,178,178),(910,2,77,78,103,1,178,179),(911,0,78,176,103,1,178,179),(912,0,77,176,103,1,178,179),(913,0,77,233,103,1,178,180),(914,0,77,234,103,1,178,180),(915,0,176,233,103,1,178,178),(916,0,176,234,103,1,178,178),(917,1,77,184,103,0,178,178),(918,1,78,184,103,0,178,178),(919,2,176,184,103,1,178,179),(920,2,77,228,103,1,179,180),(921,2,77,251,103,1,180,180),(922,2,77,176,103,1,180,183),(923,0,176,228,103,1,181,181),(924,0,77,228,103,1,180,180),(925,2,176,78,103,1,181,181),(926,2,228,78,103,1,181,181),(927,0,77,78,103,1,181,181),(928,0,176,252,103,1,181,181),(929,1,77,252,103,1,181,181),(930,0,77,234,103,0,182,182),(931,0,77,233,103,0,182,182),(932,2,77,78,103,1,183,186),(933,1,77,253,103,0,183,183),(934,2,78,254,103,1,183,185),(935,2,77,254,103,1,183,185),(943,0,77,176,103,1,185,186),(944,0,78,176,103,1,185,186),(945,0,78,233,103,1,185,186),(946,0,77,233,103,1,185,186),(947,0,77,234,103,0,186,186),(948,0,78,234,103,0,186,186),(949,0,176,233,103,1,186,186),(950,0,176,234,103,1,186,186),(951,0,87,168,104,0,187,189),(952,2,87,168,104,0,189,194),(953,0,87,257,104,1,187,187),(954,0,258,257,104,1,187,187),(955,1,87,133,104,0,187,187),(956,1,258,133,104,0,187,187),(957,2,87,236,104,1,188,188),(958,2,258,236,104,1,188,188),(959,2,87,258,104,1,187,189),(960,1,87,130,104,0,188,188),(961,1,236,130,104,0,188,188),(962,0,77,168,104,1,188,188),(963,0,77,257,104,1,188,188),(964,0,87,77,104,1,188,189),(965,0,87,258,104,1,189,189),(966,0,87,257,104,1,190,190),(967,0,168,257,104,1,190,190),(968,0,87,259,104,1,190,191),(969,0,87,77,104,1,191,191),(970,1,87,260,104,0,191,191),(971,1,168,260,104,0,191,191),(972,1,87,261,104,0,191,191),(973,1,168,261,104,0,191,191),(974,0,87,257,104,1,192,194),(975,0,257,168,104,1,192,194),(976,0,87,77,104,1,192,194),(977,0,77,168,104,1,192,194),(978,2,87,77,104,1,192,196),(979,0,77,257,104,1,192,193),(980,1,87,84,104,0,193,194),(981,1,77,84,104,0,193,194),(982,1,87,182,104,0,193,193),(983,1,77,182,104,0,193,193),(984,0,87,236,104,1,193,193),(985,0,236,168,104,1,193,193),(986,0,236,257,104,1,193,193),(987,0,87,258,104,1,194,194),(988,2,87,262,104,1,195,196),(989,0,87,77,104,1,196,196),(990,0,87,168,104,0,196,196),(991,0,257,168,104,1,196,196),(992,0,257,77,104,1,196,196),(993,2,87,257,104,1,196,196),(994,1,67,263,97,0,149,150),(995,1,93,263,97,0,149,150),(996,1,81,263,97,0,149,150),(997,2,82,178,99,1,151,155),(998,0,178,264,99,1,151,153),(999,1,82,264,99,0,151,153),(1000,0,264,265,99,1,152,152),(1001,1,178,265,99,0,152,152),(1002,1,82,265,97,0,152,152),(1004,0,178,267,99,1,153,154),(1005,1,82,267,99,0,153,154),(1006,2,85,82,99,1,154,154),(1007,0,85,185,99,1,154,154),(1008,0,82,185,99,1,154,154),(1009,0,85,83,99,1,154,154),(1010,1,82,83,99,0,154,154),(1011,0,83,186,99,1,154,154),(1012,0,85,186,99,1,154,154),(1013,1,82,186,99,0,154,154),(1014,0,105,186,99,1,154,154),(1015,0,85,105,99,1,154,154),(1016,0,82,105,99,1,154,155),(1017,2,83,155,106,1,229,231),(1018,2,83,154,106,1,229,231),(1019,2,155,154,106,1,229,231),(1020,0,83,84,106,0,229,233),(1021,0,154,84,106,0,229,231),(1022,0,155,84,106,0,229,231),(1023,1,83,130,106,0,229,229),(1024,1,155,130,106,0,229,229),(1025,1,154,130,106,0,229,229),(1026,1,83,133,106,0,229,229),(1027,1,155,133,106,0,229,229),(1028,1,154,133,106,0,229,229),(1029,0,83,85,106,1,230,230),(1030,0,155,85,106,1,230,230),(1031,0,154,85,106,1,230,230),(1032,0,268,84,106,0,231,232),(1033,2,83,268,106,1,231,232),(1034,2,83,269,106,1,231,232),(1035,2,269,268,106,0,231,232),(1036,1,83,214,106,0,232,232),(1037,0,269,84,106,0,231,233),(1038,2,83,270,106,1,231,233),(1039,0,83,155,106,1,233,233),(1040,0,83,154,106,1,233,233),(1041,0,155,154,106,1,233,233),(1043,1,66,84,107,0,234,235),(1044,2,66,272,107,1,234,235),(1046,1,273,84,107,0,235,235),(1047,0,88,274,105,1,197,197),(1048,0,88,275,105,1,197,197),(1049,0,274,275,105,1,197,197),(1050,1,88,82,105,1,197,198),(1051,0,88,276,105,1,197,198),(1052,0,88,277,105,1,197,198),(1053,0,88,274,105,1,198,199),(1054,0,274,275,105,1,197,199),(1055,0,88,275,105,1,198,199),(1056,0,88,278,105,1,199,199),(1057,1,274,278,105,1,199,199),(1058,2,88,278,105,1,200,205),(1059,0,88,280,105,0,200,200),(1060,0,278,280,105,1,200,200),(1061,0,278,274,105,1,200,201),(1062,1,88,279,105,0,200,200),(1063,0,278,279,105,1,200,200),(1064,0,280,279,105,1,200,200),(1065,2,281,282,105,1,201,201),(1066,1,278,281,105,0,201,201),(1067,1,278,282,105,0,201,201),(1068,1,88,281,105,0,201,201),(1069,1,88,282,105,0,201,201),(1070,1,161,282,105,0,201,201),(1071,1,161,281,105,0,201,201),(1072,0,282,283,105,1,201,201),(1073,0,88,274,105,1,201,201),(1074,1,278,284,105,0,202,202),(1075,1,88,284,105,0,202,202),(1078,0,278,274,105,1,202,202),(1079,0,88,274,105,1,202,202),(1080,1,88,202,105,0,202,202),(1081,1,278,202,105,0,202,202),(1082,2,278,280,105,1,203,204),(1083,0,88,280,105,1,203,205),(1084,2,88,274,105,1,204,204),(1085,0,278,274,105,1,204,204),(1086,2,280,274,105,1,204,204),(1087,0,278,280,105,1,205,205),(1088,1,88,184,105,0,205,205),(1089,2,88,274,105,1,205,207),(1090,0,278,274,105,1,205,205),(1091,2,285,274,105,1,206,207),(1092,2,88,285,105,1,206,207),(1093,0,89,287,131,1,208,208),(1094,0,287,286,131,1,208,208),(1095,0,89,286,131,1,208,210),(1096,0,89,288,131,1,209,210),(1097,1,89,174,131,1,209,209),(1098,2,288,174,131,1,209,209),(1099,2,286,174,131,1,209,209),(1100,0,89,289,131,1,210,210),(1101,0,289,288,131,1,210,210),(1102,0,289,286,131,1,210,210),(1103,1,89,290,131,1,210,210),(1104,1,89,84,131,0,211,211),(1105,0,89,292,131,1,211,211),(1106,1,89,291,131,0,211,211),(1107,0,89,248,131,1,211,211),(1108,0,89,88,131,1,211,211),(1109,0,89,81,131,1,211,211),(1110,0,89,86,131,1,211,211),(1111,0,89,294,131,1,211,213),(1112,1,89,295,131,1,211,211),(1113,2,89,293,131,1,212,213),(1114,0,89,288,131,1,212,212),(1115,0,89,289,131,1,213,213),(1116,0,89,288,131,1,214,216),(1117,0,89,314,131,0,215,215),(1118,2,89,161,131,1,215,215),(1119,0,288,298,131,1,216,216),(1120,0,288,299,131,1,216,216),(1121,1,89,298,131,0,216,216),(1122,1,89,299,131,0,216,216),(1123,0,89,286,131,1,216,216),(1124,0,89,289,131,1,217,217),(1125,0,288,289,131,1,217,217),(1126,1,89,212,131,0,217,217),(1127,2,89,288,131,1,217,218),(1128,1,89,202,131,0,218,218),(1129,1,89,300,131,0,218,218),(1130,0,300,202,131,1,218,218),(1131,1,89,291,131,0,218,219),(1132,0,291,212,131,1,219,219),(1133,1,89,212,131,0,219,219),(1134,0,89,294,131,1,219,220),(1135,0,89,248,131,1,219,220),(1136,2,89,301,131,1,219,221),(1137,2,89,302,131,1,219,221),(1138,0,301,248,131,1,219,221),(1139,0,89,288,131,1,221,222),(1140,0,89,289,131,1,222,222),(1141,0,288,289,131,1,222,222),(1142,0,89,274,131,1,222,222),(1143,0,288,274,131,1,222,222),(1144,0,289,274,131,1,222,222),(1145,0,89,286,131,1,222,224),(1146,0,89,300,131,1,222,222),(1147,1,89,212,131,1,222,223),(1148,0,286,212,131,0,223,223),(1149,0,89,303,131,1,223,223),(1150,2,288,303,131,1,223,223),(1151,1,303,212,131,0,223,223),(1152,1,288,212,131,1,223,223),(1153,2,303,286,131,1,223,223),(1154,2,286,304,131,1,223,223),(1155,1,89,304,131,1,223,223),(1156,2,304,303,131,1,223,223),(1157,0,304,212,131,1,223,223),(1158,1,89,302,131,0,224,224),(1159,2,89,245,131,1,224,225),(1160,0,89,301,131,1,225,225),(1161,2,89,293,131,1,225,225),(1162,1,89,84,131,0,225,225),(1163,0,89,88,131,1,224,224),(1164,0,89,81,131,1,224,224),(1165,0,89,86,131,1,224,224),(1166,0,89,88,131,1,221,221),(1167,0,89,81,131,1,221,221),(1168,0,89,86,131,1,221,221),(1169,0,89,270,131,1,225,225),(1170,0,88,86,108,1,236,237),(1171,2,88,86,108,1,238,238),(1172,1,88,82,108,0,237,237),(1173,1,88,84,108,0,237,238),(1174,1,86,84,108,0,237,238),(1175,0,86,178,108,1,237,237),(1176,1,88,178,108,0,237,237),(1177,1,178,84,108,0,237,237),(1178,0,86,244,108,1,238,238),(1179,1,88,244,108,0,238,238),(1180,1,67,306,109,0,239,239),(1182,0,67,84,109,0,239,240),(1183,1,244,84,109,0,240,240),(1184,1,67,244,108,0,240,240),(1185,0,67,248,109,1,240,240),(1186,0,85,155,110,1,241,242),(1187,0,85,154,110,1,241,242),(1188,0,85,83,110,1,241,242),(1189,1,85,130,110,0,241,241),(1190,1,155,130,110,0,241,241),(1191,1,154,130,110,0,241,241),(1192,1,83,130,110,0,241,241),(1193,0,85,84,110,0,241,242),(1194,0,154,84,110,0,241,241),(1195,0,83,84,110,0,241,241),(1196,0,155,84,110,0,241,241),(1197,2,85,307,110,0,241,241),(1198,2,155,307,110,1,241,241),(1199,2,154,307,110,1,241,241),(1200,2,83,307,110,1,241,241),(1201,2,86,88,111,1,243,247),(1202,2,86,308,111,1,243,243),(1203,2,86,309,111,1,243,243),(1204,2,86,270,111,1,243,243),(1205,2,88,308,111,1,243,243),(1206,2,88,309,111,1,243,243),(1207,2,88,270,111,1,243,243),(1208,2,248,308,111,1,243,243),(1209,2,248,309,111,1,243,243),(1210,2,248,270,111,1,243,243),(1211,1,86,84,111,0,243,245),(1212,1,88,84,111,0,243,245),(1213,1,248,84,111,0,243,243),(1214,1,308,84,111,0,243,243),(1215,1,309,84,111,0,243,243),(1216,1,270,84,111,0,243,243),(1217,1,305,84,111,0,243,243),(1218,0,86,178,111,1,243,243),(1219,0,86,310,111,1,244,245),(1220,1,88,310,111,0,244,245),(1221,0,86,311,111,1,244,245),(1222,1,88,311,111,0,244,245),(1223,0,86,312,111,1,244,245),(1224,1,88,312,111,0,244,245),(1225,2,310,311,111,1,244,245),(1226,2,311,312,111,1,244,245),(1227,2,310,312,111,1,244,245),(1228,2,310,313,111,1,244,245),(1229,2,310,314,111,1,244,245),(1230,2,311,313,111,1,244,245),(1231,2,311,314,111,1,244,245),(1232,2,312,313,111,1,244,245),(1233,0,86,313,111,1,244,245),(1234,1,88,313,111,0,244,245),(1235,0,86,314,111,1,244,245),(1236,2,312,314,111,1,244,245),(1237,1,88,314,111,0,244,245),(1238,2,313,314,111,1,244,245),(1239,0,86,315,111,1,244,245),(1241,1,88,315,111,0,244,245),(1243,2,310,315,111,1,244,245),(1245,2,311,315,111,1,244,245),(1247,0,310,317,111,1,245,245),(1248,0,310,321,111,1,245,245),(1249,2,318,310,111,0,245,245),(1250,1,311,317,111,0,245,245),(1251,1,311,321,111,1,245,245),(1252,2,311,318,111,1,245,245),(1253,2,312,315,111,1,244,245),(1255,2,313,315,111,1,244,245),(1257,2,314,315,111,1,244,245),(1260,0,86,317,111,1,245,245),(1261,0,86,321,111,1,245,245),(1262,0,86,318,111,1,245,245),(1263,1,88,317,111,0,245,245),(1264,1,88,321,111,0,245,245),(1265,1,88,318,111,0,245,245),(1266,0,88,322,111,1,246,246),(1267,1,86,322,111,0,246,246),(1268,1,88,323,111,0,246,246),(1269,1,86,323,111,0,246,246),(1270,0,86,71,111,1,246,246),(1271,1,88,71,111,0,246,246),(1272,0,86,84,111,0,246,247),(1273,0,88,84,111,0,246,247),(1274,2,86,248,111,1,246,247),(1275,2,88,248,111,1,246,247),(1276,2,324,325,132,1,4,4),(1277,0,326,325,132,1,4,4),(1278,0,324,326,132,1,4,4),(1279,0,324,327,132,1,4,4),(1280,0,334,325,132,1,4,4),(1281,2,327,325,132,1,4,4),(1282,0,328,329,132,1,4,4),(1283,2,327,330,132,1,4,4),(1284,2,327,331,132,1,4,4),(1285,0,330,331,132,1,4,4),(1286,0,327,335,132,1,4,4),(1287,2,332,325,132,1,5,5),(1288,0,333,332,132,1,5,5),(1289,0,332,325,132,1,5,5),(1290,1,336,337,132,0,5,5),(1291,2,337,338,132,1,5,5),(1292,0,337,339,132,1,5,5),(1293,2,338,339,132,1,5,5),(1294,0,340,223,132,0,6,6),(1295,2,341,342,133,1,6,6),(1296,0,344,342,133,1,6,6),(1297,0,343,342,133,1,6,6),(1298,2,341,344,133,1,6,6),(1299,2,341,343,133,1,6,6),(1300,2,341,345,133,1,6,6),(1301,2,342,345,133,1,6,6),(1302,2,346,344,133,1,6,6),(1303,2,343,346,133,1,6,6),(1304,1,347,348,133,0,7,7),(1305,1,340,347,133,0,7,7),(1306,1,351,349,133,1,7,7),(1307,1,351,350,133,1,7,7),(1308,1,351,352,133,1,7,7),(1309,1,351,353,133,1,7,7),(1310,2,351,354,134,1,8,8),(1311,0,325,351,135,1,8,10),(1312,0,83,155,102,1,159,160),(1313,0,83,154,102,1,159,160),(1314,0,155,154,102,1,159,160),(1315,1,85,186,102,0,162,163),(1316,2,83,186,102,1,162,162),(1317,1,85,186,102,1,164,165),(1318,1,85,88,102,0,166,166),(1319,1,82,88,102,1,166,166),(1320,0,85,355,102,0,166,167),(1321,0,82,355,102,1,166,167),(1322,2,85,355,102,0,166,167),(1323,2,185,355,102,0,166,167),(1324,0,77,356,103,1,174,175),(1325,0,233,356,103,1,174,175),(1326,0,176,356,103,1,174,174),(1327,2,228,356,103,1,174,174),(1328,1,234,356,103,1,174,174),(1329,2,81,76,112,1,248,250),(1330,2,81,77,112,1,248,250),(1331,2,81,147,112,1,248,250),(1332,2,147,76,112,1,248,250),(1333,2,147,77,112,1,248,250),(1334,2,76,77,112,1,248,250),(1335,0,81,357,112,1,249,249),(1336,0,77,357,112,1,249,249),(1337,0,76,357,112,1,249,249),(1338,0,147,357,112,1,249,249),(1339,0,147,244,112,1,249,249),(1340,0,77,244,112,1,249,249),(1341,0,76,244,112,1,249,249),(1342,0,81,244,112,1,249,249),(1343,0,81,86,112,1,249,249),(1344,0,81,88,112,1,249,249),(1345,0,86,88,112,1,249,249),(1346,1,86,84,112,0,249,249),(1347,1,88,84,112,0,249,249),(1348,1,81,84,111,0,248,250),(1349,1,77,84,112,0,248,250),(1350,1,81,84,112,0,248,250),(1351,1,76,84,112,0,248,250),(1352,1,147,84,112,0,248,250),(1353,1,77,86,112,0,249,249),(1354,1,77,88,112,0,249,249),(1355,1,76,86,112,0,249,249),(1356,1,76,88,112,0,249,249),(1357,1,147,88,112,0,249,249),(1358,1,147,86,112,0,249,249),(1359,0,305,184,112,1,249,249),(1360,0,81,184,112,0,249,249),(1361,0,76,184,112,0,249,249),(1362,0,147,184,112,0,249,249),(1363,0,77,184,112,0,249,249),(1364,0,81,248,112,1,250,250),(1365,1,147,248,112,0,250,250),(1366,1,77,248,112,0,250,250),(1367,1,76,248,112,0,250,250),(1368,2,87,77,113,1,251,252),(1369,0,87,147,113,1,251,251),(1370,0,87,76,113,1,251,251),(1371,0,87,81,113,1,251,251),(1372,0,77,147,113,1,251,251),(1373,0,77,76,113,1,251,251),(1374,0,77,81,113,1,251,251),(1375,1,87,84,113,0,251,252),(1376,1,77,84,113,0,251,252),(1377,0,77,184,113,0,252,252),(1378,0,87,184,113,0,252,252),(1379,2,82,178,114,1,253,255),(1380,1,82,84,114,0,253,253),(1381,1,178,84,114,0,253,253),(1382,1,82,88,114,0,253,253),(1383,1,178,358,114,0,254,254),(1384,1,82,358,114,0,254,254),(1385,0,178,270,114,1,254,254),(1386,1,82,270,114,0,254,254),(1387,1,178,244,114,0,254,254),(1388,1,82,244,114,0,254,254),(1389,1,82,88,114,0,255,255),(1390,1,178,88,114,0,255,255),(1391,0,82,84,114,0,254,255),(1392,0,178,84,114,0,254,255),(1393,1,82,83,114,0,255,255),(1394,1,172,83,114,0,255,255),(1395,0,83,84,114,0,255,255),(1396,2,77,245,115,1,256,256),(1397,2,77,147,115,1,256,256),(1398,2,77,81,115,1,256,256),(1399,2,77,76,115,1,256,256),(1400,2,147,81,115,1,256,256),(1401,2,147,76,115,1,256,256),(1402,2,76,81,115,1,256,256),(1403,0,77,66,115,1,256,256),(1404,0,66,84,115,0,256,256),(1405,0,77,84,115,0,256,256),(1406,0,147,84,115,0,256,256),(1407,0,81,84,115,0,256,256),(1408,0,245,84,115,0,256,256),(1409,2,86,88,116,1,257,260),(1410,0,86,84,116,0,257,260),(1411,0,88,84,111,0,257,260),(1412,0,88,84,116,0,257,260),(1413,2,88,178,116,0,257,257),(1414,2,86,178,116,0,257,257),(1415,0,178,84,116,0,257,260),(1416,2,86,270,116,0,257,257),(1417,2,88,270,116,0,257,257),(1418,2,178,270,116,1,257,257),(1419,1,88,178,116,0,258,258),(1420,0,86,178,116,1,258,258),(1421,2,86,178,116,1,259,260),(1422,2,178,82,116,1,259,260),(1423,2,86,82,116,1,259,260),(1424,0,82,84,116,0,259,260),(1425,2,88,178,116,1,259,260),(1427,2,88,82,116,1,259,260),(1428,2,89,293,117,1,260,261),(1429,2,89,308,117,1,261,262),(1430,2,293,308,117,1,261,262),(1431,0,89,84,117,0,261,262),(1432,0,293,84,117,0,261,262),(1433,0,308,84,117,0,261,262),(1434,0,89,88,117,1,262,262),(1435,0,88,84,117,0,262,262),(1436,2,155,154,118,1,263,264),(1437,0,155,83,118,1,263,264),(1438,0,154,83,118,1,263,264),(1439,0,155,84,118,0,263,264),(1440,0,154,84,118,0,263,264),(1441,0,83,84,118,0,263,264),(1442,2,154,239,118,0,263,264),(1443,2,155,239,118,0,263,264),(1444,2,154,270,118,1,264,264),(1445,2,155,270,118,1,264,264),(1446,0,87,84,119,0,265,266),(1447,0,87,81,119,1,265,266),(1448,0,87,76,119,1,265,266),(1449,0,87,147,119,1,265,266),(1450,0,87,77,119,1,265,266),(1452,2,87,257,119,1,266,266),(1453,0,87,168,119,1,266,266),(1454,0,257,168,119,1,266,266),(1455,0,88,84,120,0,267,268),(1456,0,88,82,120,1,267,267),(1457,2,88,76,120,1,267,267),(1458,2,88,77,120,1,267,267),(1459,2,88,147,120,1,267,267),(1460,2,88,86,120,1,267,268),(1461,0,86,84,120,0,267,268),(1462,0,82,84,120,0,267,268),(1463,0,76,84,120,0,267,268),(1464,0,147,84,120,0,267,268),(1465,0,77,84,120,0,267,268),(1466,0,67,84,121,0,269,270),(1467,2,67,81,121,1,270,270),(1468,2,67,66,121,1,270,270),(1469,2,67,77,121,1,270,270),(1470,2,81,66,121,1,270,270),(1471,2,81,77,121,1,270,270),(1472,2,77,66,121,1,270,270),(1473,0,81,84,121,0,270,270),(1474,0,77,84,121,0,270,270),(1475,0,66,84,121,0,270,270),(1476,0,83,84,122,0,271,271),(1477,0,83,155,122,1,271,271),(1478,0,83,154,122,1,271,271),(1479,0,155,154,122,1,271,271),(1480,0,83,85,122,1,271,271),(1481,0,85,154,122,1,271,271),(1482,0,85,155,122,1,271,271),(1483,0,155,84,122,0,271,271),(1484,0,154,84,122,0,271,271),(1485,2,81,88,123,1,272,273),(1486,2,81,86,123,1,272,273),(1487,2,88,86,123,1,272,273),(1488,2,81,66,123,1,272,273),(1489,2,81,77,123,1,272,273),(1490,2,77,66,123,1,272,273),(1491,2,81,76,123,1,272,273),(1492,2,81,147,123,1,272,273),(1493,2,147,76,123,1,272,273),(1494,2,77,147,123,1,272,273),(1495,2,77,76,123,1,272,273),(1496,2,81,66,123,1,272,273),(1497,2,76,66,123,1,272,273),(1498,2,147,66,123,1,272,273),(1499,2,86,77,123,1,272,273),(1500,2,86,147,123,1,272,273),(1501,2,86,76,123,1,272,273),(1502,2,88,77,123,1,272,273),(1503,2,88,147,123,1,272,273),(1504,2,88,76,123,1,272,273),(1505,2,81,87,123,1,273,273),(1506,2,81,83,123,0,273,273),(1507,2,81,83,123,1,273,273),(1508,0,81,84,123,0,272,273),(1509,0,86,84,123,0,272,273),(1510,0,88,84,123,0,272,273),(1511,0,147,84,123,0,272,273),(1512,0,77,84,123,0,272,273),(1513,0,76,84,123,0,272,273),(1514,0,66,84,123,0,272,273),(1515,0,87,84,123,0,273,273),(1516,0,83,84,123,0,273,273),(1517,2,89,147,124,1,274,274),(1518,2,89,76,124,1,274,274),(1519,2,89,77,124,1,274,274),(1520,2,89,81,124,1,274,274),(1521,2,81,76,124,1,274,274),(1522,2,81,147,124,1,274,274),(1523,2,81,77,124,1,274,274),(1524,2,77,147,124,1,274,274),(1525,2,77,76,124,1,274,274),(1526,2,76,147,124,1,274,274),(1527,2,89,361,124,1,275,275),(1528,2,89,212,124,1,275,275),(1529,0,147,84,124,0,274,274),(1530,0,81,84,124,0,274,274),(1531,0,76,84,124,0,274,274),(1532,0,77,84,124,0,274,274),(1533,0,361,84,124,0,275,275),(1534,0,89,84,124,0,274,275),(1535,0,80,86,125,1,276,276),(1536,2,80,71,125,1,276,277),(1537,0,80,362,125,1,277,277),(1538,1,80,184,125,1,277,277),(1539,1,71,184,125,1,277,277),(1540,0,71,86,125,1,276,276),(1541,0,80,84,125,0,276,277),(1542,1,71,84,125,0,276,277),(1543,0,86,84,125,0,276,276),(1544,2,85,81,126,0,278,278),(1545,2,85,66,126,0,278,278),(1546,2,85,76,126,0,278,278),(1547,2,85,147,126,0,278,278),(1548,2,85,77,126,0,278,278),(1549,0,85,83,126,1,278,278),(1550,2,85,154,126,1,278,278),(1551,2,85,155,126,1,278,278),(1552,2,154,155,126,1,278,278),(1553,0,85,84,126,0,278,278),(1554,0,81,84,126,0,278,278),(1555,0,66,84,126,0,278,278),(1556,0,76,84,126,0,278,278),(1557,0,147,84,126,0,278,278),(1558,0,77,84,126,0,278,278),(1559,0,83,84,126,0,278,278),(1560,0,154,84,126,0,278,278),(1561,0,155,84,126,0,278,278),(1562,2,80,81,125,0,276,277),(1563,2,80,66,125,0,276,277),(1564,2,80,147,125,0,276,277),(1565,2,80,76,125,0,276,277),(1566,2,80,77,125,0,276,277),(1567,2,82,178,127,1,279,280),(1568,0,82,83,127,1,279,279),(1569,1,82,116,127,0,279,279),(1570,1,85,116,127,0,279,279),(1571,0,82,105,127,1,279,279),(1572,0,85,105,127,1,279,279),(1573,0,82,85,127,1,279,279),(1574,1,105,116,127,0,279,279),(1575,1,105,363,127,0,279,279),(1576,1,85,363,127,0,279,279),(1577,1,82,363,127,0,279,279),(1578,1,363,116,127,0,279,279),(1579,2,82,81,127,1,280,280),(1580,2,82,66,127,1,280,280),(1581,2,82,76,127,1,280,280),(1582,2,82,147,127,1,280,280),(1583,2,82,77,127,1,280,280),(1584,2,82,83,127,1,280,280),(1585,2,82,154,127,1,280,280),(1586,2,82,155,127,1,280,280),(1587,2,82,85,127,1,280,280),(1588,2,154,155,127,1,280,280),(1589,2,154,85,127,1,280,280),(1590,2,155,85,127,1,280,280),(1591,2,83,154,127,1,280,280),(1592,2,83,155,127,1,280,280),(1593,2,83,85,127,1,280,280),(1594,2,178,85,127,1,280,280),(1595,2,178,154,127,1,280,280),(1596,2,178,155,127,1,280,280),(1597,2,178,83,127,1,280,280),(1598,0,82,84,127,0,279,280),(1599,0,178,84,127,0,279,280),(1600,0,85,84,127,0,279,280),(1601,0,154,84,127,0,280,280),(1602,0,155,84,127,0,280,280),(1603,0,83,84,127,0,279,280),(1604,0,81,84,127,0,279,280),(1605,0,76,84,127,0,279,280),(1606,0,147,84,127,0,279,280),(1607,0,66,84,127,0,279,280),(1608,0,77,84,127,0,279,280),(1609,2,88,86,128,1,281,283),(1610,1,88,244,128,0,281,281),(1611,0,88,84,128,0,281,282),(1612,0,86,84,128,0,281,282),(1613,2,88,365,128,1,282,282),(1614,2,88,178,128,1,282,283),(1615,2,88,82,128,1,282,283),(1616,2,88,83,128,0,282,282),(1617,2,88,366,128,1,282,282),(1618,2,82,366,128,1,282,282),(1619,2,82,178,128,1,282,283),(1620,2,82,83,128,1,282,282),(1621,2,82,86,128,1,282,282),(1622,2,178,86,128,1,283,283),(1623,2,364,86,128,1,283,283),(1624,2,88,364,128,1,283,283),(1625,1,88,174,128,0,283,283),(1626,2,88,85,128,1,283,283),(1627,2,88,154,128,1,283,283),(1628,2,88,155,128,1,283,283),(1629,2,82,155,128,1,283,283),(1630,2,82,154,128,1,283,283),(1631,2,155,154,128,1,283,283),(1632,2,85,82,128,1,283,283),(1633,2,85,155,128,1,283,283),(1634,2,85,154,128,1,283,283),(1635,2,85,178,128,1,283,283),(1636,2,178,155,128,1,283,283),(1637,2,178,154,128,1,283,283),(1639,1,88,84,128,0,283,283),(1640,1,85,84,128,0,283,283),(1641,0,85,83,129,1,284,284),(1642,2,85,82,129,1,284,285),(1643,2,85,154,129,1,284,284),(1644,2,85,155,129,1,284,284),(1645,2,82,154,129,1,284,284),(1646,2,82,155,129,1,284,284),(1647,2,155,154,129,1,284,284),(1648,1,85,116,129,0,284,285),(1649,2,85,115,129,1,285,285),(1650,2,85,83,129,0,285,285),(1651,2,85,174,129,1,285,285),(1652,2,66,147,130,1,286,287),(1653,2,66,76,130,1,286,287),(1654,2,66,77,130,1,286,287),(1655,2,66,81,130,1,286,287),(1656,2,81,147,130,1,286,287),(1657,2,81,76,130,1,286,287),(1658,2,81,77,130,1,286,287),(1659,2,77,76,130,1,286,287),(1660,2,77,147,130,1,286,287),(1661,2,76,147,130,1,286,287),(1662,1,147,244,130,0,286,286),(1663,1,66,244,130,0,286,286),(1664,0,147,84,130,0,286,287),(1665,0,66,84,130,0,286,287),(1666,0,76,84,130,0,286,287),(1667,0,77,84,130,0,286,287),(1668,0,81,84,130,0,286,287),(1669,2,66,69,130,1,288,290),(1670,1,66,367,130,0,289,290),(1671,1,69,367,130,0,289,290),(1672,2,351,319,89,0,134,135),(1673,2,351,208,89,1,135,135),(1674,0,351,370,89,1,135,135),(1675,0,351,371,89,1,135,135),(1676,0,351,84,89,0,135,135),(1677,0,351,84,90,0,136,136),(1678,2,351,323,91,1,137,137),(1679,0,368,369,91,1,137,137),(1680,1,373,374,91,0,138,138),(1681,1,375,373,91,0,138,138),(1682,0,376,375,91,1,138,138),(1683,1,377,376,91,0,138,138),(1684,2,377,375,91,1,138,138),(1685,2,378,377,91,1,138,138),(1686,2,375,378,91,1,138,138),(1687,2,377,373,91,1,138,138),(1688,1,379,372,91,0,138,138),(1689,1,379,376,91,0,138,138),(1690,2,351,325,92,1,139,139),(1692,1,381,382,93,1,140,141),(1693,1,351,383,93,1,140,141),(1694,0,385,223,77,1,3,3),(1695,0,67,386,83,0,35,35),(1696,2,85,82,100,0,55,55),(1697,2,82,156,86,1,102,102),(1698,2,82,105,86,1,112,112),(1699,1,154,67,87,0,122,122),(1700,1,155,67,87,0,122,122),(1701,1,86,387,101,1,69,69),(1702,0,87,77,104,1,190,190),(1703,0,87,147,104,1,190,190),(1704,0,87,76,104,1,190,190),(1705,1,89,84,131,0,219,220),(1706,1,293,84,131,0,225,225);
/*!40000 ALTER TABLE `menExs` ENABLE KEYS */;
UNLOCK TABLES;

--
-- Table structure for table `menOrExs`
--

DROP TABLE IF EXISTS `menOrExs`;
/*!40101 SET @saved_cs_client     = @@character_set_client */;
/*!50503 SET character_set_client = utf8mb4 */;
CREATE TABLE `menOrExs` (
  `menOrEx_id` int NOT NULL AUTO_INCREMENT,
  `menOrEx_text` varchar(32) CHARACTER SET utf8mb3 COLLATE utf8mb3_unicode_ci NOT NULL,
  PRIMARY KEY (`menOrEx_id`)
) ENGINE=InnoDB AUTO_INCREMENT=3 DEFAULT CHARSET=utf8mb3 COLLATE=utf8mb3_unicode_ci;
/*!40101 SET character_set_client = @saved_cs_client */;

--
-- Dumping data for table `menOrExs`
--

LOCK TABLES `menOrExs` WRITE;
/*!40000 ALTER TABLE `menOrExs` DISABLE KEYS */;
INSERT INTO `menOrExs` VALUES (0,'Knows'),(1,'Knows of'),(2,'Exchange');
/*!40000 ALTER TABLE `menOrExs` ENABLE KEYS */;
UNLOCK TABLES;

--
-- Table structure for table `narrContainers`
--

DROP TABLE IF EXISTS `narrContainers`;
/*!40101 SET @saved_cs_client     = @@character_set_client */;
/*!50503 SET character_set_client = utf8mb4 */;
CREATE TABLE `narrContainers` (
  `narrContainer_id` int NOT NULL AUTO_INCREMENT,
  `narrContainer_title` varchar(150) CHARACTER SET utf8mb3 COLLATE utf8mb3_unicode_ci DEFAULT NULL,
  `narrContainer_level_id_fk` int NOT NULL,
  `narrContainer_startPage` int NOT NULL,
  `narrContainer_endPage` int NOT NULL,
  `narrContainer_narrator_character_id_fk` int NOT NULL,
  `narrContainer_protagonist_id_fk` int DEFAULT NULL,
  `narrContainer_embeddedContainerType_id_fk` int DEFAULT NULL,
  PRIMARY KEY (`narrContainer_id`),
  KEY `narrContainer_startPage` (`narrContainer_startPage`),
  KEY `narrContainer_endPage` (`narrContainer_endPage`),
  KEY `narrContainer_level_id_fk` (`narrContainer_level_id_fk`),
  KEY `narrContainer_protagonist_id_fk` (`narrContainer_protagonist_id_fk`),
  KEY `narrContainer_narrator_character_id_fk` (`narrContainer_narrator_character_id_fk`),
  CONSTRAINT `narrContainers_ibfk_1` FOREIGN KEY (`narrContainer_level_id_fk`) REFERENCES `containerLevels` (`containerLevel_id`) ON DELETE RESTRICT ON UPDATE CASCADE,
  CONSTRAINT `narrContainers_ibfk_2` FOREIGN KEY (`narrContainer_narrator_character_id_fk`) REFERENCES `characters` (`character_id`) ON DELETE RESTRICT ON UPDATE CASCADE,
  CONSTRAINT `narrContainers_ibfk_3` FOREIGN KEY (`narrContainer_protagonist_id_fk`) REFERENCES `characters` (`character_id`) ON DELETE RESTRICT ON UPDATE CASCADE
) ENGINE=InnoDB AUTO_INCREMENT=137 DEFAULT CHARSET=utf8mb3 COLLATE=utf8mb3_unicode_ci;
/*!40101 SET character_set_client = @saved_cs_client */;

--
-- Dumping data for table `narrContainers`
--

LOCK TABLES `narrContainers` WRITE;
/*!40000 ALTER TABLE `narrContainers` DISABLE KEYS */;
INSERT INTO `narrContainers` VALUES (77,'Prologue',0,3,11,0,0,0),(78,'Part I Remain',0,13,78,0,0,0),(79,'Part II: Reclaim',0,79,155,0,0,0),(80,'Part III: Return',0,157,225,0,0,0),(81,'Part IV Powwow',0,227,290,0,0,0),(82,'Tony Loneman (I)',1,15,26,66,66,0),(83,'Dene Oxendene (I)',1,27,44,0,67,0),(84,'Bill Davis (II)',1,81,87,0,80,0),(85,'Calvin Johnson (II) (1)',1,88,97,81,81,0),(86,'Jacquie Red Feather (II) (1)',1,98,117,0,82,2),(87,'Orvil Red Feather (II)',1,118,133,0,83,0),(88,'Interlude',1,134,141,0,0,8),(89,'Powwows',2,134,135,0,0,0),(90,'Big Oakland Powwow',2,135,136,0,84,0),(91,'Blood',2,136,139,0,0,0),(92,'Last Names',2,139,139,0,0,0),(93,'Apparent Death',2,140,141,0,0,0),(95,'Tony Loneman (II)',1,142,143,0,66,0),(96,'Calvin Johnson (II) (2)',1,144,146,0,81,0),(97,'Dene Oxendene (II)',1,147,150,0,67,4),(99,'Jacquie Red Feather (II) (2)',1,151,155,0,82,2),(100,'Opal Viola Victoria Bear Shield (I)',1,45,61,85,85,0),(101,'Edwin Black (I)',1,62,78,86,86,0),(102,'Opal Viola Victoria Bear Shield (III)',1,159,170,0,85,0),(103,'Octavio Gomez (III)',1,171,186,77,77,0),(104,'Daniel Gonzales (III)',1,187,196,87,0,0),(105,'Blue (III)',1,197,207,88,88,0),(106,'Orvil Red Feather (IV) (1)',1,229,233,0,83,0),(107,'Tony Loneman (IV) (1)',1,234,235,0,66,0),(108,'Blue (IV) (1)',1,236,238,0,88,0),(109,'Dene Oxendene (IV) (1)',1,239,240,0,67,0),(110,'Opal Viola Victoria Bear Shield (IV) (1)',1,241,242,0,85,0),(111,'Edwin Black (IV) (1)',1,243,247,0,86,0),(112,'Calvin Johnson (IV) (1)',1,248,250,0,81,0),(113,'Daniel Gonzales (IV) (1)',1,251,252,0,87,0),(114,'Jacquie Red Feather (IV) (1)',1,253,255,0,82,0),(115,'Octavio Gomez (IV) (1)',1,256,256,0,77,0),(116,'Edwin Black (IV) (2)',1,257,260,0,86,0),(117,'Thomas Frank (IV) (1)',1,261,262,0,89,0),(118,'Loother and Lony (IV)',1,263,264,0,0,0),(119,'Daniel Gonzales (IV) (2)',1,265,266,0,87,0),(120,'Blue (IV) (2)',1,267,268,0,88,0),(121,'Dene Oxendene (IV) (2)',1,269,270,0,67,0),(122,'Orvil Red Feather (IV) (2)',1,271,271,0,83,0),(123,'Calvin Johnson (IV) (2)',1,272,273,0,81,0),(124,'Thomas Frank (IV) (2)',1,274,275,0,89,0),(125,'Bill Davis (IV)',1,276,277,0,80,0),(126,'Opal Viola Victoria Bear Shield (IV) (2)',1,278,278,0,85,0),(127,'Jacquie Red Feather (IV) (2)',1,279,280,0,82,0),(128,'Blue (IV) (3)',1,281,283,0,88,0),(129,'Opal Viola Victoria Bear Shield (IV) (3)',1,284,285,0,85,0),(130,'Tony Loneman (IV) (2)',1,286,290,0,66,0),(131,'Thomas Frank (III)',1,208,225,0,89,0),(132,'Indian Head',1,4,6,0,0,4),(133,'Rolling Head',1,6,7,0,0,4),(134,'Massacre as Prologue',1,8,8,0,0,4),(135,'Hard, Fast',1,8,10,0,0,4),(136,'Urbanity',1,11,11,0,0,0);
/*!40000 ALTER TABLE `narrContainers` ENABLE KEYS */;
UNLOCK TABLES;

--
-- Table structure for table `narratorTypes`
--

DROP TABLE IF EXISTS `narratorTypes`;
/*!40101 SET @saved_cs_client     = @@character_set_client */;
/*!50503 SET character_set_client = utf8mb4 */;
CREATE TABLE `narratorTypes` (
  `narratorType_id` int NOT NULL AUTO_INCREMENT,
  `narratorType_term` varchar(150) CHARACTER SET utf8mb3 COLLATE utf8mb3_unicode_ci NOT NULL,
  PRIMARY KEY (`narratorType_id`)
) ENGINE=InnoDB AUTO_INCREMENT=2 DEFAULT CHARSET=utf8mb3 COLLATE=utf8mb3_unicode_ci;
/*!40101 SET character_set_client = @saved_cs_client */;

--
-- Dumping data for table `narratorTypes`
--

LOCK TABLES `narratorTypes` WRITE;
/*!40000 ALTER TABLE `narratorTypes` DISABLE KEYS */;
INSERT INTO `narratorTypes` VALUES (0,'Character narrator'),(1,'Non-character narrator');
/*!40000 ALTER TABLE `narratorTypes` ENABLE KEYS */;
UNLOCK TABLES;
/*!40103 SET TIME_ZONE=@OLD_TIME_ZONE */;

/*!40101 SET SQL_MODE=@OLD_SQL_MODE */;
/*!40014 SET FOREIGN_KEY_CHECKS=@OLD_FOREIGN_KEY_CHECKS */;
/*!40014 SET UNIQUE_CHECKS=@OLD_UNIQUE_CHECKS */;
/*!40101 SET CHARACTER_SET_CLIENT=@OLD_CHARACTER_SET_CLIENT */;
/*!40101 SET CHARACTER_SET_RESULTS=@OLD_CHARACTER_SET_RESULTS */;
/*!40101 SET COLLATION_CONNECTION=@OLD_COLLATION_CONNECTION */;
/*!40111 SET SQL_NOTES=@OLD_SQL_NOTES */;

-- Dump completed on 2025-02-25  0:00:05
