source,target,Character 1 <br />(choose),Character 2 <br />(choose),type,weight,startPage,category
103,67,"""An Indian...woman"" (grant judge)",Dene Oxendene,Directed,1,39,Exchange
103,67,"""An Indian...woman"" (grant judge)",Dene Oxendene,Directed,1,40,Exchange
103,67,"""An Indian...woman"" (grant judge)",Dene Oxendene,Directed,1,41,Exchange
104,67,"""An older guy who's...Native"" (grant judge)",Dene Oxendene,Directed,1,39,Exchange
104,67,"""An older guy who's...Native"" (grant judge)",Dene Oxendene,Directed,1,40,Exchange
104,67,"""An older guy who's...Native"" (grant judge)",Dene Oxendene,Directed,1,41,Exchange
97,67,"""Old white lady"" (grant judge)",Dene Oxendene,Directed,1,39,Exchange
97,67,"""Old white lady"" (grant judge)",Dene Oxendene,Directed,1,40,Exchange
97,67,"""Old white lady"" (grant judge)",Dene Oxendene,Directed,1,41,Exchange
97,67,"""Old white lady"" (grant judge)",Dene Oxendene,Directed,1,42,Exchange
183,161,"""Older men"" (at Alcatraz)",Group of teenagers,Directed,1,54,Exchange
183,161,"""Older men"" (at Alcatraz)",Group of teenagers,Directed,1,55,Exchange
183,85,"""Older men"" (at Alcatraz)",Opal Viola Victoria Bear Shield,Directed,1,54,Exchange
183,85,"""Older men"" (at Alcatraz)",Opal Viola Victoria Bear Shield,Directed,1,55,Exchange
361,89,"""Person whose lap [Thomas] is in""",Thomas Frank,Directed,1,275,Exchange
282,281,"""another white woman""","""some crazy white woman""",Directed,1,201,Exchange
98,67,"""black guy...with a white beard"" (grant judge)",Dene Oxendene,Directed,1,39,Exchange
98,67,"""black guy...with a white beard"" (grant judge)",Dene Oxendene,Directed,1,40,Exchange
98,67,"""black guy...with a white beard"" (grant judge)",Dene Oxendene,Directed,1,41,Exchange
98,67,"""black guy...with a white beard"" (grant judge)",Dene Oxendene,Directed,1,42,Exchange
269,268,"""huge Indian guy""",Men in the locker room,Directed,1,231,Exchange
269,268,"""huge Indian guy""",Men in the locker room,Directed,1,232,Exchange
269,83,"""huge Indian guy""",Orvil Red Feather,Directed,1,231,Exchange
269,83,"""huge Indian guy""",Orvil Red Feather,Directed,1,232,Exchange
99,67,"""middle-aged black guy"" (2) (grant judge)",Dene Oxendene,Directed,1,39,Exchange
99,67,"""middle-aged black guy"" (2) (grant judge)",Dene Oxendene,Directed,1,40,Exchange
99,67,"""middle-aged black guy"" (2) (grant judge)",Dene Oxendene,Directed,1,41,Exchange
100,67,"""middle-aged white lady"" (1) (grant judge)",Dene Oxendene,Directed,1,39,Exchange
100,67,"""middle-aged white lady"" (1) (grant judge)",Dene Oxendene,Directed,1,40,Exchange
100,67,"""middle-aged white lady"" (1) (grant judge)",Dene Oxendene,Directed,1,41,Exchange
101,67,"""middle-aged white lady"" (2) (grant judge)",Dene Oxendene,Directed,1,39,Exchange
101,67,"""middle-aged white lady"" (2) (grant judge)",Dene Oxendene,Directed,1,40,Exchange
101,67,"""middle-aged white lady"" (2) (grant judge)",Dene Oxendene,Directed,1,41,Exchange
156,82,"""old Indian guy in a baseball cap""",Jacquie Red Feather,Directed,1,102,Exchange
281,282,"""some crazy white woman""","""another white woman""",Directed,1,201,Exchange
137,66,"""some homies""",Tony Loneman,Directed,1,20,Exchange
192,178,"""two [wearing] baseball caps""",Harvey,Directed,1,108,Exchange
192,178,"""two [wearing] baseball caps""",Harvey,Directed,1,109,Exchange
192,178,"""two [wearing] baseball caps""",Harvey,Directed,1,110,Exchange
192,178,"""two [wearing] baseball caps""",Harvey,Directed,1,111,Exchange
192,178,"""two [wearing] baseball caps""",Harvey,Directed,1,112,Exchange
192,178,"""two [wearing] baseball caps""",Harvey,Directed,1,113,Exchange
192,82,"""two [wearing] baseball caps""",Jacquie Red Feather,Directed,1,108,Exchange
192,82,"""two [wearing] baseball caps""",Jacquie Red Feather,Directed,1,109,Exchange
192,82,"""two [wearing] baseball caps""",Jacquie Red Feather,Directed,1,110,Exchange
192,82,"""two [wearing] baseball caps""",Jacquie Red Feather,Directed,1,111,Exchange
192,82,"""two [wearing] baseball caps""",Jacquie Red Feather,Directed,1,112,Exchange
192,82,"""two [wearing] baseball caps""",Jacquie Red Feather,Directed,1,113,Exchange
160,105,"""two big old Indian women""",Victoria (Vicky),Directed,1,49,Exchange
106,86,"""vet on the bus""",Edwin Black,Directed,1,84,Exchange
75,66,"""white boy in the Kangol hat""",Tony Loneman,Directed,1,21,Exchange
261,66,"""white boys""",Tony Loneman,Directed,1,21,Exchange
261,66,"""white boys""",Tony Loneman,Directed,1,22,Exchange
102,67,"""youngish Hispanic guy"" (grant judge)",Dene Oxendene,Directed,1,39,Exchange
102,67,"""youngish Hispanic guy"" (grant judge)",Dene Oxendene,Directed,1,40,Exchange
102,67,"""youngish Hispanic guy"" (grant judge)",Dene Oxendene,Directed,1,41,Exchange
251,77,A Bird,Octavio Gomez,Directed,1,180,Exchange
312,315,A couple of John's friends,Corporate Tech Nerds,Directed,1,244,Exchange
312,315,A couple of John's friends,Corporate Tech Nerds,Directed,1,245,Exchange
312,314,A couple of John's friends,Hipsters,Directed,1,244,Exchange
312,314,A couple of John's friends,Hipsters,Directed,1,245,Exchange
312,311,A couple of John's friends,John,Directed,1,244,Exchange
312,311,A couple of John's friends,John,Directed,1,245,Exchange
312,310,A couple of John's friends,Phil,Directed,1,244,Exchange
312,310,A couple of John's friends,Phil,Directed,1,245,Exchange
312,313,A couple of John's friends,Squatters,Directed,1,244,Exchange
312,313,A couple of John's friends,Squatters,Directed,1,245,Exchange
227,226,A yelling man,tiger-striped pitbull,Directed,1,170,Exchange
254,78,Badger,Josefina,Directed,1,183,Exchange
254,78,Badger,Josefina,Directed,1,184,Exchange
254,78,Badger,Josefina,Directed,1,185,Exchange
254,77,Badger,Octavio Gomez,Directed,1,183,Exchange
254,77,Badger,Octavio Gomez,Directed,1,184,Exchange
254,77,Badger,Octavio Gomez,Directed,1,185,Exchange
302,89,Bat,Thomas Frank,Directed,1,219,Exchange
302,89,Bat,Thomas Frank,Directed,1,220,Exchange
302,89,Bat,Thomas Frank,Directed,1,221,Exchange
177,166,Bears,Teddy Roosevelt,Directed,1,51,Exchange
330,327,Benjamin Church,Metacomet/ King Philip,Directed,1,4,Exchange
80,81,Bill Davis,Calvin Johnson,Directed,1,276,Exchange
80,81,Bill Davis,Calvin Johnson,Directed,1,277,Exchange
80,76,Bill Davis,Carlos,Directed,1,276,Exchange
80,76,Bill Davis,Carlos,Directed,1,277,Exchange
80,147,Bill Davis,Charles,Directed,1,276,Exchange
80,147,Bill Davis,Charles,Directed,1,277,Exchange
80,71,Bill Davis,Karen,Directed,1,83,Exchange
80,71,Bill Davis,Karen,Directed,1,84,Exchange
80,71,Bill Davis,Karen,Directed,1,276,Exchange
80,71,Bill Davis,Karen,Directed,1,277,Exchange
80,77,Bill Davis,Octavio Gomez,Directed,1,276,Exchange
80,77,Bill Davis,Octavio Gomez,Directed,1,277,Exchange
80,117,Bill Davis,Person stabbed by Bill Davis,Directed,1,85,Exchange
80,66,Bill Davis,Tony Loneman,Directed,1,276,Exchange
80,66,Bill Davis,Tony Loneman,Directed,1,277,Exchange
88,81,Blue,Calvin Johnson,Directed,1,144,Exchange
88,81,Blue,Calvin Johnson,Directed,1,145,Exchange
88,81,Blue,Calvin Johnson,Directed,1,146,Exchange
88,81,Blue,Calvin Johnson,Directed,1,272,Exchange
88,81,Blue,Calvin Johnson,Directed,1,273,Exchange
88,76,Blue,Carlos,Directed,1,267,Exchange
88,76,Blue,Carlos,Directed,1,272,Exchange
88,76,Blue,Carlos,Directed,1,273,Exchange
88,147,Blue,Charles,Directed,1,267,Exchange
88,147,Blue,Charles,Directed,1,272,Exchange
88,147,Blue,Charles,Directed,1,273,Exchange
88,67,Blue,Dene Oxendene,Directed,1,146,Exchange
88,308,Blue,Drum Groups,Directed,1,243,Exchange
88,86,Blue,Edwin Black,Directed,1,144,Exchange
88,86,Blue,Edwin Black,Directed,1,145,Exchange
88,86,Blue,Edwin Black,Directed,1,146,Exchange
88,86,Blue,Edwin Black,Directed,1,238,Exchange
88,86,Blue,Edwin Black,Directed,1,243,Exchange
88,86,Blue,Edwin Black,Directed,1,244,Exchange
88,86,Blue,Edwin Black,Directed,1,245,Exchange
88,86,Blue,Edwin Black,Directed,1,246,Exchange
88,86,Blue,Edwin Black,Directed,1,247,Exchange
88,86,Blue,Edwin Black,Directed,1,257,Exchange
88,86,Blue,Edwin Black,Directed,1,258,Exchange
88,86,Blue,Edwin Black,Directed,1,259,Exchange
88,86,Blue,Edwin Black,Directed,1,260,Exchange
88,86,Blue,Edwin Black,Directed,1,267,Exchange
88,86,Blue,Edwin Black,Directed,1,268,Exchange
88,86,Blue,Edwin Black,Directed,1,272,Exchange
88,86,Blue,Edwin Black,Directed,1,273,Exchange
88,86,Blue,Edwin Black,Directed,1,281,Exchange
88,86,Blue,Edwin Black,Directed,1,282,Exchange
88,86,Blue,Edwin Black,Directed,1,283,Exchange
88,278,Blue,Geraldine,Directed,1,200,Exchange
88,278,Blue,Geraldine,Directed,1,201,Exchange
88,278,Blue,Geraldine,Directed,1,202,Exchange
88,278,Blue,Geraldine,Directed,1,203,Exchange
88,278,Blue,Geraldine,Directed,1,204,Exchange
88,278,Blue,Geraldine,Directed,1,205,Exchange
88,178,Blue,Harvey,Directed,1,257,Exchange
88,178,Blue,Harvey,Directed,1,259,Exchange
88,178,Blue,Harvey,Directed,1,260,Exchange
88,178,Blue,Harvey,Directed,1,282,Exchange
88,178,Blue,Harvey,Directed,1,283,Exchange
88,82,Blue,Jacquie Red Feather,Directed,1,259,Exchange
88,82,Blue,Jacquie Red Feather,Directed,1,260,Exchange
88,82,Blue,Jacquie Red Feather,Directed,1,282,Exchange
88,82,Blue,Jacquie Red Feather,Directed,1,283,Exchange
88,155,Blue,Lony Red Feather,Directed,1,283,Exchange
88,154,Blue,Loother Red Feather,Directed,1,283,Exchange
88,77,Blue,Octavio Gomez,Directed,1,267,Exchange
88,77,Blue,Octavio Gomez,Directed,1,272,Exchange
88,77,Blue,Octavio Gomez,Directed,1,273,Exchange
88,285,Blue,Old woman in the greyhound station,Directed,1,206,Exchange
88,285,Blue,Old woman in the greyhound station,Directed,1,207,Exchange
88,85,Blue,Opal Viola Victoria Bear Shield,Directed,1,283,Exchange
88,83,Blue,Orvil Red Feather,Directed,1,282,Exchange
88,274,Blue,Paul,Directed,1,204,Exchange
88,274,Blue,Paul,Directed,1,205,Exchange
88,274,Blue,Paul,Directed,1,206,Exchange
88,274,Blue,Paul,Directed,1,207,Exchange
88,248,Blue,Powwow Committee,Directed,1,145,Exchange
88,248,Blue,Powwow Committee,Directed,1,146,Exchange
88,248,Blue,Powwow Committee,Directed,1,246,Exchange
88,248,Blue,Powwow Committee,Directed,1,247,Exchange
88,270,Blue,Powwow Dancers,Directed,1,243,Exchange
88,270,Blue,Powwow Dancers,Directed,1,257,Exchange
88,365,Blue,Someone with a stretcher,Directed,1,282,Exchange
88,89,Blue,Thomas Frank,Directed,1,145,Exchange
88,366,Blue,Two nurses,Directed,1,282,Exchange
88,364,Blue,Two orderlies,Directed,1,283,Exchange
88,309,Blue,Vendors,Directed,1,243,Exchange
293,308,Bobby Big Medicine,Drum Groups,Directed,1,261,Exchange
293,308,Bobby Big Medicine,Drum Groups,Directed,1,262,Exchange
293,89,Bobby Big Medicine,Thomas Frank,Directed,1,212,Exchange
293,89,Bobby Big Medicine,Thomas Frank,Directed,1,213,Exchange
293,89,Bobby Big Medicine,Thomas Frank,Directed,1,225,Exchange
293,89,Bobby Big Medicine,Thomas Frank,Directed,1,260,Exchange
293,89,Bobby Big Medicine,Thomas Frank,Directed,1,261,Exchange
238,155,CPS worker,Lony Red Feather,Directed,1,124,Exchange
238,154,CPS worker,Loother Red Feather,Directed,1,124,Exchange
238,85,CPS worker,Opal Viola Victoria Bear Shield,Directed,1,124,Exchange
238,83,CPS worker,Orvil Red Feather,Directed,1,124,Exchange
238,184,CPS worker,Police Officers,Directed,1,124,Exchange
81,88,Calvin Johnson,Blue,Directed,1,144,Exchange
81,88,Calvin Johnson,Blue,Directed,1,145,Exchange
81,88,Calvin Johnson,Blue,Directed,1,146,Exchange
81,88,Calvin Johnson,Blue,Directed,1,272,Exchange
81,88,Calvin Johnson,Blue,Directed,1,273,Exchange
81,76,Calvin Johnson,Carlos,Directed,1,89,Exchange
81,76,Calvin Johnson,Carlos,Directed,1,90,Exchange
81,76,Calvin Johnson,Carlos,Directed,1,91,Exchange
81,76,Calvin Johnson,Carlos,Directed,1,92,Exchange
81,76,Calvin Johnson,Carlos,Directed,1,93,Exchange
81,76,Calvin Johnson,Carlos,Directed,1,94,Exchange
81,76,Calvin Johnson,Carlos,Directed,1,95,Exchange
81,76,Calvin Johnson,Carlos,Directed,1,96,Exchange
81,76,Calvin Johnson,Carlos,Directed,1,97,Exchange
81,76,Calvin Johnson,Carlos,Directed,1,248,Exchange
81,76,Calvin Johnson,Carlos,Directed,1,249,Exchange
81,76,Calvin Johnson,Carlos,Directed,1,250,Exchange
81,76,Calvin Johnson,Carlos,Directed,1,256,Exchange
81,76,Calvin Johnson,Carlos,Directed,1,272,Exchange
81,76,Calvin Johnson,Carlos,Directed,1,273,Exchange
81,76,Calvin Johnson,Carlos,Directed,1,274,Exchange
81,76,Calvin Johnson,Carlos,Directed,1,286,Exchange
81,76,Calvin Johnson,Carlos,Directed,1,287,Exchange
81,147,Calvin Johnson,Charles,Directed,1,89,Exchange
81,147,Calvin Johnson,Charles,Directed,1,90,Exchange
81,147,Calvin Johnson,Charles,Directed,1,91,Exchange
81,147,Calvin Johnson,Charles,Directed,1,92,Exchange
81,147,Calvin Johnson,Charles,Directed,1,93,Exchange
81,147,Calvin Johnson,Charles,Directed,1,94,Exchange
81,147,Calvin Johnson,Charles,Directed,1,95,Exchange
81,147,Calvin Johnson,Charles,Directed,1,96,Exchange
81,147,Calvin Johnson,Charles,Directed,1,97,Exchange
81,147,Calvin Johnson,Charles,Directed,1,248,Exchange
81,147,Calvin Johnson,Charles,Directed,1,249,Exchange
81,147,Calvin Johnson,Charles,Directed,1,250,Exchange
81,147,Calvin Johnson,Charles,Directed,1,256,Exchange
81,147,Calvin Johnson,Charles,Directed,1,272,Exchange
81,147,Calvin Johnson,Charles,Directed,1,273,Exchange
81,147,Calvin Johnson,Charles,Directed,1,274,Exchange
81,147,Calvin Johnson,Charles,Directed,1,286,Exchange
81,147,Calvin Johnson,Charles,Directed,1,287,Exchange
81,87,Calvin Johnson,Daniel Gonzales,Directed,1,273,Exchange
81,67,Calvin Johnson,Dene Oxendene,Directed,1,147,Exchange
81,67,Calvin Johnson,Dene Oxendene,Directed,1,148,Exchange
81,67,Calvin Johnson,Dene Oxendene,Directed,1,149,Exchange
81,67,Calvin Johnson,Dene Oxendene,Directed,1,150,Exchange
81,67,Calvin Johnson,Dene Oxendene,Directed,1,270,Exchange
81,86,Calvin Johnson,Edwin Black,Directed,1,144,Exchange
81,86,Calvin Johnson,Edwin Black,Directed,1,145,Exchange
81,86,Calvin Johnson,Edwin Black,Directed,1,146,Exchange
81,86,Calvin Johnson,Edwin Black,Directed,1,272,Exchange
81,86,Calvin Johnson,Edwin Black,Directed,1,273,Exchange
81,82,Calvin Johnson,Jacquie Red Feather,Directed,1,280,Exchange
81,146,Calvin Johnson,Maggie,Directed,1,88,Exchange
81,146,Calvin Johnson,Maggie,Directed,1,89,Exchange
81,77,Calvin Johnson,Octavio Gomez,Directed,1,93,Exchange
81,77,Calvin Johnson,Octavio Gomez,Directed,1,94,Exchange
81,77,Calvin Johnson,Octavio Gomez,Directed,1,95,Exchange
81,77,Calvin Johnson,Octavio Gomez,Directed,1,96,Exchange
81,77,Calvin Johnson,Octavio Gomez,Directed,1,97,Exchange
81,77,Calvin Johnson,Octavio Gomez,Directed,1,248,Exchange
81,77,Calvin Johnson,Octavio Gomez,Directed,1,249,Exchange
81,77,Calvin Johnson,Octavio Gomez,Directed,1,250,Exchange
81,77,Calvin Johnson,Octavio Gomez,Directed,1,256,Exchange
81,77,Calvin Johnson,Octavio Gomez,Directed,1,270,Exchange
81,77,Calvin Johnson,Octavio Gomez,Directed,1,272,Exchange
81,77,Calvin Johnson,Octavio Gomez,Directed,1,273,Exchange
81,77,Calvin Johnson,Octavio Gomez,Directed,1,274,Exchange
81,77,Calvin Johnson,Octavio Gomez,Directed,1,286,Exchange
81,77,Calvin Johnson,Octavio Gomez,Directed,1,287,Exchange
81,83,Calvin Johnson,Orvil Red Feather,Directed,1,273,Exchange
81,145,Calvin Johnson,Sonny,Directed,1,88,Exchange
81,145,Calvin Johnson,Sonny,Directed,1,89,Exchange
81,89,Calvin Johnson,Thomas Frank,Directed,1,145,Exchange
81,89,Calvin Johnson,Thomas Frank,Directed,1,274,Exchange
81,66,Calvin Johnson,Tony Loneman,Directed,1,96,Exchange
81,66,Calvin Johnson,Tony Loneman,Directed,1,270,Exchange
81,66,Calvin Johnson,Tony Loneman,Directed,1,272,Exchange
81,66,Calvin Johnson,Tony Loneman,Directed,1,273,Exchange
81,66,Calvin Johnson,Tony Loneman,Directed,1,286,Exchange
81,66,Calvin Johnson,Tony Loneman,Directed,1,287,Exchange
76,88,Carlos,Blue,Directed,1,267,Exchange
76,88,Carlos,Blue,Directed,1,272,Exchange
76,88,Carlos,Blue,Directed,1,273,Exchange
76,81,Carlos,Calvin Johnson,Directed,1,89,Exchange
76,81,Carlos,Calvin Johnson,Directed,1,90,Exchange
76,81,Carlos,Calvin Johnson,Directed,1,91,Exchange
76,81,Carlos,Calvin Johnson,Directed,1,92,Exchange
76,81,Carlos,Calvin Johnson,Directed,1,93,Exchange
76,81,Carlos,Calvin Johnson,Directed,1,94,Exchange
76,81,Carlos,Calvin Johnson,Directed,1,95,Exchange
76,81,Carlos,Calvin Johnson,Directed,1,96,Exchange
76,81,Carlos,Calvin Johnson,Directed,1,97,Exchange
76,81,Carlos,Calvin Johnson,Directed,1,248,Exchange
76,81,Carlos,Calvin Johnson,Directed,1,249,Exchange
76,81,Carlos,Calvin Johnson,Directed,1,250,Exchange
76,81,Carlos,Calvin Johnson,Directed,1,256,Exchange
76,81,Carlos,Calvin Johnson,Directed,1,272,Exchange
76,81,Carlos,Calvin Johnson,Directed,1,273,Exchange
76,81,Carlos,Calvin Johnson,Directed,1,274,Exchange
76,81,Carlos,Calvin Johnson,Directed,1,286,Exchange
76,81,Carlos,Calvin Johnson,Directed,1,287,Exchange
76,147,Carlos,Charles,Directed,1,89,Exchange
76,147,Carlos,Charles,Directed,1,90,Exchange
76,147,Carlos,Charles,Directed,1,91,Exchange
76,147,Carlos,Charles,Directed,1,92,Exchange
76,147,Carlos,Charles,Directed,1,93,Exchange
76,147,Carlos,Charles,Directed,1,94,Exchange
76,147,Carlos,Charles,Directed,1,95,Exchange
76,147,Carlos,Charles,Directed,1,96,Exchange
76,147,Carlos,Charles,Directed,1,97,Exchange
76,147,Carlos,Charles,Directed,1,248,Exchange
76,147,Carlos,Charles,Directed,1,249,Exchange
76,147,Carlos,Charles,Directed,1,250,Exchange
76,147,Carlos,Charles,Directed,1,256,Exchange
76,147,Carlos,Charles,Directed,1,272,Exchange
76,147,Carlos,Charles,Directed,1,273,Exchange
76,147,Carlos,Charles,Directed,1,274,Exchange
76,147,Carlos,Charles,Directed,1,286,Exchange
76,147,Carlos,Charles,Directed,1,287,Exchange
76,86,Carlos,Edwin Black,Directed,1,272,Exchange
76,86,Carlos,Edwin Black,Directed,1,273,Exchange
76,82,Carlos,Jacquie Red Feather,Directed,1,280,Exchange
76,146,Carlos,Maggie,Directed,1,89,Exchange
76,77,Carlos,Octavio Gomez,Directed,1,93,Exchange
76,77,Carlos,Octavio Gomez,Directed,1,94,Exchange
76,77,Carlos,Octavio Gomez,Directed,1,95,Exchange
76,77,Carlos,Octavio Gomez,Directed,1,96,Exchange
76,77,Carlos,Octavio Gomez,Directed,1,97,Exchange
76,77,Carlos,Octavio Gomez,Directed,1,248,Exchange
76,77,Carlos,Octavio Gomez,Directed,1,249,Exchange
76,77,Carlos,Octavio Gomez,Directed,1,250,Exchange
76,77,Carlos,Octavio Gomez,Directed,1,256,Exchange
76,77,Carlos,Octavio Gomez,Directed,1,272,Exchange
76,77,Carlos,Octavio Gomez,Directed,1,273,Exchange
76,77,Carlos,Octavio Gomez,Directed,1,274,Exchange
76,77,Carlos,Octavio Gomez,Directed,1,286,Exchange
76,77,Carlos,Octavio Gomez,Directed,1,287,Exchange
76,145,Carlos,Sonny,Directed,1,89,Exchange
76,89,Carlos,Thomas Frank,Directed,1,274,Exchange
76,66,Carlos,Tony Loneman,Directed,1,21,Exchange
76,66,Carlos,Tony Loneman,Directed,1,96,Exchange
76,66,Carlos,Tony Loneman,Directed,1,272,Exchange
76,66,Carlos,Tony Loneman,Directed,1,273,Exchange
76,66,Carlos,Tony Loneman,Directed,1,286,Exchange
76,66,Carlos,Tony Loneman,Directed,1,287,Exchange
147,88,Charles,Blue,Directed,1,267,Exchange
147,88,Charles,Blue,Directed,1,272,Exchange
147,88,Charles,Blue,Directed,1,273,Exchange
147,81,Charles,Calvin Johnson,Directed,1,89,Exchange
147,81,Charles,Calvin Johnson,Directed,1,90,Exchange
147,81,Charles,Calvin Johnson,Directed,1,91,Exchange
147,81,Charles,Calvin Johnson,Directed,1,92,Exchange
147,81,Charles,Calvin Johnson,Directed,1,93,Exchange
147,81,Charles,Calvin Johnson,Directed,1,94,Exchange
147,81,Charles,Calvin Johnson,Directed,1,95,Exchange
147,81,Charles,Calvin Johnson,Directed,1,96,Exchange
147,81,Charles,Calvin Johnson,Directed,1,97,Exchange
147,81,Charles,Calvin Johnson,Directed,1,248,Exchange
147,81,Charles,Calvin Johnson,Directed,1,249,Exchange
147,81,Charles,Calvin Johnson,Directed,1,250,Exchange
147,81,Charles,Calvin Johnson,Directed,1,256,Exchange
147,81,Charles,Calvin Johnson,Directed,1,272,Exchange
147,81,Charles,Calvin Johnson,Directed,1,273,Exchange
147,81,Charles,Calvin Johnson,Directed,1,274,Exchange
147,81,Charles,Calvin Johnson,Directed,1,286,Exchange
147,81,Charles,Calvin Johnson,Directed,1,287,Exchange
147,76,Charles,Carlos,Directed,1,89,Exchange
147,76,Charles,Carlos,Directed,1,90,Exchange
147,76,Charles,Carlos,Directed,1,91,Exchange
147,76,Charles,Carlos,Directed,1,92,Exchange
147,76,Charles,Carlos,Directed,1,93,Exchange
147,76,Charles,Carlos,Directed,1,94,Exchange
147,76,Charles,Carlos,Directed,1,95,Exchange
147,76,Charles,Carlos,Directed,1,96,Exchange
147,76,Charles,Carlos,Directed,1,97,Exchange
147,76,Charles,Carlos,Directed,1,248,Exchange
147,76,Charles,Carlos,Directed,1,249,Exchange
147,76,Charles,Carlos,Directed,1,250,Exchange
147,76,Charles,Carlos,Directed,1,256,Exchange
147,76,Charles,Carlos,Directed,1,272,Exchange
147,76,Charles,Carlos,Directed,1,273,Exchange
147,76,Charles,Carlos,Directed,1,274,Exchange
147,76,Charles,Carlos,Directed,1,286,Exchange
147,76,Charles,Carlos,Directed,1,287,Exchange
147,86,Charles,Edwin Black,Directed,1,272,Exchange
147,86,Charles,Edwin Black,Directed,1,273,Exchange
147,82,Charles,Jacquie Red Feather,Directed,1,280,Exchange
147,146,Charles,Maggie,Directed,1,89,Exchange
147,77,Charles,Octavio Gomez,Directed,1,93,Exchange
147,77,Charles,Octavio Gomez,Directed,1,94,Exchange
147,77,Charles,Octavio Gomez,Directed,1,95,Exchange
147,77,Charles,Octavio Gomez,Directed,1,96,Exchange
147,77,Charles,Octavio Gomez,Directed,1,97,Exchange
147,77,Charles,Octavio Gomez,Directed,1,248,Exchange
147,77,Charles,Octavio Gomez,Directed,1,249,Exchange
147,77,Charles,Octavio Gomez,Directed,1,250,Exchange
147,77,Charles,Octavio Gomez,Directed,1,256,Exchange
147,77,Charles,Octavio Gomez,Directed,1,272,Exchange
147,77,Charles,Octavio Gomez,Directed,1,273,Exchange
147,77,Charles,Octavio Gomez,Directed,1,274,Exchange
147,77,Charles,Octavio Gomez,Directed,1,286,Exchange
147,77,Charles,Octavio Gomez,Directed,1,287,Exchange
147,145,Charles,Sonny,Directed,1,89,Exchange
147,89,Charles,Thomas Frank,Directed,1,274,Exchange
147,66,Charles,Tony Loneman,Directed,1,96,Exchange
147,66,Charles,Tony Loneman,Directed,1,272,Exchange
147,66,Charles,Tony Loneman,Directed,1,273,Exchange
147,66,Charles,Tony Loneman,Directed,1,286,Exchange
147,66,Charles,Tony Loneman,Directed,1,287,Exchange
354,351,Colonel John Chivington,Indigenous people,Directed,1,8,Exchange
325,351,Colonizers/colonists,Indigenous people,Directed,1,139,Exchange
325,324,Colonizers/colonists,Massasoit,Directed,1,4,Exchange
325,327,Colonizers/colonists,Metacomet/ King Philip,Directed,1,4,Exchange
325,332,Colonizers/colonists,Pequot,Directed,1,5,Exchange
165,135,Columbus,The Indians,Directed,1,51,Exchange
315,312,Corporate Tech Nerds,A couple of John's friends,Directed,1,244,Exchange
315,312,Corporate Tech Nerds,A couple of John's friends,Directed,1,245,Exchange
315,314,Corporate Tech Nerds,Hipsters,Directed,1,244,Exchange
315,314,Corporate Tech Nerds,Hipsters,Directed,1,245,Exchange
315,311,Corporate Tech Nerds,John,Directed,1,244,Exchange
315,311,Corporate Tech Nerds,John,Directed,1,245,Exchange
315,310,Corporate Tech Nerds,Phil,Directed,1,244,Exchange
315,310,Corporate Tech Nerds,Phil,Directed,1,245,Exchange
315,313,Corporate Tech Nerds,Squatters,Directed,1,244,Exchange
315,313,Corporate Tech Nerds,Squatters,Directed,1,245,Exchange
87,81,Daniel Gonzales,Calvin Johnson,Directed,1,273,Exchange
87,262,Daniel Gonzales,Guy in the bleachers,Directed,1,195,Exchange
87,262,Daniel Gonzales,Guy in the bleachers,Directed,1,196,Exchange
87,236,Daniel Gonzales,Manny & Daniel's Dad,Directed,1,188,Exchange
87,257,Daniel Gonzales,Manny & Daniel's Mother,Directed,1,196,Exchange
87,257,Daniel Gonzales,Manny & Daniel's Mother,Directed,1,266,Exchange
87,168,Daniel Gonzales,Manny Gonzales,Directed,1,189,Exchange
87,168,Daniel Gonzales,Manny Gonzales,Directed,1,190,Exchange
87,168,Daniel Gonzales,Manny Gonzales,Directed,1,191,Exchange
87,168,Daniel Gonzales,Manny Gonzales,Directed,1,192,Exchange
87,168,Daniel Gonzales,Manny Gonzales,Directed,1,193,Exchange
87,168,Daniel Gonzales,Manny Gonzales,Directed,1,194,Exchange
87,77,Daniel Gonzales,Octavio Gomez,Directed,1,175,Exchange
87,77,Daniel Gonzales,Octavio Gomez,Directed,1,176,Exchange
87,77,Daniel Gonzales,Octavio Gomez,Directed,1,177,Exchange
87,77,Daniel Gonzales,Octavio Gomez,Directed,1,178,Exchange
87,77,Daniel Gonzales,Octavio Gomez,Directed,1,192,Exchange
87,77,Daniel Gonzales,Octavio Gomez,Directed,1,193,Exchange
87,77,Daniel Gonzales,Octavio Gomez,Directed,1,194,Exchange
87,77,Daniel Gonzales,Octavio Gomez,Directed,1,195,Exchange
87,77,Daniel Gonzales,Octavio Gomez,Directed,1,196,Exchange
87,77,Daniel Gonzales,Octavio Gomez,Directed,1,251,Exchange
87,77,Daniel Gonzales,Octavio Gomez,Directed,1,252,Exchange
87,258,Daniel Gonzales,The guys,Directed,1,187,Exchange
87,258,Daniel Gonzales,The guys,Directed,1,188,Exchange
87,258,Daniel Gonzales,The guys,Directed,1,189,Exchange
343,341,Daughter (in the Rolling Head story),Husband (in the Rolling Head story),Directed,1,6,Exchange
343,346,Daughter (in the Rolling Head story),Rolling Head,Directed,1,6,Exchange
303,304,DeLonna,Prayer circle,Directed,1,223,Exchange
303,288,DeLonna,Thomas Frank's Father,Directed,1,223,Exchange
303,286,DeLonna,Thomas Frank's Mother,Directed,1,223,Exchange
67,103,Dene Oxendene,"""An Indian...woman"" (grant judge)",Directed,1,39,Exchange
67,103,Dene Oxendene,"""An Indian...woman"" (grant judge)",Directed,1,40,Exchange
67,103,Dene Oxendene,"""An Indian...woman"" (grant judge)",Directed,1,41,Exchange
67,104,Dene Oxendene,"""An older guy who's...Native"" (grant judge)",Directed,1,39,Exchange
67,104,Dene Oxendene,"""An older guy who's...Native"" (grant judge)",Directed,1,40,Exchange
67,104,Dene Oxendene,"""An older guy who's...Native"" (grant judge)",Directed,1,41,Exchange
67,97,Dene Oxendene,"""Old white lady"" (grant judge)",Directed,1,39,Exchange
67,97,Dene Oxendene,"""Old white lady"" (grant judge)",Directed,1,40,Exchange
67,97,Dene Oxendene,"""Old white lady"" (grant judge)",Directed,1,41,Exchange
67,97,Dene Oxendene,"""Old white lady"" (grant judge)",Directed,1,42,Exchange
67,98,Dene Oxendene,"""black guy...with a white beard"" (grant judge)",Directed,1,39,Exchange
67,98,Dene Oxendene,"""black guy...with a white beard"" (grant judge)",Directed,1,40,Exchange
67,98,Dene Oxendene,"""black guy...with a white beard"" (grant judge)",Directed,1,41,Exchange
67,98,Dene Oxendene,"""black guy...with a white beard"" (grant judge)",Directed,1,42,Exchange
67,99,Dene Oxendene,"""middle-aged black guy"" (2) (grant judge)",Directed,1,39,Exchange
67,99,Dene Oxendene,"""middle-aged black guy"" (2) (grant judge)",Directed,1,40,Exchange
67,99,Dene Oxendene,"""middle-aged black guy"" (2) (grant judge)",Directed,1,41,Exchange
67,100,Dene Oxendene,"""middle-aged white lady"" (1) (grant judge)",Directed,1,39,Exchange
67,100,Dene Oxendene,"""middle-aged white lady"" (1) (grant judge)",Directed,1,40,Exchange
67,100,Dene Oxendene,"""middle-aged white lady"" (1) (grant judge)",Directed,1,41,Exchange
67,101,Dene Oxendene,"""middle-aged white lady"" (2) (grant judge)",Directed,1,39,Exchange
67,101,Dene Oxendene,"""middle-aged white lady"" (2) (grant judge)",Directed,1,40,Exchange
67,101,Dene Oxendene,"""middle-aged white lady"" (2) (grant judge)",Directed,1,41,Exchange
67,102,Dene Oxendene,"""youngish Hispanic guy"" (grant judge)",Directed,1,39,Exchange
67,102,Dene Oxendene,"""youngish Hispanic guy"" (grant judge)",Directed,1,40,Exchange
67,102,Dene Oxendene,"""youngish Hispanic guy"" (grant judge)",Directed,1,41,Exchange
67,88,Dene Oxendene,Blue,Directed,1,146,Exchange
67,81,Dene Oxendene,Calvin Johnson,Directed,1,147,Exchange
67,81,Dene Oxendene,Calvin Johnson,Directed,1,148,Exchange
67,81,Dene Oxendene,Calvin Johnson,Directed,1,149,Exchange
67,81,Dene Oxendene,Calvin Johnson,Directed,1,150,Exchange
67,81,Dene Oxendene,Calvin Johnson,Directed,1,270,Exchange
67,86,Dene Oxendene,Edwin Black,Directed,1,146,Exchange
67,92,Dene Oxendene,Lucas,Directed,1,30,Exchange
67,92,Dene Oxendene,Lucas,Directed,1,31,Exchange
67,92,Dene Oxendene,Lucas,Directed,1,32,Exchange
67,92,Dene Oxendene,Lucas,Directed,1,33,Exchange
67,92,Dene Oxendene,Lucas,Directed,1,36,Exchange
67,92,Dene Oxendene,Lucas,Directed,1,37,Exchange
67,93,Dene Oxendene,Norma,Directed,1,30,Exchange
67,93,Dene Oxendene,Norma,Directed,1,31,Exchange
67,93,Dene Oxendene,Norma,Directed,1,34,Exchange
67,93,Dene Oxendene,Norma,Directed,1,35,Exchange
67,93,Dene Oxendene,Norma,Directed,1,36,Exchange
67,93,Dene Oxendene,Norma,Directed,1,43,Exchange
67,77,Dene Oxendene,Octavio Gomez,Directed,1,270,Exchange
67,83,Dene Oxendene,Orvil Red Feather,Directed,1,122,Exchange
67,83,Dene Oxendene,Orvil Red Feather,Directed,1,123,Exchange
67,83,Dene Oxendene,Orvil Red Feather,Directed,1,124,Exchange
67,248,Dene Oxendene,Powwow Committee,Directed,1,146,Exchange
67,95,Dene Oxendene,Rob,Directed,1,37,Exchange
67,95,Dene Oxendene,Rob,Directed,1,38,Exchange
67,95,Dene Oxendene,Rob,Directed,1,39,Exchange
67,66,Dene Oxendene,Tony Loneman,Directed,1,270,Exchange
174,85,Doctors,Opal Viola Victoria Bear Shield,Directed,1,285,Exchange
174,288,Doctors,Thomas Frank's Father,Directed,1,209,Exchange
174,286,Doctors,Thomas Frank's Mother,Directed,1,209,Exchange
356,228,Drug Dealers,Octavio Gomez's Father,Directed,1,174,Exchange
308,88,Drum Groups,Blue,Directed,1,243,Exchange
308,293,Drum Groups,Bobby Big Medicine,Directed,1,261,Exchange
308,293,Drum Groups,Bobby Big Medicine,Directed,1,262,Exchange
308,86,Drum Groups,Edwin Black,Directed,1,243,Exchange
308,248,Drum Groups,Powwow Committee,Directed,1,243,Exchange
308,89,Drum Groups,Thomas Frank,Directed,1,261,Exchange
308,89,Drum Groups,Thomas Frank,Directed,1,262,Exchange
86,106,Edwin Black,"""vet on the bus""",Directed,1,84,Exchange
86,88,Edwin Black,Blue,Directed,1,144,Exchange
86,88,Edwin Black,Blue,Directed,1,145,Exchange
86,88,Edwin Black,Blue,Directed,1,146,Exchange
86,88,Edwin Black,Blue,Directed,1,238,Exchange
86,88,Edwin Black,Blue,Directed,1,243,Exchange
86,88,Edwin Black,Blue,Directed,1,244,Exchange
86,88,Edwin Black,Blue,Directed,1,245,Exchange
86,88,Edwin Black,Blue,Directed,1,246,Exchange
86,88,Edwin Black,Blue,Directed,1,247,Exchange
86,88,Edwin Black,Blue,Directed,1,257,Exchange
86,88,Edwin Black,Blue,Directed,1,258,Exchange
86,88,Edwin Black,Blue,Directed,1,259,Exchange
86,88,Edwin Black,Blue,Directed,1,260,Exchange
86,88,Edwin Black,Blue,Directed,1,267,Exchange
86,88,Edwin Black,Blue,Directed,1,268,Exchange
86,88,Edwin Black,Blue,Directed,1,272,Exchange
86,88,Edwin Black,Blue,Directed,1,273,Exchange
86,88,Edwin Black,Blue,Directed,1,281,Exchange
86,88,Edwin Black,Blue,Directed,1,282,Exchange
86,88,Edwin Black,Blue,Directed,1,283,Exchange
86,81,Edwin Black,Calvin Johnson,Directed,1,144,Exchange
86,81,Edwin Black,Calvin Johnson,Directed,1,145,Exchange
86,81,Edwin Black,Calvin Johnson,Directed,1,146,Exchange
86,81,Edwin Black,Calvin Johnson,Directed,1,272,Exchange
86,81,Edwin Black,Calvin Johnson,Directed,1,273,Exchange
86,76,Edwin Black,Carlos,Directed,1,272,Exchange
86,76,Edwin Black,Carlos,Directed,1,273,Exchange
86,147,Edwin Black,Charles,Directed,1,272,Exchange
86,147,Edwin Black,Charles,Directed,1,273,Exchange
86,67,Edwin Black,Dene Oxendene,Directed,1,146,Exchange
86,308,Edwin Black,Drum Groups,Directed,1,243,Exchange
86,178,Edwin Black,Harvey,Directed,1,69,Exchange
86,178,Edwin Black,Harvey,Directed,1,70,Exchange
86,178,Edwin Black,Harvey,Directed,1,71,Exchange
86,178,Edwin Black,Harvey,Directed,1,257,Exchange
86,178,Edwin Black,Harvey,Directed,1,259,Exchange
86,178,Edwin Black,Harvey,Directed,1,260,Exchange
86,178,Edwin Black,Harvey,Directed,1,283,Exchange
86,82,Edwin Black,Jacquie Red Feather,Directed,1,259,Exchange
86,82,Edwin Black,Jacquie Red Feather,Directed,1,260,Exchange
86,82,Edwin Black,Jacquie Red Feather,Directed,1,282,Exchange
86,71,Edwin Black,Karen,Directed,1,67,Exchange
86,71,Edwin Black,Karen,Directed,1,72,Exchange
86,71,Edwin Black,Karen,Directed,1,73,Exchange
86,71,Edwin Black,Karen,Directed,1,74,Exchange
86,71,Edwin Black,Karen,Directed,1,75,Exchange
86,71,Edwin Black,Karen,Directed,1,76,Exchange
86,71,Edwin Black,Karen,Directed,1,77,Exchange
86,77,Edwin Black,Octavio Gomez,Directed,1,272,Exchange
86,77,Edwin Black,Octavio Gomez,Directed,1,273,Exchange
86,248,Edwin Black,Powwow Committee,Directed,1,145,Exchange
86,248,Edwin Black,Powwow Committee,Directed,1,146,Exchange
86,248,Edwin Black,Powwow Committee,Directed,1,246,Exchange
86,248,Edwin Black,Powwow Committee,Directed,1,247,Exchange
86,270,Edwin Black,Powwow Dancers,Directed,1,243,Exchange
86,270,Edwin Black,Powwow Dancers,Directed,1,257,Exchange
86,89,Edwin Black,Thomas Frank,Directed,1,145,Exchange
86,364,Edwin Black,Two orderlies,Directed,1,283,Exchange
86,309,Edwin Black,Vendors,Directed,1,243,Exchange
208,351,Families,Indigenous people,Directed,1,135,Exchange
170,169,First speaker,"""two hundred or so people""",Directed,1,103,Exchange
170,169,First speaker,"""two hundred or so people""",Directed,1,104,Exchange
170,169,First speaker,"""two hundred or so people""",Directed,1,105,Exchange
170,82,First speaker,Jacquie Red Feather,Directed,1,103,Exchange
170,82,First speaker,Jacquie Red Feather,Directed,1,104,Exchange
170,82,First speaker,Jacquie Red Feather,Directed,1,105,Exchange
152,82,Florencia,Jacquie Red Feather,Directed,1,98,Exchange
152,82,Florencia,Jacquie Red Feather,Directed,1,99,Exchange
278,88,Geraldine,Blue,Directed,1,200,Exchange
278,88,Geraldine,Blue,Directed,1,201,Exchange
278,88,Geraldine,Blue,Directed,1,202,Exchange
278,88,Geraldine,Blue,Directed,1,203,Exchange
278,88,Geraldine,Blue,Directed,1,204,Exchange
278,88,Geraldine,Blue,Directed,1,205,Exchange
278,280,Geraldine,Hector,Directed,1,203,Exchange
278,280,Geraldine,Hector,Directed,1,204,Exchange
212,89,God,Thomas Frank,Directed,1,275,Exchange
161,183,Group of teenagers,"""Older men"" (at Alcatraz)",Directed,1,54,Exchange
161,183,Group of teenagers,"""Older men"" (at Alcatraz)",Directed,1,55,Exchange
161,82,Group of teenagers,Jacquie Red Feather,Directed,1,50,Exchange
161,179,Group of teenagers,Rocky,Directed,1,53,Exchange
161,89,Group of teenagers,Thomas Frank,Directed,1,215,Exchange
262,87,Guy in the bleachers,Daniel Gonzales,Directed,1,195,Exchange
262,87,Guy in the bleachers,Daniel Gonzales,Directed,1,196,Exchange
178,192,Harvey,"""two [wearing] baseball caps""",Directed,1,108,Exchange
178,192,Harvey,"""two [wearing] baseball caps""",Directed,1,109,Exchange
178,192,Harvey,"""two [wearing] baseball caps""",Directed,1,110,Exchange
178,192,Harvey,"""two [wearing] baseball caps""",Directed,1,111,Exchange
178,192,Harvey,"""two [wearing] baseball caps""",Directed,1,112,Exchange
178,192,Harvey,"""two [wearing] baseball caps""",Directed,1,113,Exchange
178,88,Harvey,Blue,Directed,1,259,Exchange
178,88,Harvey,Blue,Directed,1,260,Exchange
178,88,Harvey,Blue,Directed,1,282,Exchange
178,88,Harvey,Blue,Directed,1,283,Exchange
178,86,Harvey,Edwin Black,Directed,1,69,Exchange
178,86,Harvey,Edwin Black,Directed,1,70,Exchange
178,86,Harvey,Edwin Black,Directed,1,71,Exchange
178,86,Harvey,Edwin Black,Directed,1,259,Exchange
178,86,Harvey,Edwin Black,Directed,1,260,Exchange
178,86,Harvey,Edwin Black,Directed,1,283,Exchange
178,82,Harvey,Jacquie Red Feather,Directed,1,52,Exchange
178,82,Harvey,Jacquie Red Feather,Directed,1,55,Exchange
178,82,Harvey,Jacquie Red Feather,Directed,1,56,Exchange
178,82,Harvey,Jacquie Red Feather,Directed,1,108,Exchange
178,82,Harvey,Jacquie Red Feather,Directed,1,109,Exchange
178,82,Harvey,Jacquie Red Feather,Directed,1,110,Exchange
178,82,Harvey,Jacquie Red Feather,Directed,1,111,Exchange
178,82,Harvey,Jacquie Red Feather,Directed,1,112,Exchange
178,82,Harvey,Jacquie Red Feather,Directed,1,113,Exchange
178,82,Harvey,Jacquie Red Feather,Directed,1,114,Exchange
178,82,Harvey,Jacquie Red Feather,Directed,1,115,Exchange
178,82,Harvey,Jacquie Red Feather,Directed,1,151,Exchange
178,82,Harvey,Jacquie Red Feather,Directed,1,152,Exchange
178,82,Harvey,Jacquie Red Feather,Directed,1,153,Exchange
178,82,Harvey,Jacquie Red Feather,Directed,1,154,Exchange
178,82,Harvey,Jacquie Red Feather,Directed,1,155,Exchange
178,82,Harvey,Jacquie Red Feather,Directed,1,253,Exchange
178,82,Harvey,Jacquie Red Feather,Directed,1,254,Exchange
178,82,Harvey,Jacquie Red Feather,Directed,1,255,Exchange
178,82,Harvey,Jacquie Red Feather,Directed,1,259,Exchange
178,82,Harvey,Jacquie Red Feather,Directed,1,260,Exchange
178,82,Harvey,Jacquie Red Feather,Directed,1,279,Exchange
178,82,Harvey,Jacquie Red Feather,Directed,1,280,Exchange
178,82,Harvey,Jacquie Red Feather,Directed,1,282,Exchange
178,82,Harvey,Jacquie Red Feather,Directed,1,283,Exchange
178,155,Harvey,Lony Red Feather,Directed,1,280,Exchange
178,155,Harvey,Lony Red Feather,Directed,1,283,Exchange
178,154,Harvey,Loother Red Feather,Directed,1,280,Exchange
178,154,Harvey,Loother Red Feather,Directed,1,283,Exchange
178,207,Harvey,Old guy,Directed,1,108,Exchange
178,207,Harvey,Old guy,Directed,1,109,Exchange
178,207,Harvey,Old guy,Directed,1,110,Exchange
178,207,Harvey,Old guy,Directed,1,111,Exchange
178,207,Harvey,Old guy,Directed,1,112,Exchange
178,207,Harvey,Old guy,Directed,1,113,Exchange
178,85,Harvey,Opal Viola Victoria Bear Shield,Directed,1,280,Exchange
178,85,Harvey,Opal Viola Victoria Bear Shield,Directed,1,283,Exchange
178,83,Harvey,Orvil Red Feather,Directed,1,280,Exchange
178,270,Harvey,Powwow Dancers,Directed,1,257,Exchange
178,179,Harvey,Rocky,Directed,1,111,Exchange
178,179,Harvey,Rocky,Directed,1,112,Exchange
178,180,Harvey,Rocky's Dad,Directed,1,112,Exchange
280,278,Hector,Geraldine,Directed,1,203,Exchange
280,278,Hector,Geraldine,Directed,1,204,Exchange
280,274,Hector,Paul,Directed,1,204,Exchange
314,312,Hipsters,A couple of John's friends,Directed,1,244,Exchange
314,312,Hipsters,A couple of John's friends,Directed,1,245,Exchange
314,315,Hipsters,Corporate Tech Nerds,Directed,1,244,Exchange
314,315,Hipsters,Corporate Tech Nerds,Directed,1,245,Exchange
314,311,Hipsters,John,Directed,1,244,Exchange
314,311,Hipsters,John,Directed,1,245,Exchange
314,310,Hipsters,Phil,Directed,1,244,Exchange
314,310,Hipsters,Phil,Directed,1,245,Exchange
314,313,Hipsters,Squatters,Directed,1,244,Exchange
314,313,Hipsters,Squatters,Directed,1,245,Exchange
378,377,Hired thugs,Someone else on the yacht,Directed,1,138,Exchange
378,375,Hired thugs,Someone on the yacht,Directed,1,138,Exchange
341,343,Husband (in the Rolling Head story),Daughter (in the Rolling Head story),Directed,1,6,Exchange
341,344,Husband (in the Rolling Head story),Son (in the Rolling Head story),Directed,1,6,Exchange
341,342,Husband (in the Rolling Head story),Wife (in the Rolling Head story),Directed,1,6,Exchange
341,345,Husband (in the Rolling Head story),water monster,Directed,1,6,Exchange
223,82,"Indian Head (''test pattern Indian"")",Jacquie Red Feather,Directed,1,167,Exchange
223,85,"Indian Head (''test pattern Indian"")",Opal Viola Victoria Bear Shield,Directed,1,167,Exchange
351,354,Indigenous people,Colonel John Chivington,Directed,1,8,Exchange
351,325,Indigenous people,Colonizers/colonists,Directed,1,139,Exchange
351,208,Indigenous people,Families,Directed,1,135,Exchange
351,319,Indigenous people,Powwows,Directed,1,134,Exchange
351,319,Indigenous people,Powwows,Directed,1,135,Exchange
351,323,Indigenous people,White people,Directed,1,137,Exchange
82,156,Jacquie Red Feather,"""old Indian guy in a baseball cap""",Directed,1,102,Exchange
82,192,Jacquie Red Feather,"""two [wearing] baseball caps""",Directed,1,108,Exchange
82,192,Jacquie Red Feather,"""two [wearing] baseball caps""",Directed,1,109,Exchange
82,192,Jacquie Red Feather,"""two [wearing] baseball caps""",Directed,1,110,Exchange
82,192,Jacquie Red Feather,"""two [wearing] baseball caps""",Directed,1,111,Exchange
82,192,Jacquie Red Feather,"""two [wearing] baseball caps""",Directed,1,112,Exchange
82,192,Jacquie Red Feather,"""two [wearing] baseball caps""",Directed,1,113,Exchange
82,88,Jacquie Red Feather,Blue,Directed,1,259,Exchange
82,88,Jacquie Red Feather,Blue,Directed,1,260,Exchange
82,88,Jacquie Red Feather,Blue,Directed,1,282,Exchange
82,88,Jacquie Red Feather,Blue,Directed,1,283,Exchange
82,81,Jacquie Red Feather,Calvin Johnson,Directed,1,280,Exchange
82,76,Jacquie Red Feather,Carlos,Directed,1,280,Exchange
82,147,Jacquie Red Feather,Charles,Directed,1,280,Exchange
82,86,Jacquie Red Feather,Edwin Black,Directed,1,259,Exchange
82,86,Jacquie Red Feather,Edwin Black,Directed,1,260,Exchange
82,86,Jacquie Red Feather,Edwin Black,Directed,1,282,Exchange
82,152,Jacquie Red Feather,Florencia,Directed,1,98,Exchange
82,152,Jacquie Red Feather,Florencia,Directed,1,99,Exchange
82,161,Jacquie Red Feather,Group of teenagers,Directed,1,50,Exchange
82,178,Jacquie Red Feather,Harvey,Directed,1,52,Exchange
82,178,Jacquie Red Feather,Harvey,Directed,1,55,Exchange
82,178,Jacquie Red Feather,Harvey,Directed,1,56,Exchange
82,178,Jacquie Red Feather,Harvey,Directed,1,108,Exchange
82,178,Jacquie Red Feather,Harvey,Directed,1,109,Exchange
82,178,Jacquie Red Feather,Harvey,Directed,1,110,Exchange
82,178,Jacquie Red Feather,Harvey,Directed,1,111,Exchange
82,178,Jacquie Red Feather,Harvey,Directed,1,112,Exchange
82,178,Jacquie Red Feather,Harvey,Directed,1,113,Exchange
82,178,Jacquie Red Feather,Harvey,Directed,1,114,Exchange
82,178,Jacquie Red Feather,Harvey,Directed,1,115,Exchange
82,178,Jacquie Red Feather,Harvey,Directed,1,151,Exchange
82,178,Jacquie Red Feather,Harvey,Directed,1,152,Exchange
82,178,Jacquie Red Feather,Harvey,Directed,1,153,Exchange
82,178,Jacquie Red Feather,Harvey,Directed,1,154,Exchange
82,178,Jacquie Red Feather,Harvey,Directed,1,155,Exchange
82,178,Jacquie Red Feather,Harvey,Directed,1,253,Exchange
82,178,Jacquie Red Feather,Harvey,Directed,1,254,Exchange
82,178,Jacquie Red Feather,Harvey,Directed,1,255,Exchange
82,178,Jacquie Red Feather,Harvey,Directed,1,259,Exchange
82,178,Jacquie Red Feather,Harvey,Directed,1,260,Exchange
82,178,Jacquie Red Feather,Harvey,Directed,1,279,Exchange
82,178,Jacquie Red Feather,Harvey,Directed,1,280,Exchange
82,178,Jacquie Red Feather,Harvey,Directed,1,282,Exchange
82,178,Jacquie Red Feather,Harvey,Directed,1,283,Exchange
82,223,Jacquie Red Feather,"Indian Head (''test pattern Indian"")",Directed,1,167,Exchange
82,155,Jacquie Red Feather,Lony Red Feather,Directed,1,280,Exchange
82,155,Jacquie Red Feather,Lony Red Feather,Directed,1,283,Exchange
82,155,Jacquie Red Feather,Lony Red Feather,Directed,1,284,Exchange
82,154,Jacquie Red Feather,Loother Red Feather,Directed,1,280,Exchange
82,154,Jacquie Red Feather,Loother Red Feather,Directed,1,283,Exchange
82,154,Jacquie Red Feather,Loother Red Feather,Directed,1,284,Exchange
82,77,Jacquie Red Feather,Octavio Gomez,Directed,1,280,Exchange
82,207,Jacquie Red Feather,Old guy,Directed,1,108,Exchange
82,207,Jacquie Red Feather,Old guy,Directed,1,109,Exchange
82,207,Jacquie Red Feather,Old guy,Directed,1,110,Exchange
82,207,Jacquie Red Feather,Old guy,Directed,1,111,Exchange
82,207,Jacquie Red Feather,Old guy,Directed,1,112,Exchange
82,207,Jacquie Red Feather,Old guy,Directed,1,113,Exchange
82,85,Jacquie Red Feather,Opal Viola Victoria Bear Shield,Directed,1,49,Exchange
82,85,Jacquie Red Feather,Opal Viola Victoria Bear Shield,Directed,1,52,Exchange
82,85,Jacquie Red Feather,Opal Viola Victoria Bear Shield,Directed,1,53,Exchange
82,85,Jacquie Red Feather,Opal Viola Victoria Bear Shield,Directed,1,54,Exchange
82,85,Jacquie Red Feather,Opal Viola Victoria Bear Shield,Directed,1,56,Exchange
82,85,Jacquie Red Feather,Opal Viola Victoria Bear Shield,Directed,1,59,Exchange
82,85,Jacquie Red Feather,Opal Viola Victoria Bear Shield,Directed,1,60,Exchange
82,85,Jacquie Red Feather,Opal Viola Victoria Bear Shield,Directed,1,100,Exchange
82,85,Jacquie Red Feather,Opal Viola Victoria Bear Shield,Directed,1,101,Exchange
82,85,Jacquie Red Feather,Opal Viola Victoria Bear Shield,Directed,1,106,Exchange
82,85,Jacquie Red Feather,Opal Viola Victoria Bear Shield,Directed,1,107,Exchange
82,85,Jacquie Red Feather,Opal Viola Victoria Bear Shield,Directed,1,108,Exchange
82,85,Jacquie Red Feather,Opal Viola Victoria Bear Shield,Directed,1,109,Exchange
82,85,Jacquie Red Feather,Opal Viola Victoria Bear Shield,Directed,1,117,Exchange
82,85,Jacquie Red Feather,Opal Viola Victoria Bear Shield,Directed,1,154,Exchange
82,85,Jacquie Red Feather,Opal Viola Victoria Bear Shield,Directed,1,165,Exchange
82,85,Jacquie Red Feather,Opal Viola Victoria Bear Shield,Directed,1,166,Exchange
82,85,Jacquie Red Feather,Opal Viola Victoria Bear Shield,Directed,1,167,Exchange
82,85,Jacquie Red Feather,Opal Viola Victoria Bear Shield,Directed,1,280,Exchange
82,85,Jacquie Red Feather,Opal Viola Victoria Bear Shield,Directed,1,283,Exchange
82,85,Jacquie Red Feather,Opal Viola Victoria Bear Shield,Directed,1,284,Exchange
82,85,Jacquie Red Feather,Opal Viola Victoria Bear Shield,Directed,1,285,Exchange
82,83,Jacquie Red Feather,Orvil Red Feather,Directed,1,280,Exchange
82,83,Jacquie Red Feather,Orvil Red Feather,Directed,1,282,Exchange
82,185,Jacquie Red Feather,Ronald,Directed,1,166,Exchange
82,185,Jacquie Red Feather,Ronald,Directed,1,167,Exchange
82,224,Jacquie Red Feather,Social worker,Directed,1,167,Exchange
82,66,Jacquie Red Feather,Tony Loneman,Directed,1,280,Exchange
82,366,Jacquie Red Feather,Two nurses,Directed,1,282,Exchange
82,105,Jacquie Red Feather,Victoria (Vicky),Directed,1,45,Exchange
82,105,Jacquie Red Feather,Victoria (Vicky),Directed,1,46,Exchange
82,105,Jacquie Red Feather,Victoria (Vicky),Directed,1,47,Exchange
82,105,Jacquie Red Feather,Victoria (Vicky),Directed,1,49,Exchange
82,105,Jacquie Red Feather,Victoria (Vicky),Directed,1,57,Exchange
82,105,Jacquie Red Feather,Victoria (Vicky),Directed,1,106,Exchange
82,105,Jacquie Red Feather,Victoria (Vicky),Directed,1,112,Exchange
301,89,Jim,Thomas Frank,Directed,1,219,Exchange
301,89,Jim,Thomas Frank,Directed,1,220,Exchange
301,89,Jim,Thomas Frank,Directed,1,221,Exchange
337,338,Joaquin Murieta,Texas Rangers (government),Directed,1,5,Exchange
311,312,John,A couple of John's friends,Directed,1,244,Exchange
311,312,John,A couple of John's friends,Directed,1,245,Exchange
311,315,John,Corporate Tech Nerds,Directed,1,244,Exchange
311,315,John,Corporate Tech Nerds,Directed,1,245,Exchange
311,314,John,Hipsters,Directed,1,244,Exchange
311,314,John,Hipsters,Directed,1,245,Exchange
311,310,John,Phil,Directed,1,244,Exchange
311,310,John,Phil,Directed,1,245,Exchange
311,318,John,Record keepers,Directed,1,245,Exchange
311,313,John,Squatters,Directed,1,244,Exchange
311,313,John,Squatters,Directed,1,245,Exchange
331,327,John Alderman,Metacomet/ King Philip,Directed,1,4,Exchange
78,254,Josefina,Badger,Directed,1,183,Exchange
78,254,Josefina,Badger,Directed,1,184,Exchange
78,254,Josefina,Badger,Directed,1,185,Exchange
78,229,Josefina,Josefina's Father,Directed,1,172,Exchange
78,229,Josefina,Josefina's Father,Directed,1,173,Exchange
78,230,Josefina,Josefina's Mother,Directed,1,172,Exchange
78,230,Josefina,Josefina's Mother,Directed,1,173,Exchange
78,77,Josefina,Octavio Gomez,Directed,1,171,Exchange
78,77,Josefina,Octavio Gomez,Directed,1,172,Exchange
78,77,Josefina,Octavio Gomez,Directed,1,173,Exchange
78,77,Josefina,Octavio Gomez,Directed,1,175,Exchange
78,77,Josefina,Octavio Gomez,Directed,1,178,Exchange
78,77,Josefina,Octavio Gomez,Directed,1,179,Exchange
78,77,Josefina,Octavio Gomez,Directed,1,183,Exchange
78,77,Josefina,Octavio Gomez,Directed,1,184,Exchange
78,77,Josefina,Octavio Gomez,Directed,1,185,Exchange
78,77,Josefina,Octavio Gomez,Directed,1,186,Exchange
78,228,Josefina,Octavio Gomez's Father,Directed,1,181,Exchange
78,176,Josefina,Sixto,Directed,1,181,Exchange
78,235,Josefina,Sylvia,Directed,1,175,Exchange
229,78,Josefina's Father,Josefina,Directed,1,172,Exchange
229,78,Josefina's Father,Josefina,Directed,1,173,Exchange
229,230,Josefina's Father,Josefina's Mother,Directed,1,172,Exchange
229,230,Josefina's Father,Josefina's Mother,Directed,1,173,Exchange
230,78,Josefina's Mother,Josefina,Directed,1,172,Exchange
230,78,Josefina's Mother,Josefina,Directed,1,173,Exchange
230,229,Josefina's Mother,Josefina's Father,Directed,1,172,Exchange
230,229,Josefina's Mother,Josefina's Father,Directed,1,173,Exchange
71,80,Karen,Bill Davis,Directed,1,83,Exchange
71,80,Karen,Bill Davis,Directed,1,84,Exchange
71,80,Karen,Bill Davis,Directed,1,276,Exchange
71,80,Karen,Bill Davis,Directed,1,277,Exchange
71,86,Karen,Edwin Black,Directed,1,67,Exchange
71,86,Karen,Edwin Black,Directed,1,72,Exchange
71,86,Karen,Edwin Black,Directed,1,73,Exchange
71,86,Karen,Edwin Black,Directed,1,74,Exchange
71,86,Karen,Edwin Black,Directed,1,75,Exchange
71,86,Karen,Edwin Black,Directed,1,76,Exchange
71,86,Karen,Edwin Black,Directed,1,77,Exchange
71,66,Karen,Tony Loneman,Directed,1,17,Exchange
157,85,Kids in school,Opal Viola Victoria Bear Shield,Directed,1,46,Exchange
155,88,Lony Red Feather,Blue,Directed,1,283,Exchange
155,238,Lony Red Feather,CPS worker,Directed,1,124,Exchange
155,178,Lony Red Feather,Harvey,Directed,1,280,Exchange
155,178,Lony Red Feather,Harvey,Directed,1,283,Exchange
155,82,Lony Red Feather,Jacquie Red Feather,Directed,1,280,Exchange
155,82,Lony Red Feather,Jacquie Red Feather,Directed,1,283,Exchange
155,82,Lony Red Feather,Jacquie Red Feather,Directed,1,284,Exchange
155,154,Lony Red Feather,Loother Red Feather,Directed,1,120,Exchange
155,154,Lony Red Feather,Loother Red Feather,Directed,1,122,Exchange
155,154,Lony Red Feather,Loother Red Feather,Directed,1,126,Exchange
155,154,Lony Red Feather,Loother Red Feather,Directed,1,127,Exchange
155,154,Lony Red Feather,Loother Red Feather,Directed,1,128,Exchange
155,154,Lony Red Feather,Loother Red Feather,Directed,1,129,Exchange
155,154,Lony Red Feather,Loother Red Feather,Directed,1,130,Exchange
155,154,Lony Red Feather,Loother Red Feather,Directed,1,131,Exchange
155,154,Lony Red Feather,Loother Red Feather,Directed,1,132,Exchange
155,154,Lony Red Feather,Loother Red Feather,Directed,1,133,Exchange
155,154,Lony Red Feather,Loother Red Feather,Directed,1,164,Exchange
155,154,Lony Red Feather,Loother Red Feather,Directed,1,165,Exchange
155,154,Lony Red Feather,Loother Red Feather,Directed,1,229,Exchange
155,154,Lony Red Feather,Loother Red Feather,Directed,1,230,Exchange
155,154,Lony Red Feather,Loother Red Feather,Directed,1,231,Exchange
155,154,Lony Red Feather,Loother Red Feather,Directed,1,263,Exchange
155,154,Lony Red Feather,Loother Red Feather,Directed,1,264,Exchange
155,154,Lony Red Feather,Loother Red Feather,Directed,1,278,Exchange
155,154,Lony Red Feather,Loother Red Feather,Directed,1,280,Exchange
155,154,Lony Red Feather,Loother Red Feather,Directed,1,283,Exchange
155,154,Lony Red Feather,Loother Red Feather,Directed,1,284,Exchange
155,85,Lony Red Feather,Opal Viola Victoria Bear Shield,Directed,1,120,Exchange
155,85,Lony Red Feather,Opal Viola Victoria Bear Shield,Directed,1,164,Exchange
155,85,Lony Red Feather,Opal Viola Victoria Bear Shield,Directed,1,165,Exchange
155,85,Lony Red Feather,Opal Viola Victoria Bear Shield,Directed,1,278,Exchange
155,85,Lony Red Feather,Opal Viola Victoria Bear Shield,Directed,1,280,Exchange
155,85,Lony Red Feather,Opal Viola Victoria Bear Shield,Directed,1,283,Exchange
155,85,Lony Red Feather,Opal Viola Victoria Bear Shield,Directed,1,284,Exchange
155,83,Lony Red Feather,Orvil Red Feather,Directed,1,120,Exchange
155,83,Lony Red Feather,Orvil Red Feather,Directed,1,126,Exchange
155,83,Lony Red Feather,Orvil Red Feather,Directed,1,127,Exchange
155,83,Lony Red Feather,Orvil Red Feather,Directed,1,128,Exchange
155,83,Lony Red Feather,Orvil Red Feather,Directed,1,129,Exchange
155,83,Lony Red Feather,Orvil Red Feather,Directed,1,130,Exchange
155,83,Lony Red Feather,Orvil Red Feather,Directed,1,131,Exchange
155,83,Lony Red Feather,Orvil Red Feather,Directed,1,132,Exchange
155,83,Lony Red Feather,Orvil Red Feather,Directed,1,133,Exchange
155,83,Lony Red Feather,Orvil Red Feather,Directed,1,164,Exchange
155,83,Lony Red Feather,Orvil Red Feather,Directed,1,165,Exchange
155,83,Lony Red Feather,Orvil Red Feather,Directed,1,229,Exchange
155,83,Lony Red Feather,Orvil Red Feather,Directed,1,230,Exchange
155,83,Lony Red Feather,Orvil Red Feather,Directed,1,231,Exchange
155,83,Lony Red Feather,Orvil Red Feather,Directed,1,280,Exchange
155,184,Lony Red Feather,Police Officers,Directed,1,124,Exchange
155,270,Lony Red Feather,Powwow Dancers,Directed,1,264,Exchange
155,239,Lony Red Feather,Powwow singers,Directed,1,263,Exchange
155,239,Lony Red Feather,Powwow singers,Directed,1,264,Exchange
155,245,Lony Red Feather,Security Guard,Directed,1,133,Exchange
155,307,Lony Red Feather,The Crowd,Directed,1,241,Exchange
154,88,Loother Red Feather,Blue,Directed,1,283,Exchange
154,238,Loother Red Feather,CPS worker,Directed,1,124,Exchange
154,178,Loother Red Feather,Harvey,Directed,1,280,Exchange
154,178,Loother Red Feather,Harvey,Directed,1,283,Exchange
154,82,Loother Red Feather,Jacquie Red Feather,Directed,1,280,Exchange
154,82,Loother Red Feather,Jacquie Red Feather,Directed,1,283,Exchange
154,82,Loother Red Feather,Jacquie Red Feather,Directed,1,284,Exchange
154,155,Loother Red Feather,Lony Red Feather,Directed,1,120,Exchange
154,155,Loother Red Feather,Lony Red Feather,Directed,1,122,Exchange
154,155,Loother Red Feather,Lony Red Feather,Directed,1,126,Exchange
154,155,Loother Red Feather,Lony Red Feather,Directed,1,127,Exchange
154,155,Loother Red Feather,Lony Red Feather,Directed,1,128,Exchange
154,155,Loother Red Feather,Lony Red Feather,Directed,1,129,Exchange
154,155,Loother Red Feather,Lony Red Feather,Directed,1,130,Exchange
154,155,Loother Red Feather,Lony Red Feather,Directed,1,131,Exchange
154,155,Loother Red Feather,Lony Red Feather,Directed,1,132,Exchange
154,155,Loother Red Feather,Lony Red Feather,Directed,1,133,Exchange
154,155,Loother Red Feather,Lony Red Feather,Directed,1,164,Exchange
154,155,Loother Red Feather,Lony Red Feather,Directed,1,165,Exchange
154,155,Loother Red Feather,Lony Red Feather,Directed,1,229,Exchange
154,155,Loother Red Feather,Lony Red Feather,Directed,1,230,Exchange
154,155,Loother Red Feather,Lony Red Feather,Directed,1,231,Exchange
154,155,Loother Red Feather,Lony Red Feather,Directed,1,263,Exchange
154,155,Loother Red Feather,Lony Red Feather,Directed,1,264,Exchange
154,155,Loother Red Feather,Lony Red Feather,Directed,1,278,Exchange
154,155,Loother Red Feather,Lony Red Feather,Directed,1,280,Exchange
154,155,Loother Red Feather,Lony Red Feather,Directed,1,283,Exchange
154,155,Loother Red Feather,Lony Red Feather,Directed,1,284,Exchange
154,85,Loother Red Feather,Opal Viola Victoria Bear Shield,Directed,1,120,Exchange
154,85,Loother Red Feather,Opal Viola Victoria Bear Shield,Directed,1,164,Exchange
154,85,Loother Red Feather,Opal Viola Victoria Bear Shield,Directed,1,165,Exchange
154,85,Loother Red Feather,Opal Viola Victoria Bear Shield,Directed,1,278,Exchange
154,85,Loother Red Feather,Opal Viola Victoria Bear Shield,Directed,1,280,Exchange
154,85,Loother Red Feather,Opal Viola Victoria Bear Shield,Directed,1,283,Exchange
154,85,Loother Red Feather,Opal Viola Victoria Bear Shield,Directed,1,284,Exchange
154,83,Loother Red Feather,Orvil Red Feather,Directed,1,120,Exchange
154,83,Loother Red Feather,Orvil Red Feather,Directed,1,125,Exchange
154,83,Loother Red Feather,Orvil Red Feather,Directed,1,126,Exchange
154,83,Loother Red Feather,Orvil Red Feather,Directed,1,127,Exchange
154,83,Loother Red Feather,Orvil Red Feather,Directed,1,128,Exchange
154,83,Loother Red Feather,Orvil Red Feather,Directed,1,129,Exchange
154,83,Loother Red Feather,Orvil Red Feather,Directed,1,130,Exchange
154,83,Loother Red Feather,Orvil Red Feather,Directed,1,131,Exchange
154,83,Loother Red Feather,Orvil Red Feather,Directed,1,132,Exchange
154,83,Loother Red Feather,Orvil Red Feather,Directed,1,133,Exchange
154,83,Loother Red Feather,Orvil Red Feather,Directed,1,164,Exchange
154,83,Loother Red Feather,Orvil Red Feather,Directed,1,165,Exchange
154,83,Loother Red Feather,Orvil Red Feather,Directed,1,229,Exchange
154,83,Loother Red Feather,Orvil Red Feather,Directed,1,230,Exchange
154,83,Loother Red Feather,Orvil Red Feather,Directed,1,231,Exchange
154,83,Loother Red Feather,Orvil Red Feather,Directed,1,280,Exchange
154,184,Loother Red Feather,Police Officers,Directed,1,124,Exchange
154,270,Loother Red Feather,Powwow Dancers,Directed,1,264,Exchange
154,239,Loother Red Feather,Powwow singers,Directed,1,263,Exchange
154,239,Loother Red Feather,Powwow singers,Directed,1,264,Exchange
154,245,Loother Red Feather,Security Guard,Directed,1,133,Exchange
154,307,Loother Red Feather,The Crowd,Directed,1,241,Exchange
92,67,Lucas,Dene Oxendene,Directed,1,30,Exchange
92,67,Lucas,Dene Oxendene,Directed,1,31,Exchange
92,67,Lucas,Dene Oxendene,Directed,1,32,Exchange
92,67,Lucas,Dene Oxendene,Directed,1,33,Exchange
92,67,Lucas,Dene Oxendene,Directed,1,36,Exchange
92,67,Lucas,Dene Oxendene,Directed,1,37,Exchange
92,93,Lucas,Norma,Directed,1,30,Exchange
92,93,Lucas,Norma,Directed,1,31,Exchange
92,85,Lucas,Opal Viola Victoria Bear Shield,Directed,1,163,Exchange
92,85,Lucas,Opal Viola Victoria Bear Shield,Directed,1,164,Exchange
92,85,Lucas,Opal Viola Victoria Bear Shield,Directed,1,167,Exchange
92,85,Lucas,Opal Viola Victoria Bear Shield,Directed,1,168,Exchange
92,85,Lucas,Opal Viola Victoria Bear Shield,Directed,1,169,Exchange
92,85,Lucas,Opal Viola Victoria Bear Shield,Directed,1,170,Exchange
146,81,Maggie,Calvin Johnson,Directed,1,88,Exchange
146,81,Maggie,Calvin Johnson,Directed,1,89,Exchange
146,76,Maggie,Carlos,Directed,1,89,Exchange
146,147,Maggie,Charles,Directed,1,89,Exchange
236,87,Manny & Daniel's Dad,Daniel Gonzales,Directed,1,188,Exchange
236,168,Manny & Daniel's Dad,Manny Gonzales,Directed,1,176,Exchange
236,168,Manny & Daniel's Dad,Manny Gonzales,Directed,1,177,Exchange
236,77,Manny & Daniel's Dad,Octavio Gomez,Directed,1,177,Exchange
236,235,Manny & Daniel's Dad,Sylvia,Directed,1,176,Exchange
236,235,Manny & Daniel's Dad,Sylvia,Directed,1,177,Exchange
236,258,Manny & Daniel's Dad,The guys,Directed,1,188,Exchange
257,87,Manny & Daniel's Mother,Daniel Gonzales,Directed,1,196,Exchange
257,87,Manny & Daniel's Mother,Daniel Gonzales,Directed,1,266,Exchange
168,236,Manny Gonzales,Manny & Daniel's Dad,Directed,1,176,Exchange
168,236,Manny Gonzales,Manny & Daniel's Dad,Directed,1,177,Exchange
168,77,Manny Gonzales,Octavio Gomez,Directed,1,175,Exchange
168,77,Manny Gonzales,Octavio Gomez,Directed,1,176,Exchange
168,77,Manny Gonzales,Octavio Gomez,Directed,1,177,Exchange
168,77,Manny Gonzales,Octavio Gomez,Directed,1,178,Exchange
68,66,Mario,Tony Loneman,Directed,1,15,Exchange
324,325,Massasoit,Colonizers/colonists,Directed,1,4,Exchange
69,66,Maxine,Tony Loneman,Directed,1,15,Exchange
69,66,Maxine,Tony Loneman,Directed,1,17,Exchange
69,66,Maxine,Tony Loneman,Directed,1,18,Exchange
69,66,Maxine,Tony Loneman,Directed,1,19,Exchange
69,66,Maxine,Tony Loneman,Directed,1,20,Exchange
69,66,Maxine,Tony Loneman,Directed,1,21,Exchange
69,66,Maxine,Tony Loneman,Directed,1,288,Exchange
69,66,Maxine,Tony Loneman,Directed,1,289,Exchange
69,66,Maxine,Tony Loneman,Directed,1,290,Exchange
268,83,Men in the locker room,Orvil Red Feather,Directed,1,231,Exchange
268,83,Men in the locker room,Orvil Red Feather,Directed,1,232,Exchange
327,330,Metacomet/ King Philip,Benjamin Church,Directed,1,4,Exchange
327,325,Metacomet/ King Philip,Colonizers/colonists,Directed,1,4,Exchange
327,331,Metacomet/ King Philip,John Alderman,Directed,1,4,Exchange
93,67,Norma,Dene Oxendene,Directed,1,30,Exchange
93,67,Norma,Dene Oxendene,Directed,1,31,Exchange
93,67,Norma,Dene Oxendene,Directed,1,34,Exchange
93,67,Norma,Dene Oxendene,Directed,1,35,Exchange
93,67,Norma,Dene Oxendene,Directed,1,36,Exchange
93,67,Norma,Dene Oxendene,Directed,1,43,Exchange
93,92,Norma,Lucas,Directed,1,30,Exchange
93,92,Norma,Lucas,Directed,1,31,Exchange
130,131,Oakland Athletics,San Francisco Giants,Directed,1,86,Exchange
77,251,Octavio Gomez,A Bird,Directed,1,180,Exchange
77,254,Octavio Gomez,Badger,Directed,1,183,Exchange
77,254,Octavio Gomez,Badger,Directed,1,184,Exchange
77,254,Octavio Gomez,Badger,Directed,1,185,Exchange
77,88,Octavio Gomez,Blue,Directed,1,267,Exchange
77,88,Octavio Gomez,Blue,Directed,1,272,Exchange
77,88,Octavio Gomez,Blue,Directed,1,273,Exchange
77,81,Octavio Gomez,Calvin Johnson,Directed,1,93,Exchange
77,81,Octavio Gomez,Calvin Johnson,Directed,1,94,Exchange
77,81,Octavio Gomez,Calvin Johnson,Directed,1,95,Exchange
77,81,Octavio Gomez,Calvin Johnson,Directed,1,96,Exchange
77,81,Octavio Gomez,Calvin Johnson,Directed,1,97,Exchange
77,81,Octavio Gomez,Calvin Johnson,Directed,1,248,Exchange
77,81,Octavio Gomez,Calvin Johnson,Directed,1,249,Exchange
77,81,Octavio Gomez,Calvin Johnson,Directed,1,250,Exchange
77,81,Octavio Gomez,Calvin Johnson,Directed,1,256,Exchange
77,81,Octavio Gomez,Calvin Johnson,Directed,1,270,Exchange
77,81,Octavio Gomez,Calvin Johnson,Directed,1,272,Exchange
77,81,Octavio Gomez,Calvin Johnson,Directed,1,273,Exchange
77,81,Octavio Gomez,Calvin Johnson,Directed,1,274,Exchange
77,81,Octavio Gomez,Calvin Johnson,Directed,1,286,Exchange
77,81,Octavio Gomez,Calvin Johnson,Directed,1,287,Exchange
77,76,Octavio Gomez,Carlos,Directed,1,93,Exchange
77,76,Octavio Gomez,Carlos,Directed,1,94,Exchange
77,76,Octavio Gomez,Carlos,Directed,1,95,Exchange
77,76,Octavio Gomez,Carlos,Directed,1,96,Exchange
77,76,Octavio Gomez,Carlos,Directed,1,97,Exchange
77,76,Octavio Gomez,Carlos,Directed,1,248,Exchange
77,76,Octavio Gomez,Carlos,Directed,1,249,Exchange
77,76,Octavio Gomez,Carlos,Directed,1,250,Exchange
77,76,Octavio Gomez,Carlos,Directed,1,256,Exchange
77,76,Octavio Gomez,Carlos,Directed,1,272,Exchange
77,76,Octavio Gomez,Carlos,Directed,1,273,Exchange
77,76,Octavio Gomez,Carlos,Directed,1,274,Exchange
77,76,Octavio Gomez,Carlos,Directed,1,286,Exchange
77,76,Octavio Gomez,Carlos,Directed,1,287,Exchange
77,147,Octavio Gomez,Charles,Directed,1,93,Exchange
77,147,Octavio Gomez,Charles,Directed,1,94,Exchange
77,147,Octavio Gomez,Charles,Directed,1,95,Exchange
77,147,Octavio Gomez,Charles,Directed,1,96,Exchange
77,147,Octavio Gomez,Charles,Directed,1,97,Exchange
77,147,Octavio Gomez,Charles,Directed,1,248,Exchange
77,147,Octavio Gomez,Charles,Directed,1,249,Exchange
77,147,Octavio Gomez,Charles,Directed,1,250,Exchange
77,147,Octavio Gomez,Charles,Directed,1,256,Exchange
77,147,Octavio Gomez,Charles,Directed,1,272,Exchange
77,147,Octavio Gomez,Charles,Directed,1,273,Exchange
77,147,Octavio Gomez,Charles,Directed,1,274,Exchange
77,147,Octavio Gomez,Charles,Directed,1,286,Exchange
77,147,Octavio Gomez,Charles,Directed,1,287,Exchange
77,87,Octavio Gomez,Daniel Gonzales,Directed,1,175,Exchange
77,87,Octavio Gomez,Daniel Gonzales,Directed,1,176,Exchange
77,87,Octavio Gomez,Daniel Gonzales,Directed,1,177,Exchange
77,87,Octavio Gomez,Daniel Gonzales,Directed,1,178,Exchange
77,87,Octavio Gomez,Daniel Gonzales,Directed,1,192,Exchange
77,87,Octavio Gomez,Daniel Gonzales,Directed,1,193,Exchange
77,87,Octavio Gomez,Daniel Gonzales,Directed,1,194,Exchange
77,87,Octavio Gomez,Daniel Gonzales,Directed,1,195,Exchange
77,87,Octavio Gomez,Daniel Gonzales,Directed,1,196,Exchange
77,87,Octavio Gomez,Daniel Gonzales,Directed,1,251,Exchange
77,87,Octavio Gomez,Daniel Gonzales,Directed,1,252,Exchange
77,67,Octavio Gomez,Dene Oxendene,Directed,1,270,Exchange
77,86,Octavio Gomez,Edwin Black,Directed,1,272,Exchange
77,86,Octavio Gomez,Edwin Black,Directed,1,273,Exchange
77,82,Octavio Gomez,Jacquie Red Feather,Directed,1,280,Exchange
77,78,Octavio Gomez,Josefina,Directed,1,171,Exchange
77,78,Octavio Gomez,Josefina,Directed,1,172,Exchange
77,78,Octavio Gomez,Josefina,Directed,1,173,Exchange
77,78,Octavio Gomez,Josefina,Directed,1,175,Exchange
77,78,Octavio Gomez,Josefina,Directed,1,178,Exchange
77,78,Octavio Gomez,Josefina,Directed,1,179,Exchange
77,78,Octavio Gomez,Josefina,Directed,1,183,Exchange
77,78,Octavio Gomez,Josefina,Directed,1,184,Exchange
77,78,Octavio Gomez,Josefina,Directed,1,185,Exchange
77,78,Octavio Gomez,Josefina,Directed,1,186,Exchange
77,236,Octavio Gomez,Manny & Daniel's Dad,Directed,1,177,Exchange
77,168,Octavio Gomez,Manny Gonzales,Directed,1,175,Exchange
77,168,Octavio Gomez,Manny Gonzales,Directed,1,176,Exchange
77,168,Octavio Gomez,Manny Gonzales,Directed,1,177,Exchange
77,168,Octavio Gomez,Manny Gonzales,Directed,1,178,Exchange
77,228,Octavio Gomez,Octavio Gomez's Father,Directed,1,179,Exchange
77,228,Octavio Gomez,Octavio Gomez's Father,Directed,1,180,Exchange
77,245,Octavio Gomez,Security Guard,Directed,1,256,Exchange
77,176,Octavio Gomez,Sixto,Directed,1,180,Exchange
77,176,Octavio Gomez,Sixto,Directed,1,181,Exchange
77,176,Octavio Gomez,Sixto,Directed,1,182,Exchange
77,176,Octavio Gomez,Sixto,Directed,1,183,Exchange
77,235,Octavio Gomez,Sylvia,Directed,1,178,Exchange
77,89,Octavio Gomez,Thomas Frank,Directed,1,274,Exchange
77,66,Octavio Gomez,Tony Loneman,Directed,1,22,Exchange
77,66,Octavio Gomez,Tony Loneman,Directed,1,23,Exchange
77,66,Octavio Gomez,Tony Loneman,Directed,1,24,Exchange
77,66,Octavio Gomez,Tony Loneman,Directed,1,25,Exchange
77,66,Octavio Gomez,Tony Loneman,Directed,1,26,Exchange
77,66,Octavio Gomez,Tony Loneman,Directed,1,270,Exchange
77,66,Octavio Gomez,Tony Loneman,Directed,1,272,Exchange
77,66,Octavio Gomez,Tony Loneman,Directed,1,273,Exchange
77,66,Octavio Gomez,Tony Loneman,Directed,1,286,Exchange
77,66,Octavio Gomez,Tony Loneman,Directed,1,287,Exchange
228,356,Octavio Gomez's Father,Drug Dealers,Directed,1,174,Exchange
228,78,Octavio Gomez's Father,Josefina,Directed,1,181,Exchange
228,77,Octavio Gomez's Father,Octavio Gomez,Directed,1,179,Exchange
228,77,Octavio Gomez's Father,Octavio Gomez,Directed,1,180,Exchange
207,178,Old guy,Harvey,Directed,1,108,Exchange
207,178,Old guy,Harvey,Directed,1,109,Exchange
207,178,Old guy,Harvey,Directed,1,110,Exchange
207,178,Old guy,Harvey,Directed,1,111,Exchange
207,178,Old guy,Harvey,Directed,1,112,Exchange
207,178,Old guy,Harvey,Directed,1,113,Exchange
207,82,Old guy,Jacquie Red Feather,Directed,1,108,Exchange
207,82,Old guy,Jacquie Red Feather,Directed,1,109,Exchange
207,82,Old guy,Jacquie Red Feather,Directed,1,110,Exchange
207,82,Old guy,Jacquie Red Feather,Directed,1,111,Exchange
207,82,Old guy,Jacquie Red Feather,Directed,1,112,Exchange
207,82,Old guy,Jacquie Red Feather,Directed,1,113,Exchange
285,88,Old woman in the greyhound station,Blue,Directed,1,206,Exchange
285,88,Old woman in the greyhound station,Blue,Directed,1,207,Exchange
285,274,Old woman in the greyhound station,Paul,Directed,1,206,Exchange
285,274,Old woman in the greyhound station,Paul,Directed,1,207,Exchange
85,183,Opal Viola Victoria Bear Shield,"""Older men"" (at Alcatraz)",Directed,1,54,Exchange
85,183,Opal Viola Victoria Bear Shield,"""Older men"" (at Alcatraz)",Directed,1,55,Exchange
85,88,Opal Viola Victoria Bear Shield,Blue,Directed,1,283,Exchange
85,238,Opal Viola Victoria Bear Shield,CPS worker,Directed,1,124,Exchange
85,81,Opal Viola Victoria Bear Shield,Calvin Johnson,Directed,1,278,Exchange
85,76,Opal Viola Victoria Bear Shield,Carlos,Directed,1,278,Exchange
85,147,Opal Viola Victoria Bear Shield,Charles,Directed,1,278,Exchange
85,174,Opal Viola Victoria Bear Shield,Doctors,Directed,1,285,Exchange
85,178,Opal Viola Victoria Bear Shield,Harvey,Directed,1,280,Exchange
85,178,Opal Viola Victoria Bear Shield,Harvey,Directed,1,283,Exchange
85,223,Opal Viola Victoria Bear Shield,"Indian Head (''test pattern Indian"")",Directed,1,167,Exchange
85,82,Opal Viola Victoria Bear Shield,Jacquie Red Feather,Directed,1,49,Exchange
85,82,Opal Viola Victoria Bear Shield,Jacquie Red Feather,Directed,1,52,Exchange
85,82,Opal Viola Victoria Bear Shield,Jacquie Red Feather,Directed,1,53,Exchange
85,82,Opal Viola Victoria Bear Shield,Jacquie Red Feather,Directed,1,54,Exchange
85,82,Opal Viola Victoria Bear Shield,Jacquie Red Feather,Directed,1,55,Exchange
85,82,Opal Viola Victoria Bear Shield,Jacquie Red Feather,Directed,1,56,Exchange
85,82,Opal Viola Victoria Bear Shield,Jacquie Red Feather,Directed,1,59,Exchange
85,82,Opal Viola Victoria Bear Shield,Jacquie Red Feather,Directed,1,60,Exchange
85,82,Opal Viola Victoria Bear Shield,Jacquie Red Feather,Directed,1,100,Exchange
85,82,Opal Viola Victoria Bear Shield,Jacquie Red Feather,Directed,1,101,Exchange
85,82,Opal Viola Victoria Bear Shield,Jacquie Red Feather,Directed,1,106,Exchange
85,82,Opal Viola Victoria Bear Shield,Jacquie Red Feather,Directed,1,107,Exchange
85,82,Opal Viola Victoria Bear Shield,Jacquie Red Feather,Directed,1,108,Exchange
85,82,Opal Viola Victoria Bear Shield,Jacquie Red Feather,Directed,1,109,Exchange
85,82,Opal Viola Victoria Bear Shield,Jacquie Red Feather,Directed,1,117,Exchange
85,82,Opal Viola Victoria Bear Shield,Jacquie Red Feather,Directed,1,154,Exchange
85,82,Opal Viola Victoria Bear Shield,Jacquie Red Feather,Directed,1,165,Exchange
85,82,Opal Viola Victoria Bear Shield,Jacquie Red Feather,Directed,1,166,Exchange
85,82,Opal Viola Victoria Bear Shield,Jacquie Red Feather,Directed,1,167,Exchange
85,82,Opal Viola Victoria Bear Shield,Jacquie Red Feather,Directed,1,280,Exchange
85,82,Opal Viola Victoria Bear Shield,Jacquie Red Feather,Directed,1,283,Exchange
85,82,Opal Viola Victoria Bear Shield,Jacquie Red Feather,Directed,1,284,Exchange
85,82,Opal Viola Victoria Bear Shield,Jacquie Red Feather,Directed,1,285,Exchange
85,157,Opal Viola Victoria Bear Shield,Kids in school,Directed,1,46,Exchange
85,155,Opal Viola Victoria Bear Shield,Lony Red Feather,Directed,1,120,Exchange
85,155,Opal Viola Victoria Bear Shield,Lony Red Feather,Directed,1,164,Exchange
85,155,Opal Viola Victoria Bear Shield,Lony Red Feather,Directed,1,165,Exchange
85,155,Opal Viola Victoria Bear Shield,Lony Red Feather,Directed,1,278,Exchange
85,155,Opal Viola Victoria Bear Shield,Lony Red Feather,Directed,1,280,Exchange
85,155,Opal Viola Victoria Bear Shield,Lony Red Feather,Directed,1,283,Exchange
85,155,Opal Viola Victoria Bear Shield,Lony Red Feather,Directed,1,284,Exchange
85,154,Opal Viola Victoria Bear Shield,Loother Red Feather,Directed,1,120,Exchange
85,154,Opal Viola Victoria Bear Shield,Loother Red Feather,Directed,1,164,Exchange
85,154,Opal Viola Victoria Bear Shield,Loother Red Feather,Directed,1,165,Exchange
85,154,Opal Viola Victoria Bear Shield,Loother Red Feather,Directed,1,278,Exchange
85,154,Opal Viola Victoria Bear Shield,Loother Red Feather,Directed,1,280,Exchange
85,154,Opal Viola Victoria Bear Shield,Loother Red Feather,Directed,1,283,Exchange
85,154,Opal Viola Victoria Bear Shield,Loother Red Feather,Directed,1,284,Exchange
85,92,Opal Viola Victoria Bear Shield,Lucas,Directed,1,163,Exchange
85,92,Opal Viola Victoria Bear Shield,Lucas,Directed,1,164,Exchange
85,92,Opal Viola Victoria Bear Shield,Lucas,Directed,1,167,Exchange
85,92,Opal Viola Victoria Bear Shield,Lucas,Directed,1,168,Exchange
85,92,Opal Viola Victoria Bear Shield,Lucas,Directed,1,169,Exchange
85,92,Opal Viola Victoria Bear Shield,Lucas,Directed,1,170,Exchange
85,77,Opal Viola Victoria Bear Shield,Octavio Gomez,Directed,1,278,Exchange
85,83,Opal Viola Victoria Bear Shield,Orvil Red Feather,Directed,1,118,Exchange
85,83,Opal Viola Victoria Bear Shield,Orvil Red Feather,Directed,1,119,Exchange
85,83,Opal Viola Victoria Bear Shield,Orvil Red Feather,Directed,1,120,Exchange
85,83,Opal Viola Victoria Bear Shield,Orvil Red Feather,Directed,1,159,Exchange
85,83,Opal Viola Victoria Bear Shield,Orvil Red Feather,Directed,1,160,Exchange
85,83,Opal Viola Victoria Bear Shield,Orvil Red Feather,Directed,1,162,Exchange
85,83,Opal Viola Victoria Bear Shield,Orvil Red Feather,Directed,1,163,Exchange
85,83,Opal Viola Victoria Bear Shield,Orvil Red Feather,Directed,1,164,Exchange
85,83,Opal Viola Victoria Bear Shield,Orvil Red Feather,Directed,1,165,Exchange
85,83,Opal Viola Victoria Bear Shield,Orvil Red Feather,Directed,1,280,Exchange
85,83,Opal Viola Victoria Bear Shield,Orvil Red Feather,Directed,1,285,Exchange
85,184,Opal Viola Victoria Bear Shield,Police Officers,Directed,1,124,Exchange
85,179,Opal Viola Victoria Bear Shield,Rocky,Directed,1,53,Exchange
85,179,Opal Viola Victoria Bear Shield,Rocky,Directed,1,54,Exchange
85,179,Opal Viola Victoria Bear Shield,Rocky,Directed,1,55,Exchange
85,185,Opal Viola Victoria Bear Shield,Ronald,Directed,1,166,Exchange
85,185,Opal Viola Victoria Bear Shield,Ronald,Directed,1,167,Exchange
85,224,Opal Viola Victoria Bear Shield,Social worker,Directed,1,167,Exchange
85,355,Opal Viola Victoria Bear Shield,Storey (Baseball Bat),Directed,1,166,Exchange
85,355,Opal Viola Victoria Bear Shield,Storey (Baseball Bat),Directed,1,167,Exchange
85,307,Opal Viola Victoria Bear Shield,The Crowd,Directed,1,241,Exchange
85,66,Opal Viola Victoria Bear Shield,Tony Loneman,Directed,1,278,Exchange
85,115,Opal Viola Victoria Bear Shield,Two Shoes,Directed,1,50,Exchange
85,115,Opal Viola Victoria Bear Shield,Two Shoes,Directed,1,51,Exchange
85,115,Opal Viola Victoria Bear Shield,Two Shoes,Directed,1,52,Exchange
85,115,Opal Viola Victoria Bear Shield,Two Shoes,Directed,1,285,Exchange
85,105,Opal Viola Victoria Bear Shield,Victoria (Vicky),Directed,1,45,Exchange
85,105,Opal Viola Victoria Bear Shield,Victoria (Vicky),Directed,1,46,Exchange
85,105,Opal Viola Victoria Bear Shield,Victoria (Vicky),Directed,1,47,Exchange
85,105,Opal Viola Victoria Bear Shield,Victoria (Vicky),Directed,1,48,Exchange
85,105,Opal Viola Victoria Bear Shield,Victoria (Vicky),Directed,1,49,Exchange
85,105,Opal Viola Victoria Bear Shield,Victoria (Vicky),Directed,1,50,Exchange
85,105,Opal Viola Victoria Bear Shield,Victoria (Vicky),Directed,1,57,Exchange
85,105,Opal Viola Victoria Bear Shield,Victoria (Vicky),Directed,1,58,Exchange
85,105,Opal Viola Victoria Bear Shield,Victoria (Vicky),Directed,1,106,Exchange
85,217,Opal Viola Victoria Bear Shield,Woman in the car,Directed,1,161,Exchange
85,226,Opal Viola Victoria Bear Shield,tiger-striped pitbull,Directed,1,170,Exchange
83,269,Orvil Red Feather,"""huge Indian guy""",Directed,1,231,Exchange
83,269,Orvil Red Feather,"""huge Indian guy""",Directed,1,232,Exchange
83,238,Orvil Red Feather,CPS worker,Directed,1,124,Exchange
83,81,Orvil Red Feather,Calvin Johnson,Directed,1,273,Exchange
83,67,Orvil Red Feather,Dene Oxendene,Directed,1,122,Exchange
83,67,Orvil Red Feather,Dene Oxendene,Directed,1,123,Exchange
83,67,Orvil Red Feather,Dene Oxendene,Directed,1,124,Exchange
83,178,Orvil Red Feather,Harvey,Directed,1,280,Exchange
83,82,Orvil Red Feather,Jacquie Red Feather,Directed,1,280,Exchange
83,82,Orvil Red Feather,Jacquie Red Feather,Directed,1,282,Exchange
83,155,Orvil Red Feather,Lony Red Feather,Directed,1,120,Exchange
83,155,Orvil Red Feather,Lony Red Feather,Directed,1,126,Exchange
83,155,Orvil Red Feather,Lony Red Feather,Directed,1,127,Exchange
83,155,Orvil Red Feather,Lony Red Feather,Directed,1,128,Exchange
83,155,Orvil Red Feather,Lony Red Feather,Directed,1,129,Exchange
83,155,Orvil Red Feather,Lony Red Feather,Directed,1,130,Exchange
83,155,Orvil Red Feather,Lony Red Feather,Directed,1,131,Exchange
83,155,Orvil Red Feather,Lony Red Feather,Directed,1,132,Exchange
83,155,Orvil Red Feather,Lony Red Feather,Directed,1,133,Exchange
83,155,Orvil Red Feather,Lony Red Feather,Directed,1,164,Exchange
83,155,Orvil Red Feather,Lony Red Feather,Directed,1,165,Exchange
83,155,Orvil Red Feather,Lony Red Feather,Directed,1,229,Exchange
83,155,Orvil Red Feather,Lony Red Feather,Directed,1,230,Exchange
83,155,Orvil Red Feather,Lony Red Feather,Directed,1,231,Exchange
83,155,Orvil Red Feather,Lony Red Feather,Directed,1,280,Exchange
83,154,Orvil Red Feather,Loother Red Feather,Directed,1,120,Exchange
83,154,Orvil Red Feather,Loother Red Feather,Directed,1,125,Exchange
83,154,Orvil Red Feather,Loother Red Feather,Directed,1,126,Exchange
83,154,Orvil Red Feather,Loother Red Feather,Directed,1,127,Exchange
83,154,Orvil Red Feather,Loother Red Feather,Directed,1,128,Exchange
83,154,Orvil Red Feather,Loother Red Feather,Directed,1,129,Exchange
83,154,Orvil Red Feather,Loother Red Feather,Directed,1,130,Exchange
83,154,Orvil Red Feather,Loother Red Feather,Directed,1,131,Exchange
83,154,Orvil Red Feather,Loother Red Feather,Directed,1,132,Exchange
83,154,Orvil Red Feather,Loother Red Feather,Directed,1,133,Exchange
83,154,Orvil Red Feather,Loother Red Feather,Directed,1,164,Exchange
83,154,Orvil Red Feather,Loother Red Feather,Directed,1,165,Exchange
83,154,Orvil Red Feather,Loother Red Feather,Directed,1,229,Exchange
83,154,Orvil Red Feather,Loother Red Feather,Directed,1,230,Exchange
83,154,Orvil Red Feather,Loother Red Feather,Directed,1,231,Exchange
83,154,Orvil Red Feather,Loother Red Feather,Directed,1,280,Exchange
83,268,Orvil Red Feather,Men in the locker room,Directed,1,231,Exchange
83,268,Orvil Red Feather,Men in the locker room,Directed,1,232,Exchange
83,85,Orvil Red Feather,Opal Viola Victoria Bear Shield,Directed,1,118,Exchange
83,85,Orvil Red Feather,Opal Viola Victoria Bear Shield,Directed,1,119,Exchange
83,85,Orvil Red Feather,Opal Viola Victoria Bear Shield,Directed,1,120,Exchange
83,85,Orvil Red Feather,Opal Viola Victoria Bear Shield,Directed,1,128,Exchange
83,85,Orvil Red Feather,Opal Viola Victoria Bear Shield,Directed,1,159,Exchange
83,85,Orvil Red Feather,Opal Viola Victoria Bear Shield,Directed,1,160,Exchange
83,85,Orvil Red Feather,Opal Viola Victoria Bear Shield,Directed,1,162,Exchange
83,85,Orvil Red Feather,Opal Viola Victoria Bear Shield,Directed,1,163,Exchange
83,85,Orvil Red Feather,Opal Viola Victoria Bear Shield,Directed,1,164,Exchange
83,85,Orvil Red Feather,Opal Viola Victoria Bear Shield,Directed,1,165,Exchange
83,85,Orvil Red Feather,Opal Viola Victoria Bear Shield,Directed,1,280,Exchange
83,184,Orvil Red Feather,Police Officers,Directed,1,124,Exchange
83,214,Orvil Red Feather,Powwow Dancer on TV,Directed,1,121,Exchange
83,270,Orvil Red Feather,Powwow Dancers,Directed,1,231,Exchange
83,270,Orvil Red Feather,Powwow Dancers,Directed,1,232,Exchange
83,270,Orvil Red Feather,Powwow Dancers,Directed,1,233,Exchange
83,239,Orvil Red Feather,Powwow singers,Directed,1,126,Exchange
83,245,Orvil Red Feather,Security Guard,Directed,1,133,Exchange
83,307,Orvil Red Feather,The Crowd,Directed,1,241,Exchange
83,186,Orvil Red Feather,Trickster Spider (Veho),Directed,1,125,Exchange
83,186,Orvil Red Feather,Trickster Spider (Veho),Directed,1,162,Exchange
274,88,Paul,Blue,Directed,1,204,Exchange
274,88,Paul,Blue,Directed,1,205,Exchange
274,88,Paul,Blue,Directed,1,206,Exchange
274,88,Paul,Blue,Directed,1,207,Exchange
274,280,Paul,Hector,Directed,1,204,Exchange
274,285,Paul,Old woman in the greyhound station,Directed,1,206,Exchange
274,285,Paul,Old woman in the greyhound station,Directed,1,207,Exchange
373,377,People drowning,Someone else on the yacht,Directed,1,138,Exchange
272,66,People on the train,Tony Loneman,Directed,1,234,Exchange
272,66,People on the train,Tony Loneman,Directed,1,235,Exchange
332,325,Pequot,Colonizers/colonists,Directed,1,5,Exchange
117,80,Person stabbed by Bill Davis,Bill Davis,Directed,1,85,Exchange
310,312,Phil,A couple of John's friends,Directed,1,244,Exchange
310,312,Phil,A couple of John's friends,Directed,1,245,Exchange
310,315,Phil,Corporate Tech Nerds,Directed,1,244,Exchange
310,315,Phil,Corporate Tech Nerds,Directed,1,245,Exchange
310,314,Phil,Hipsters,Directed,1,244,Exchange
310,314,Phil,Hipsters,Directed,1,245,Exchange
310,311,Phil,John,Directed,1,244,Exchange
310,311,Phil,John,Directed,1,245,Exchange
310,313,Phil,Squatters,Directed,1,244,Exchange
310,313,Phil,Squatters,Directed,1,245,Exchange
184,238,Police Officers,CPS worker,Directed,1,124,Exchange
184,155,Police Officers,Lony Red Feather,Directed,1,124,Exchange
184,154,Police Officers,Loother Red Feather,Directed,1,124,Exchange
184,85,Police Officers,Opal Viola Victoria Bear Shield,Directed,1,124,Exchange
184,83,Police Officers,Orvil Red Feather,Directed,1,124,Exchange
184,176,Police Officers,Sixto,Directed,1,178,Exchange
184,176,Police Officers,Sixto,Directed,1,179,Exchange
248,88,Powwow Committee,Blue,Directed,1,246,Exchange
248,88,Powwow Committee,Blue,Directed,1,247,Exchange
248,308,Powwow Committee,Drum Groups,Directed,1,243,Exchange
248,86,Powwow Committee,Edwin Black,Directed,1,246,Exchange
248,86,Powwow Committee,Edwin Black,Directed,1,247,Exchange
248,270,Powwow Committee,Powwow Dancers,Directed,1,243,Exchange
248,309,Powwow Committee,Vendors,Directed,1,243,Exchange
270,88,Powwow Dancers,Blue,Directed,1,243,Exchange
270,86,Powwow Dancers,Edwin Black,Directed,1,243,Exchange
270,178,Powwow Dancers,Harvey,Directed,1,257,Exchange
270,155,Powwow Dancers,Lony Red Feather,Directed,1,264,Exchange
270,154,Powwow Dancers,Loother Red Feather,Directed,1,264,Exchange
270,83,Powwow Dancers,Orvil Red Feather,Directed,1,231,Exchange
270,83,Powwow Dancers,Orvil Red Feather,Directed,1,232,Exchange
270,83,Powwow Dancers,Orvil Red Feather,Directed,1,233,Exchange
270,248,Powwow Dancers,Powwow Committee,Directed,1,243,Exchange
304,303,Prayer circle,DeLonna,Directed,1,223,Exchange
304,286,Prayer circle,Thomas Frank's Mother,Directed,1,223,Exchange
318,311,Record keepers,John,Directed,1,245,Exchange
318,310,Record keepers,Phil,Directed,1,245,Exchange
95,67,Rob,Dene Oxendene,Directed,1,37,Exchange
95,67,Rob,Dene Oxendene,Directed,1,38,Exchange
95,67,Rob,Dene Oxendene,Directed,1,39,Exchange
179,161,Rocky,Group of teenagers,Directed,1,53,Exchange
179,178,Rocky,Harvey,Directed,1,111,Exchange
179,178,Rocky,Harvey,Directed,1,112,Exchange
179,85,Rocky,Opal Viola Victoria Bear Shield,Directed,1,53,Exchange
179,85,Rocky,Opal Viola Victoria Bear Shield,Directed,1,54,Exchange
179,85,Rocky,Opal Viola Victoria Bear Shield,Directed,1,55,Exchange
179,180,Rocky,Rocky's Dad,Directed,1,112,Exchange
180,178,Rocky's Dad,Harvey,Directed,1,112,Exchange
180,179,Rocky's Dad,Rocky,Directed,1,112,Exchange
346,343,Rolling Head,Daughter (in the Rolling Head story),Directed,1,6,Exchange
346,344,Rolling Head,Son (in the Rolling Head story),Directed,1,6,Exchange
185,82,Ronald,Jacquie Red Feather,Directed,1,166,Exchange
185,82,Ronald,Jacquie Red Feather,Directed,1,167,Exchange
185,85,Ronald,Opal Viola Victoria Bear Shield,Directed,1,166,Exchange
185,85,Ronald,Opal Viola Victoria Bear Shield,Directed,1,167,Exchange
185,355,Ronald,Storey (Baseball Bat),Directed,1,166,Exchange
185,355,Ronald,Storey (Baseball Bat),Directed,1,167,Exchange
131,130,San Francisco Giants,Oakland Athletics,Directed,1,86,Exchange
245,155,Security Guard,Lony Red Feather,Directed,1,133,Exchange
245,154,Security Guard,Loother Red Feather,Directed,1,133,Exchange
245,77,Security Guard,Octavio Gomez,Directed,1,256,Exchange
245,83,Security Guard,Orvil Red Feather,Directed,1,133,Exchange
245,89,Security Guard,Thomas Frank,Directed,1,224,Exchange
245,89,Security Guard,Thomas Frank,Directed,1,225,Exchange
245,66,Security Guard,Tony Loneman,Directed,1,142,Exchange
176,78,Sixto,Josefina,Directed,1,181,Exchange
176,77,Sixto,Octavio Gomez,Directed,1,180,Exchange
176,77,Sixto,Octavio Gomez,Directed,1,181,Exchange
176,77,Sixto,Octavio Gomez,Directed,1,182,Exchange
176,77,Sixto,Octavio Gomez,Directed,1,183,Exchange
176,184,Sixto,Police Officers,Directed,1,178,Exchange
176,184,Sixto,Police Officers,Directed,1,179,Exchange
224,82,Social worker,Jacquie Red Feather,Directed,1,167,Exchange
224,85,Social worker,Opal Viola Victoria Bear Shield,Directed,1,167,Exchange
377,378,Someone else on the yacht,Hired thugs,Directed,1,138,Exchange
377,373,Someone else on the yacht,People drowning,Directed,1,138,Exchange
377,375,Someone else on the yacht,Someone on the yacht,Directed,1,138,Exchange
375,378,Someone on the yacht,Hired thugs,Directed,1,138,Exchange
375,377,Someone on the yacht,Someone else on the yacht,Directed,1,138,Exchange
365,88,Someone with a stretcher,Blue,Directed,1,282,Exchange
344,341,Son (in the Rolling Head story),Husband (in the Rolling Head story),Directed,1,6,Exchange
344,346,Son (in the Rolling Head story),Rolling Head,Directed,1,6,Exchange
145,81,Sonny,Calvin Johnson,Directed,1,88,Exchange
145,81,Sonny,Calvin Johnson,Directed,1,89,Exchange
145,76,Sonny,Carlos,Directed,1,89,Exchange
145,147,Sonny,Charles,Directed,1,89,Exchange
313,312,Squatters,A couple of John's friends,Directed,1,244,Exchange
313,312,Squatters,A couple of John's friends,Directed,1,245,Exchange
313,315,Squatters,Corporate Tech Nerds,Directed,1,244,Exchange
313,315,Squatters,Corporate Tech Nerds,Directed,1,245,Exchange
313,314,Squatters,Hipsters,Directed,1,244,Exchange
313,314,Squatters,Hipsters,Directed,1,245,Exchange
313,311,Squatters,John,Directed,1,244,Exchange
313,311,Squatters,John,Directed,1,245,Exchange
313,310,Squatters,Phil,Directed,1,244,Exchange
313,310,Squatters,Phil,Directed,1,245,Exchange
235,78,Sylvia,Josefina,Directed,1,175,Exchange
235,236,Sylvia,Manny & Daniel's Dad,Directed,1,176,Exchange
235,236,Sylvia,Manny & Daniel's Dad,Directed,1,177,Exchange
235,77,Sylvia,Octavio Gomez,Directed,1,178,Exchange
166,177,Teddy Roosevelt,Bears,Directed,1,51,Exchange
338,337,Texas Rangers (government),Joaquin Murieta,Directed,1,5,Exchange
338,339,Texas Rangers (government),Three Fingered Jack,Directed,1,5,Exchange
307,155,The Crowd,Lony Red Feather,Directed,1,241,Exchange
307,154,The Crowd,Loother Red Feather,Directed,1,241,Exchange
307,83,The Crowd,Orvil Red Feather,Directed,1,241,Exchange
135,165,The Indians,Columbus,Directed,1,51,Exchange
135,134,The Indians,The white men,Directed,1,18,Exchange
258,87,The guys,Daniel Gonzales,Directed,1,187,Exchange
258,87,The guys,Daniel Gonzales,Directed,1,188,Exchange
258,87,The guys,Daniel Gonzales,Directed,1,189,Exchange
258,236,The guys,Manny & Daniel's Dad,Directed,1,188,Exchange
134,135,The white men,The Indians,Directed,1,18,Exchange
89,361,Thomas Frank,"""Person whose lap [Thomas] is in""",Directed,1,275,Exchange
89,302,Thomas Frank,Bat,Directed,1,219,Exchange
89,302,Thomas Frank,Bat,Directed,1,220,Exchange
89,302,Thomas Frank,Bat,Directed,1,221,Exchange
89,88,Thomas Frank,Blue,Directed,1,145,Exchange
89,293,Thomas Frank,Bobby Big Medicine,Directed,1,212,Exchange
89,293,Thomas Frank,Bobby Big Medicine,Directed,1,213,Exchange
89,293,Thomas Frank,Bobby Big Medicine,Directed,1,225,Exchange
89,293,Thomas Frank,Bobby Big Medicine,Directed,1,260,Exchange
89,293,Thomas Frank,Bobby Big Medicine,Directed,1,261,Exchange
89,81,Thomas Frank,Calvin Johnson,Directed,1,145,Exchange
89,81,Thomas Frank,Calvin Johnson,Directed,1,274,Exchange
89,76,Thomas Frank,Carlos,Directed,1,274,Exchange
89,147,Thomas Frank,Charles,Directed,1,274,Exchange
89,308,Thomas Frank,Drum Groups,Directed,1,261,Exchange
89,308,Thomas Frank,Drum Groups,Directed,1,262,Exchange
89,86,Thomas Frank,Edwin Black,Directed,1,145,Exchange
89,212,Thomas Frank,God,Directed,1,275,Exchange
89,161,Thomas Frank,Group of teenagers,Directed,1,215,Exchange
89,301,Thomas Frank,Jim,Directed,1,219,Exchange
89,301,Thomas Frank,Jim,Directed,1,220,Exchange
89,301,Thomas Frank,Jim,Directed,1,221,Exchange
89,77,Thomas Frank,Octavio Gomez,Directed,1,274,Exchange
89,245,Thomas Frank,Security Guard,Directed,1,224,Exchange
89,245,Thomas Frank,Security Guard,Directed,1,225,Exchange
89,288,Thomas Frank,Thomas Frank's Father,Directed,1,217,Exchange
89,288,Thomas Frank,Thomas Frank's Father,Directed,1,218,Exchange
288,303,Thomas Frank's Father,DeLonna,Directed,1,223,Exchange
288,174,Thomas Frank's Father,Doctors,Directed,1,209,Exchange
288,89,Thomas Frank's Father,Thomas Frank,Directed,1,217,Exchange
288,89,Thomas Frank's Father,Thomas Frank,Directed,1,218,Exchange
286,303,Thomas Frank's Mother,DeLonna,Directed,1,223,Exchange
286,174,Thomas Frank's Mother,Doctors,Directed,1,209,Exchange
286,304,Thomas Frank's Mother,Prayer circle,Directed,1,223,Exchange
339,338,Three Fingered Jack,Texas Rangers (government),Directed,1,5,Exchange
66,137,Tony Loneman,"""some homies""",Directed,1,20,Exchange
66,75,Tony Loneman,"""white boy in the Kangol hat""",Directed,1,21,Exchange
66,261,Tony Loneman,"""white boys""",Directed,1,21,Exchange
66,261,Tony Loneman,"""white boys""",Directed,1,22,Exchange
66,81,Tony Loneman,Calvin Johnson,Directed,1,96,Exchange
66,81,Tony Loneman,Calvin Johnson,Directed,1,270,Exchange
66,81,Tony Loneman,Calvin Johnson,Directed,1,272,Exchange
66,81,Tony Loneman,Calvin Johnson,Directed,1,273,Exchange
66,81,Tony Loneman,Calvin Johnson,Directed,1,286,Exchange
66,81,Tony Loneman,Calvin Johnson,Directed,1,287,Exchange
66,76,Tony Loneman,Carlos,Directed,1,21,Exchange
66,76,Tony Loneman,Carlos,Directed,1,96,Exchange
66,76,Tony Loneman,Carlos,Directed,1,272,Exchange
66,76,Tony Loneman,Carlos,Directed,1,273,Exchange
66,76,Tony Loneman,Carlos,Directed,1,286,Exchange
66,76,Tony Loneman,Carlos,Directed,1,287,Exchange
66,147,Tony Loneman,Charles,Directed,1,96,Exchange
66,147,Tony Loneman,Charles,Directed,1,272,Exchange
66,147,Tony Loneman,Charles,Directed,1,273,Exchange
66,147,Tony Loneman,Charles,Directed,1,286,Exchange
66,147,Tony Loneman,Charles,Directed,1,287,Exchange
66,67,Tony Loneman,Dene Oxendene,Directed,1,270,Exchange
66,82,Tony Loneman,Jacquie Red Feather,Directed,1,280,Exchange
66,71,Tony Loneman,Karen,Directed,1,17,Exchange
66,68,Tony Loneman,Mario,Directed,1,15,Exchange
66,69,Tony Loneman,Maxine,Directed,1,15,Exchange
66,69,Tony Loneman,Maxine,Directed,1,17,Exchange
66,69,Tony Loneman,Maxine,Directed,1,18,Exchange
66,69,Tony Loneman,Maxine,Directed,1,19,Exchange
66,69,Tony Loneman,Maxine,Directed,1,20,Exchange
66,69,Tony Loneman,Maxine,Directed,1,21,Exchange
66,69,Tony Loneman,Maxine,Directed,1,288,Exchange
66,69,Tony Loneman,Maxine,Directed,1,289,Exchange
66,69,Tony Loneman,Maxine,Directed,1,290,Exchange
66,77,Tony Loneman,Octavio Gomez,Directed,1,22,Exchange
66,77,Tony Loneman,Octavio Gomez,Directed,1,23,Exchange
66,77,Tony Loneman,Octavio Gomez,Directed,1,24,Exchange
66,77,Tony Loneman,Octavio Gomez,Directed,1,25,Exchange
66,77,Tony Loneman,Octavio Gomez,Directed,1,26,Exchange
66,77,Tony Loneman,Octavio Gomez,Directed,1,270,Exchange
66,77,Tony Loneman,Octavio Gomez,Directed,1,272,Exchange
66,77,Tony Loneman,Octavio Gomez,Directed,1,273,Exchange
66,77,Tony Loneman,Octavio Gomez,Directed,1,286,Exchange
66,77,Tony Loneman,Octavio Gomez,Directed,1,287,Exchange
66,272,Tony Loneman,People on the train,Directed,1,234,Exchange
66,272,Tony Loneman,People on the train,Directed,1,235,Exchange
66,245,Tony Loneman,Security Guard,Directed,1,142,Exchange
66,70,Tony Loneman,Tony Loneman's Mother,Directed,1,19,Exchange
70,66,Tony Loneman's Mother,Tony Loneman,Directed,1,19,Exchange
186,83,Trickster Spider (Veho),Orvil Red Feather,Directed,1,125,Exchange
186,83,Trickster Spider (Veho),Orvil Red Feather,Directed,1,162,Exchange
115,85,Two Shoes,Opal Viola Victoria Bear Shield,Directed,1,50,Exchange
115,85,Two Shoes,Opal Viola Victoria Bear Shield,Directed,1,51,Exchange
115,85,Two Shoes,Opal Viola Victoria Bear Shield,Directed,1,52,Exchange
115,85,Two Shoes,Opal Viola Victoria Bear Shield,Directed,1,285,Exchange
366,88,Two nurses,Blue,Directed,1,282,Exchange
366,82,Two nurses,Jacquie Red Feather,Directed,1,282,Exchange
364,88,Two orderlies,Blue,Directed,1,283,Exchange
364,86,Two orderlies,Edwin Black,Directed,1,283,Exchange
309,88,Vendors,Blue,Directed,1,243,Exchange
309,86,Vendors,Edwin Black,Directed,1,243,Exchange
309,248,Vendors,Powwow Committee,Directed,1,243,Exchange
105,160,Victoria (Vicky),"""two big old Indian women""",Directed,1,49,Exchange
105,82,Victoria (Vicky),Jacquie Red Feather,Directed,1,45,Exchange
105,82,Victoria (Vicky),Jacquie Red Feather,Directed,1,46,Exchange
105,82,Victoria (Vicky),Jacquie Red Feather,Directed,1,47,Exchange
105,82,Victoria (Vicky),Jacquie Red Feather,Directed,1,49,Exchange
105,82,Victoria (Vicky),Jacquie Red Feather,Directed,1,57,Exchange
105,82,Victoria (Vicky),Jacquie Red Feather,Directed,1,106,Exchange
105,82,Victoria (Vicky),Jacquie Red Feather,Directed,1,112,Exchange
105,85,Victoria (Vicky),Opal Viola Victoria Bear Shield,Directed,1,45,Exchange
105,85,Victoria (Vicky),Opal Viola Victoria Bear Shield,Directed,1,46,Exchange
105,85,Victoria (Vicky),Opal Viola Victoria Bear Shield,Directed,1,47,Exchange
105,85,Victoria (Vicky),Opal Viola Victoria Bear Shield,Directed,1,48,Exchange
105,85,Victoria (Vicky),Opal Viola Victoria Bear Shield,Directed,1,49,Exchange
105,85,Victoria (Vicky),Opal Viola Victoria Bear Shield,Directed,1,50,Exchange
105,85,Victoria (Vicky),Opal Viola Victoria Bear Shield,Directed,1,57,Exchange
105,85,Victoria (Vicky),Opal Viola Victoria Bear Shield,Directed,1,58,Exchange
105,85,Victoria (Vicky),Opal Viola Victoria Bear Shield,Directed,1,106,Exchange
323,351,White people,Indigenous people,Directed,1,137,Exchange
342,341,Wife (in the Rolling Head story),Husband (in the Rolling Head story),Directed,1,6,Exchange
342,345,Wife (in the Rolling Head story),water monster,Directed,1,6,Exchange
217,85,Woman in the car,Opal Viola Victoria Bear Shield,Directed,1,161,Exchange
226,227,tiger-striped pitbull,A yelling man,Directed,1,170,Exchange
226,85,tiger-striped pitbull,Opal Viola Victoria Bear Shield,Directed,1,170,Exchange
345,341,water monster,Husband (in the Rolling Head story),Directed,1,6,Exchange
345,342,water monster,Wife (in the Rolling Head story),Directed,1,6,Exchange
