startPage,source,target
3,923,924
3,923,925
3,923,926
3,923,927
3,924,925
3,924,926
3,924,927
3,925,926
3,925,927
3,926,927
4,923,924
4,923,925
4,923,926
4,923,927
4,924,925
4,924,926
4,924,927
4,925,926
4,925,927
4,926,927
5,908,910
5,908,912
5,908,913
5,908,928
5,910,912
5,910,913
5,910,928
5,912,913
5,912,928
5,913,928
6,908,910
6,908,912
6,908,913
6,908,928
6,910,912
6,910,913
6,910,928
6,912,913
6,912,928
6,913,928
9,908,913
9,908,918
9,908,929
9,908,930
9,908,932
9,908,933
9,913,918
9,913,929
9,913,930
9,913,932
9,913,933
9,918,929
9,918,930
9,918,932
9,918,933
9,929,930
9,929,932
9,929,933
9,930,932
9,930,933
9,932,933
10,908,913
10,908,914
10,908,933
10,908,934
10,913,914
10,913,933
10,913,934
10,914,933
10,914,934
10,933,934
11,908,914
12,908,913
12,908,914
12,908,916
12,908,935
12,908,936
12,913,914
12,913,916
12,913,935
12,913,936
12,914,916
12,914,935
12,914,936
12,916,935
12,916,936
12,935,936
13,914,916
13,914,935
13,914,936
13,914,937
13,914,938
13,914,939
13,914,940
13,914,941
13,916,935
13,916,936
13,916,937
13,916,938
13,916,939
13,916,940
13,916,941
13,935,936
13,935,937
13,935,938
13,935,939
13,935,940
13,935,941
13,936,937
13,936,938
13,936,939
13,936,940
13,936,941
13,937,938
13,937,939
13,937,940
13,937,941
13,938,939
13,938,940
13,938,941
13,939,940
13,939,941
13,940,941
14,908,913
14,908,935
14,908,914
14,908,916
14,908,936
14,908,942
14,908,941
14,913,935
14,913,914
14,913,916
14,913,936
14,913,942
14,913,941
14,935,914
14,935,916
14,935,936
14,935,942
14,935,941
14,914,916
14,914,936
14,914,942
14,914,941
14,916,936
14,916,942
14,916,941
14,936,942
14,936,941
14,942,941
15,908,913
15,908,916
15,908,914
15,908,935
15,913,916
15,913,914
15,913,935
15,916,914
15,916,935
15,914,935
16,908,912
16,908,913
16,908,914
16,908,915
16,908,916
16,908,943
16,908,944
16,912,913
16,912,914
16,912,915
16,912,916
16,912,943
16,912,944
16,913,914
16,913,915
16,913,916
16,913,943
16,913,944
16,914,915
16,914,916
16,914,943
16,914,944
16,915,916
16,915,943
16,915,944
16,916,943
16,916,944
16,943,944
17,909,910
17,909,914
17,910,914
18,908,912
18,908,913
18,908,909
18,908,910
18,908,955
18,908,956
18,912,913
18,912,909
18,912,910
18,912,955
18,912,956
18,913,909
18,913,910
18,913,955
18,913,956
18,909,910
18,909,955
18,909,956
18,910,955
18,910,956
18,955,956
19,908,912
19,908,913
19,908,957
19,908,958
19,908,959
19,912,913
19,912,957
19,912,958
19,912,959
19,913,957
19,913,958
19,913,959
19,957,958
19,957,959
19,958,959
20,908,933
20,908,960
20,933,960
21,908,933
21,908,961
21,933,961
22,908,914
22,908,915
22,908,961
22,908,962
22,908,963
22,914,915
22,914,961
22,914,962
22,914,963
22,915,961
22,915,962
22,915,963
22,961,962
22,961,963
22,962,963
23,908,912
23,908,913
23,908,914
23,908,933
23,908,957
23,908,962
23,908,963
23,912,913
23,912,914
23,912,933
23,912,957
23,912,962
23,912,963
23,913,914
23,913,933
23,913,957
23,913,962
23,913,963
23,914,933
23,914,957
23,914,962
23,914,963
23,933,957
23,933,962
23,933,963
23,957,962
23,957,963
23,962,963
24,908,912
24,908,913
24,908,914
24,908,964
24,912,913
24,912,914
24,912,964
24,913,914
24,913,964
24,914,964
25,908,912
25,908,913
25,908,914
25,908,965
25,908,909
25,908,910
25,908,964
25,912,913
25,912,914
25,912,965
25,912,909
25,912,910
25,912,964
25,913,914
25,913,965
25,913,909
25,913,910
25,913,964
25,914,965
25,914,909
25,914,910
25,914,964
25,965,909
25,965,910
25,965,964
25,909,910
25,909,964
25,910,964
26,908,913
26,908,914
26,908,916
26,908,967
26,908,912
26,908,966
26,913,914
26,913,916
26,913,967
26,913,912
26,913,966
26,914,916
26,914,967
26,914,912
26,914,966
26,916,967
26,916,912
26,916,966
26,967,912
26,967,966
26,912,966
27,908,912
27,908,913
27,908,914
27,908,968
27,912,913
27,912,914
27,912,968
27,913,914
27,913,968
27,914,968
28,908,913
28,908,914
28,908,912
28,908,969
28,913,914
28,913,912
28,913,969
28,914,912
28,914,969
28,912,969
29,908,912
29,908,913
29,908,914
29,912,913
29,912,914
29,913,914
30,908,912
30,908,913
30,908,914
30,908,918
30,912,913
30,912,914
30,912,918
30,913,914
30,913,918
30,914,918
31,908,912
31,908,913
31,908,914
31,908,918
31,912,913
31,912,914
31,912,918
31,913,914
31,913,918
31,914,918
32,908,912
32,908,913
32,908,914
32,912,913
32,912,914
32,913,914
33,970,971
34,909,910
34,909,912
34,909,955
34,909,972
34,910,912
34,910,955
34,910,972
34,912,955
34,912,972
34,955,972
36,910,1131
37,909,910
37,909,912
37,909,955
37,910,912
37,910,955
37,912,955
38,909,910
38,909,912
38,909,955
38,909,923
38,909,924
38,909,925
38,909,926
38,910,912
38,910,955
38,910,923
38,910,924
38,910,925
38,910,926
38,912,955
38,912,923
38,912,924
38,912,925
38,912,926
38,955,923
38,955,924
38,955,925
38,955,926
38,923,924
38,923,925
38,923,926
38,924,925
38,924,926
38,925,926
39,909,973
39,909,910
39,909,912
39,909,955
39,973,910
39,973,912
39,973,955
39,910,912
39,910,955
39,912,955
40,909,910
40,909,912
40,910,912
41,909,910
41,909,912
41,909,955
41,909,951
41,910,912
41,910,955
41,910,951
41,912,955
41,912,951
41,955,951
42,909,910
42,909,934
42,909,951
42,909,974
42,909,975
42,909,976
42,910,934
42,910,951
42,910,974
42,910,975
42,910,976
42,934,951
42,934,974
42,934,975
42,934,976
42,951,974
42,951,975
42,951,976
42,974,975
42,974,976
42,975,976
43,909,910
43,909,912
43,909,955
43,910,912
43,910,955
43,912,955
44,909,910
44,909,955
44,910,955
45,912,951
45,912,977
45,912,978
45,912,979
45,951,977
45,951,978
45,951,979
45,977,978
45,977,979
45,978,979
46,909,912
46,909,910
46,909,980
46,909,981
46,912,910
46,912,980
46,912,981
46,910,980
46,910,981
46,980,981
47,912,933
47,912,982
47,933,982
48,912,983
48,912,984
48,983,984
49,912,983
50,912,983
50,912,985
50,983,985
51,912,921
51,912,922
51,912,986
51,921,922
51,921,986
51,922,986
52,912,986
52,912,921
52,986,921
53,912,986
53,912,921
53,912,934
53,912,987
53,912,988
53,986,921
53,986,934
53,986,987
53,986,988
53,921,934
53,921,987
53,921,988
53,934,987
53,934,988
53,987,988
54,912,921
54,912,986
54,912,934
54,912,989
54,912,990
54,912,991
54,912,988
54,912,992
54,921,986
54,921,934
54,921,989
54,921,990
54,921,991
54,921,988
54,921,992
54,986,934
54,986,989
54,986,990
54,986,991
54,986,988
54,986,992
54,934,989
54,934,990
54,934,991
54,934,988
54,934,992
54,989,990
54,989,991
54,989,988
54,989,992
54,990,991
54,990,988
54,990,992
54,991,988
54,991,992
54,988,992
55,912,986
55,912,921
55,912,922
55,912,994
55,912,934
55,912,951
55,912,993
55,986,921
55,986,922
55,986,994
55,986,934
55,986,951
55,986,993
55,921,922
55,921,994
55,921,934
55,921,951
55,921,993
55,922,994
55,922,934
55,922,951
55,922,993
55,994,934
55,994,951
55,994,993
55,934,951
55,934,993
55,951,993
56,921,995
56,921,922
56,921,986
56,921,993
56,995,922
56,995,986
56,995,993
56,922,986
56,922,993
56,986,993
57,909,910
57,909,912
57,909,921
57,909,922
57,909,986
57,909,993
57,909,996
57,910,912
57,910,921
57,910,922
57,910,986
57,910,993
57,910,996
57,912,921
57,912,922
57,912,986
57,912,993
57,912,996
57,921,922
57,921,986
57,921,993
57,921,996
57,922,986
57,922,993
57,922,996
57,986,993
57,986,996
57,993,996
58,912,921
58,912,922
58,912,986
58,921,922
58,921,986
58,922,986
61,908,913
61,908,915
61,913,915
62,908,913
62,908,1010
62,908,963
62,908,979
62,908,1011
62,908,1012
62,908,1014
62,913,1010
62,913,963
62,913,979
62,913,1011
62,913,1012
62,913,1014
62,1010,963
62,1010,979
62,1010,1011
62,1010,1012
62,1010,1014
62,963,979
62,963,1011
62,963,1012
62,963,1014
62,979,1011
62,979,1012
62,979,1014
62,1011,1012
62,1011,1014
62,1012,1014
63,908,913
63,908,1010
63,908,1015
63,913,1010
63,913,1015
63,1010,1015
64,908,913
64,908,1010
64,913,1010
65,908,912
65,908,913
65,908,1010
65,908,1016
65,908,1017
65,908,1018
65,908,1019
65,912,913
65,912,1010
65,912,1016
65,912,1017
65,912,1018
65,912,1019
65,913,1010
65,913,1016
65,913,1017
65,913,1018
65,913,1019
65,1010,1016
65,1010,1017
65,1010,1018
65,1010,1019
65,1016,1017
65,1016,1018
65,1016,1019
65,1017,1018
65,1017,1019
65,1018,1019
66,908,912
66,908,913
66,908,914
66,908,1010
66,908,1016
66,908,1017
66,908,1018
66,908,1019
66,912,913
66,912,914
66,912,1010
66,912,1016
66,912,1017
66,912,1018
66,912,1019
66,913,914
66,913,1010
66,913,1016
66,913,1017
66,913,1018
66,913,1019
66,914,1010
66,914,1016
66,914,1017
66,914,1018
66,914,1019
66,1010,1016
66,1010,1017
66,1010,1018
66,1010,1019
66,1016,1017
66,1016,1018
66,1016,1019
66,1017,1018
66,1017,1019
66,1018,1019
67,908,913
67,908,1010
67,908,1016
67,908,912
67,908,1055
67,908,1017
67,908,1018
67,908,1019
67,913,1010
67,913,1016
67,913,912
67,913,1055
67,913,1017
67,913,1018
67,913,1019
67,1010,1016
67,1010,912
67,1010,1055
67,1010,1017
67,1010,1018
67,1010,1019
67,1016,912
67,1016,1055
67,1016,1017
67,1016,1018
67,1016,1019
67,912,1055
67,912,1017
67,912,1018
67,912,1019
67,1055,1017
67,1055,1018
67,1055,1019
67,1017,1018
67,1017,1019
67,1018,1019
68,908,912
68,908,913
68,908,1010
68,908,1056
68,908,1057
68,908,1058
68,908,1066
68,908,1067
68,908,1071
68,912,913
68,912,1010
68,912,1056
68,912,1057
68,912,1058
68,912,1066
68,912,1067
68,912,1071
68,913,1010
68,913,1056
68,913,1057
68,913,1058
68,913,1066
68,913,1067
68,913,1071
68,1010,1056
68,1010,1057
68,1010,1058
68,1010,1066
68,1010,1067
68,1010,1071
68,1056,1057
68,1056,1058
68,1056,1066
68,1056,1067
68,1056,1071
68,1057,1058
68,1057,1066
68,1057,1067
68,1057,1071
68,1058,1066
68,1058,1067
68,1058,1071
68,1066,1067
68,1066,1071
68,1067,1071
69,908,912
69,908,913
69,908,1010
69,908,1016
69,908,1017
69,908,1018
69,908,1019
69,908,1070
69,908,1069
69,908,1068
69,908,1071
69,908,1072
69,908,1073
69,912,913
69,912,1010
69,912,1016
69,912,1017
69,912,1018
69,912,1019
69,912,1070
69,912,1069
69,912,1068
69,912,1071
69,912,1072
69,912,1073
69,913,1010
69,913,1016
69,913,1017
69,913,1018
69,913,1019
69,913,1070
69,913,1069
69,913,1068
69,913,1071
69,913,1072
69,913,1073
69,1010,1016
69,1010,1017
69,1010,1018
69,1010,1019
69,1010,1070
69,1010,1069
69,1010,1068
69,1010,1071
69,1010,1072
69,1010,1073
69,1016,1017
69,1016,1018
69,1016,1019
69,1016,1070
69,1016,1069
69,1016,1068
69,1016,1071
69,1016,1072
69,1016,1073
69,1017,1018
69,1017,1019
69,1017,1070
69,1017,1069
69,1017,1068
69,1017,1071
69,1017,1072
69,1017,1073
69,1018,1019
69,1018,1070
69,1018,1069
69,1018,1068
69,1018,1071
69,1018,1072
69,1018,1073
69,1019,1070
69,1019,1069
69,1019,1068
69,1019,1071
69,1019,1072
69,1019,1073
69,1070,1069
69,1070,1068
69,1070,1071
69,1070,1072
69,1070,1073
69,1069,1068
69,1069,1071
69,1069,1072
69,1069,1073
69,1068,1071
69,1068,1072
69,1068,1073
69,1071,1072
69,1071,1073
69,1072,1073
70,908,912
70,908,913
70,908,1010
70,908,1070
70,908,1072
70,908,1073
70,908,1074
70,912,913
70,912,1010
70,912,1070
70,912,1072
70,912,1073
70,912,1074
70,913,1010
70,913,1070
70,913,1072
70,913,1073
70,913,1074
70,1010,1070
70,1010,1072
70,1010,1073
70,1010,1074
70,1070,1072
70,1070,1073
70,1070,1074
70,1072,1073
70,1072,1074
70,1073,1074
71,908,915
71,908,1010
71,908,910
71,908,912
71,908,913
71,915,1010
71,915,910
71,915,912
71,915,913
71,1010,910
71,1010,912
71,1010,913
71,910,912
71,910,913
71,912,913
72,908,912
72,908,1010
72,908,910
72,908,913
72,908,914
72,908,1067
72,908,1016
72,912,1010
72,912,910
72,912,913
72,912,914
72,912,1067
72,912,1016
72,1010,910
72,1010,913
72,1010,914
72,1010,1067
72,1010,1016
72,910,913
72,910,914
72,910,1067
72,910,1016
72,913,914
72,913,1067
72,913,1016
72,914,1067
72,914,1016
72,1067,1016
73,908,912
73,908,913
73,908,933
73,908,1010
73,908,910
73,912,913
73,912,933
73,912,1010
73,912,910
73,913,933
73,913,1010
73,913,910
73,933,1010
73,933,910
73,1010,910
74,908,913
74,908,914
74,908,1010
74,908,912
74,913,914
74,913,1010
74,913,912
74,914,1010
74,914,912
74,1010,912
75,908,913
75,908,914
75,908,916
75,908,1076
75,908,1077
75,908,943
75,908,944
75,913,914
75,913,916
75,913,1076
75,913,1077
75,913,943
75,913,944
75,914,916
75,914,1076
75,914,1077
75,914,943
75,914,944
75,916,1076
75,916,1077
75,916,943
75,916,944
75,1076,1077
75,1076,943
75,1076,944
75,1077,943
75,1077,944
75,943,944
76,908,911
76,908,913
76,908,918
76,908,1077
76,908,1010
76,911,913
76,911,918
76,911,1077
76,911,1010
76,913,918
76,913,1077
76,913,1010
76,918,1077
76,918,1010
76,1077,1010
77,908,913
77,908,914
77,908,916
77,908,920
77,908,921
77,908,1076
77,908,1078
77,913,914
77,913,916
77,913,920
77,913,921
77,913,1076
77,913,1078
77,914,916
77,914,920
77,914,921
77,914,1076
77,914,1078
77,916,920
77,916,921
77,916,1076
77,916,1078
77,920,921
77,920,1076
77,920,1078
77,921,1076
77,921,1078
77,1076,1078
78,908,913
78,908,914
78,908,916
78,908,920
78,908,921
78,908,943
78,913,914
78,913,916
78,913,920
78,913,921
78,913,943
78,914,916
78,914,920
78,914,921
78,914,943
78,916,920
78,916,921
78,916,943
78,920,921
78,920,943
78,921,943
79,908,913
79,908,914
79,908,915
79,908,916
79,908,1017
79,908,920
79,913,914
79,913,915
79,913,916
79,913,1017
79,913,920
79,914,915
79,914,916
79,914,1017
79,914,920
79,915,916
79,915,1017
79,915,920
79,916,1017
79,916,920
79,1017,920
80,908,913
80,908,1017
80,908,914
80,908,1079
80,913,1017
80,913,914
80,913,1079
80,1017,914
80,1017,1079
80,914,1079
84,1080,1081
85,1080,1081
86,1015,1082
86,1015,1080
86,1015,1081
86,1082,1080
86,1082,1081
86,1080,1081
87,963,1082
87,963,1011
87,963,1080
87,963,1012
87,963,1014
87,963,1016
87,963,1083
87,963,1084
87,1082,1011
87,1082,1080
87,1082,1012
87,1082,1014
87,1082,1016
87,1082,1083
87,1082,1084
87,1011,1080
87,1011,1012
87,1011,1014
87,1011,1016
87,1011,1083
87,1011,1084
87,1080,1012
87,1080,1014
87,1080,1016
87,1080,1083
87,1080,1084
87,1012,1014
87,1012,1016
87,1012,1083
87,1012,1084
87,1014,1016
87,1014,1083
87,1014,1084
87,1016,1083
87,1016,1084
87,1083,1084
88,912,1082
88,912,1014
88,912,1016
88,912,1080
88,1082,1014
88,1082,1016
88,1082,1080
88,1014,1016
88,1014,1080
88,1016,1080
89,912,934
89,912,1082
89,912,1080
89,912,1081
89,934,1082
89,934,1080
89,934,1081
89,1082,1080
89,1082,1081
89,1080,1081
90,912,1082
91,912,1080
91,912,1082
91,1080,1082
92,912,934
92,912,1080
92,934,1080
97,908,913
97,908,914
97,908,915
97,913,914
97,913,915
97,914,915
98,908,913
98,908,914
98,908,916
98,913,914
98,913,916
98,914,916
99,908,911
99,908,913
99,908,914
99,908,915
99,908,920
99,908,916
99,911,913
99,911,914
99,911,915
99,911,920
99,911,916
99,913,914
99,913,915
99,913,920
99,913,916
99,914,915
99,914,920
99,914,916
99,915,920
99,915,916
99,920,916
100,908,913
100,908,916
100,908,914
100,908,918
100,908,915
100,908,917
100,913,916
100,913,914
100,913,918
100,913,915
100,913,917
100,916,914
100,916,918
100,916,915
100,916,917
100,914,918
100,914,915
100,914,917
100,918,915
100,918,917
100,915,917
101,908,910
101,908,912
101,908,913
101,908,914
101,908,915
101,908,919
101,908,920
101,908,921
101,908,922
101,908,916
101,910,912
101,910,913
101,910,914
101,910,915
101,910,919
101,910,920
101,910,921
101,910,922
101,910,916
101,912,913
101,912,914
101,912,915
101,912,919
101,912,920
101,912,921
101,912,922
101,912,916
101,913,914
101,913,915
101,913,919
101,913,920
101,913,921
101,913,922
101,913,916
101,914,915
101,914,919
101,914,920
101,914,921
101,914,922
101,914,916
101,915,919
101,915,920
101,915,921
101,915,922
101,915,916
101,919,920
101,919,921
101,919,922
101,919,916
101,920,921
101,920,922
101,920,916
101,921,922
101,921,916
101,922,916
102,908,910
102,908,912
102,908,913
102,908,914
102,908,920
102,910,912
102,910,913
102,910,914
102,910,920
102,912,913
102,912,914
102,912,920
102,913,914
102,913,920
102,914,920
103,908,912
103,908,913
103,908,920
103,908,909
103,912,913
103,912,920
103,912,909
103,913,920
103,913,909
103,920,909
104,908,913
104,908,914
104,908,920
104,913,914
104,913,920
104,914,920
105,908,913
105,908,914
105,908,920
105,913,914
105,913,920
105,914,920
106,908,909
106,908,912
106,908,920
106,908,913
106,909,912
106,909,920
106,909,913
106,912,920
106,912,913
106,920,913
107,908,909
107,908,912
107,908,914
107,908,913
107,908,920
107,908,921
107,908,922
107,909,912
107,909,914
107,909,913
107,909,920
107,909,921
107,909,922
107,912,914
107,912,913
107,912,920
107,912,921
107,912,922
107,914,913
107,914,920
107,914,921
107,914,922
107,913,920
107,913,921
107,913,922
107,920,921
107,920,922
107,921,922
108,908,909
108,908,913
108,908,945
108,908,912
108,909,913
108,909,945
108,909,912
108,913,945
108,913,912
108,945,912
109,908,909
109,908,912
109,908,913
109,908,945
109,909,912
109,909,913
109,909,945
109,912,913
109,912,945
109,913,945
110,909,946
110,909,924
110,909,925
110,946,924
110,946,925
110,924,925
112,909,946
112,909,947
112,909,948
112,909,1002
112,909,1003
112,946,947
112,946,948
112,946,1002
112,946,1003
112,947,948
112,947,1002
112,947,1003
112,948,1002
112,948,1003
112,1002,1003
113,909,949
113,909,950
113,909,946
113,909,1002
113,909,1003
113,949,950
113,949,946
113,949,1002
113,949,1003
113,950,946
113,950,1002
113,950,1003
113,946,1002
113,946,1003
113,1002,1003
114,909,910
114,909,949
114,909,950
114,909,951
114,910,949
114,910,950
114,910,951
114,949,950
114,949,951
114,950,951
115,909,910
116,909,910
117,909,910
117,909,952
117,909,953
117,909,954
117,910,952
117,910,953
117,910,954
117,952,953
117,952,954
117,953,954
118,909,910
118,909,997
118,909,998
118,910,997
118,910,998
118,997,998
119,909,910
119,909,999
119,909,1000
119,909,1001
119,909,1002
119,909,1003
119,910,999
119,910,1000
119,910,1001
119,910,1002
119,910,1003
119,999,1000
119,999,1001
119,999,1002
119,999,1003
119,1000,1001
119,1000,1002
119,1000,1003
119,1001,1002
119,1001,1003
119,1002,1003
120,909,910
120,909,999
120,909,1005
120,909,1006
120,909,1004
120,910,999
120,910,1005
120,910,1006
120,910,1004
120,999,1005
120,999,1006
120,999,1004
120,1005,1006
120,1005,1004
120,1006,1004
121,909,910
121,909,999
121,909,1005
121,909,1004
121,910,999
121,910,1005
121,910,1004
121,999,1005
121,999,1004
121,1005,1004
123,909,910
123,909,955
123,909,1007
123,909,1008
123,910,955
123,910,1007
123,910,1008
123,955,1007
123,955,1008
123,1007,1008
124,909,910
124,909,912
124,909,955
124,909,1020
124,909,1021
124,909,1023
124,909,1022
124,910,912
124,910,955
124,910,1020
124,910,1021
124,910,1023
124,910,1022
124,912,955
124,912,1020
124,912,1021
124,912,1023
124,912,1022
124,955,1020
124,955,1021
124,955,1023
124,955,1022
124,1020,1021
124,1020,1023
124,1020,1022
124,1021,1023
124,1021,1022
124,1023,1022
125,909,912
125,909,955
125,909,1022
125,909,1023
125,912,955
125,912,1022
125,912,1023
125,955,1022
125,955,1023
125,1022,1023
126,909,910
126,909,912
126,909,951
126,909,955
126,909,997
126,910,912
126,910,951
126,910,955
126,910,997
126,912,951
126,912,955
126,912,997
126,951,955
126,951,997
126,955,997
127,909,910
127,909,912
127,909,1024
127,909,1025
127,909,955
127,909,1026
127,910,912
127,910,1024
127,910,1025
127,910,955
127,910,1026
127,912,1024
127,912,1025
127,912,955
127,912,1026
127,1024,1025
127,1024,955
127,1024,1026
127,1025,955
127,1025,1026
127,955,1026
128,909,910
128,909,912
128,909,955
128,909,1024
128,909,1027
128,909,1028
128,910,912
128,910,955
128,910,1024
128,910,1027
128,910,1028
128,912,955
128,912,1024
128,912,1027
128,912,1028
128,955,1024
128,955,1027
128,955,1028
128,1024,1027
128,1024,1028
128,1027,1028
129,909,910
129,909,912
129,909,955
129,910,912
129,910,955
129,912,955
130,909,910
131,909,910
131,909,951
131,910,951
132,910,1028
132,910,1029
132,910,924
132,910,926
132,1028,1029
132,1028,924
132,1028,926
132,1029,924
132,1029,926
132,924,926
133,910,1028
133,910,1029
133,910,1030
133,910,1033
133,910,1031
133,910,1032
133,910,1034
133,1028,1029
133,1028,1030
133,1028,1033
133,1028,1031
133,1028,1032
133,1028,1034
133,1029,1030
133,1029,1033
133,1029,1031
133,1029,1032
133,1029,1034
133,1030,1033
133,1030,1031
133,1030,1032
133,1030,1034
133,1033,1031
133,1033,1032
133,1033,1034
133,1031,1032
133,1031,1034
133,1032,1034
134,910,951
134,910,1033
134,910,1035
134,910,1036
134,910,1037
134,951,1033
134,951,1035
134,951,1036
134,951,1037
134,1033,1035
134,1033,1036
134,1033,1037
134,1035,1036
134,1035,1037
134,1036,1037
135,910,1029
135,910,1033
135,910,1038
135,910,1036
135,910,1035
135,1029,1033
135,1029,1038
135,1029,1036
135,1029,1035
135,1033,1038
135,1033,1036
135,1033,1035
135,1038,1036
135,1038,1035
135,1036,1035
136,910,1040
136,910,1041
136,910,1029
136,910,1038
136,910,1039
136,1040,1041
136,1040,1029
136,1040,1038
136,1040,1039
136,1041,1029
136,1041,1038
136,1041,1039
136,1029,1038
136,1029,1039
136,1038,1039
137,1029,1038
137,1029,1039
137,1029,1040
137,1029,1042
137,1029,1041
137,1038,1039
137,1038,1040
137,1038,1042
137,1038,1041
137,1039,1040
137,1039,1042
137,1039,1041
137,1040,1042
137,1040,1041
137,1042,1041
138,952,1029
138,952,1039
138,952,1042
138,952,1045
138,1029,1039
138,1029,1042
138,1029,1045
138,1039,1042
138,1039,1045
138,1042,1045
139,910,1029
139,910,1039
139,910,1040
139,910,1042
139,910,1046
139,1029,1039
139,1029,1040
139,1029,1042
139,1029,1046
139,1039,1040
139,1039,1042
139,1039,1046
139,1040,1042
139,1040,1046
139,1042,1046
140,910,1029
140,910,1047
140,910,1048
140,910,1051
140,910,1046
140,910,1049
140,910,1050
140,1029,1047
140,1029,1048
140,1029,1051
140,1029,1046
140,1029,1049
140,1029,1050
140,1047,1048
140,1047,1051
140,1047,1046
140,1047,1049
140,1047,1050
140,1048,1051
140,1048,1046
140,1048,1049
140,1048,1050
140,1051,1046
140,1051,1049
140,1051,1050
140,1046,1049
140,1046,1050
140,1049,1050
141,910,1029
141,910,1039
141,910,1047
141,910,1046
141,910,1052
141,910,1053
141,910,1054
141,1029,1039
141,1029,1047
141,1029,1046
141,1029,1052
141,1029,1053
141,1029,1054
141,1039,1047
141,1039,1046
141,1039,1052
141,1039,1053
141,1039,1054
141,1047,1046
141,1047,1052
141,1047,1053
141,1047,1054
141,1046,1052
141,1046,1053
141,1046,1054
141,1052,1053
141,1052,1054
141,1053,1054
142,910,1047
142,910,1028
142,910,1029
142,910,1046
142,910,1048
142,910,1059
142,1047,1028
142,1047,1029
142,1047,1046
142,1047,1048
142,1047,1059
142,1028,1029
142,1028,1046
142,1028,1048
142,1028,1059
142,1029,1046
142,1029,1048
142,1029,1059
142,1046,1048
142,1046,1059
142,1048,1059
143,910,1029
143,910,1048
143,910,1050
143,910,1061
143,1029,1048
143,1029,1050
143,1029,1061
143,1048,1050
143,1048,1061
143,1050,1061
144,910,974
144,910,1029
144,910,1061
144,910,1063
144,910,1064
144,910,1065
144,974,1029
144,974,1061
144,974,1063
144,974,1064
144,974,1065
144,1029,1061
144,1029,1063
144,1029,1064
144,1029,1065
144,1061,1063
144,1061,1064
144,1061,1065
144,1063,1064
144,1063,1065
144,1064,1065
145,910,974
145,910,1061
145,910,1065
145,910,1063
145,910,1064
145,974,1061
145,974,1065
145,974,1063
145,974,1064
145,1061,1065
145,1061,1063
145,1061,1064
145,1065,1063
145,1065,1064
145,1063,1064
146,910,974
146,910,1048
146,974,1048
147,910,974
147,910,975
147,910,976
147,910,1029
147,974,975
147,974,976
147,974,1029
147,975,976
147,975,1029
147,976,1029
148,910,974
148,910,975
148,910,976
148,974,975
148,974,976
148,975,976
149,910,974
149,910,1075
149,910,975
149,910,976
149,974,1075
149,974,975
149,974,976
149,1075,975
149,1075,976
149,975,976
150,910,974
150,910,975
150,910,976
150,910,1029
150,910,1047
150,910,1048
150,910,1049
150,910,1085
150,910,1075
150,974,975
150,974,976
150,974,1029
150,974,1047
150,974,1048
150,974,1049
150,974,1085
150,974,1075
150,975,976
150,975,1029
150,975,1047
150,975,1048
150,975,1049
150,975,1085
150,975,1075
150,976,1029
150,976,1047
150,976,1048
150,976,1049
150,976,1085
150,976,1075
150,1029,1047
150,1029,1048
150,1029,1049
150,1029,1085
150,1029,1075
150,1047,1048
150,1047,1049
150,1047,1085
150,1047,1075
150,1048,1049
150,1048,1085
150,1048,1075
150,1049,1085
150,1049,1075
150,1085,1075
151,910,974
151,910,975
151,910,976
151,910,1030
151,910,1033
151,910,1048
151,910,1075
151,974,975
151,974,976
151,974,1030
151,974,1033
151,974,1048
151,974,1075
151,975,976
151,975,1030
151,975,1033
151,975,1048
151,975,1075
151,976,1030
151,976,1033
151,976,1048
151,976,1075
151,1030,1033
151,1030,1048
151,1030,1075
151,1033,1048
151,1033,1075
151,1048,1075
152,910,1029
152,910,1030
152,910,1086
152,910,1087
152,1029,1030
152,1029,1086
152,1029,1087
152,1030,1086
152,1030,1087
152,1086,1087
153,910,1087
153,910,1088
153,1087,1088
154,910,1030
154,910,1089
154,910,1090
154,1030,1089
154,1030,1090
154,1089,1090
155,910,1030
155,910,1091
155,910,1089
155,910,1092
155,1030,1091
155,1030,1089
155,1030,1092
155,1091,1089
155,1091,1092
155,1089,1092
156,910,1028
156,910,1030
156,910,1093
156,910,1089
156,910,1092
156,1028,1030
156,1028,1093
156,1028,1089
156,1028,1092
156,1030,1093
156,1030,1089
156,1030,1092
156,1093,1089
156,1093,1092
156,1089,1092
157,910,1030
158,910,1029
158,910,1030
158,910,1094
158,1029,1030
158,1029,1094
158,1030,1094
159,910,975
159,910,976
159,910,1033
159,910,1094
159,975,976
159,975,1033
159,975,1094
159,976,1033
159,976,1094
159,1033,1094
160,909,910
160,909,1028
160,909,1029
160,909,1030
160,910,1028
160,910,1029
160,910,1030
160,1028,1029
160,1028,1030
160,1029,1030
161,910,912
161,910,955
161,910,1029
161,912,955
161,912,1029
161,955,1029
162,909,910
162,909,912
162,910,912
163,909,912
163,909,910
163,912,910
165,911,1095
166,911,1096
167,911,1097
167,911,1098
167,911,1099
167,911,1100
167,911,1101
167,911,1102
167,1097,1098
167,1097,1099
167,1097,1100
167,1097,1101
167,1097,1102
167,1098,1099
167,1098,1100
167,1098,1101
167,1098,1102
167,1099,1100
167,1099,1101
167,1099,1102
167,1100,1101
167,1100,1102
167,1101,1102
168,1100,1103
168,1100,1104
168,1100,1102
168,1100,1105
168,1103,1104
168,1103,1102
168,1103,1105
168,1104,1102
168,1104,1105
168,1102,1105
169,911,1108
169,911,1109
169,911,1110
169,911,1111
169,911,1112
169,911,1104
169,911,1106
169,911,1107
169,1108,1109
169,1108,1110
169,1108,1111
169,1108,1112
169,1108,1104
169,1108,1106
169,1108,1107
169,1109,1110
169,1109,1111
169,1109,1112
169,1109,1104
169,1109,1106
169,1109,1107
169,1110,1111
169,1110,1112
169,1110,1104
169,1110,1106
169,1110,1107
169,1111,1112
169,1111,1104
169,1111,1106
169,1111,1107
169,1112,1104
169,1112,1106
169,1112,1107
169,1104,1106
169,1104,1107
169,1106,1107
170,911,1108
170,911,1112
170,1108,1112
171,911,1113
171,911,1114
171,1113,1114
172,911,951
172,911,1095
172,911,1096
172,951,1095
172,951,1096
172,1095,1096
173,911,912
173,911,951
173,911,1110
173,912,951
173,912,1110
173,951,1110
174,911,912
174,911,951
174,912,951
175,911,912
175,911,951
175,912,951
176,911,951
177,911,912
177,911,951
177,911,1112
177,912,951
177,912,1112
177,951,1112
178,911,951
178,911,1096
178,911,1112
178,951,1096
178,951,1112
178,1096,1112
179,911,951
179,911,1096
179,911,1108
179,911,1112
179,951,1096
179,951,1108
179,951,1112
179,1096,1108
179,1096,1112
179,1108,1112
180,911,912
180,911,951
180,911,1115
180,912,951
180,912,1115
180,951,1115
181,911,912
181,911,951
181,911,1096
181,911,1112
181,911,1116
181,911,1117
181,912,951
181,912,1096
181,912,1112
181,912,1116
181,912,1117
181,951,1096
181,951,1112
181,951,1116
181,951,1117
181,1096,1112
181,1096,1116
181,1096,1117
181,1112,1116
181,1112,1117
181,1116,1117
182,911,912
182,911,951
182,911,1108
182,911,1109
182,911,1112
182,912,951
182,912,1108
182,912,1109
182,912,1112
182,951,1108
182,951,1109
182,951,1112
182,1108,1109
182,1108,1112
182,1109,1112
183,911,1114
187,908,914
188,908,912
188,908,913
188,908,914
188,908,1118
188,912,913
188,912,914
188,912,1118
188,913,914
188,913,1118
188,914,1118
189,909,910
189,909,912
189,909,955
189,909,1118
189,909,928
189,909,1119
189,910,912
189,910,955
189,910,1118
189,910,928
189,910,1119
189,912,955
189,912,1118
189,912,928
189,912,1119
189,955,1118
189,955,928
189,955,1119
189,1118,928
189,1118,1119
189,928,1119
190,908,910
190,908,912
190,908,913
190,908,928
190,908,957
190,908,1010
190,908,1118
190,910,912
190,910,913
190,910,928
190,910,957
190,910,1010
190,910,1118
190,912,913
190,912,928
190,912,957
190,912,1010
190,912,1118
190,913,928
190,913,957
190,913,1010
190,913,1118
190,928,957
190,928,1010
190,928,1118
190,957,1010
190,957,1118
190,1010,1118
191,908,909
191,908,910
191,908,912
191,908,913
191,908,928
191,908,945
191,908,951
191,908,1010
191,908,1120
191,908,1121
191,909,910
191,909,912
191,909,913
191,909,928
191,909,945
191,909,951
191,909,1010
191,909,1120
191,909,1121
191,910,912
191,910,913
191,910,928
191,910,945
191,910,951
191,910,1010
191,910,1120
191,910,1121
191,912,913
191,912,928
191,912,945
191,912,951
191,912,1010
191,912,1120
191,912,1121
191,913,928
191,913,945
191,913,951
191,913,1010
191,913,1120
191,913,1121
191,928,945
191,928,951
191,928,1010
191,928,1120
191,928,1121
191,945,951
191,945,1010
191,945,1120
191,945,1121
191,951,1010
191,951,1120
191,951,1121
191,1010,1120
191,1010,1121
191,1120,1121
192,908,912
192,908,913
192,908,951
192,912,913
192,912,951
192,913,951
193,911,912
193,911,924
193,911,1122
193,912,924
193,912,1122
193,924,1122
194,912,912
195,909,912
195,909,911
195,912,911
196,912,912
196,912,1010
196,912,1010
197,909,912
197,909,1123
197,909,1124
197,912,1123
197,912,1124
197,1123,1124
198,909,910
198,909,912
198,910,912
199,910,912
199,910,955
199,912,955
200,909,912
200,909,910
200,909,955
200,912,910
200,912,955
200,910,955
201,910,912
201,910,955
201,910,1123
201,912,955
201,912,1123
201,955,1123
202,912,912
202,912,1124
202,912,1125
202,912,1124
202,912,1125
202,1124,1125
203,911,912
203,911,1126
203,911,1127
203,912,1126
203,912,1127
203,1126,1127
204,908,912
204,908,913
204,908,928
204,912,913
204,912,928
204,913,928
205,908,912
205,908,913
205,908,909
205,912,913
205,912,909
205,913,909
206,908,912
206,908,913
206,908,910
206,908,920
206,912,913
206,912,910
206,912,920
206,913,910
206,913,920
206,910,920