id,Title,Level,Start Page,End Page,Narrator,Protagonist,Embed. Type
1,"1","level 1 (section)","10","1500","blank (missing null option here)","blank (missing null option here)","[NULL]"
3,"2a","level 1 (section)","1510","2080","blank (missing null option here)","blank (missing null option here)","[NULL]"
4,"2b","level 1 (section)","2090","2340","blank (missing null option here)","blank (missing null option here)","[NULL]"
5,"2c","level 1 (section)","2350","2550","blank (missing null option here)","blank (missing null option here)","[NULL]"
6,"section 1","level 2 (sub-section)","10","19","blank (missing null option here)","blank (missing null option here)","[NULL]"
7,"""afeudoverthispole"" (photo)","level 2 (sub-section)","30","33","collage photos","blank (missing null option here)","[NULL]"
8,"""afeudoverthispole"" (text)","level 2 (sub-section)","34","39","blank (missing null option here)","blank (missing null option here)","[NULL]"
9,"""A feud over this pole.""","level 2 (sub-section)","50","59","real Barbeau","Sagaween (Laxsgiik)","[NULL]"
10,"""or Sakau'wan""","level 2 (sub-section)","70","79","speaker Abel","blank (missing null option here)","[NULL]"
11,"""his / new totems""","level 2 (sub-section)","90","99","speaker Abel","blank (missing null option here)","[NULL]"
12,"""an account / or / summary""","level 2 (sub-section)","110","119","speaker Abel","blank (missing null option here)","[NULL]"
13,"""his / his / theirs""","level 2 (sub-section)","130","139","speaker Abel","blank (missing null option here)","[NULL]"
14,"""In summary""","level 2 (sub-section)","150","159","speaker Abel","blank (missing null option here)","[NULL]"
15,"""thepoletransportedtotoronto"" (photo)","level 2 (sub-section)","170","172","collage photos","blank (missing null option here)","[NULL]"
16,"""thepoletransportedtotoronto"" (text)","level 2 (sub-section)","173","179","blank (missing null option here)","blank (missing null option here)","[NULL]"
17,"""The pole transported to Toronto.""","level 2 (sub-section)","190","199","real Barbeau","blank (missing null option here)","[NULL]"
18,"""remove / transfer / shift""","level 2 (sub-section)","210","219","speaker Abel","blank (missing null option here)","[NULL]"
19,"""his totem / the water""","level 2 (sub-section)","230","239","speaker Abel","blank (missing null option here)","[NULL]"
20,"""remove / thousands of / Indians""","level 2 (sub-section)","250","259","speaker Abel","blank (missing null option here)","[NULL]"
21,"""along the coast to Prince Rupert"" (cloud)","level 2 (sub-section)","270","279","speaker Abel","blank (missing null option here)","[NULL]"
22,"""removalofthesakauwanpolefromnassriver"" (photo)","level 2 (sub-section)","290","292","collage photos","blank (missing null option here)","[NULL]"
23,"""removalofthesakauwanpolefromnassriver"" (text)","level 2 (sub-section)","293","299","speaker Abel","blank (missing null option here)","[NULL]"
24,"""Removal of the Sakau'wan pole from Nass River.""","level 2 (sub-section)","310","319","real Barbeau","blank (missing null option here)","[NULL]"
25,"""his / stateliness""","level 2 (sub-section)","330","339","speaker Abel","blank (missing null option here)","[NULL]"
26,"""the Northwest Coast""","level 2 (sub-section)","350","359","speaker Abel","blank (missing null option here)","[NULL]"
27,"""o r / o orr"" (cloud)","level 2 (sub-section)","370","379","speaker Abel","blank (missing null option here)","[NULL]"
28,"""hung over / the fire""","level 2 (sub-section)","390","399","speaker Abel","blank (missing null option here)","[NULL]"
29,"""for / the / sight of""","level 2 (sub-section)","410","419","speaker Abel","blank (missing null option here)","[NULL]"
30,"""The anthropologist humbled by beauty and the sleepless moon.""","level 2 (sub-section)","430","439","fictional Barbeau","fictional Barbeau","[NULL]"
31,"""thesilhouetteofapoleontheshoreofnassriver"" (photo)","level 2 (sub-section)","450","454","collage photos","blank (missing null option here)","[NULL]"
32,"""thesilhouetteofapoleontheshoreofnassriver"" (text)","level 2 (sub-section)","455","459","speaker Abel","blank (missing null option here)","[NULL]"
33,"""The pole of 'Neesyoq and 'Neeskywinwaet""","level 2 (sub-section)","470","479","real Barbeau","blank (missing null option here)","[NULL]"
34,"""(wilplarhae)""","level 2 (sub-section)","490","499","speaker Abel","blank (missing null option here)","[NULL]"
35,"""( )"" (scatter)","level 2 (sub-section)","510","519","speaker Abel","blank (missing null option here)","[NULL]"
36,"""(field )""","level 2 (sub-section)","530","539","speaker Abel","blank (missing null option here)","[NULL]"
37,"""The silhouette of a pole on the shore of Nass River.""","level 2 (sub-section)","550","559","fictional Barbeau","blank (missing null option here)","[NULL]"
38,"""R. O. M."" (photo)","level 2 (sub-section)","570","573","collage photos","blank (missing null option here)","[NULL]"
39,"""R. O. M."" (text)","level 2 (sub-section)","574","579","speaker Abel","blank (missing null option here)","[NULL]"
40,"""13.07.1992 / The poet, deep in a docile state of youth""","level 2 (sub-section)","590","599","biographical Abel","biographical Abel","[NULL]"
41,"""13.07.1992"" overlapping ""25.12.2010"" (scatter)","level 2 (sub-section)","610","619","biographical Abel","biographical Abel","[NULL]"
42,"""25.12.2010 / The poet exchanges gifts""","level 2 (sub-section)","630","639","biographical Abel","biographical Abel","[NULL]"
43,"""themythofthedragonfly"" (photo)","level 2 (sub-section)","650","652","collage photos","blank (missing null option here)","[NULL]"
44,"""themythofthedragonfly"" (text)","level 2 (sub-section)","653","659","speaker Abel","blank (missing null option here)","[NULL]"
45,"""The myth of the Dragon-Fly.""","level 2 (sub-section)","670","679","real Barbeau","blank (missing null option here)","[NULL]"
46,""" . ' "" (scatter)","level 2 (sub-section)","690","699","speaker Abel","blank (missing null option here)","[NULL]"
47,"""this clan / covered the ground""","level 2 (sub-section)","710","719","speaker Abel","blank (missing null option here)","[NULL]"
48,"""one by one""","level 2 (sub-section)","730","739","speaker Abel","blank (missing null option here)","[NULL]"
49,"""summertime / in a strange country""","level 2 (sub-section)","750","759","speaker Abel","blank (missing null option here)","[NULL]"
50,"""broke n""","level 2 (sub-section)","770","779","speaker Abel","blank (missing null option here)","[NULL]"
51,"""time calling / the / people""","level 2 (sub-section)","790","799","speaker Abel","blank (missing null option here)","[NULL]"
52,"""with sand with blood""","level 2 (sub-section)","810","819","speaker Abel","blank (missing null option here)","[NULL]"
53,"""their inner workings""","level 2 (sub-section)","830","839","speaker Abel","blank (missing null option here)","[NULL]"
54,"""the solitude / opened""","level 2 (sub-section)","850","859","speaker Abel","blank (missing null option here)","[NULL]"
55,"""his work / their working""","level 2 (sub-section)","870","879","speaker Abel","blank (missing null option here)","[NULL]"
56,"""split open""","level 2 (sub-section)","890","899","speaker Abel","blank (missing null option here)","[NULL]"
57,""" . / ' . "" (scatter)","level 2 (sub-section)","910","919","speaker Abel","blank (missing null option here)","[NULL]"
58,"""The Tale of the Blacked-Out Sky at Noon.""","level 2 (sub-section)","930","939","speaker Abel","blank (missing null option here)","[NULL]"
59,"""thewoodenspoon"" (photo)","level 2 (sub-section)","950","955","collage photos","blank (missing null option here)","[NULL]"
60,"""thewoodenspoon"" (text)","level 2 (sub-section)","955","959","speaker Abel","blank (missing null option here)","[NULL]"
61,"""12.06.2008""","level 2 (sub-section)","970","979","biographical Abel","biographical Abel","[NULL]"
62,"""12.06.2008 / c "" (scatter)","level 2 (sub-section)","990","999","biographical Abel","blank (missing null option here)","[NULL]"
63,"""12.06.2008"" overlapping ""26.06.2008"" (scatter)","level 2 (sub-section)","1010","1019","biographical Abel","blank (missing null option here)","[NULL]"
64,"""26.06.2008"" (scatter)","level 2 (sub-section)","1030","1039","biographical Abel","blank (missing null option here)","[NULL]"
65,"""26.06.2008""","level 2 (sub-section)","1050","1059","biographical Abel","blank (missing null option here)","[NULL]"
66,"illegible collage text (photo)","level 2 (sub-section)","1070","1077","collage photos","blank (missing null option here)","[NULL]"
67,"illegible collage text (text)","level 2 (sub-section)","1070","1079","speaker Abel","blank (missing null option here)","[NULL]"
68,"""Myth explaining some of the crests""","level 2 (sub-section)","1090","1099","real Barbeau","blank (missing null option here)","[NULL]"
69,"""follow / the coast""","level 2 (sub-section)","1110","1119","speaker Abel","blank (missing null option here)","[NULL]"
70,"""the / sockeye""","level 2 (sub-section)","1130","1139","speaker Abel","blank (missing null option here)","[NULL]"
71,"""the / remains of / a / head""","level 2 (sub-section)","1150","1159","speaker Abel","blank (missing null option here)","[NULL]"
72,"""account"" (cloud)","level 2 (sub-section)","1170","1179","speaker Abel","blank (missing null option here)","[NULL]"
73,"""the / plentiful / day""","level 2 (sub-section)","1190","1199","speaker Abel","blank (missing null option here)","[NULL]"
74,"""totempolesofchiefmountain"" (photo)","level 2 (sub-section)","1210","1216","collage photos","blank (missing null option here)","[NULL]"
75,"""totempolesofchiefmountain"" (text)","level 2 (sub-section)","1217","1219","speaker Abel","blank (missing null option here)","[NULL]"
76,"""Totem Poles of Chief Mountain (Boas)""","level 2 (sub-section)","1230","1239","real Barbeau","blank (missing null option here)","[NULL]"
77,"""the deceased""","level 2 (sub-section)","1250","1259","speaker Abel","blank (missing null option here)","[NULL]"
78,"""meaning / his father""","level 2 (sub-section)","1270","1279","speaker Abel","blank (missing null option here)","[NULL]"
79,"""ground open""","level 2 (sub-section)","1290","1299","speaker Abel","blank (missing null option here)","[NULL]"
80,"""and / sung""","level 2 (sub-section)","1310","1319","speaker Abel","blank (missing null option here)","[NULL]"
81,"""column / clear""","level 2 (sub-section)","1330","1339","speaker Abel","blank (missing null option here)","[NULL]"
82,"""the son or"" (cloud)","level 2 (sub-section)","1350","1359","speaker Abel","blank (missing null option here)","[NULL]"
83,"""themilkofhypotheticalhistories"" (photo)","level 2 (sub-section)","1370","1375","collage photos","blank (missing null option here)","[NULL]"
84,"""themilkofhypotheticalhistories"" (text)","level 2 (sub-section)","1356","1359","speaker Abel","blank (missing null option here)","[NULL]"
85,"""21.04.1985""","level 2 (sub-section)","1390","1399","biographical Abel","blank (missing null option here)","[NULL]"
86,"""21.04.1985"" overlapping ""05.08.2011"" ""h r w b"" (scatter)","level 2 (sub-section)","1410","1419","biographical Abel","blank (missing null option here)","[NULL]"
87,"""05.08.2011""","level 2 (sub-section)","1430","1439","biographical Abel","blank (missing null option here)","[NULL]"
88,"""21.04.1985"" overlapping ""05.08.2011"" ""w / m t"" (scatter)","level 2 (sub-section)","1450","1499","biographical Abel","blank (missing null option here)","[NULL]"
89,"""theplaceofscraps"" (photo)","level 2 (sub-section)","1530","1538","collage photos","blank (missing null option here)","[NULL]"
90,"""theplaceofscraps"" (text)","level 2 (sub-section)","1539","1539","speaker Abel","blank (missing null option here)","[NULL]"
91,""" "" / ."" ""","level 2 (sub-section)","1550","1559","speaker Abel","blank (missing null option here)","[NULL]"
92,"""translated / ""shadow / of stars.""""","level 2 (sub-section)","1570","1579","speaker Abel","blank (missing null option here)","[NULL]"
93,"""an endless / hike""","level 2 (sub-section)","1590","1599","speaker Abel","blank (missing null option here)","[NULL]"
94,"""I trudged on""","level 2 (sub-section)","1610","1619","speaker Abel","blank (missing null option here)","[NULL]"
95,"""The place of scraps.""","level 2 (sub-section)","1630","1639","fictional Barbeau","blank (missing null option here)","[NULL]"
96,"""Primitive culture circulates"" (academic voice)","level 2 (sub-section)","1650","1651","academic voice","blank (missing null option here)","[NULL]"
97,"""Primitive culture circulates"" (Fictional Barbeau)","level 2 (sub-section)","1652","1659","fictional Barbeau","blank (missing null option here)","[NULL]"
98,"""In practice, the civilized world"" (academic voice)","level 2 (sub-section)","1670","1672","academic voice","blank (missing null option here)","[NULL]"
99,"""In practice, the civilized world"" (Fictional Barbeau)","level 2 (sub-section)","1673","1679","fictional Barbeau","blank (missing null option here)","[NULL]"
100,"""Despite efforts to determine meaning"" (photo)","level 2 (sub-section)","1690","1696","collage photos","blank (missing null option here)","[NULL]"
101,"""Despite efforts to determine meaning"" (academic voice)","level 2 (sub-section)","1697","1698","academic voice","blank (missing null option here)","[NULL]"
102,"""Despite efforts to determine meaning"" (Fictional Barbeau)","level 2 (sub-section)","1699","1699","fictional Barbeau","blank (missing null option here)","[NULL]"
103,"""Contact is precisely the investigation"" (academic voice)","level 2 (sub-section)","1710","1713","academic voice","blank (missing null option here)","[NULL]"
104,"""Contact is precisely the investigation"" (Fictional Barbeau) (scatter)","level 2 (sub-section)","1714","1719","fictional Barbeau","blank (missing null option here)","[NULL]"
105,"""culture spirit world"" (scatter)","level 2 (sub-section)","1730","1739","fictional Barbeau","blank (missing null option here)","[NULL]"
106,"""coffinhouseofthefrog"" (photo)","level 2 (sub-section)","1750","1753","collage photos","blank (missing null option here)","[NULL]"
107,"""coffinhouseofthefrog"" (text)","level 2 (sub-section)","1754","1759","speaker Abel","blank (missing null option here)","[NULL]"
108,"""Coffin Hous"" (photo)","level 2 (sub-section)","1770","1772","collage photos","blank (missing null option here)","[NULL]"
109,"""Coffin Hous"" (text)","level 2 (sub-section)","1773","1779","real Barbeau","blank (missing null option here)","[NULL]"
110,"""This story / is a secret""","level 2 (sub-section)","1790","1799","speaker Abel","speaker Abel","[NULL]"
111,"""This story / was / built"" (academic voice)","level 2 (sub-section)","1810","1817","academic voice","blank (missing null option here)","[NULL]"
112,"""This story / was / built"" (Speaker Abel)","level 2 (sub-section)","1818","1819","speaker Abel","blank (missing null option here)","[NULL]"
113,"""the / flat"" (photo)","level 2 (sub-section)","1830","1836","collage photos","blank (missing null option here)","[NULL]"
114,"""the / flat"" (academic text)","level 2 (sub-section)","1837","1838","academic voice","blank (missing null option here)","[NULL]"
115,"""the / flat"" (Speaker Abel)","level 2 (sub-section)","1839","1839","speaker Abel","blank (missing null option here)","[NULL]"
116,"""This story / is"" (academic voice)","level 2 (sub-section)","1850","1858","academic voice","blank (missing null option here)","[NULL]"
117,"""This story / is"" (Speaker Abel)","level 2 (sub-section)","1859","1859","speaker Abel","blank (missing null option here)","[NULL]"
118,"""Let us proceed""","level 2 (sub-section)","1870","1879","academic voice","blank (missing null option here)","[NULL]"
119,"""thedoctrineoftheindianprophet"" (photo)","level 2 (sub-section)","1890","1893","collage photos","blank (missing null option here)","[NULL]"
120,"""thedoctrineoftheindianprophet"" (text)","level 2 (sub-section)","1894","1899","speaker Abel","blank (missing null option here)","[NULL]"
121,"""Had the old Indian been aware""","level 2 (sub-section)","1910","1919","real Barbeau","blank (missing null option here)","[NULL]"
122,"""We have scarcely begun"" (academic voice)","level 2 (sub-section)","1930","1935","academic voice","blank (missing null option here)","[NULL]"
123,"""We have scarcely begun"" (Real Barbeau: cloud)","level 2 (sub-section)","1936","1939","real Barbeau","blank (missing null option here)","[NULL]"
124,"""It is even incorrect"" (academic voice)","level 2 (sub-section)","1950","1953","academic voice","blank (missing null option here)","[NULL]"
125,"""It is even incorrect"" (Real Barbeau: cloud)","level 2 (sub-section)","1954","1959","real Barbeau","blank (missing null option here)","[NULL]"
126,"""Physical actions are expected."" (academic voice)","level 2 (sub-section)","1970","1974","academic voice","blank (missing null option here)","[NULL]"
127,"""Physical actions are expected."" (Real Barbeau: cloud)","level 2 (sub-section)","1975","1979","real Barbeau","blank (missing null option here)","[NULL]"
128,"""At least this functions"" (academic voice)","level 2 (sub-section)","1990","1994","academic voice","blank (missing null option here)","[NULL]"
129,"""At least this functions"" (Real Barbeau: cloud)","level 2 (sub-section)","1995","1999","real Barbeau","blank (missing null option here)","[NULL]"
130,"""Economically speaking"" (photo)","level 2 (sub-section)","2010","2016","collage photos","blank (missing null option here)","[NULL]"
131,"""Economically speaking"" (academic voice)","level 2 (sub-section)","2017","2018","academic voice","blank (missing null option here)","[NULL]"
132,"""Economically speaking"" (Real Barbeau: cloud)","level 2 (sub-section)","2019","2019","real Barbeau","blank (missing null option here)","[NULL]"
133,"""The uncertain fractures"" (academic voice)","level 2 (sub-section)","2030","2037","academic voice","blank (missing null option here)","[NULL]"
134,"""The uncertain fractures"" (Real Barbeau: cloud)","level 2 (sub-section)","2038","2039","real Barbeau","blank (missing null option here)","[NULL]"
135,"""In this way"" (academic voice)","level 2 (sub-section)","2050","2058","academic voice","blank (missing null option here)","[NULL]"
136,"""In this way"" (Real Barbeau: cloud)","level 2 (sub-section)","2059","2059","real Barbeau","blank (missing null option here)","[NULL]"
137,"""Many persons will deny"" (academic voice)","level 2 (sub-section)","2070","2077","academic voice","blank (missing null option here)","[NULL]"
138,"""Many persons will deny"" (Real Barbeau: cloud)","level 2 (sub-section)","2078","2079","real Barbeau","blank (missing null option here)","[NULL]"
139,"1 (level 2 container)","level 2 (sub-section)","10","19","blank (missing null option here)","blank (missing null option here)","[NULL]"
140,"2a (level 2 container)","level 2 (sub-section)","1510","1519","blank (missing null option here)","blank (missing null option here)","[NULL]"
141,"2b (level 2 container)","level 2 (sub-section)","2090","2099","blank (missing null option here)","blank (missing null option here)","[NULL]"
142,"""The poet is artificially replaced""","level 2 (sub-section)","2110","2119","academic voice","blank (missing null option here)","[NULL]"
143,"""The cyclicity of these poetics""","level 2 (sub-section)","2130","2139","academic voice","blank (missing null option here)","[NULL]"
144,"""Position of classification""","level 2 (sub-section)","2150","2159","academic voice","blank (missing null option here)","[NULL]"
145,"""The subject then restores""","level 2 (sub-section)","2170","2179","academic voice","blank (missing null option here)","[NULL]"
146,"""There is no duality""","level 2 (sub-section)","2190","2199","academic voice","blank (missing null option here)","[NULL]"
147,"""One is tempted to struggle""","level 2 (sub-section)","2210","2219","academic voice","blank (missing null option here)","[NULL]"
148,"""A state of primal unity""","level 2 (sub-section)","2230","2239","academic voice","blank (missing null option here)","[NULL]"
149,"""The message was always the same""","level 2 (sub-section)","2250","2259","academic voice","blank (missing null option here)","[NULL]"
150,"""But the divisions of movement""","level 2 (sub-section)","2270","2279","academic voice","blank (missing null option here)","[NULL]"
151,"""Here, science isn't just essential""","level 2 (sub-section)","2290","2299","academic voice","blank (missing null option here)","[NULL]"
152,"""As before, the notes show""","level 2 (sub-section)","2310","2319","academic voice","blank (missing null option here)","[NULL]"
153,"""There is no triumph""","level 2 (sub-section)","2330","2339","academic voice","blank (missing null option here)","[NULL]"
154,"""w c n;"" (photo)","level 2 (sub-section)","2370","2378","collage photos","blank (missing null option here)","[NULL]"
155,"""w c n;"" (text)","level 2 (sub-section)","2379","2379","speaker Abel","blank (missing null option here)","[NULL]"
156,"""d  x  l"" (photo)","level 2 (sub-section)","2390","2398","collage photos","blank (missing null option here)","[NULL]"
157,"""d  x  l"" (text)","level 2 (sub-section)","2399","2399","speaker Abel","blank (missing null option here)","[NULL]"
158,"""t m c"" (photo)","level 2 (sub-section)","2410","2417","collage photos","blank (missing null option here)","[NULL]"
159,"""t m c"" (text)","level 2 (sub-section)","2418","2419","speaker Abel","blank (missing null option here)","[NULL]"
160,"""l t g"" (photo)","level 2 (sub-section)","2430","2436","collage photos","blank (missing null option here)","[NULL]"
161,"""l t g"" (text)","level 2 (sub-section)","2437","2439","speaker Abel","blank (missing null option here)","[NULL]"
162,"""s d h"" (photo)","level 2 (sub-section)","2450","2458","collage photos","blank (missing null option here)","[NULL]"
163,"""s d h"" (text)","level 2 (sub-section)","2459","2459","speaker Abel","blank (missing null option here)","[NULL]"
164,"""d n k"" (photo)","level 2 (sub-section)","2470","2476","collage photos","blank (missing null option here)","[NULL]"
165,"""d n k"" (text)","level 2 (sub-section)","2477","2479","speaker Abel","blank (missing null option here)","[NULL]"
166,"""n d s l"" (photo)","level 2 (sub-section)","2490","2493","collage photos","blank (missing null option here)","[NULL]"
167,"""n d s l"" (text)","level 2 (sub-section)","2494","2499","speaker Abel","blank (missing null option here)","[NULL]"
168,"""m s d n"" (photo)","level 2 (sub-section)","2510","2515","collage photos","blank (missing null option here)","[NULL]"
169,"""m s d n"" (text)","level 2 (sub-section)","2516","2519","speaker Abel","blank (missing null option here)","[NULL]"
170,"""x / p / c c r"" (photo)","level 2 (sub-section)","2530","2538","collage photos","blank (missing null option here)","[NULL]"
171,"""x / p / c c r"" (text)","level 2 (sub-section)","2539","2539","speaker Abel","blank (missing null option here)","[NULL]"
172,"""r t t / r v"" (photo)","level 2 (sub-section)","2550","2557","collage photos","blank (missing null option here)","[NULL]"
173,"""r t t / r v"" (text)","level 2 (sub-section)","2558","2559","speaker Abel","blank (missing null option here)","[NULL]"