menEx_id,menEx_menOrEx_id_fk,menEx_character1_id_fk,menEx_character2_id_fk,menEx_narrContainer_id_fk,menEx_isReciprocal_id_fk,menEx_startPage,menEx_endPage
187,1,66,68,78,0,3,3
188,2,66,69,78,1,4,9
189,2,66,71,78,1,5,6
190,2,66,72,78,1,7,8
191,2,68,66,78,1,9,10
192,2,68,71,78,1,9,10
193,2,68,74,78,1,9,9
194,2,71,74,78,1,10,10
195,2,71,66,78,1,10,18
196,0,74,91,78,1,10,11
197,2,66,68,78,1,11,13
198,1,71,139,78,1,14,14
199,1,66,92,78,1,14,14
200,1,66,93,78,1,14,14
201,2,66,69,78,1,15,16
202,1,69,71,78,0,15,18
203,1,69,68,78,0,4,4
204,1,69,72,78,0,7,8
205,1,69,178,78,0,8,8
206,1,71,72,78,0,16,16
207,0,66,76,78,1,16,18
208,1,66,96,78,0,17,17
209,1,66,94,78,0,17,17
210,1,66,95,78,0,17,17
211,0,71,96,78,1,17,17
212,0,71,94,78,1,17,17
213,0,71,95,78,1,17,17
214,2,69,66,78,1,18,18
215,2,137,67,79,1,19,19
216,0,137,77,79,1,19,19
217,0,67,77,79,1,19,21
218,1,67,97,79,0,19,19
219,1,67,98,79,0,19,19
220,2,78,67,79,1,19,21
221,0,78,77,79,1,19,19
222,1,78,99,79,0,19,19
223,1,67,99,79,1,19,19
227,1,67,100,79,1,20,20
228,1,67,101,79,1,20,20
229,1,67,102,79,1,20,20
230,1,67,79,79,1,20,20
231,0,78,79,79,1,20,20
232,1,67,103,79,0,20,21
233,2,67,80,79,1,20,21
234,0,67,104,79,1,20,20
235,0,66,67,79,1,21,22
236,0,67,82,79,1,21,21
237,0,67,81,79,1,21,22
238,0,67,83,79,1,22,22
239,1,67,105,79,0,22,22
240,1,67,106,79,0,22,22
241,0,67,84,79,1,23,23
242,0,67,85,79,1,23,23
243,0,67,86,79,1,23,23
244,0,67,87,79,1,23,23
245,1,67,107,79,0,23,23
246,2,67,88,79,1,23,23
247,2,67,108,79,1,23,23
248,2,67,82,79,1,23,23
249,2,67,81,79,1,24,26
250,0,67,89,79,1,24,24
251,0,81,89,79,1,24,24
252,0,82,67,79,1,24,24
253,0,82,81,79,1,24,24
254,1,89,82,79,1,24,24
255,1,81,77,79,0,26,26
256,1,67,109,79,0,27,27
257,1,81,109,79,0,27,27
258,2,66,81,79,1,27,27
259,2,67,66,79,1,27,29
260,1,67,111,79,0,28,28
261,0,66,111,79,1,28,28
262,0,67,174,79,0,28,28
263,2,66,174,79,0,28,28
264,0,87,86,81,1,39,41
265,0,85,86,81,1,39,40
266,0,87,85,81,1,39,39
267,0,87,84,81,1,39,39
268,0,87,252,81,0,40,40
269,0,86,252,81,0,40,40
270,1,84,132,81,0,39,39
271,1,87,132,81,0,39,39
272,1,85,132,81,0,39,39
273,1,86,132,81,0,39,39
274,1,67,132,81,0,39,39
275,1,87,133,81,0,39,39
276,1,84,133,81,0,39,39
277,1,86,133,81,0,39,39
278,1,85,133,81,0,39,39
279,1,67,133,81,0,39,39
280,1,87,134,81,0,39,39
281,1,84,134,81,0,39,39
282,1,86,134,81,0,39,39
283,1,85,134,81,0,39,39
284,1,67,134,81,0,39,39
285,2,84,85,81,1,39,39
287,0,84,252,81,0,40,40
288,0,67,252,81,0,40,40
289,0,85,135,81,1,39,40
290,0,87,67,81,1,39,42
291,0,85,67,81,1,39,40
292,0,84,86,81,1,39,40
293,0,84,67,81,1,39,40
294,0,86,67,81,1,39,40
295,2,84,238,81,1,41,41
296,2,67,239,81,1,42,42
297,2,87,86,81,1,42,42
298,1,87,240,81,1,42,42
299,0,86,130,81,1,42,42
300,1,87,130,81,0,42,42
301,0,86,136,81,1,43,43
302,0,87,241,81,0,43,43
303,2,86,130,81,1,43,43
304,0,130,242,81,1,43,43
305,1,87,243,81,0,43,43
306,0,87,244,81,1,44,44
307,0,84,244,81,1,44,44
308,0,86,244,81,1,44,44
309,0,85,244,81,1,44,44
310,0,67,244,81,1,44,44
311,0,87,245,81,1,44,44
312,0,84,245,81,1,44,44
313,0,85,245,81,1,44,44
314,0,86,245,81,1,44,44
315,0,67,245,81,1,44,44
316,2,244,245,81,1,44,44
317,2,246,84,81,1,44,44
318,2,67,246,81,1,44,44
319,2,67,85,81,1,45,45
320,2,67,251,79,1,32,33
321,0,87,253,81,0,40,40
322,1,87,135,81,1,39,39
323,0,84,253,81,0,40,40
324,1,84,135,81,1,39,39
325,1,67,135,81,1,39,39
326,0,67,253,81,0,40,40
327,0,86,253,81,0,40,40
328,1,86,135,81,1,39,39
329,1,66,68,78,0,5,5
330,2,74,254,78,1,10,10
331,2,74,255,78,1,10,10
332,0,71,91,78,1,10,11
333,0,66,91,78,1,10,11
334,2,87,256,81,1,43,43
335,2,87,257,81,1,44,44
336,2,87,258,81,1,44,44
337,2,87,259,81,1,44,44
338,2,84,247,81,1,45,45
339,2,84,248,81,1,45,45
340,2,84,249,81,1,45,45
341,2,85,247,81,1,45,45
342,2,85,248,81,1,45,45
343,2,85,249,81,1,45,45
344,2,87,247,81,1,45,45
345,2,87,248,81,1,45,45
346,2,87,249,81,1,45,45
347,2,67,247,81,1,45,45
348,2,67,248,81,1,45,45
349,2,67,249,81,1,45,45
350,2,86,247,81,1,45,45
351,2,86,248,81,1,45,45
352,2,86,249,81,1,45,45
353,2,87,86,81,1,44,45
354,0,66,67,78,1,5,5
355,0,66,178,78,1,8,8
356,0,66,71,78,1,9,9
357,0,66,67,78,1,12,12
358,0,71,68,78,1,12,12
359,0,66,139,78,1,14,14
360,0,92,93,78,1,14,15
361,0,94,96,78,1,17,17
362,0,95,96,78,1,17,17
363,0,94,95,78,1,17,17
364,1,69,76,78,0,18,18
365,0,80,103,79,1,20,21
366,0,80,260,79,1,20,20
367,0,103,260,79,1,20,20
368,2,88,108,79,1,23,23
369,1,82,88,79,0,23,23
370,0,67,80,79,1,24,24
371,0,67,82,79,1,26,26
372,0,67,77,79,1,26,27
373,0,67,89,79,1,26,27
374,1,89,109,79,0,27,27
377,0,67,79,79,1,27,27
378,0,67,250,79,1,27,27
379,0,87,260,81,1,40,40
380,0,87,235,81,1,41,41
381,0,87,236,81,1,41,41
382,0,87,237,81,1,41,41
383,0,86,235,81,1,41,41
384,0,86,236,81,1,41,41
385,0,86,237,81,1,41,41
386,1,87,238,81,1,41,41
387,0,138,83,99,1,166,166
388,0,138,152,99,1,166,167
390,1,138,143,99,0,167,167
391,1,138,144,99,0,167,167
392,2,138,83,99,1,167,172
393,1,138,145,99,0,167,167
394,2,138,155,99,1,168,168
395,2,83,155,99,1,168,168
396,0,138,261,99,1,168,169
397,1,138,262,99,0,169,169
398,0,138,155,99,1,170,171
399,0,83,155,99,1,170,171
400,0,83,263,99,1,170,170
401,0,83,146,99,1,170,172
402,1,138,263,99,0,170,170
403,1,138,146,99,0,170,172
404,0,83,147,99,1,172,172
405,1,138,147,99,0,172,172
406,0,83,264,99,1,172,172
407,1,138,264,99,0,172,172
408,0,146,147,99,1,172,172
410,0,146,264,99,1,172,172
411,0,147,264,99,1,172,172
412,0,138,148,99,1,172,172
413,1,138,265,99,0,172,172
414,1,149,265,99,0,172,172
415,0,138,149,99,1,172,172
416,0,138,150,99,1,172,172
417,2,151,138,99,1,172,172
418,2,152,138,99,1,173,173
419,0,138,83,99,1,173,173
420,2,138,83,99,1,174,183
421,1,138,146,99,0,174,174
422,1,138,260,99,0,174,174
423,2,151,138,99,1,175,175
424,2,138,152,99,1,175,175
425,0,138,156,99,0,175,175
426,0,152,156,99,1,175,175
427,2,138,152,99,1,177,177
428,1,138,266,99,0,177,177
429,0,83,158,99,1,178,178
430,1,138,158,99,1,178,178
431,2,153,138,99,1,179,179
432,0,138,152,99,1,179,179
433,0,153,152,99,1,179,179
434,1,138,158,99,1,180,180
435,1,138,267,99,0,181,181
436,0,83,268,99,1,181,181
437,2,152,138,99,1,182,182
438,0,138,151,99,1,184,184
439,2,83,138,99,1,184,184
440,1,138,270,99,0,184,184
441,1,138,270,99,0,184,184
442,1,138,271,99,0,184,184
443,2,138,272,99,0,184,185
444,0,138,83,99,1,185,185
445,1,138,273,99,0,185,185
446,1,138,274,99,0,185,185
447,2,138,159,99,1,185,185
448,0,138,275,99,1,185,185
449,0,159,275,99,1,185,185
450,0,138,276,99,1,185,185
451,0,159,276,99,1,185,185
452,0,138,138,99,1,185,185
453,2,139,213,100,1,186,190
454,2,139,66,100,1,186,186
455,0,213,66,100,1,186,188
456,0,139,161,100,1,186,186
457,2,139,76,100,1,186,186
458,0,139,66,100,1,187,187
460,0,139,76,100,1,187,188
461,0,66,76,100,1,187,187
462,0,139,164,100,1,187,187
463,0,139,277,100,1,187,187
464,1,139,165,100,0,187,187
465,0,76,161,100,1,188,191
466,0,139,161,100,1,188,189
467,2,139,66,100,1,188,190
468,0,139,170,100,0,188,188
469,2,139,164,100,1,189,189
470,2,213,66,100,1,189,189
471,2,76,139,100,1,189,191
472,2,76,278,100,1,189,189
473,0,76,279,100,1,189,189
474,0,279,278,100,1,189,189
475,1,139,278,100,0,189,189
476,1,139,279,100,0,189,189
477,1,161,279,100,0,189,189
478,1,161,279,100,0,189,189
479,2,66,76,100,1,190,190
480,0,213,66,100,1,190,191
481,0,213,76,100,1,190,190
482,1,139,280,100,0,190,190
483,0,213,280,100,1,190,190
484,0,139,161,100,1,190,190
485,2,161,139,100,1,191,191
486,0,161,76,100,1,191,191
487,0,139,66,100,1,191,191
488,1,139,278,100,0,191,191
489,0,139,213,100,1,191,191
490,2,139,213,100,1,192,192
491,2,139,66,100,1,192,195
492,2,66,213,100,1,192,192
493,1,139,165,100,0,192,192
494,1,139,260,100,0,192,192
495,1,139,186,100,0,192,192
496,0,66,186,100,1,192,192
497,1,139,171,100,0,192,192
498,2,66,171,100,1,192,193
499,0,139,76,100,1,193,193
500,1,139,364,100,0,194,194
501,0,66,364,100,1,194,194
502,1,139,167,100,0,194,194
503,0,66,167,100,1,194,194
504,1,139,281,100,0,194,194
505,1,139,282,100,0,194,194
506,2,66,281,100,1,194,194
507,2,66,282,100,1,194,194
508,2,139,172,100,1,195,195
509,1,66,172,100,0,195,195
510,1,139,176,100,0,195,195
511,1,66,176,100,0,195,195
512,0,139,283,100,1,195,195
513,0,139,284,100,1,195,195
514,0,139,285,100,1,195,195
515,0,139,169,100,1,195,195
516,0,66,283,100,1,195,195
517,0,66,284,100,1,195,195
518,0,66,285,100,1,195,195
519,0,139,213,100,1,195,196
520,0,66,213,100,1,195,196
521,0,283,284,100,1,195,195
522,0,283,285,100,1,195,195
523,0,284,285,100,1,195,195
524,0,139,161,100,1,196,196
525,0,139,76,100,1,196,196
526,0,161,76,100,1,196,196
527,0,139,66,100,1,196,196
528,0,66,76,100,1,196,196
529,1,139,260,100,0,196,196
530,2,139,66,100,1,197,201
531,1,139,171,100,0,197,197
532,0,66,171,100,1,197,197
533,0,171,213,100,1,197,197
534,1,71,254,78,0,9,10
535,0,74,254,78,0,9,9
536,2,139,213,100,1,197,207
537,1,68,254,78,0,9,10
538,2,66,213,100,1,197,199
539,1,66,254,78,0,9,10
540,0,139,161,100,1,197,197
541,0,139,76,100,1,197,197
542,0,66,74,78,0,9,10
543,0,161,76,100,1,197,197
544,1,139,279,100,0,197,197
545,1,139,278,100,0,197,197
546,0,76,279,100,1,197,197
547,0,76,278,100,1,197,197
548,0,279,278,100,1,197,197
549,0,66,92,78,1,4,4
550,2,139,174,100,1,198,199
551,2,66,174,100,1,198,199
552,2,213,174,100,1,198,198
553,0,139,166,100,0,198,199
554,0,213,166,100,0,198,199
555,0,139,286,100,1,198,198
556,1,87,239,81,0,42,42
557,0,86,239,81,0,42,42
558,0,84,240,81,1,42,42
559,0,87,85,81,1,42,42
560,0,86,85,81,1,42,42
561,0,67,85,81,1,42,42
562,0,84,85,81,1,42,42
564,0,87,84,81,1,42,42
565,0,86,84,81,1,42,42
566,0,86,67,81,1,42,42
567,0,84,67,81,1,42,42
568,0,87,260,81,0,43,43
569,0,87,136,81,1,43,43
570,1,87,130,81,0,43,43
571,0,86,241,81,1,43,43
572,1,87,242,81,0,43,43
573,1,139,67,100,0,199,199
574,0,66,67,100,1,199,199
576,0,213,66,100,1,200,200
577,0,139,164,100,1,200,200
578,0,139,173,100,1,200,200
579,0,164,173,100,1,200,200
580,1,139,167,100,0,200,200
581,2,213,161,100,1,201,201
582,2,139,161,100,1,201,204
583,0,139,76,100,1,201,201
584,2,161,287,100,1,201,201
585,1,139,287,100,0,201,201
586,0,139,66,100,1,202,202
587,2,139,288,100,1,202,202
588,0,213,288,100,0,202,202
589,2,161,213,100,1,203,204
590,1,139,279,100,0,203,203
591,1,139,278,100,0,203,203
592,0,279,278,100,1,203,203
593,0,139,76,100,1,203,203
594,0,76,279,100,1,203,203
595,0,76,278,100,1,203,203
597,0,213,66,100,1,204,205
598,0,139,66,100,1,204,205
599,1,139,167,100,0,204,204
600,0,139,173,100,1,207,207
601,0,139,66,100,1,207,207
602,0,141,66,101,1,208,209
603,0,141,171,101,1,208,209
604,0,141,177,101,1,208,208
605,0,66,177,101,1,209,209
606,1,141,201,101,0,209,209
607,1,141,202,101,0,209,209
608,0,201,202,101,1,209,209
609,0,171,177,101,1,209,209
610,1,141,289,101,0,209,209
611,2,141,179,101,1,209,212
612,0,179,180,101,1,211,211
613,2,141,180,101,1,211,212
614,0,180,181,101,1,211,211
615,2,141,181,101,1,211,212
616,2,141,182,101,1,211,212
617,0,141,183,101,1,212,212
618,0,141,66,101,1,213,215
619,0,141,178,101,1,213,213
620,0,178,66,101,1,213,213
621,0,141,177,101,1,213,213
622,0,178,177,101,1,213,213
623,0,66,171,101,1,213,213
624,0,177,171,101,1,213,213
625,0,66,177,101,1,213,213
626,0,141,180,101,1,214,214
627,0,141,181,101,1,214,214
628,0,141,182,101,1,214,214
629,0,180,181,101,1,214,214
630,0,180,182,101,1,214,214
631,0,181,182,101,1,214,214
632,0,180,182,101,1,212,212
633,0,181,182,101,1,212,212
634,1,141,203,101,0,214,214
635,0,141,201,101,0,214,215
636,0,141,202,101,0,214,215
637,0,141,290,101,0,214,214
638,0,141,205,101,0,214,214
639,0,201,202,101,1,214,215
640,0,202,290,101,1,214,214
641,0,201,205,101,1,214,214
642,0,202,205,101,1,214,214
643,0,141,179,101,1,215,215
644,1,141,291,101,0,215,215
645,0,141,292,101,1,215,215
646,1,141,293,101,0,215,215
647,2,141,66,101,1,216,226
648,1,141,206,101,0,216,216
649,0,141,177,101,1,217,220
650,0,177,66,101,1,217,217
651,0,66,181,101,1,217,217
652,0,66,182,101,1,217,217
653,0,66,180,101,1,217,217
654,0,141,181,101,1,217,217
655,0,141,182,101,1,217,217
656,0,141,180,101,1,217,217
657,0,181,182,101,1,217,217
658,0,181,180,101,1,217,217
659,0,182,180,101,1,217,217
660,0,141,178,101,1,218,219
661,0,177,178,101,1,218,219
662,1,141,184,101,0,219,219
663,0,66,184,101,1,219,219
664,0,66,177,101,1,218,220
665,0,66,178,101,1,218,219
666,0,66,185,101,1,220,220
667,2,66,294,101,1,221,221
668,0,141,294,101,1,221,221
669,1,141,207,101,0,221,221
670,1,141,208,101,0,221,221
671,1,141,209,101,0,221,221
672,0,141,295,101,0,221,221
673,0,66,295,101,0,222,222
674,0,141,295,101,0,222,223
675,1,141,197,101,0,222,222
676,0,66,179,101,1,222,223
677,0,141,179,101,1,222,223
678,0,66,186,101,1,223,223
679,0,66,196,101,0,223,223
680,0,186,196,101,1,223,223
681,1,141,186,101,0,223,223
682,1,141,196,101,0,223,223
683,0,141,296,101,1,224,224
684,0,66,296,101,1,224,224
685,0,66,178,101,1,225,225
686,1,141,201,101,0,225,225
687,1,141,202,101,0,225,225
688,0,201,202,101,1,225,225
689,2,141,297,101,1,227,227
690,2,141,297,101,1,227,227
691,2,177,141,101,0,227,227
692,2,179,141,101,0,227,227
693,2,180,299,101,1,227,227
694,2,180,141,101,1,227,227
695,2,299,141,101,1,227,227
696,1,141,201,101,0,227,227
697,1,141,202,101,0,227,227
698,0,201,202,101,1,227,227
699,2,141,210,101,1,228,230
700,1,141,300,101,0,229,229
701,1,141,301,101,0,229,229
702,1,141,302,101,0,229,229
703,1,141,303,101,0,229,229
704,1,141,304,101,0,229,229
705,0,302,303,101,1,229,229
706,2,141,66,101,1,229,233
707,0,66,210,101,1,230,230
708,0,141,305,101,1,230,231
709,0,141,306,101,1,230,231
710,2,141,179,101,1,231,231
711,0,141,179,101,1,232,232
712,1,141,198,101,0,233,233
713,1,141,199,101,0,233,233
714,1,141,200,101,0,233,233
715,0,66,213,101,1,233,233
716,0,66,177,101,1,233,233
717,0,177,213,101,1,233,233
718,0,66,211,101,1,233,233
719,0,66,140,101,1,233,233
720,0,140,211,101,1,233,233
721,2,84,257,81,1,44,44
722,2,67,257,81,1,44,44
723,2,85,257,81,1,44,44
724,2,86,257,81,1,44,44
725,2,84,258,81,1,44,44
726,2,67,258,81,1,44,44
727,2,85,258,81,1,44,44
728,2,86,258,81,1,44,44
729,2,84,259,81,1,44,44
730,2,67,259,81,1,44,44
731,2,85,259,81,1,44,44
732,2,86,259,81,1,44,44
733,0,87,246,81,1,44,44
734,0,85,246,81,1,44,44
735,0,86,246,81,1,44,44
736,1,86,307,81,0,46,46
737,1,87,307,81,0,46,46
738,1,86,308,81,0,46,46
739,1,87,308,81,0,46,46
740,1,87,309,81,0,46,46
741,1,86,309,81,0,46,46
742,0,87,310,81,1,46,46
743,0,86,310,81,1,46,46
744,0,87,67,81,1,46,46
745,0,86,67,81,1,46,46
746,2,86,130,81,1,46,46
747,2,87,130,81,0,46,46
748,2,87,86,81,1,46,46
749,0,84,311,81,1,45,45
750,0,67,84,81,1,45,45
751,0,86,84,81,1,45,45
752,0,86,311,81,1,45,45
753,2,87,84,81,1,45,46
754,2,87,85,81,1,46,48
755,0,87,252,81,0,47,47
756,0,87,253,81,0,47,47
757,0,85,252,81,1,47,47
758,0,85,253,81,1,47,47
759,0,87,86,81,1,47,47
760,0,85,86,81,1,47,47
761,0,85,312,81,1,47,47
762,0,85,243,81,1,47,47
763,1,87,312,81,0,47,48
764,1,87,243,81,0,47,48
765,0,87,246,81,1,48,48
766,0,86,246,81,1,48,48
767,0,84,246,81,1,48,48
768,2,86,67,81,1,48,48
769,0,67,246,81,1,48,48
770,2,67,313,81,1,48,48
771,2,67,87,81,1,48,48
772,2,130,67,81,1,51,51
773,0,87,84,81,1,48,48
774,0,87,85,81,1,48,48
775,0,86,84,81,1,48,48
776,0,86,85,81,1,48,48
777,2,67,85,81,1,48,48
778,2,67,84,81,1,48,48
779,2,86,130,81,1,48,53
780,2,87,86,81,1,48,51
781,2,87,130,81,1,48,57
782,0,130,266,81,0,49,49
783,0,87,136,81,1,49,49
784,0,87,256,81,1,49,49
785,0,87,314,81,1,49,50
786,0,87,315,81,1,49,49
787,2,314,315,81,1,49,49
788,0,87,84,81,1,49,49
789,0,314,136,81,1,49,49
790,0,315,136,81,1,49,49
791,0,314,256,98,1,49,49
792,0,315,256,81,1,49,49
793,0,256,136,81,1,49,49
794,0,87,85,81,1,49,49
795,0,86,85,81,1,49,49
796,0,140,140,102,1,234,234
797,0,140,211,102,1,235,238
798,0,66,211,102,1,236,236
799,0,66,213,102,1,236,236
800,0,211,213,102,1,236,236
801,2,316,211,102,0,238,238
802,2,316,140,102,1,238,238
803,2,140,66,102,1,238,238
804,0,140,66,102,1,236,236
805,0,140,213,102,1,236,236
806,0,317,214,102,1,239,239
807,2,214,66,102,1,239,239
808,2,140,214,102,1,239,239
809,2,140,66,102,1,239,240
810,0,319,215,102,1,239,239
811,2,215,66,102,1,239,239
812,2,140,215,102,1,239,239
814,2,216,66,102,1,239,239
815,2,140,216,102,1,239,239
816,0,140,213,102,1,241,241
817,2,140,66,102,1,242,242
818,0,140,211,102,1,242,242
819,0,66,211,102,1,242,242
820,2,140,211,102,1,243,243
821,0,140,213,102,1,243,243
822,0,211,213,102,1,243,243
823,2,140,211,102,1,244,244
824,1,211,219,102,0,244,244
825,1,211,220,102,0,244,244
826,1,211,221,102,0,244,244
827,1,140,219,102,0,244,244
828,1,140,220,102,0,244,244
829,1,140,221,102,0,244,244
830,0,213,66,102,1,245,245
831,0,140,213,102,1,245,245
832,0,213,211,102,1,245,245
833,0,140,211,102,1,245,246
834,2,66,140,102,1,245,245
835,2,66,211,102,1,245,245
836,1,66,221,102,0,245,245
837,0,140,321,102,1,246,246
838,2,66,140,102,1,247,247
839,2,66,211,102,1,247,247
840,1,66,220,102,0,247,247
841,0,66,213,102,1,247,247
842,0,140,213,102,1,247,247
843,0,211,213,102,1,247,248
844,2,140,213,102,1,248,248
845,0,140,211,102,1,248,248
846,0,213,211,102,1,248,248
847,0,213,224,102,1,248,248
848,0,213,322,102,1,248,248
849,0,224,322,102,1,248,248
850,1,140,224,102,0,248,248
851,1,140,322,102,0,248,248
852,2,211,140,102,1,249,250
853,2,211,213,102,1,249,250
854,0,140,213,102,1,249,250
855,1,140,222,102,0,249,249
856,1,140,223,102,0,249,249
857,0,222,223,102,1,249,249
858,1,211,222,102,0,249,249
859,1,211,223,102,0,249,249
860,2,140,66,102,1,253,257
861,0,140,213,102,1,255,255
862,0,66,213,102,1,255,255
863,1,140,174,102,0,257,257
864,1,140,138,102,0,257,257
865,0,138,174,102,1,257,257
866,1,140,166,102,0,257,258
867,0,138,166,102,1,257,257
868,0,140,66,102,1,258,258
869,0,66,166,102,1,258,258
870,2,140,66,102,1,259,259
871,2,140,211,102,1,260,260
872,2,140,66,102,1,260,261
873,2,211,66,102,1,260,260
874,0,140,66,102,1,262,262
875,2,140,211,102,1,263,263
876,1,211,225,102,0,263,263
877,1,140,225,102,0,263,263
878,2,66,140,102,1,264,265
879,2,66,211,102,1,264,264
880,0,140,211,102,1,264,264
881,0,140,213,102,1,264,264
882,0,66,213,102,1,264,264
883,0,66,323,102,1,265,265
884,1,140,323,102,0,265,265
885,0,66,326,102,1,265,265
886,0,140,326,102,1,265,265
887,0,213,326,102,1,265,265
888,0,140,324,102,1,265,265
889,0,66,324,102,1,265,265
890,0,66,211,102,1,265,265
891,0,140,211,102,1,265,265
892,0,66,325,102,1,265,265
893,1,140,325,102,0,265,265
894,0,140,213,102,1,266,267
895,0,140,66,102,1,266,267
896,0,213,66,102,1,266,267
897,2,140,213,102,1,269,269
898,0,211,213,102,1,269,269
899,0,140,211,102,1,269,269
900,0,66,213,102,1,269,271
901,0,66,140,102,1,269,270
902,0,66,211,102,1,269,269
903,1,140,224,102,0,269,269
904,0,140,213,102,1,270,270
905,2,140,66,102,1,271,271
906,2,140,213,102,1,271,272
907,0,213,139,102,1,272,273
908,1,140,139,102,0,272,273
909,0,66,139,102,1,273,273
910,2,140,66,102,1,273,273
911,0,140,213,102,1,273,273
912,0,66,213,102,1,273,274
913,2,213,211,102,1,274,275
914,2,213,140,102,1,274,275
915,2,211,140,102,1,274,274
916,0,211,66,102,1,274,274
917,2,140,211,102,1,276,276
918,1,140,226,102,0,276,276
919,1,211,226,102,0,276,276
920,1,140,228,102,0,276,276
921,1,211,228,102,0,276,276
922,2,213,66,102,1,277,277
923,2,213,140,102,1,277,279
924,2,66,140,102,1,277,277
925,0,213,211,102,1,277,277
926,0,66,211,102,1,277,277
927,2,213,211,102,1,278,280
928,2,211,140,102,1,278,278
929,1,211,227,102,0,278,278
930,1,211,234,102,0,278,278
931,0,140,213,102,1,280,280
932,2,211,140,102,1,280,280
933,2,140,66,102,1,280,281
934,2,66,213,102,1,280,281
935,0,140,213,102,1,282,282
936,0,140,66,102,1,282,282
937,0,140,211,102,1,282,282
938,0,213,66,102,1,282,282
939,0,213,211,102,1,282,282
940,0,66,211,102,1,282,282
941,2,213,211,102,1,283,283
942,2,213,140,102,1,283,285
943,0,140,211,102,1,283,283
944,0,140,211,102,1,284,284
945,0,140,66,102,1,284,284
946,0,66,211,102,1,284,284
947,0,140,66,102,1,286,286
948,1,140,232,102,0,287,287
949,2,140,213,102,1,288,290
950,0,140,211,102,1,288,288
951,0,213,211,102,1,288,288
952,0,140,66,102,1,290,290
953,0,213,66,102,1,290,290
954,1,213,260,102,0,290,290
955,1,140,139,102,0,290,290
956,0,213,139,102,1,290,290
957,0,66,139,102,1,290,290
958,0,140,213,102,1,291,291
959,2,140,213,102,1,292,293
960,0,213,224,102,1,292,292
961,1,140,224,102,0,292,292
962,0,140,213,102,1,294,294
963,2,140,213,102,1,295,296
964,1,140,225,102,0,295,295
965,0,213,66,102,1,295,295
966,0,140,66,102,1,295,295
967,1,213,225,102,0,295,295
968,1,66,225,102,0,295,295
969,0,140,213,102,1,297,297
970,0,140,66,102,1,297,299
971,0,140,211,102,1,297,297
972,2,140,213,102,1,298,298
973,0,140,213,102,1,299,300
974,0,140,211,102,1,299,299
975,0,66,213,102,1,299,299
976,0,66,211,102,1,299,299
977,0,213,211,102,1,299,299
978,2,213,211,102,1,301,301
979,2,213,140,102,1,301,301
980,2,211,140,102,1,301,301
981,2,211,213,102,1,303,303
982,2,211,140,102,1,303,303
983,1,140,226,102,0,305,305
984,1,140,219,102,0,305,305
985,1,140,228,102,0,305,305
986,1,140,229,102,0,305,305
987,1,140,221,102,0,305,305
988,1,140,230,102,0,305,305
989,1,140,327,102,0,305,305
990,1,140,231,102,0,305,305
991,1,140,232,102,0,305,305
992,1,140,227,102,0,305,305
993,1,140,220,102,0,305,305
994,1,140,225,102,0,305,305
995,1,140,234,102,0,305,305
996,2,67,71,103,1,310,315
997,0,71,331,103,1,310,310
998,0,71,330,103,1,310,310
999,0,67,331,103,1,310,310
1000,0,67,330,103,1,310,310
1001,0,71,329,103,1,310,310
1002,0,71,328,103,1,310,310
1003,0,67,329,103,1,310,311
1004,0,67,328,103,1,310,311
1005,1,71,66,103,1,311,311
1006,0,66,67,103,1,311,311
1007,0,331,330,103,1,310,310
1008,0,329,328,103,1,310,310
1009,2,329,328,103,1,311,311
1010,2,328,71,103,1,311,311
1011,2,329,71,103,1,311,311
1012,0,329,328,103,1,312,312
1013,0,71,329,103,1,312,313
1014,0,71,328,103,1,312,312
1015,2,331,71,103,1,312,312
1016,1,71,332,103,0,312,312
1017,2,333,71,103,1,312,312
1018,2,67,332,103,1,312,312
1019,0,67,333,103,1,312,312
1020,0,332,333,103,1,312,312
1021,0,331,329,103,1,312,313
1022,0,331,328,103,1,312,312
1023,2,71,330,103,1,312,312
1024,0,330,328,103,1,312,312
1025,2,330,67,103,1,312,312
1026,1,330,84,103,0,312,312
1027,0,67,84,103,1,312,313
1028,0,71,331,103,1,313,314
1029,0,67,174,103,1,313,313
1030,2,329,331,103,1,314,314
1031,2,329,71,103,1,314,314
1032,0,334,335,103,1,314,314
1033,0,331,334,103,1,314,314
1034,0,331,335,103,1,314,314
1035,0,71,336,103,0,315,315
1036,0,71,337,103,0,315,315
1037,0,336,337,103,1,315,315
1038,2,338,71,103,1,315,315
1039,2,339,71,103,1,315,315
1040,2,71,331,103,0,315,315
1041,1,71,84,103,0,315,315
1042,0,67,84,103,1,315,315
1043,0,71,340,103,1,315,315
1044,1,71,341,103,0,315,315
1045,0,340,341,103,1,315,315
1046,0,71,342,103,1,315,316
1047,0,71,343,103,1,316,316
1048,0,343,344,103,1,316,316
1049,1,71,344,103,0,316,316
1050,0,71,331,103,1,316,316
1051,0,71,67,103,1,316,318
1052,0,71,345,103,1,316,316
1053,0,331,345,103,1,316,316
1054,0,71,329,103,1,316,316
1055,1,71,66,103,0,316,317
1056,2,71,346,103,1,317,322
1057,0,67,346,103,1,317,318
1058,0,71,329,103,1,318,320
1059,0,346,82,103,1,318,318
1060,0,346,347,103,1,318,318
1061,0,67,82,103,1,318,318
1062,0,67,347,103,1,318,318
1063,0,82,347,103,1,318,318
1064,0,67,81,103,1,318,318
1065,0,346,81,103,1,318,318
1066,1,71,347,103,0,318,318
1068,0,346,348,103,1,320,320
1069,2,71,329,103,1,321,324
1070,2,329,346,103,1,321,322
1071,0,71,331,103,1,321,321
1072,2,331,329,103,1,322,324
1073,2,331,71,103,1,322,325
1074,0,71,67,103,1,323,323
1075,0,71,349,103,0,323,323
1076,1,71,350,103,0,323,323
1077,1,71,351,103,0,323,323
1078,0,71,352,103,1,324,324
1079,0,71,353,103,1,324,324
1080,0,71,354,103,1,324,324
1081,0,346,352,103,1,324,324
1082,0,346,353,103,1,324,324
1083,0,346,354,103,1,324,324
1084,0,71,329,103,1,325,325
1085,0,71,67,103,1,325,325
1086,0,71,345,103,1,325,325
1087,0,331,345,103,1,325,325
1088,0,71,66,103,1,325,325
1089,0,67,66,103,1,325,325
1090,0,331,355,103,1,325,325
1091,0,331,356,103,1,325,325
1092,0,331,357,103,1,325,325
1093,0,71,355,103,1,325,325
1094,0,71,356,103,1,325,325
1095,0,71,357,103,1,325,325
1096,0,355,356,103,1,325,325
1097,0,355,357,103,1,325,325
1098,0,356,357,103,1,325,325
1099,2,346,71,103,1,324,324
1100,2,346,71,103,1,326,327
1101,1,71,84,103,0,326,327
1102,0,67,84,103,1,326,326
1103,0,346,67,103,1,326,326
1104,1,346,84,103,0,326,326
1105,0,71,358,103,1,326,327
1106,2,71,67,103,1,326,326
1107,2,84,359,103,0,326,326
1108,1,67,359,103,0,326,326
1109,1,71,359,103,0,326,326
1110,2,71,329,103,1,327,328
1111,1,358,84,103,0,327,327
1112,0,71,360,103,0,327,327
1113,0,329,360,103,0,327,327
1114,1,138,361,99,0,178,178
1115,2,158,83,99,0,183,183
1116,2,173,139,100,1,198,198
1117,0,141,362,101,1,233,233
1118,0,141,179,101,1,233,233
1119,0,141,140,101,1,233,233
1120,0,141,211,101,1,233,233
1121,0,213,140,101,1,233,233
1122,0,213,211,101,1,233,233
1123,1,141,204,101,0,214,214
1124,0,140,66,102,1,304,304
1125,0,140,213,102,1,304,304
1126,0,140,211,102,1,304,304
1127,0,66,213,102,1,304,304
1128,0,66,211,102,1,304,304
1129,0,213,211,102,1,304,304
1130,1,71,366,103,0,313,313
1131,1,71,367,103,0,313,313
1132,1,366,367,103,0,313,313
1133,1,71,368,103,0,313,313
1134,1,71,369,103,0,313,313
1135,2,71,331,103,1,328,331
1136,0,331,329,103,1,328,328
1137,1,331,84,103,0,328,328
1138,1,71,84,103,0,328,328
1139,0,331,67,103,1,328,328
1140,0,71,67,103,1,328,328
1141,2,71,370,103,1,328,329
1142,0,71,371,103,1,328,328
1143,2,331,370,103,1,328,328
1144,1,370,84,103,0,328,328
1145,0,370,372,103,1,328,328
1146,0,370,373,103,1,328,328
1147,0,371,372,103,1,328,328
1148,0,371,373,103,1,328,328
1149,0,71,372,103,1,328,328
1150,0,71,373,103,1,328,328
1151,2,331,371,103,1,329,329
1152,2,71,371,103,1,329,329
1153,0,71,66,103,0,329,329
1154,0,370,371,103,1,328,329
1155,1,371,84,103,1,329,329
1156,1,71,266,103,0,330,330
1157,1,71,84,103,0,330,331
1158,0,71,329,103,1,330,331
1159,0,331,329,103,1,330,331
1160,2,71,67,103,1,331,332
1161,2,71,346,103,1,331,331
1162,0,346,67,103,1,331,331
1163,2,67,84,103,1,332,333
1164,0,71,84,103,1,332,332
1165,0,67,82,103,1,333,333
1166,0,71,67,103,1,333,333
1167,0,71,84,103,1,333,336
1168,2,71,67,103,1,334,340
1169,0,67,84,103,1,334,336
1170,2,346,71,103,1,334,334
1171,2,346,84,103,1,334,334
1172,0,71,346,103,1,335,335
1173,0,67,346,103,1,335,335
1174,2,84,71,103,1,335,335
1175,2,84,374,103,1,335,336
1176,0,71,374,103,1,335,336
1177,0,71,375,103,0,335,335
1178,0,84,375,103,1,335,335
1179,0,85,243,81,1,49,49
1180,0,85,312,81,1,49,49
1181,0,87,312,81,1,49,49
1182,0,87,243,81,1,49,49
1183,0,86,312,81,1,49,49
1184,0,86,243,81,1,49,49
1185,0,87,123,81,0,50,50
1186,0,86,123,81,0,50,50
1187,1,130,123,81,0,50,50
1188,1,130,314,81,0,50,50
1189,1,130,315,81,0,50,50
1190,1,86,314,81,1,50,50
1191,1,86,315,81,1,50,50
1192,2,87,376,81,1,50,50
1193,0,86,376,81,1,50,50
1194,0,130,376,81,1,50,50
1195,0,87,377,81,0,51,51
1196,0,86,377,81,0,51,51
1197,1,130,377,81,0,51,51
1198,0,87,379,81,0,51,51
1199,0,86,379,81,0,51,51
1200,2,130,380,81,1,51,51
1201,0,87,380,81,1,51,51
1202,0,86,380,81,1,51,51
1203,0,87,381,81,0,51,51
1204,0,87,124,81,0,51,51
1205,1,86,124,81,0,51,51
1206,0,86,381,81,0,51,51
1207,1,130,381,81,0,51,51
1208,0,130,124,81,0,51,51
1209,0,87,67,81,1,51,55
1210,0,87,84,81,1,51,52
1211,0,87,244,81,1,51,54
1212,0,87,85,81,1,51,55
1213,2,130,84,81,1,51,53
1214,2,130,244,81,1,51,51
1215,2,130,85,81,1,51,51
1216,0,67,84,81,1,51,53
1217,0,67,244,81,1,51,54
1218,0,67,85,81,1,51,55
1219,0,67,86,81,1,51,53
1220,0,84,244,81,1,51,54
1221,0,84,85,81,1,51,53
1222,0,84,86,81,1,51,53
1223,0,244,85,81,1,51,54
1224,0,86,244,81,1,51,54
1225,0,86,85,81,1,51,51
1226,0,87,313,81,1,51,51
1227,0,67,313,81,1,51,51
1228,0,86,313,81,1,51,51
1229,0,84,313,81,1,51,51
1230,0,244,313,81,1,51,51
1231,0,85,313,81,1,51,51
1232,1,130,313,81,0,51,51
1233,0,87,246,81,1,51,56
1234,0,67,246,81,1,51,54
1235,0,84,246,81,1,51,55
1236,0,244,246,81,1,51,54
1237,0,85,246,81,1,51,55
1238,0,86,246,81,1,51,54
1239,2,383,126,81,1,51,53
1240,0,130,67,81,1,52,53
1241,2,384,126,81,1,52,52
1242,2,85,384,81,1,52,52
1243,2,130,67,81,1,54,54
1244,2,87,86,81,1,54,55
1245,0,130,385,81,1,54,54
1246,0,130,386,81,1,54,54
1247,0,130,387,81,1,54,54
1248,0,130,388,81,1,54,54
1249,0,130,389,81,1,54,54
1250,0,130,390,81,1,54,54
1251,0,86,385,81,0,54,54
1252,0,86,386,81,0,54,55
1253,1,87,385,81,0,54,54
1254,0,87,386,81,0,54,55
1255,1,86,387,81,0,54,54
1256,1,86,388,81,0,54,54
1257,1,86,389,81,0,54,54
1258,1,86,390,81,1,54,54
1259,1,87,387,81,1,54,54
1260,1,87,388,81,0,54,54
1261,0,87,389,81,0,54,54
1262,1,87,390,81,1,54,54
1263,0,86,130,81,1,55,55
1264,0,84,85,81,1,55,55
1265,0,67,84,81,1,55,55
1266,0,87,84,81,1,55,55
1268,0,87,391,81,0,55,55
1269,0,87,392,81,0,55,55
1270,0,87,385,81,0,56,56
1271,0,87,386,81,0,56,56
1272,1,87,387,81,0,56,56
1273,1,87,388,81,0,56,56
1274,1,87,390,81,0,56,56
1275,1,87,389,81,0,56,56
1276,0,130,385,81,1,56,56
1277,0,130,386,81,1,56,56
1278,0,130,387,81,1,56,56
1279,0,130,388,81,1,56,56
1280,0,130,389,81,1,56,56
1281,0,130,390,81,1,56,56
1282,0,87,86,81,1,57,58
1283,0,86,393,81,1,57,57
1284,2,87,393,81,1,57,57
1285,2,393,136,81,1,57,57
1286,2,393,314,81,1,57,57
1287,0,393,256,81,1,57,57
1288,2,87,136,81,1,57,57
1289,2,87,314,81,1,57,57
1290,2,87,256,81,1,57,57
1291,0,136,314,81,1,57,57
1292,0,136,256,81,1,57,57
1293,0,314,256,81,1,57,57
1294,1,136,130,81,0,57,57
1295,1,314,130,81,0,57,57
1296,1,256,130,81,0,57,57
1297,0,86,130,81,1,57,58
1298,1,393,385,81,0,57,57
1299,1,393,386,81,0,57,57
1300,1,393,387,81,0,57,57
1301,1,393,388,81,0,57,57
1302,1,393,389,81,0,57,57
1303,1,393,390,81,0,57,57
1304,1,136,387,81,0,57,57
1305,1,136,388,81,0,57,57
1306,1,136,389,81,0,57,57
1307,1,136,390,81,0,57,57
1308,1,314,387,81,0,57,57
1309,1,314,388,81,0,57,57
1310,1,314,389,81,0,57,57
1311,1,314,390,81,0,57,57
1312,1,136,385,81,0,57,57
1313,1,314,385,81,0,57,57
1314,1,136,386,81,0,57,57
1315,1,314,386,81,0,57,57
1316,1,256,386,81,0,57,57
1317,1,256,385,81,0,57,57
1318,0,87,386,81,0,57,57
1319,0,87,385,81,0,57,57
1320,1,256,387,81,0,57,57
1321,1,256,388,81,0,57,57
1322,1,256,389,81,0,57,57
1323,1,256,390,81,0,57,57
1324,1,87,242,81,0,57,57
1325,0,130,242,81,1,57,57
1326,1,136,242,81,0,57,57
1327,1,314,242,81,0,57,57
1328,1,256,242,81,0,57,57
1329,1,393,242,81,0,57,57
1330,0,393,67,81,1,57,57
1331,0,87,67,81,1,57,57
1332,0,67,130,81,1,57,57
1333,0,85,84,81,1,57,58
1334,0,67,85,81,1,57,57
1335,0,67,84,81,1,57,57
1336,0,87,84,81,1,57,57
1337,0,87,85,81,1,57,57
1338,2,393,130,81,1,57,57
1339,2,85,87,81,1,58,58
1340,1,87,312,81,0,58,58
1341,0,85,312,81,1,58,58
1342,0,87,130,81,1,58,58
1343,0,87,386,81,0,58,58
1344,0,87,252,81,1,58,58
1345,0,87,253,81,1,58,58
1346,0,85,252,81,1,58,58
1347,0,85,253,81,1,58,58
1348,2,386,385,83,1,59,60
1349,2,386,130,83,1,59,59
1350,0,385,130,83,1,59,59
1351,0,385,394,83,1,59,60
1352,0,386,394,83,1,59,60
1353,0,130,394,83,1,59,60
1354,0,130,395,83,1,59,60
1355,0,130,396,83,1,59,60
1356,0,385,395,83,1,59,60
1357,0,385,396,83,1,59,60
1358,0,386,395,83,1,59,60
1359,0,386,396,83,1,59,60
1360,0,385,397,83,1,60,60
1361,0,386,397,83,1,60,60
1362,0,130,397,83,1,60,64
1363,2,385,130,83,1,60,60
1364,1,397,394,83,0,60,60
1365,0,395,396,83,1,59,60
1366,0,397,395,83,1,60,60
1367,0,397,396,83,1,60,60
1368,0,130,398,83,1,60,60
1369,0,130,387,83,1,60,60
1370,0,130,388,83,1,60,60
1371,0,130,399,83,1,60,61
1372,0,385,400,83,1,60,60
1373,0,385,401,83,1,60,60
1374,0,385,402,83,1,60,61
1375,2,385,400,83,1,61,61
1376,0,400,402,83,1,60,61
1377,0,400,401,83,1,60,60
1378,0,402,401,83,1,60,60
1379,0,385,130,83,1,61,62
1380,2,385,403,83,1,61,61
1381,2,385,404,83,1,61,61
1382,0,404,399,83,1,61,61
1383,0,130,404,83,1,61,61
1384,1,420,402,83,0,61,62
1385,0,402,405,83,1,61,61
1386,0,402,406,83,1,61,61
1387,0,420,346,83,1,62,62
1388,1,346,402,83,0,62,62
1389,2,130,386,83,1,62,63
1390,0,386,385,83,1,62,62
1391,0,386,394,83,1,62,62
1392,0,130,394,83,1,62,62
1393,0,386,397,83,1,62,62
1394,0,130,402,83,1,60,60
1395,0,130,400,83,1,60,60
1396,0,397,402,83,1,60,60
1397,0,397,400,83,1,60,60
1398,0,130,402,83,1,63,63
1399,0,130,400,83,1,63,63
1400,0,386,402,83,1,63,63
1401,0,386,400,83,1,63,63
1402,0,130,407,83,1,63,63
1403,0,407,386,83,1,63,63
1404,2,385,386,83,1,63,63
1405,2,130,408,84,1,63,63
1406,0,408,397,84,1,63,63
1407,2,408,397,84,1,64,64
1408,0,397,260,84,1,64,64
1409,1,397,409,84,0,64,64
1410,1,397,410,84,0,64,64
1411,1,397,411,84,0,64,64
1412,1,397,412,84,0,64,64
1413,0,397,404,84,1,64,66
1414,0,404,399,84,1,64,64
1415,0,385,404,84,1,64,64
1416,0,139,404,84,1,64,64
1417,0,385,397,84,1,64,64
1418,0,386,397,84,1,64,68
1419,0,385,130,84,1,64,64
1420,0,386,130,84,1,64,64
1421,2,130,397,84,1,65,65
1422,2,404,413,84,1,65,65
1423,0,397,414,84,1,66,66
1424,0,404,415,84,1,66,67
1425,0,397,415,84,1,66,70
1426,0,385,415,84,1,66,70
1427,0,386,415,84,1,66,69
1428,0,130,417,84,1,66,66
1429,0,130,418,84,1,66,66
1430,0,130,416,84,1,66,66
1431,0,397,416,84,1,66,66
1432,0,397,417,84,1,66,66
1433,0,397,418,84,1,66,66
1434,0,415,416,84,1,66,66
1435,0,415,417,84,1,66,66
1436,0,415,418,84,1,66,66
1437,0,416,417,84,1,66,66
1438,0,416,418,84,1,66,66
1439,0,417,418,84,1,66,66
1440,0,408,404,84,1,66,67
1441,0,397,408,84,1,66,67
1442,0,408,419,84,1,66,67
1443,0,397,419,84,1,66,67
1444,0,130,419,84,1,66,67
1445,0,415,419,84,1,66,67
1446,0,416,419,84,1,66,66
1447,0,417,419,84,1,66,66
1448,0,418,419,84,1,66,66
1449,0,404,419,84,1,66,67
1450,0,386,419,84,1,66,67
1451,0,385,419,84,1,66,67
1452,0,395,419,84,1,66,66
1453,0,396,419,84,1,66,67
1454,0,71,346,103,1,336,337
1455,1,71,420,103,0,336,337
1456,0,346,420,103,1,336,337
1457,2,71,331,103,0,336,336
1458,0,71,329,103,1,336,337
1459,0,331,329,103,1,336,337
1460,2,84,346,103,1,336,336
1461,2,84,420,103,1,336,336
1462,2,84,331,103,1,336,336
1463,2,84,329,103,1,336,336
1464,2,71,331,103,1,336,337
1465,0,71,84,103,0,337,337
1467,0,331,84,103,0,337,337
1468,0,71,66,103,0,337,339
1469,0,67,66,103,0,337,339
1470,0,71,421,103,0,340,340
1471,0,67,421,103,0,340,340
1472,0,140,365,102,0,244,244
1473,0,422,140,102,0,244,244
1474,0,211,365,102,0,244,244
1475,0,211,422,102,0,244,244
1476,0,140,365,102,0,244,244
1477,0,66,365,102,0,244,244
1478,0,140,365,102,0,305,306
1479,0,130,415,84,1,66,68
1480,0,396,415,84,1,66,70
1481,0,395,415,84,1,66,66
1482,0,408,415,84,1,66,67
1483,0,396,395,84,1,66,66
1484,0,386,385,84,1,66,67
1485,0,386,396,84,1,66,67
1486,0,385,396,84,1,66,67
1487,0,130,396,84,1,66,67
1488,0,130,395,84,1,66,66
1489,0,130,397,84,1,66,69
1490,0,130,404,84,1,66,69
1491,0,404,396,84,1,66,67
1492,0,404,395,84,1,66,66
1493,2,386,404,84,1,67,67
1494,2,385,404,84,1,67,67
1495,2,130,386,84,1,67,67
1496,2,130,385,84,1,67,67
1497,0,385,397,84,1,66,69
1498,0,408,130,84,1,66,67
1499,0,408,385,84,1,66,69
1500,0,408,386,84,1,66,69
1501,0,396,397,84,1,66,67
1502,0,396,408,84,1,66,67
1503,2,397,404,84,1,67,69
1504,2,408,397,84,1,68,68
1505,2,408,404,84,1,68,68
1506,0,404,386,84,1,68,68
1507,0,404,385,84,1,68,68
1508,2,408,130,84,1,68,68
1509,2,130,415,84,1,69,69
1510,2,404,415,84,1,69,69
1511,0,404,419,84,1,69,69
1512,0,404,408,84,1,69,69
1513,0,130,419,84,1,69,69
1514,0,130,408,84,1,69,69
1515,0,408,419,84,1,69,69
1516,0,397,408,84,1,69,69
1517,0,397,419,84,1,69,69
1518,0,130,386,84,1,68,69
1519,0,130,385,84,1,68,69
1520,0,385,419,84,1,69,69
1521,0,386,419,84,1,69,69
1522,0,386,396,84,1,69,70
1523,0,385,396,84,1,69,70
1524,0,397,396,84,1,69,69
1525,0,404,396,84,1,69,70
1526,2,386,397,84,1,70,70
1527,2,385,397,84,1,70,70
1528,2,385,386,84,1,70,70
1529,2,396,397,84,1,70,70
1530,0,415,416,84,1,70,70
1531,0,415,417,84,1,70,70
1532,0,415,418,84,1,70,70
1533,0,415,423,84,1,70,70
1534,0,404,423,84,1,70,70
1535,0,404,399,84,1,71,71
1536,0,404,424,84,1,71,71
1537,0,130,399,84,1,71,71
1538,0,397,399,84,1,71,71
1539,0,415,399,84,1,71,71
1540,0,416,399,84,1,71,71
1541,0,417,399,84,1,71,71
1542,0,418,399,84,1,71,71
1543,0,408,399,84,1,71,71
1544,0,419,399,84,1,71,71
1545,0,386,399,84,1,71,71
1546,0,385,399,84,1,71,71
1547,0,396,399,84,1,71,71
1548,0,395,399,84,1,71,71
1549,0,419,425,84,1,71,71
1550,0,419,426,84,1,71,71
1551,0,419,427,84,1,71,71
1552,0,425,427,84,1,71,71
1553,0,425,426,84,1,71,71
1554,0,426,427,84,1,71,71
1555,0,428,429,84,1,71,71
1556,0,386,428,84,1,71,71
1557,0,386,429,84,1,71,71
1558,0,386,385,84,1,71,71
1559,0,386,425,84,1,71,71
1560,0,385,428,84,1,71,71
1561,0,385,429,84,1,71,71
1562,0,385,425,84,1,71,71
1563,0,425,428,84,1,71,71
1564,0,425,429,84,1,71,71
1565,2,386,425,84,1,72,72
1566,2,385,425,84,1,72,72
1567,2,385,386,84,1,72,72
1568,0,396,395,84,1,72,72
1569,2,396,386,84,1,72,72
1570,2,396,385,84,1,72,72
1571,2,395,386,84,1,72,72
1572,2,395,385,84,1,72,72
1573,2,396,425,84,1,72,72
1574,2,395,425,84,1,72,72
1575,0,396,428,84,1,72,72
1576,0,396,429,84,1,72,72
1577,0,395,428,84,1,72,72
1578,0,395,429,84,1,72,72
1579,0,386,130,84,1,72,72
1580,0,386,397,84,1,72,73
1581,0,130,397,84,1,72,72
1582,0,386,415,84,1,72,73
1583,0,386,394,84,1,73,73
1584,2,386,130,84,1,73,73
1585,2,130,399,84,1,73,73
1586,2,386,397,84,1,73,75
1587,0,386,399,84,1,73,73
1588,0,397,399,84,1,73,73
1589,0,386,385,84,1,73,74
1590,0,386,425,84,1,73,73
1591,0,386,428,84,1,73,73
1592,0,386,429,84,1,73,73
1593,2,386,404,84,1,73,74
1594,0,397,404,84,1,73,73
1595,0,397,385,84,1,74,74
1596,0,404,385,84,1,74,74
1597,2,404,397,84,1,74,74
1598,0,130,430,85,1,75,75
1599,2,130,385,85,1,75,76
1600,2,385,419,85,1,75,75
1601,0,130,419,85,1,75,75
1602,0,385,397,85,1,75,76
1603,0,397,130,85,1,75,75
1604,2,130,419,85,1,76,76
1605,0,396,395,85,1,76,76
1606,0,396,415,85,1,76,76
1607,0,395,415,85,1,76,76
1608,0,130,415,85,1,76,76
1609,0,130,397,85,1,75,81
1610,2,385,386,85,1,76,76
1611,0,385,394,85,1,76,76
1612,0,386,394,85,1,76,79
1613,0,386,397,85,1,76,81
1614,0,386,130,85,1,76,76
1615,0,130,394,85,1,76,77
1616,0,385,130,85,1,77,83
1617,0,385,386,85,1,77,79
1618,2,130,386,85,1,77,79
1619,0,397,395,85,1,77,77
1620,0,386,404,85,1,78,78
1621,0,130,404,85,1,78,79
1622,0,397,404,85,1,78,78
1623,0,385,394,85,1,78,79
1624,2,130,396,85,1,79,80
1625,2,130,395,85,1,79,80
1626,0,397,396,85,1,79,79
1627,0,386,396,85,1,79,79
1628,0,385,396,85,1,79,79
1629,0,396,395,85,1,79,80
1630,0,386,395,85,1,79,80
1631,0,385,395,85,1,79,80
1632,2,385,386,85,1,80,81
1633,0,386,394,85,1,80,80
1634,0,385,394,85,1,80,80
1635,0,385,397,85,1,79,81
1636,0,385,431,85,1,80,80
1637,0,385,432,85,1,80,80
1638,0,386,130,85,1,80,82
1639,0,397,414,85,1,81,81
1640,0,386,425,85,1,81,81
1641,0,385,425,85,1,81,81
1642,0,386,419,85,1,81,81
1643,0,385,419,85,1,81,81
1644,0,425,419,85,1,81,81
1645,0,386,399,85,1,81,81
1646,0,385,399,85,1,81,81
1647,0,425,399,85,1,81,81
1648,0,419,399,85,1,81,81
1649,0,399,433,85,1,81,81
1650,0,386,433,85,1,81,81
1651,0,385,433,85,1,81,81
1652,0,425,433,85,1,81,81
1653,0,419,433,85,1,81,81
1654,0,130,425,85,1,81,81
1655,0,130,419,85,1,81,81
1656,0,130,399,85,1,81,81
1657,0,130,433,85,1,81,81
1658,0,397,419,85,1,81,81
1659,0,397,425,85,1,81,81
1660,0,397,433,85,1,81,81
1661,0,397,404,85,1,81,82
1662,0,397,389,85,1,81,82
1663,0,397,390,85,1,81,82
1664,0,130,389,85,1,81,81
1665,0,130,390,85,1,81,81
1666,2,385,386,85,1,82,83
1667,0,385,396,85,1,82,82
1668,0,386,396,85,1,82,82
1669,0,385,395,85,1,82,82
1670,0,386,395,85,1,82,82
1671,0,396,395,85,1,82,82
1672,0,385,434,85,1,83,83
1673,0,385,394,85,1,83,83
1674,0,86,435,86,1,84,84
1675,0,86,87,86,1,84,86
1676,0,87,435,86,1,84,84
1677,0,86,130,86,1,84,84
1678,0,87,130,86,1,84,84
1679,2,86,67,86,1,84,84
1680,0,87,67,86,1,84,85
1681,0,67,130,86,1,84,84
1682,0,86,393,86,1,84,84
1683,0,86,84,86,1,84,84
1684,0,86,240,86,1,85,85
1685,0,86,241,86,1,85,85
1686,2,86,130,86,1,85,86
1687,2,87,130,86,1,85,86
1688,0,86,436,86,1,86,86
1689,2,86,393,86,1,86,86
1690,0,87,437,86,1,86,87
1691,0,87,438,86,1,86,87
1692,0,86,437,86,1,86,87
1693,0,86,438,86,1,86,87
1694,1,130,437,86,0,86,86
1695,1,130,438,86,0,86,86
1696,0,130,385,86,1,86,86
1697,0,130,386,86,1,86,86
1698,0,130,387,86,1,86,86
1699,0,130,388,86,1,86,86
1700,0,130,389,86,1,86,86
1701,0,130,390,86,1,86,86
1702,0,86,386,86,1,86,86
1703,1,86,385,86,0,86,86
1704,1,86,387,86,1,86,86
1705,1,86,388,86,1,86,86
1706,1,86,389,86,1,86,86
1707,1,86,390,86,0,86,86
1708,1,87,385,86,0,86,86
1709,0,87,386,86,1,86,86
1710,1,87,387,86,0,86,86
1711,1,87,388,86,0,86,86
1712,1,87,389,86,0,86,86
1713,1,87,390,86,0,86,86
1714,0,130,439,86,1,87,87
1715,0,86,439,86,1,87,87
1716,0,87,439,86,1,87,87
1717,2,86,87,86,1,87,88
1718,0,86,440,86,1,86,87
1719,0,87,440,86,1,86,87
1720,1,130,440,86,0,86,86
1721,0,86,393,86,1,87,87
1722,2,86,393,86,1,88,88
1723,0,86,441,86,0,88,88
1724,0,393,441,86,0,88,88
1725,2,86,130,86,1,88,91
1726,2,87,130,86,1,88,89
1727,1,86,439,86,1,88,88
1728,0,86,386,86,1,88,90
1729,0,130,386,86,1,88,91
1730,0,87,386,86,1,89,90
1731,2,87,86,86,1,90,91
1732,2,86,386,86,1,91,91
1733,2,86,393,86,1,91,91
1734,2,87,130,86,1,91,91
1735,0,84,85,87,1,92,92
1736,0,84,67,87,1,92,92
1737,0,67,174,87,1,92,92
1738,1,84,174,87,0,92,92
1739,2,84,67,87,1,93,93
1740,0,84,67,87,1,94,96
1741,0,84,260,87,0,94,94
1742,0,84,443,87,1,94,94
1743,0,84,444,87,1,94,94
1744,2,84,445,87,1,94,94
1745,2,84,66,87,1,95,95
1746,0,84,260,87,1,95,95
1747,0,66,67,87,1,95,95
1748,0,84,447,87,1,97,97
1749,2,84,448,87,1,97,97
1750,2,84,66,87,1,98,98
1751,0,66,67,87,1,98,99
1752,2,84,67,87,1,98,104
1753,2,84,449,87,1,98,99
1754,2,84,450,87,1,98,99
1755,0,66,449,87,1,98,99
1756,0,66,450,87,1,98,99
1757,0,84,66,87,1,99,99
1758,1,67,449,87,1,99,99
1759,1,67,450,87,1,99,99
1760,0,84,85,87,1,101,103
1761,0,67,85,87,1,101,102
1762,0,84,66,87,1,102,102
1763,0,67,82,87,1,102,102
1764,0,67,81,87,1,102,102
1765,1,84,82,87,1,102,102
1766,1,84,81,87,0,102,102
1767,2,84,66,87,1,104,104
1768,1,84,82,87,0,104,104
1769,1,84,81,87,0,104,104
1770,0,67,82,87,1,104,104
1771,0,67,81,87,1,104,104
1772,0,82,81,87,1,104,104
1773,0,82,81,87,1,102,102
1774,2,84,443,87,1,105,105
1775,2,84,444,87,1,105,106
1776,0,84,85,87,1,105,105
1777,2,84,451,87,1,106,107
1778,2,84,452,87,1,106,107
1779,0,84,453,87,0,106,106
1780,0,444,453,87,0,106,106
1781,0,443,453,87,1,106,106
1782,1,444,85,87,0,106,106
1783,1,443,85,87,0,106,106
1784,1,451,67,87,0,107,107
1785,1,452,67,87,0,107,107
1786,0,84,67,87,1,107,107
1787,1,84,453,87,0,107,107
1788,0,84,445,87,1,108,108
1789,0,82,67,90,1,111,112
1790,0,82,81,90,1,111,112
1794,0,82,456,90,1,111,111
1795,0,67,456,90,1,111,111
1796,2,82,457,90,1,112,112
1797,1,457,81,90,0,112,112
1798,0,67,81,90,1,112,112
1799,0,82,458,90,1,112,112
1800,0,67,458,90,1,112,112
1801,0,82,459,90,1,112,112
1802,0,67,459,90,1,112,112
1803,0,82,460,90,1,112,112
1804,0,67,460,90,1,112,112
1805,0,459,460,90,1,112,112
1806,0,458,460,90,1,112,112
1807,0,458,459,90,1,112,112
1808,2,82,461,90,1,112,112
1809,2,67,461,90,1,112,112
1810,2,81,461,90,1,112,112
1811,0,81,462,90,1,112,112
1812,0,82,462,90,1,112,112
1813,0,67,462,90,1,112,112
1814,2,67,82,90,1,113,113
1815,0,67,459,90,1,113,113
1816,0,82,459,90,1,113,113
1817,2,67,463,90,1,113,113
1818,0,82,463,90,1,113,113
1819,0,463,174,90,0,113,113
1820,0,67,174,90,1,113,113
1821,0,82,174,90,1,113,113
1822,0,463,166,90,0,113,113
1823,0,67,166,90,1,113,113
1824,0,82,166,90,1,113,113
1825,2,82,457,90,1,114,114
1826,0,457,464,90,1,114,114
1827,0,82,464,90,1,114,114
1828,0,67,457,90,1,114,114
1829,2,67,464,90,1,114,114
1830,0,82,457,91,1,114,118
1831,0,82,465,91,1,115,115
1832,0,457,465,91,1,115,115
1833,0,81,465,91,1,115,115
1834,0,82,81,91,1,115,115
1835,0,82,67,91,1,115,115
1836,0,82,138,91,1,115,115
1837,1,82,83,91,0,115,115
1838,1,457,83,91,0,115,115
1839,1,457,138,91,0,115,115
1840,2,82,67,91,1,116,118
1841,0,82,464,91,1,116,118
1842,0,67,457,91,1,116,118
1843,0,67,464,91,1,116,118
1844,0,457,464,91,1,116,118
1845,0,82,466,91,1,116,117
1846,0,67,466,91,1,116,117
1847,0,457,466,91,1,116,116
1848,0,464,466,91,1,116,116
1849,0,82,467,91,1,116,117
1850,0,67,467,91,1,116,117
1851,0,464,467,91,1,116,116
1852,0,457,467,91,1,116,116
1853,0,466,467,91,1,116,116
1854,0,82,468,91,1,117,117
1855,0,67,468,91,1,117,117
1856,0,81,468,91,1,117,117
1857,0,67,117,91,1,117,117
1858,0,82,117,91,1,117,117
1859,0,81,117,91,1,117,117
1860,0,67,81,91,1,117,117
1861,0,82,81,91,1,117,117
1862,0,82,266,91,1,118,118
1863,0,67,266,91,1,118,118
1864,0,82,469,91,1,118,118
1865,0,469,470,91,1,118,118
1866,1,82,470,91,0,118,118
1867,0,82,347,91,1,118,118
1868,0,82,138,92,1,119,120
1869,0,138,83,91,1,115,115
1870,0,138,83,92,1,119,119
1871,1,82,83,92,0,119,119
1872,0,82,471,92,0,119,119
1873,0,138,471,92,1,119,119
1874,0,83,471,92,1,119,119
1875,0,83,472,92,1,119,119
1876,0,82,472,92,0,119,119
1877,0,138,472,92,1,119,119
1878,2,471,472,92,1,119,119
1879,0,67,138,92,1,119,119
1880,0,82,473,92,1,119,119
1881,0,473,138,92,1,119,119
1882,0,67,473,92,1,119,119
1883,0,82,67,92,1,119,119
1884,0,138,81,92,1,120,120
1885,0,82,81,92,1,120,120
1886,2,82,67,92,1,120,120
1887,0,82,457,92,1,120,122
1888,0,82,166,92,1,120,122
1889,0,67,166,92,1,120,120
1890,0,67,81,92,1,120,120
1891,2,82,138,92,1,121,124
1892,0,82,67,92,1,121,123
1893,0,67,138,92,1,121,122
1894,0,82,469,92,1,121,122
1895,1,138,469,92,1,121,122
1896,0,138,166,92,0,122,122
1897,0,67,166,92,1,122,122
1898,0,138,146,92,0,123,123
1899,0,138,147,92,0,123,123
1900,0,82,146,92,0,123,123
1901,0,82,147,92,0,123,123
1902,0,146,147,92,0,123,123
1903,0,82,474,92,1,124,124
1904,1,138,474,92,0,124,124
1905,0,138,475,92,1,124,124
1906,1,82,475,92,0,124,124
1907,2,82,138,93,1,124,132
1908,0,138,166,93,0,124,125
1909,0,82,166,93,1,124,124
1910,0,138,174,93,0,124,124
1911,0,82,174,93,1,124,125
1912,0,82,476,93,1,125,125
1913,0,476,174,93,1,125,125
1914,0,476,166,93,1,125,125
1916,0,82,392,93,1,125,125
1917,2,82,166,93,1,125,130
1918,2,138,166,93,1,126,130
1919,0,82,67,93,1,126,126
1920,0,67,166,93,1,126,126
1921,0,82,174,93,1,126,126
1922,0,166,174,93,1,126,126
1923,0,82,67,93,1,128,128
1924,0,67,166,93,1,128,128
1925,0,138,166,93,1,131,131
1926,1,82,477,93,0,131,131
1927,0,82,67,93,1,131,131
1928,0,82,166,93,1,131,131
1929,0,67,166,93,1,131,131
1930,2,82,478,94,1,132,132
1931,2,82,347,94,1,132,133
1932,0,347,478,94,1,132,132
1933,0,82,260,94,0,133,133
1934,0,347,260,94,0,133,133
1935,0,82,138,94,1,133,134
1936,2,82,81,94,1,133,133
1937,0,81,138,94,1,133,134
1938,0,82,67,94,1,133,134
1939,2,82,66,94,1,133,133
1940,0,67,66,94,1,133,133
1941,0,82,166,94,1,133,133
1942,0,67,166,94,1,133,133
1943,0,82,479,94,1,134,134
1944,0,82,457,94,1,134,134
1945,0,67,457,94,1,134,134
1946,2,67,82,94,1,135,135
1947,2,81,82,94,1,135,135
1948,2,82,469,94,1,135,136
1949,0,82,138,94,1,136,136
1950,0,82,67,94,1,136,136
1951,0,82,81,94,1,136,136
1952,0,347,480,95,1,137,141
1953,2,347,481,95,1,138,138
1954,0,347,346,95,1,138,140
1955,1,347,482,95,0,138,138
1956,0,481,482,95,0,138,138
1957,0,347,260,95,1,139,139
1958,2,347,481,95,1,139,140
1959,0,481,480,95,1,138,140
1960,0,347,483,95,0,141,141
1961,0,347,484,95,1,141,143
1962,0,347,483,95,0,143,143
1963,0,347,485,95,1,143,143
1964,0,347,346,95,1,143,143
1965,0,347,480,95,1,143,147
1966,2,347,481,95,1,143,144
1967,0,481,480,95,1,143,143
1968,0,347,83,95,1,144,144
1969,0,347,138,95,1,144,144
1970,0,347,82,95,1,144,144
1971,0,138,83,95,1,144,144
1972,0,83,486,95,1,144,144
1973,0,347,486,95,0,144,144
1974,0,83,487,95,1,144,144
1975,2,83,488,95,1,144,144
1976,1,347,487,95,0,144,144
1977,1,347,488,95,1,144,144
1978,0,481,480,95,1,145,145
1979,1,481,83,95,1,145,145
1980,0,347,346,95,1,145,145
1981,0,347,489,95,0,145,145
1982,2,347,346,95,1,146,147
1983,0,346,490,95,1,146,146
1984,0,347,346,95,1,146,146
1985,0,346,491,95,1,146,146
1986,0,347,491,95,1,146,146
1987,1,346,480,95,0,146,146
1988,2,347,83,95,1,148,152
1989,0,346,83,95,1,148,149
1990,2,347,346,95,1,148,149
1991,0,83,480,95,1,148,148
1992,0,347,492,95,1,148,148
1993,0,346,492,95,1,148,148
1994,0,83,492,95,1,148,148
1995,0,347,493,95,1,149,149
1996,0,346,493,95,1,149,149
1997,0,83,493,95,1,149,149
1998,0,347,346,95,1,150,152
1999,1,83,484,95,0,150,150
2000,0,347,484,95,1,150,150
2001,2,83,346,95,1,150,151
2002,2,347,481,95,1,150,151
2003,2,83,481,95,1,150,151
2004,0,481,480,95,1,150,151
2005,0,347,480,95,1,150,151
2006,0,83,480,95,1,150,151
2007,0,481,346,95,1,151,151
2009,0,83,346,95,1,152,152
2010,2,481,346,95,1,152,152
2011,0,481,494,95,1,152,152
2012,0,347,494,95,1,152,152
2013,0,346,494,95,1,152,152
2014,2,347,346,95,1,153,153
2015,0,347,481,95,1,152,153
2016,0,481,495,95,1,153,153
2017,0,347,495,95,1,153,153
2018,0,347,496,95,1,153,153
2019,0,481,496,95,1,153,153
2020,0,346,496,95,1,153,153
2021,0,347,480,95,1,153,153
2022,0,481,480,95,1,153,153
2023,1,346,480,95,1,153,153
2024,2,347,346,95,0,154,154
2026,0,347,84,95,1,154,154
2027,0,481,501,95,1,154,155
2028,0,347,501,95,1,154,155
2029,0,346,501,95,1,154,155
2030,0,83,501,95,1,154,155
2031,2,346,83,95,1,155,156
2032,0,347,83,95,1,155,155
2033,0,347,346,95,1,155,158
2034,2,347,83,95,1,156,156
2035,2,347,83,95,1,156,156
2036,0,83,499,95,0,156,156
2037,0,347,499,95,0,156,156
2038,0,346,499,95,1,156,156
2039,0,83,346,95,1,157,157
2040,0,347,83,95,1,157,158
2041,2,347,481,95,1,157,157
2042,2,83,481,95,1,157,157
2043,2,346,481,95,1,157,157
2044,0,481,480,95,1,157,158
2045,0,347,480,95,1,157,161
2046,0,83,480,95,1,157,158
2047,0,346,480,95,1,157,161
2048,0,480,501,95,1,157,157
2049,0,481,501,95,1,157,157
2050,2,83,480,95,1,159,160
2051,0,346,501,95,1,157,159
2052,0,83,501,95,1,157,159
2053,0,481,501,95,1,159,159
2054,0,480,501,95,1,159,159
2055,0,347,481,95,1,159,159
2056,2,83,481,95,1,159,159
2057,0,346,481,95,1,159,159
2058,2,481,480,95,1,159,160
2059,2,347,346,95,1,159,161
2060,2,347,83,95,1,159,160
2061,2,347,481,95,1,160,160
2062,2,480,501,95,1,160,160
2063,0,347,501,95,1,160,160
2064,0,83,501,95,1,160,160
2065,0,481,501,95,1,160,160
2066,2,481,501,95,1,161,161
2067,0,481,480,95,1,161,161
2068,0,347,501,95,1,161,161
2069,0,346,501,95,1,161,161
2070,0,347,493,95,1,161,161
2071,1,347,502,95,0,161,161
2072,1,346,502,95,0,161,161
2073,0,347,83,95,1,161,163
2074,0,347,346,95,1,162,165
2075,0,347,480,95,1,162,165
2076,2,347,503,95,1,162,162
2077,0,503,480,95,1,162,162
2078,0,83,480,95,1,162,164
2079,2,347,481,95,1,163,165
2080,0,481,480,95,1,163,163
2081,0,481,83,95,1,163,164
2082,0,346,481,95,1,163,163
2083,0,346,480,95,1,163,163
2084,0,501,504,95,1,163,164
2085,0,481,501,95,1,163,163
2086,1,481,504,95,1,163,164
2087,1,347,501,95,0,163,163
2088,0,347,504,95,1,163,164
2089,1,346,501,95,1,163,163
2090,1,346,504,95,0,163,164
2091,0,504,480,95,1,163,165
2092,0,504,83,95,1,163,164
2093,0,346,83,95,1,164,164
2094,2,347,506,95,1,164,164
2095,2,347,505,95,1,164,164
2096,2,347,507,95,1,164,164
2097,2,347,508,95,1,164,164
2098,2,347,509,95,1,164,164
2099,0,346,510,95,1,165,165
2100,0,347,510,95,1,165,165
2101,2,67,118,79,1,31,31
2102,1,87,511,81,1,41,41
2103,0,87,86,81,1,43,43
2104,1,86,242,81,0,43,43
2105,0,87,512,81,1,48,48
2106,2,130,513,81,1,50,51
2107,2,87,513,81,0,50,51
2108,2,86,513,81,0,50,51
2109,0,87,514,81,0,51,51
2110,0,87,260,81,0,52,52
2111,1,213,277,100,0,187,187
2112,0,141,171,101,1,213,213
2113,0,386,130,83,1,60,60
2114,0,397,130,84,1,75,75
2115,0,386,130,84,1,75,75
2116,0,67,119,79,1,31,32
2117,0,139,175,100,1,195,195
2118,0,67,114,79,1,19,21
2119,0,67,114,79,1,26,27
2120,0,78,114,79,1,19,19
2121,1,81,114,79,1,26,26
2122,0,137,114,79,1,19,19
2123,1,141,191,101,1,229,229
2124,0,67,113,79,1,28,28
2125,0,67,123,79,0,36,36
2126,0,67,124,79,0,36,36
2127,0,67,125,79,0,36,36
2128,0,67,115,79,1,19,21
2129,0,67,115,79,1,26,27
2130,0,78,115,79,1,19,19
2131,1,81,115,79,0,26,26
2132,0,137,115,79,1,19,19
2133,2,67,114,79,1,30,30
2134,2,67,115,79,1,30,30
2135,2,114,100,79,1,20,20
2136,2,115,100,79,1,20,20
2137,2,114,101,79,1,20,20
2138,2,115,101,79,1,20,20
2139,2,114,102,79,1,20,20
2140,2,115,102,79,1,20,20
2141,0,114,79,79,1,27,27
2142,0,115,79,79,1,27,27
2143,0,114,250,79,1,27,27
2144,0,115,250,79,1,27,27
2145,2,116,67,79,0,30,30
2146,0,67,260,79,0,30,30
2147,0,67,127,79,0,36,36
2148,0,66,127,79,0,36,36
2149,0,67,128,79,0,36,36
2150,0,66,128,79,0,36,36
2151,0,67,129,79,0,36,36
2152,0,66,129,79,0,36,36
2153,0,67,121,79,0,36,36
2154,0,66,121,79,0,36,36
2155,0,81,121,79,1,36,36
2156,0,416,129,79,0,36,36
2157,0,81,127,79,0,36,36
2158,0,81,128,79,0,36,36
2159,1,84,515,87,1,92,92
2160,1,443,515,87,1,105,105
2161,1,444,515,87,1,105,105
2162,1,84,515,87,1,105,105
2163,1,84,517,87,1,97,97
2164,0,448,517,87,1,97,97
2165,0,67,518,90,1,111,111
2166,0,67,469,91,1,118,118
2167,0,81,469,91,1,118,118
2168,0,138,174,93,1,126,126
2169,0,138,519,93,1,131,131
2170,2,347,83,95,1,145,145
2171,0,347,490,95,1,146,146
2172,1,347,520,95,1,152,152
2173,1,346,520,95,1,152,152
2174,1,481,520,95,1,152,152
2175,0,347,521,95,1,152,152
2176,0,346,521,95,1,152,152
2177,0,481,521,95,1,152,152
2178,1,521,520,95,1,152,152
2179,1,346,84,95,0,154,154
2180,0,347,522,95,1,154,154
2181,1,347,523,95,1,155,155
2182,1,346,523,95,1,155,155
2183,1,83,523,95,1,155,155
2184,1,481,523,95,1,155,155
2185,0,347,521,95,1,155,157
2186,0,83,521,95,1,155,157
2187,0,346,521,95,1,155,157
2188,0,481,521,95,1,155,155
2189,1,347,502,95,0,149,149
2190,1,346,502,95,0,149,149
2191,1,347,524,95,1,162,162
2192,0,480,525,95,1,163,163
2193,2,525,526,95,1,163,163
2194,1,526,480,95,1,163,163
2195,2,347,527,95,1,165,165
2196,1,151,83,99,0,175,175
2197,0,83,261,99,1,168,169
2198,0,161,76,100,1,201,201
2199,0,177,213,101,1,233,233
2200,0,66,528,102,1,258,258
2201,1,140,528,102,0,258,258
2202,0,211,213,102,1,264,264
2203,0,346,329,103,1,320,320
2204,1,71,529,103,1,330,330
2205,2,141,177,101,1,209,209
2206,1,140,260,102,0,290,290
2207,0,83,530,99,1,181,181
2208,0,83,530,99,1,181,181
2209,1,138,530,99,0,181,181
2210,1,138,530,99,0,183,183
2211,0,152,531,99,1,177,177
2212,0,138,531,99,1,177,177
2213,1,152,532,99,0,177,177
2214,0,532,138,99,0,177,177
2215,0,268,530,99,1,181,181
